ISO-10303-21;
HEADER;
FILE_DESCRIPTION((''),'2;1');
FILE_NAME('CAP-TH_L9','2022-06-22T21:08:56',('win10'),(''),
'CREO PARAMETRIC BY PTC INC, 2020033','CREO PARAMETRIC BY PTC INC, 2020033','');
FILE_SCHEMA(('AUTOMOTIVE_DESIGN { 1 0 10303 214 1 1 1 1 }'));
ENDSEC;
DATA;
#38=DIRECTION('',(-1.121680385612E-6,9.999999999994E-1,-2.628252862262E-9));
#39=VECTOR('',#38,1.799999999999E0);
#40=CARTESIAN_POINT('',(-4.499997464879E0,-8.999999999983E-1,
9.000000048729E-1));
#41=LINE('',#40,#39);
#42=DIRECTION('',(-6.881280304221E-8,4.503064587965E-14,1.E0));
#43=VECTOR('',#42,7.499999999858E0);
#44=CARTESIAN_POINT('',(-4.499999483904E0,8.999999999997E-1,9.000000001420E-1));
#45=LINE('',#44,#43);
#46=CARTESIAN_POINT('',(-4.5E0,0.E0,8.4E0));
#47=DIRECTION('',(1.E0,0.E0,0.E0));
#48=DIRECTION('',(0.E0,1.E0,0.E0));
#49=AXIS2_PLACEMENT_3D('',#46,#47,#48);
#51=DIRECTION('',(3.380160959256E-7,2.205939136495E-13,-9.999999999999E-1));
#52=VECTOR('',#51,7.499999995128E0);
#53=CARTESIAN_POINT('',(-4.5E0,-9.E-1,8.4E0));
#54=LINE('',#53,#52);
#55=CARTESIAN_POINT('',(-4.304347826062E0,-7.151915247576E-10,
3.397374366232E-1));
#56=CARTESIAN_POINT('',(-4.304347836146E0,3.046975896316E-2,3.397373810901E-1));
#57=CARTESIAN_POINT('',(-4.303690966794E0,9.459860368716E-2,3.389098228506E-1));
#58=CARTESIAN_POINT('',(-4.300051997861E0,2.005948006688E-1,3.343599797258E-1));
#59=CARTESIAN_POINT('',(-4.293008591007E0,3.156974727685E-1,3.257145579891E-1));
#60=CARTESIAN_POINT('',(-4.281828582214E0,4.384309369578E-1,3.124208452902E-1));
#61=CARTESIAN_POINT('',(-4.265818441146E0,5.672800662047E-1,2.942410626144E-1));
#62=CARTESIAN_POINT('',(-4.244170280339E0,7.006400250713E-1,2.711501212961E-1));
#63=CARTESIAN_POINT('',(-4.225762306027E0,7.911083926129E-1,2.529841809216E-1));
#64=CARTESIAN_POINT('',(-4.215185152369E0,8.367402773032E-1,2.430793072502E-1));
#66=CARTESIAN_POINT('',(-4.215173222217E0,-8.366728238358E-1,
2.430647070959E-1));
#67=CARTESIAN_POINT('',(-4.220193967631E0,-8.149194377351E-1,
2.477664101153E-1));
#68=CARTESIAN_POINT('',(-4.229647400506E0,-7.715421370613E-1,
2.568392550279E-1));
#69=CARTESIAN_POINT('',(-4.241964467780E0,-7.087506011951E-1,
2.691457756544E-1));
#70=CARTESIAN_POINT('',(-4.253573097338E0,-6.427947689154E-1,
2.811852721911E-1));
#71=CARTESIAN_POINT('',(-4.264332854668E0,-5.734730182584E-1,
2.927620463725E-1));
#72=CARTESIAN_POINT('',(-4.273915353025E0,-5.024871851848E-1,
3.034270121244E-1));
#73=CARTESIAN_POINT('',(-4.282341334272E0,-4.294242172470E-1,
3.130937740724E-1));
#74=CARTESIAN_POINT('',(-4.289661183144E0,-3.529938764242E-1,
3.217233604992E-1));
#75=CARTESIAN_POINT('',(-4.295709167602E0,-2.730398947323E-1,
3.290255270729E-1));
#76=CARTESIAN_POINT('',(-4.300280270178E0,-1.915106008435E-1,
3.346502453538E-1));
#77=CARTESIAN_POINT('',(-4.303518123264E0,-1.001567919404E-1,
3.386920749105E-1));
#78=CARTESIAN_POINT('',(-4.304347838626E0,-3.430012130958E-2,
3.397375532386E-1));
#79=CARTESIAN_POINT('',(-4.304347826062E0,-7.151915247576E-10,
3.397374366232E-1));
#81=CARTESIAN_POINT('',(-5.400000000005E0,-1.936943793975E-6,
-5.317821063208E-1));
#82=DIRECTION('',(-1.173894535190E-6,9.999999999982E-1,1.475778324458E-6));
#83=DIRECTION('',(7.826086957124E-1,7.463433677467E-12,6.225139591971E-1));
#84=AXIS2_PLACEMENT_3D('',#81,#82,#83);
#86=CARTESIAN_POINT('',(-5.172137992910E0,-8.366740678830E-1,
-7.788053518711E-1));
#87=DIRECTION('',(-4.580549118838E-1,7.785795186379E-1,4.289517815054E-1));
#88=DIRECTION('',(6.835397560440E-1,1.463283168588E-6,7.299132838257E-1));
#89=AXIS2_PLACEMENT_3D('',#86,#87,#88);
#91=CARTESIAN_POINT('',(-3.682499408752E0,-1.648618717415E0,-1.195262338592E0));
#92=DIRECTION('',(-9.989914823005E-1,-4.090243243943E-2,1.852051056622E-2));
#93=DIRECTION('',(2.094851366503E-6,4.124402239091E-1,9.109846660056E-1));
#94=AXIS2_PLACEMENT_3D('',#91,#92,#93);
#96=CARTESIAN_POINT('',(-3.682493568109E0,-1.071200679636E0,8.011541383331E-2));
#97=CARTESIAN_POINT('',(-3.699165315985E0,-1.073859282810E0,8.131903873971E-2));
#98=CARTESIAN_POINT('',(-3.732498518113E0,-1.077771200964E0,8.415585909159E-2));
#99=CARTESIAN_POINT('',(-3.781953218028E0,-1.079449886171E0,8.968801101445E-2));
#100=CARTESIAN_POINT('',(-3.831390963975E0,-1.076735077791E0,
9.662225728491E-2));
#101=CARTESIAN_POINT('',(-3.877299237533E0,-1.070055056442E0,
1.044547154575E-1));
#102=CARTESIAN_POINT('',(-3.920117041753E0,-1.060086342684E0,
1.130907903685E-1));
#103=CARTESIAN_POINT('',(-3.961934939930E0,-1.046668523774E0,
1.229381487892E-1));
#104=CARTESIAN_POINT('',(-4.005733565246E0,-1.028226068098E0,
1.350051784454E-1));
#105=CARTESIAN_POINT('',(-4.050898038868E0,-1.003696903086E0,
1.497943970837E-1));
#106=CARTESIAN_POINT('',(-4.095481608265E0,-9.729396300787E-1,
1.673837310300E-1));
#107=CARTESIAN_POINT('',(-4.138551178650E0,-9.354799017935E-1,
1.881976322568E-1));
#108=CARTESIAN_POINT('',(-4.179153860511E0,-8.907063650369E-1,
2.128447309399E-1));
#109=CARTESIAN_POINT('',(-4.203800146279E0,-8.555378572989E-1,
2.324138382451E-1));
#110=CARTESIAN_POINT('',(-4.215173222217E0,-8.366728238358E-1,
2.430647070959E-1));
#112=CARTESIAN_POINT('',(-4.499997464879E0,-8.999999999983E-1,
9.000000048729E-1));
#113=CARTESIAN_POINT('',(-4.499974084597E0,-9.000170891817E-1,
8.513453187466E-1));
#114=CARTESIAN_POINT('',(-4.492084579879E0,-8.981071546486E-1,
7.538868613262E-1));
#115=CARTESIAN_POINT('',(-4.456730624929E0,-8.902848473975E-1,
6.115153458393E-1));
#116=CARTESIAN_POINT('',(-4.398221144052E0,-8.774611541424E-1,
4.755299934583E-1));
#117=CARTESIAN_POINT('',(-4.317926989809E0,-8.595219669292E-1,
3.505134509485E-1));
#118=CARTESIAN_POINT('',(-4.251328368257E0,-8.446946954553E-1,
2.769232553652E-1));
#119=CARTESIAN_POINT('',(-4.215173222217E0,-8.366728238358E-1,
2.430647070959E-1));
#121=CARTESIAN_POINT('',(-3.682493568109E0,-1.071200679636E0,
8.011541383331E-2));
#122=CARTESIAN_POINT('',(-3.694230330362E0,-1.124258877116E0,
1.041371043015E-1));
#123=CARTESIAN_POINT('',(-3.716694858314E0,-1.225282824623E0,
1.622970238306E-1));
#124=CARTESIAN_POINT('',(-3.745931410908E0,-1.356661198097E0,
2.764978926058E-1));
#125=CARTESIAN_POINT('',(-3.769533810899E0,-1.462996821208E0,
4.123879937492E-1));
#126=CARTESIAN_POINT('',(-3.787075017730E0,-1.541721825418E0,
5.663514570479E-1));
#127=CARTESIAN_POINT('',(-3.797607066007E0,-1.589285445764E0,
7.302380956888E-1));
#128=CARTESIAN_POINT('',(-3.800001296600E0,-1.599995596945E0,
8.434925731634E-1));
#129=CARTESIAN_POINT('',(-3.8E0,-1.599999483904E0,9.000000001420E-1));
#131=CARTESIAN_POINT('',(-3.8E0,-9.E-1,8.4E0));
#132=DIRECTION('',(0.E0,0.E0,-1.E0));
#133=DIRECTION('',(0.E0,-1.E0,0.E0));
#134=AXIS2_PLACEMENT_3D('',#131,#132,#133);
#136=CARTESIAN_POINT('',(-3.8E0,-9.E-1,9.000001098598E-1));
#137=DIRECTION('',(0.E0,0.E0,-1.E0));
#138=DIRECTION('',(0.E0,-1.E0,0.E0));
#139=AXIS2_PLACEMENT_3D('',#136,#137,#138);
#141=CARTESIAN_POINT('',(-3.8E0,9.E-1,8.4E0));
#142=DIRECTION('',(0.E0,0.E0,1.E0));
#143=DIRECTION('',(0.E0,1.E0,0.E0));
#144=AXIS2_PLACEMENT_3D('',#141,#142,#143);
#146=CARTESIAN_POINT('',(-3.8E0,0.E0,8.4E0));
#147=DIRECTION('',(1.E0,0.E0,0.E0));
#148=DIRECTION('',(0.E0,1.E0,0.E0));
#149=AXIS2_PLACEMENT_3D('',#146,#147,#148);
#151=CARTESIAN_POINT('',(3.8E0,0.E0,8.4E0));
#152=DIRECTION('',(-1.E0,0.E0,0.E0));
#153=DIRECTION('',(0.E0,-1.E0,0.E0));
#154=AXIS2_PLACEMENT_3D('',#151,#152,#153);
#156=DIRECTION('',(1.E0,2.656611439314E-7,-6.224809264536E-10));
#157=VECTOR('',#156,7.599999999998E0);
#158=CARTESIAN_POINT('',(-3.799999999998E0,1.599997464879E0,9.000000048729E-1));
#159=LINE('',#158,#157);
#160=DIRECTION('',(-4.523788751092E-14,-6.881280319025E-8,-1.E0));
#161=VECTOR('',#160,7.499999999857E0);
#162=CARTESIAN_POINT('',(3.8E0,1.6E0,8.399999999999E0));
#163=LINE('',#162,#161);
#164=DIRECTION('',(-1.E0,0.E0,0.E0));
#165=VECTOR('',#164,7.6E0);
#166=CARTESIAN_POINT('',(3.8E0,1.6E0,8.399999999999E0));
#167=LINE('',#166,#165);
#168=DIRECTION('',(-2.204458839128E-13,3.380160958960E-7,9.999999999999E-1));
#169=VECTOR('',#168,7.499999995126E0);
#170=CARTESIAN_POINT('',(-3.799999999998E0,1.599997464879E0,9.000000048729E-1));
#171=LINE('',#170,#169);
#172=CARTESIAN_POINT('',(-3.682520915734E0,1.071213811908E0,8.012094525135E-2));
#173=CARTESIAN_POINT('',(-3.634422588825E0,1.070445581165E0,7.977315835703E-2));
#174=CARTESIAN_POINT('',(-3.539162861948E0,1.067268652290E0,7.833531146002E-2));
#175=CARTESIAN_POINT('',(-3.396579484935E0,1.057579910209E0,7.405063618240E-2));
#176=CARTESIAN_POINT('',(-3.261903804512E0,1.043610536193E0,6.811733299521E-2));
#177=CARTESIAN_POINT('',(-3.134075896261E0,1.025856987404E0,6.097226049467E-2));
#178=CARTESIAN_POINT('',(-3.006349910257E0,1.003383232419E0,5.253385246717E-2));
#179=CARTESIAN_POINT('',(-2.869292822714E0,9.734263699284E-1,
4.227291104857E-2));
#180=CARTESIAN_POINT('',(-2.720779700830E0,9.324903257458E-1,
3.012507665886E-2));
#181=CARTESIAN_POINT('',(-2.580810293611E0,8.836620945065E-1,
1.840575236059E-2));
#182=CARTESIAN_POINT('',(-2.453834544722E0,8.279865746281E-1,
8.464037611686E-3));
#183=CARTESIAN_POINT('',(-2.340578268805E0,7.649031288619E-1,
1.559814990867E-3));
#184=CARTESIAN_POINT('',(-2.282038996531E0,7.215997035434E-1,
8.656822359276E-7));
#185=CARTESIAN_POINT('',(-2.255831920126E0,7.000022667101E-1,
-4.079919735389E-11));
#187=CARTESIAN_POINT('',(2.255844720088E0,6.999999999196E-1,0.E0));
#188=CARTESIAN_POINT('',(2.281274567190E0,7.209640222226E-1,6.540829484298E-7));
#189=CARTESIAN_POINT('',(2.339356569457E0,7.640479697302E-1,1.511815261155E-3));
#190=CARTESIAN_POINT('',(2.451762524587E0,8.271466267973E-1,8.290084345249E-3));
#191=CARTESIAN_POINT('',(2.590638285057E0,8.880830535364E-1,1.917887460586E-2));
#192=CARTESIAN_POINT('',(2.757338282233E0,9.442826924407E-1,3.321819932059E-2));
#193=CARTESIAN_POINT('',(2.942255775250E0,9.910700859698E-1,4.802167712868E-2));
#194=CARTESIAN_POINT('',(3.119392413922E0,1.024176849936E0,6.024375437906E-2));
#195=CARTESIAN_POINT('',(3.290819599810E0,1.047616259908E0,6.974839715962E-2));
#196=CARTESIAN_POINT('',(3.476312404067E0,1.064338584933E0,7.700501975347E-2));
#197=CARTESIAN_POINT('',(3.611912524301E0,1.070076527334E0,7.960678382394E-2));
#198=CARTESIAN_POINT('',(3.682493568079E0,1.071200679635E0,8.011541383286E-2));
#200=CARTESIAN_POINT('',(-3.682517856656E0,1.648619475385E0,-1.195262410561E0));
#201=DIRECTION('',(9.989921153019E-1,-4.089126091654E-2,-1.851103306684E-2));
#202=DIRECTION('',(-1.958193097484E-6,-4.124406843523E-1,9.109844575443E-1));
#203=AXIS2_PLACEMENT_3D('',#200,#201,#202);
#205=CARTESIAN_POINT('',(-5.172101359815E0,8.367363431632E-1,
-7.788362310549E-1));
#206=DIRECTION('',(4.580896849198E-1,7.785606172957E-1,-4.289489547327E-1));
#207=DIRECTION('',(6.835037129662E-1,5.159887859508E-6,7.299470352942E-1));
#208=AXIS2_PLACEMENT_3D('',#205,#206,#207);
#210=CARTESIAN_POINT('',(-4.215185152369E0,8.367402773032E-1,
2.430793072502E-1));
#211=CARTESIAN_POINT('',(-4.195223377588E0,8.698220244582E-1,
2.243877995731E-1));
#212=CARTESIAN_POINT('',(-4.148810456453E0,9.294346139725E-1,
1.916433261018E-1));
#213=CARTESIAN_POINT('',(-4.065239357816E0,9.977084213716E-1,
1.536214292032E-1));
#214=CARTESIAN_POINT('',(-3.975490976056E0,1.044286867134E0,1.253114999253E-1));
#215=CARTESIAN_POINT('',(-3.876837201584E0,1.072897747248E0,1.033937012817E-1));
#216=CARTESIAN_POINT('',(-3.775714839045E0,1.081545311894E0,8.823776627741E-2));
#217=CARTESIAN_POINT('',(-3.712994620263E0,1.076119219774E0,8.234107035712E-2));
#218=CARTESIAN_POINT('',(-3.682520915734E0,1.071213811908E0,8.012094525135E-2));
#220=CARTESIAN_POINT('',(-3.799999999998E0,1.599997464879E0,9.000000048729E-1));
#221=CARTESIAN_POINT('',(-3.800019847330E0,1.599970311083E0,8.434925829443E-1));
#222=CARTESIAN_POINT('',(-3.797623944592E0,1.589296831068E0,7.302395067397E-1));
#223=CARTESIAN_POINT('',(-3.786963345932E0,1.541723571842E0,5.663657086385E-1));
#224=CARTESIAN_POINT('',(-3.769481733803E0,1.463007393527E0,4.124025064694E-1));
#225=CARTESIAN_POINT('',(-3.745971565029E0,1.356666522930E0,2.765028404460E-1));
#226=CARTESIAN_POINT('',(-3.716717141460E0,1.225290025976E0,1.623038480548E-1));
#227=CARTESIAN_POINT('',(-3.694278632760E0,1.124272992642E0,1.041424187490E-1));
#228=CARTESIAN_POINT('',(-3.682520915734E0,1.071213811908E0,8.012094525135E-2));
#230=CARTESIAN_POINT('',(-4.215185152369E0,8.367402773032E-1,
2.430793072502E-1));
#231=CARTESIAN_POINT('',(-4.251349015852E0,8.447841399216E-1,
2.769431148413E-1));
#232=CARTESIAN_POINT('',(-4.317937760644E0,8.595443596243E-1,
3.505278820330E-1));
#233=CARTESIAN_POINT('',(-4.398233929587E0,8.773660550832E-1,
4.755561102306E-1));
#234=CARTESIAN_POINT('',(-4.456732941868E0,8.903861126906E-1,
6.115172071828E-1));
#235=CARTESIAN_POINT('',(-4.492075381909E0,8.982184240099E-1,
7.538914456523E-1));
#236=CARTESIAN_POINT('',(-4.499996137185E0,9.000011163887E-1,
8.513464175352E-1));
#237=CARTESIAN_POINT('',(-4.499999483904E0,8.999999999997E-1,
9.000000001420E-1));
#239=CARTESIAN_POINT('',(-3.8E0,9.E-1,9.000001098598E-1));
#240=DIRECTION('',(0.E0,0.E0,-1.E0));
#241=DIRECTION('',(-1.E0,0.E0,0.E0));
#242=AXIS2_PLACEMENT_3D('',#239,#240,#241);
#244=CARTESIAN_POINT('',(-4.E0,-8.965723870157E-13,-5.317821063276E-1));
#245=CARTESIAN_POINT('',(-3.999999993206E0,4.614633708089E-3,
-5.317822824932E-1));
#246=CARTESIAN_POINT('',(-3.999745725055E0,1.433276436724E-2,
-5.338997554932E-1));
#247=CARTESIAN_POINT('',(-3.998336863167E0,3.039371267238E-2,
-5.455208523289E-1));
#248=CARTESIAN_POINT('',(-3.995611079818E0,4.783033306255E-2,
-5.676101441314E-1));
#249=CARTESIAN_POINT('',(-3.991283034337E0,6.642891508548E-2,
-6.015745676318E-1));
#250=CARTESIAN_POINT('',(-3.985079809505E0,8.594840649630E-2,
-6.480608918891E-1));
#251=CARTESIAN_POINT('',(-3.976710844715E0,1.061631329031E-1,
-7.069956138047E-1));
#252=CARTESIAN_POINT('',(-3.969543981578E0,1.198539944294E-1,
-7.536328523276E-1));
#253=CARTESIAN_POINT('',(-3.965469687161E0,1.267786019585E-1,
-7.788375684105E-1));
#255=DIRECTION('',(0.E0,-2.006486237198E-13,1.E0));
#256=VECTOR('',#255,4.468217893672E0);
#257=CARTESIAN_POINT('',(-4.E0,0.E0,-5.E0));
#258=LINE('',#257,#256);
#259=CARTESIAN_POINT('',(-3.75E0,0.E0,-1.4E0));
#260=DIRECTION('',(0.E0,0.E0,-1.E0));
#261=DIRECTION('',(9.055486543930E-1,4.242424242424E-1,0.E0));
#262=AXIS2_PLACEMENT_3D('',#259,#260,#261);
#264=CARTESIAN_POINT('',(-3.739775720618E0,2.497908407270E-1,
-1.195262375364E0));
#265=CARTESIAN_POINT('',(-3.732500366131E0,2.494930389902E-1,
-1.196150910580E0));
#266=CARTESIAN_POINT('',(-3.718050851883E0,2.482726184310E-1,
-1.199804677070E0));
#267=CARTESIAN_POINT('',(-3.696452020567E0,2.445165938691E-1,
-1.210759399125E0));
#268=CARTESIAN_POINT('',(-3.676046660325E0,2.391095966448E-1,
-1.225921725301E0));
#269=CARTESIAN_POINT('',(-3.656678177032E0,2.322343367313E-1,
-1.244181283640E0));
#270=CARTESIAN_POINT('',(-3.637326709058E0,2.235335964647E-1,
-1.265746300901E0));
#271=CARTESIAN_POINT('',(-3.616560183592E0,2.119343035215E-1,
-1.291966311137E0));
#272=CARTESIAN_POINT('',(-3.594058783114E0,1.960872002994E-1,
-1.323013504955E0));
#273=CARTESIAN_POINT('',(-3.572847612171E0,1.771634694439E-1,
-1.352960135131E0));
#274=CARTESIAN_POINT('',(-3.553608832798E0,1.556372552105E-1,
-1.378377882832E0));
#275=CARTESIAN_POINT('',(-3.536464961542E0,1.311102687729E-1,
-1.395993800209E0));
#276=CARTESIAN_POINT('',(-3.527557086178E0,1.144795340217E-1,
-1.399999650629E0));
#277=CARTESIAN_POINT('',(-3.523612836401E0,1.060606060587E-1,-1.4E0));
#279=CARTESIAN_POINT('',(-3.965469687161E0,1.267786019585E-1,
-7.788375684105E-1));
#280=CARTESIAN_POINT('',(-3.956644146066E0,1.417770549622E-1,
-8.332143847199E-1));
#281=CARTESIAN_POINT('',(-3.935932695102E0,1.696620771101E-1,
-9.293872698701E-1));
#282=CARTESIAN_POINT('',(-3.899526074544E0,2.021449289975E-1,
-1.033958625800E0));
#283=CARTESIAN_POINT('',(-3.860911943117E0,2.255299465763E-1,
-1.107207181852E0));
#284=CARTESIAN_POINT('',(-3.819144024450E0,2.415937605938E-1,
-1.158113357303E0));
#285=CARTESIAN_POINT('',(-3.777303312279E0,2.496039889305E-1,
-1.186735456528E0));
#286=CARTESIAN_POINT('',(-3.751788242630E0,2.502822940069E-1,
-1.193822818895E0));
#287=CARTESIAN_POINT('',(-3.739775720618E0,2.497908407270E-1,
-1.195262375364E0));
#289=CARTESIAN_POINT('',(-3.75E0,0.E0,-1.4E0));
#290=DIRECTION('',(0.E0,0.E0,-1.E0));
#291=DIRECTION('',(1.E0,0.E0,0.E0));
#292=AXIS2_PLACEMENT_3D('',#289,#290,#291);
#294=DIRECTION('',(0.E0,-2.352173183330E-12,1.E0));
#295=VECTOR('',#294,3.6E0);
#296=CARTESIAN_POINT('',(-3.5E0,0.E0,-5.E0));
#297=LINE('',#296,#295);
#298=CARTESIAN_POINT('',(-3.965475456718E0,-1.267687956566E-1,
-7.788053399382E-1));
#299=CARTESIAN_POINT('',(-3.967414657606E0,-1.234726340238E-1,
-7.668170585079E-1));
#300=CARTESIAN_POINT('',(-3.971074217700E0,-1.169001288232E-1,
-7.436442497512E-1));
#301=CARTESIAN_POINT('',(-3.975845486611E0,-1.073864911655E-1,
-7.121782385950E-1));
#302=CARTESIAN_POINT('',(-3.980339419609E0,-9.739311489235E-2,
-6.814177901287E-1));
#303=CARTESIAN_POINT('',(-3.984506157714E0,-8.688978600336E-2,
-6.518293576839E-1));
#304=CARTESIAN_POINT('',(-3.988216455521E0,-7.613437513827E-2,
-6.245750289561E-1));
#305=CARTESIAN_POINT('',(-3.991479186942E0,-6.506405323686E-2,
-5.998704073736E-1));
#306=CARTESIAN_POINT('',(-3.994313514920E0,-5.348388467325E-2,
-5.778161500368E-1));
#307=CARTESIAN_POINT('',(-3.996655491456E0,-4.136870598945E-2,
-5.591558196136E-1));
#308=CARTESIAN_POINT('',(-3.998425137534E0,-2.901742144892E-2,
-5.447796665184E-1));
#309=CARTESIAN_POINT('',(-3.999679263584E0,-1.517328027225E-2,
-5.344560416821E-1));
#310=CARTESIAN_POINT('',(-3.999999993870E0,-5.195414069324E-3,
-5.317822232249E-1));
#311=CARTESIAN_POINT('',(-4.E0,-8.965723870157E-13,-5.317821063276E-1));
#313=CARTESIAN_POINT('',(-3.739771729471E0,-2.497906773320E-1,
-1.195262449721E0));
#314=CARTESIAN_POINT('',(-3.746411839652E0,-2.500625583219E-1,
-1.194455166660E0));
#315=CARTESIAN_POINT('',(-3.759799286691E0,-2.500761682797E-1,
-1.191585186137E0));
#316=CARTESIAN_POINT('',(-3.779926715896E0,-2.484850030378E-1,
-1.183444829810E0));
#317=CARTESIAN_POINT('',(-3.800310498966E0,-2.451668078735E-1,
-1.170890335510E0));
#318=CARTESIAN_POINT('',(-3.819463374567E0,-2.404124454568E-1,
-1.154785125878E0));
#319=CARTESIAN_POINT('',(-3.837487665560E0,-2.344445577730E-1,
-1.135484199073E0));
#320=CARTESIAN_POINT('',(-3.855220727135E0,-2.270702830115E-1,
-1.112150227512E0));
#321=CARTESIAN_POINT('',(-3.873931884367E0,-2.174925283423E-1,
-1.082083676839E0));
#322=CARTESIAN_POINT('',(-3.893375092048E0,-2.052586248670E-1,
-1.043564102862E0));
#323=CARTESIAN_POINT('',(-3.912714957028E0,-1.903532665378E-1,
-9.960229774500E-1));
#324=CARTESIAN_POINT('',(-3.931539673985E0,-1.725666253244E-1,
-9.379598917748E-1));
#325=CARTESIAN_POINT('',(-3.949415622593E0,-1.516720768957E-1,
-8.675619846773E-1));
#326=CARTESIAN_POINT('',(-3.960414808995E0,-1.353705409271E-1,
-8.100540147987E-1));
#327=CARTESIAN_POINT('',(-3.965475456718E0,-1.267687956566E-1,
-7.788053399382E-1));
#329=CARTESIAN_POINT('',(-3.523612836404E0,-1.060606060647E-1,-1.4E0));
#330=CARTESIAN_POINT('',(-3.527453554669E0,-1.142585626383E-1,
-1.399999709717E0));
#331=CARTESIAN_POINT('',(-3.536274117421E0,-1.307703603371E-1,
-1.396117161683E0));
#332=CARTESIAN_POINT('',(-3.553296876527E0,-1.553110006968E-1,
-1.378823417122E0));
#333=CARTESIAN_POINT('',(-3.574334000806E0,-1.788686943355E-1,
-1.350986290441E0));
#334=CARTESIAN_POINT('',(-3.599598941391E0,-2.006556672389E-1,
-1.315107896122E0));
#335=CARTESIAN_POINT('',(-3.627615266859E0,-2.187673341426E-1,
-1.277272101799E0));
#336=CARTESIAN_POINT('',(-3.654457891788E0,-2.315875378146E-1,
-1.246043709878E0));
#337=CARTESIAN_POINT('',(-3.680421727231E0,-2.406577817442E-1,
-1.221748137868E0));
#338=CARTESIAN_POINT('',(-3.708543897595E0,-2.471405973931E-1,
-1.203212582478E0));
#339=CARTESIAN_POINT('',(-3.729067783189E0,-2.493523364257E-1,
-1.196567213439E0));
#340=CARTESIAN_POINT('',(-3.739771729471E0,-2.497906773320E-1,
-1.195262449721E0));
#342=CARTESIAN_POINT('',(-3.75E0,0.E0,0.E0));
#343=DIRECTION('',(0.E0,0.E0,1.E0));
#344=DIRECTION('',(9.055486543930E-1,-4.242424242424E-1,0.E0));
#345=AXIS2_PLACEMENT_3D('',#342,#343,#344);
#347=CARTESIAN_POINT('',(-2.255844720254E0,7.000000000059E-1,-1.4E0));
#348=DIRECTION('',(4.242424242460E-1,-9.055486543913E-1,0.E0));
#349=DIRECTION('',(-6.439293542826E-14,-3.021392659873E-14,1.E0));
#350=AXIS2_PLACEMENT_3D('',#347,#348,#349);
#352=DIRECTION('',(-9.999999999999E-1,5.024287917113E-7,9.040968634163E-12));
#353=VECTOR('',#352,4.511676640211E0);
#354=CARTESIAN_POINT('',(2.255831920126E0,-7.000022667099E-1,
-4.079903082044E-11));
#355=LINE('',#354,#353);
#356=DIRECTION('',(9.999999999999E-1,-5.024275189479E-7,9.040980938042E-12));
#357=VECTOR('',#356,4.511676640214E0);
#358=CARTESIAN_POINT('',(-2.255831920126E0,7.000022667101E-1,
-4.079919735389E-11));
#359=LINE('',#358,#357);
#360=CARTESIAN_POINT('',(-2.255844720085E0,-6.999999999137E-1,0.E0));
#361=CARTESIAN_POINT('',(-2.281274567187E0,-7.209640222167E-1,
6.540829485252E-7));
#362=CARTESIAN_POINT('',(-2.339356569458E0,-7.640479697329E-1,
1.511815261155E-3));
#363=CARTESIAN_POINT('',(-2.451762524587E0,-8.271466267966E-1,
8.290084345248E-3));
#364=CARTESIAN_POINT('',(-2.590638285057E0,-8.880830535366E-1,
1.917887460586E-2));
#365=CARTESIAN_POINT('',(-2.757338282233E0,-9.442826924406E-1,
3.321819932058E-2));
#366=CARTESIAN_POINT('',(-2.942255775250E0,-9.910700859698E-1,
4.802167712868E-2));
#367=CARTESIAN_POINT('',(-3.119392413923E0,-1.024176849936E0,
6.024375437906E-2));
#368=CARTESIAN_POINT('',(-3.290819599806E0,-1.047616259908E0,
6.974839715961E-2));
#369=CARTESIAN_POINT('',(-3.476312404083E0,-1.064338584933E0,
7.700501975348E-2));
#370=CARTESIAN_POINT('',(-3.611912524266E0,-1.070076527334E0,
7.960678382392E-2));
#371=CARTESIAN_POINT('',(-3.682493568109E0,-1.071200679636E0,
8.011541383331E-2));
#373=CARTESIAN_POINT('',(3.682520926708E0,-1.071213812563E0,8.012094554762E-2));
#374=CARTESIAN_POINT('',(3.634422589755E0,-1.070445581659E0,7.977315858038E-2));
#375=CARTESIAN_POINT('',(3.539162861516E0,-1.067268652060E0,7.833531135636E-2));
#376=CARTESIAN_POINT('',(3.396579485050E0,-1.057579910271E0,7.405063621017E-2));
#377=CARTESIAN_POINT('',(3.261903804481E0,-1.043610536176E0,6.811733298776E-2));
#378=CARTESIAN_POINT('',(3.134075896269E0,-1.025856987409E0,6.097226049666E-2));
#379=CARTESIAN_POINT('',(3.006349910255E0,-1.003383232418E0,5.253385246664E-2));
#380=CARTESIAN_POINT('',(2.869292822714E0,-9.734263699287E-1,
4.227291104871E-2));
#381=CARTESIAN_POINT('',(2.720779700830E0,-9.324903257457E-1,
3.012507665882E-2));
#382=CARTESIAN_POINT('',(2.580810293611E0,-8.836620945066E-1,
1.840575236059E-2));
#383=CARTESIAN_POINT('',(2.453834544722E0,-8.279865746281E-1,
8.464037611682E-3));
#384=CARTESIAN_POINT('',(2.340578268805E0,-7.649031288619E-1,
1.559814990868E-3));
#385=CARTESIAN_POINT('',(2.282038996531E0,-7.215997035433E-1,
8.656822360720E-7));
#386=CARTESIAN_POINT('',(2.255831920126E0,-7.000022667099E-1,
-4.079903082044E-11));
#388=CARTESIAN_POINT('',(-2.255870804884E0,-7.000556739721E-1,
-1.399999999142E0));
#389=DIRECTION('',(-4.242761661519E-1,-9.055328455418E-1,2.191978135988E-5));
#390=DIRECTION('',(9.299620334070E-6,1.984927899748E-5,9.999999997598E-1));
#391=AXIS2_PLACEMENT_3D('',#388,#389,#390);
#393=DIRECTION('',(-1.E0,-2.656611439021E-7,-6.224809848864E-10));
#394=VECTOR('',#393,7.599999999998E0);
#395=CARTESIAN_POINT('',(3.799999999998E0,-1.599997464879E0,9.000000048729E-1));
#396=LINE('',#395,#394);
#397=DIRECTION('',(4.523788751092E-14,6.881280319025E-8,-1.E0));
#398=VECTOR('',#397,7.499999999857E0);
#399=CARTESIAN_POINT('',(-3.8E0,-1.6E0,8.399999999999E0));
#400=LINE('',#399,#398);
#401=DIRECTION('',(-1.E0,0.E0,0.E0));
#402=VECTOR('',#401,7.6E0);
#403=CARTESIAN_POINT('',(3.8E0,-1.6E0,8.399999999999E0));
#404=LINE('',#403,#402);
#405=DIRECTION('',(2.205050958075E-13,-3.380160958960E-7,9.999999999999E-1));
#406=VECTOR('',#405,7.499999995126E0);
#407=CARTESIAN_POINT('',(3.799999999998E0,-1.599997464879E0,9.000000048729E-1));
#408=LINE('',#407,#406);
#409=CARTESIAN_POINT('',(-2.271206448946E0,-1.6E0,1.881245708284E0));
#410=DIRECTION('',(0.E0,-1.E0,0.E0));
#411=DIRECTION('',(-1.E0,0.E0,0.E0));
#412=AXIS2_PLACEMENT_3D('',#409,#410,#411);
#414=CARTESIAN_POINT('',(-2.271206448946E0,-1.6E0,1.881245708284E0));
#415=DIRECTION('',(0.E0,-1.E0,0.E0));
#416=DIRECTION('',(1.E0,0.E0,0.E0));
#417=AXIS2_PLACEMENT_3D('',#414,#415,#416);
#419=DIRECTION('',(0.E0,0.E0,1.E0));
#420=VECTOR('',#419,3.082411226185E-2);
#421=CARTESIAN_POINT('',(-1.095997359894E0,-1.6E0,2.247659351408E0));
#422=LINE('',#421,#420);
#423=DIRECTION('',(-1.E0,0.E0,0.E0));
#424=VECTOR('',#423,1.076770558353E-1);
#425=CARTESIAN_POINT('',(-1.095997359894E0,-1.6E0,2.278483463670E0));
#426=LINE('',#425,#424);
#427=DIRECTION('',(0.E0,0.E0,1.E0));
#428=VECTOR('',#427,2.395434374343E-1);
#429=CARTESIAN_POINT('',(-1.203674415730E0,-1.6E0,2.278483463670E0));
#430=LINE('',#429,#428);
#431=DIRECTION('',(-1.E0,0.E0,0.E0));
#432=VECTOR('',#431,3.490174146109E-2);
#433=CARTESIAN_POINT('',(-1.203674415730E0,-1.6E0,2.518026901104E0));
#434=LINE('',#433,#432);
#435=DIRECTION('',(0.E0,0.E0,-1.E0));
#436=VECTOR('',#435,2.703675496962E-1);
#437=CARTESIAN_POINT('',(-1.238576157191E0,-1.6E0,2.518026901104E0));
#438=LINE('',#437,#436);
#439=DIRECTION('',(1.E0,0.E0,0.E0));
#440=VECTOR('',#439,1.425787972964E-1);
#441=CARTESIAN_POINT('',(-1.238576157191E0,-1.6E0,2.247659351408E0));
#442=LINE('',#441,#440);
#443=CARTESIAN_POINT('',(-8.825092819257E-1,-1.6E0,2.258855553620E0));
#444=CARTESIAN_POINT('',(-8.825092819257E-1,-1.6E0,2.270005680925E0));
#445=CARTESIAN_POINT('',(-8.825092819257E-1,-1.6E0,2.281155808230E0));
#446=CARTESIAN_POINT('',(-8.825092819257E-1,-1.6E0,2.292305935535E0));
#448=CARTESIAN_POINT('',(-8.825092819257E-1,-1.6E0,2.475039013603E0));
#449=CARTESIAN_POINT('',(-9.016427318638E-1,-1.6E0,2.485699078566E0));
#450=CARTESIAN_POINT('',(-9.503780452002E-1,-1.6E0,2.498918741341E0));
#451=CARTESIAN_POINT('',(-1.031858208854E0,-1.6E0,2.468711452608E0));
#452=CARTESIAN_POINT('',(-1.056498179301E0,-1.6E0,2.381499927910E0));
#453=CARTESIAN_POINT('',(-1.033257027059E0,-1.6E0,2.295319597306E0));
#454=CARTESIAN_POINT('',(-9.528481187075E-1,-1.6E0,2.266131030055E0));
#455=CARTESIAN_POINT('',(-9.030452331230E-1,-1.6E0,2.279812035156E0));
#456=CARTESIAN_POINT('',(-8.825092819257E-1,-1.6E0,2.292305935535E0));
#458=CARTESIAN_POINT('',(-8.825092819257E-1,-1.6E0,2.475039013603E0));
#459=CARTESIAN_POINT('',(-8.825092819257E-1,-1.6E0,2.487202788844E0));
#460=CARTESIAN_POINT('',(-8.825092819257E-1,-1.6E0,2.499366564086E0));
#461=CARTESIAN_POINT('',(-8.825092819257E-1,-1.6E0,2.511530339328E0));
#463=CARTESIAN_POINT('',(-8.825092819257E-1,-1.6E0,2.258855553620E0));
#464=CARTESIAN_POINT('',(-9.050579680644E-1,-1.6E0,2.246954858156E0));
#465=CARTESIAN_POINT('',(-9.648195511596E-1,-1.6E0,2.235441818921E0));
#466=CARTESIAN_POINT('',(-1.063801178624E0,-1.6E0,2.268910059565E0));
#467=CARTESIAN_POINT('',(-1.096634775088E0,-1.6E0,2.380915414157E0));
#468=CARTESIAN_POINT('',(-1.060096901209E0,-1.6E0,2.494019039794E0));
#469=CARTESIAN_POINT('',(-9.603990451264E-1,-1.6E0,2.529061749380E0));
#470=CARTESIAN_POINT('',(-9.023861415204E-1,-1.6E0,2.520165368498E0));
#471=CARTESIAN_POINT('',(-8.825092819257E-1,-1.6E0,2.511530339328E0));
#473=DIRECTION('',(0.E0,0.E0,1.E0));
#474=VECTOR('',#473,3.082411226185E-2);
#475=CARTESIAN_POINT('',(-6.829819005419E-1,-1.6E0,2.247659351408E0));
#476=LINE('',#475,#474);
#477=DIRECTION('',(-1.E0,0.E0,0.E0));
#478=VECTOR('',#477,1.105106625678E-1);
#479=CARTESIAN_POINT('',(-6.829819005419E-1,-1.6E0,2.278483463670E0));
#480=LINE('',#479,#478);
#481=DIRECTION('',(0.E0,0.E0,1.E0));
#482=VECTOR('',#481,9.095186487596E-2);
#483=CARTESIAN_POINT('',(-7.934925631097E-1,-1.6E0,2.278483463670E0));
#484=LINE('',#483,#482);
#485=DIRECTION('',(1.E0,0.E0,0.E0));
#486=VECTOR('',#485,9.668819070066E-2);
#487=CARTESIAN_POINT('',(-7.934925631097E-1,-1.6E0,2.369435328546E0));
#488=LINE('',#487,#486);
#489=DIRECTION('',(0.E0,0.E0,1.E0));
#490=VECTOR('',#489,3.096233697956E-2);
#491=CARTESIAN_POINT('',(-6.968043724090E-1,-1.6E0,2.369435328546E0));
#492=LINE('',#491,#490);
#493=DIRECTION('',(-1.E0,0.E0,0.E0));
#494=VECTOR('',#493,9.668819070066E-2);
#495=CARTESIAN_POINT('',(-6.968043724090E-1,-1.6E0,2.400397665526E0));
#496=LINE('',#495,#494);
#497=DIRECTION('',(0.E0,0.E0,1.E0));
#498=VECTOR('',#497,8.652867388152E-2);
#499=CARTESIAN_POINT('',(-7.934925631097E-1,-1.6E0,2.400397665526E0));
#500=LINE('',#499,#498);
#501=DIRECTION('',(1.E0,0.E0,0.E0));
#502=VECTOR('',#501,1.043596625862E-1);
#503=CARTESIAN_POINT('',(-7.934925631097E-1,-1.6E0,2.486926339407E0));
#504=LINE('',#503,#502);
#505=DIRECTION('',(0.E0,0.E0,1.E0));
#506=VECTOR('',#505,3.110056169727E-2);
#507=CARTESIAN_POINT('',(-6.891329005234E-1,-1.6E0,2.486926339407E0));
#508=LINE('',#507,#506);
#509=DIRECTION('',(-1.E0,0.E0,0.E0));
#510=VECTOR('',#509,1.392614040473E-1);
#511=CARTESIAN_POINT('',(-6.891329005234E-1,-1.6E0,2.518026901104E0));
#512=LINE('',#511,#510);
#513=DIRECTION('',(0.E0,0.E0,-1.E0));
#514=VECTOR('',#513,2.703675496962E-1);
#515=CARTESIAN_POINT('',(-8.283943045708E-1,-1.6E0,2.518026901104E0));
#516=LINE('',#515,#514);
#517=DIRECTION('',(1.E0,0.E0,0.E0));
#518=VECTOR('',#517,1.454124040288E-1);
#519=CARTESIAN_POINT('',(-8.283943045708E-1,-1.6E0,2.247659351408E0));
#520=LINE('',#519,#518);
#521=CARTESIAN_POINT('',(-5.970061255368E-1,-1.6E0,2.486926339407E0));
#522=CARTESIAN_POINT('',(-5.833909907496E-1,-1.6E0,2.486926339407E0));
#523=CARTESIAN_POINT('',(-5.697758559625E-1,-1.6E0,2.486926339407E0));
#524=CARTESIAN_POINT('',(-5.561607211754E-1,-1.6E0,2.486926339407E0));
#526=CARTESIAN_POINT('',(-5.577503054364E-1,-1.6E0,2.278483463670E0));
#527=CARTESIAN_POINT('',(-5.293568617697E-1,-1.6E0,2.278483463670E0));
#528=CARTESIAN_POINT('',(-4.666614632904E-1,-1.6E0,2.295684957173E0));
#529=CARTESIAN_POINT('',(-4.391907599166E-1,-1.6E0,2.384577453099E0));
#530=CARTESIAN_POINT('',(-4.676225043531E-1,-1.6E0,2.472505994084E0));
#531=CARTESIAN_POINT('',(-5.288046307445E-1,-1.6E0,2.486926339407E0));
#532=CARTESIAN_POINT('',(-5.561607211754E-1,-1.6E0,2.486926339407E0));
#534=CARTESIAN_POINT('',(-5.577503054364E-1,-1.6E0,2.278483463670E0));
#535=CARTESIAN_POINT('',(-5.708355788026E-1,-1.6E0,2.278483463670E0));
#536=CARTESIAN_POINT('',(-5.839208521688E-1,-1.6E0,2.278483463670E0));
#537=CARTESIAN_POINT('',(-5.970061255349E-1,-1.6E0,2.278483463670E0));
#539=CARTESIAN_POINT('',(-5.970061255349E-1,-1.6E0,2.278483463670E0));
#540=CARTESIAN_POINT('',(-5.970061255356E-1,-1.6E0,2.347964422249E0));
#541=CARTESIAN_POINT('',(-5.970061255362E-1,-1.6E0,2.417445380828E0));
#542=CARTESIAN_POINT('',(-5.970061255368E-1,-1.6E0,2.486926339407E0));
#544=CARTESIAN_POINT('',(-6.319078669970E-1,-1.6E0,2.247659351408E0));
#545=CARTESIAN_POINT('',(-6.071195674506E-1,-1.6E0,2.247659351408E0));
#546=CARTESIAN_POINT('',(-5.823312679043E-1,-1.6E0,2.247659351408E0));
#547=CARTESIAN_POINT('',(-5.575429683580E-1,-1.6E0,2.247659351408E0));
#549=CARTESIAN_POINT('',(-5.547784739862E-1,-1.6E0,2.518026901104E0));
#550=CARTESIAN_POINT('',(-5.186767561955E-1,-1.6E0,2.518026901105E0));
#551=CARTESIAN_POINT('',(-4.416623862585E-1,-1.6E0,2.496022640724E0));
#552=CARTESIAN_POINT('',(-3.972836093744E-1,-1.6E0,2.384914956983E0));
#553=CARTESIAN_POINT('',(-4.407604146854E-1,-1.6E0,2.271636833504E0));
#554=CARTESIAN_POINT('',(-5.203414759097E-1,-1.6E0,2.247659351408E0));
#555=CARTESIAN_POINT('',(-5.575429683580E-1,-1.6E0,2.247659351408E0));
#557=CARTESIAN_POINT('',(-5.547784739862E-1,-1.6E0,2.518026901104E0));
#558=CARTESIAN_POINT('',(-5.804882716571E-1,-1.6E0,2.518026901104E0));
#559=CARTESIAN_POINT('',(-6.061980693280E-1,-1.6E0,2.518026901104E0));
#560=CARTESIAN_POINT('',(-6.319078669988E-1,-1.6E0,2.518026901104E0));
#562=CARTESIAN_POINT('',(-6.319078669988E-1,-1.6E0,2.518026901104E0));
#563=CARTESIAN_POINT('',(-6.319078669982E-1,-1.6E0,2.427904384539E0));
#564=CARTESIAN_POINT('',(-6.319078669976E-1,-1.6E0,2.337781867974E0));
#565=CARTESIAN_POINT('',(-6.319078669970E-1,-1.6E0,2.247659351408E0));
#567=CARTESIAN_POINT('',(-2.712795760162E-1,-1.6E0,2.464533934983E0));
#568=CARTESIAN_POINT('',(-2.734360058914E-1,-1.6E0,2.470662735680E0));
#569=CARTESIAN_POINT('',(-2.748117130990E-1,-1.6E0,2.477064699006E0));
#570=CARTESIAN_POINT('',(-2.758958092030E-1,-1.6E0,2.483470721440E0));
#572=CARTESIAN_POINT('',(-2.712795760162E-1,-1.6E0,2.464533934983E0));
#573=CARTESIAN_POINT('',(-2.576644412284E-1,-1.6E0,2.427075036227E0));
#574=CARTESIAN_POINT('',(-2.440493064406E-1,-1.6E0,2.389616137470E0));
#575=CARTESIAN_POINT('',(-2.304341716529E-1,-1.6E0,2.352157238714E0));
#577=CARTESIAN_POINT('',(-2.304341716529E-1,-1.6E0,2.352157238714E0));
#578=CARTESIAN_POINT('',(-2.606823475863E-1,-1.6E0,2.352157238714E0));
#579=CARTESIAN_POINT('',(-2.909305235198E-1,-1.6E0,2.352157238714E0));
#580=CARTESIAN_POINT('',(-3.211786994532E-1,-1.6E0,2.352157238714E0));
#582=CARTESIAN_POINT('',(-3.211786994532E-1,-1.6E0,2.352157238714E0));
#583=CARTESIAN_POINT('',(-3.077017893838E-1,-1.6E0,2.389616137470E0));
#584=CARTESIAN_POINT('',(-2.942248793143E-1,-1.6E0,2.427075036227E0));
#585=CARTESIAN_POINT('',(-2.807479692449E-1,-1.6E0,2.464533934983E0));
#587=CARTESIAN_POINT('',(-2.758958092030E-1,-1.6E0,2.483470721440E0));
#588=CARTESIAN_POINT('',(-2.769316821881E-1,-1.6E0,2.477037405008E0));
#589=CARTESIAN_POINT('',(-2.784599859308E-1,-1.6E0,2.470635223823E0));
#590=CARTESIAN_POINT('',(-2.807479692449E-1,-1.6E0,2.464533934983E0));
#592=DIRECTION('',(-3.559357243655E-1,0.E0,9.345104387434E-1));
#593=VECTOR('',#592,2.893146384322E-1);
#594=CARTESIAN_POINT('',(-1.535121157166E-1,-1.6E0,2.247659351408E0));
#595=LINE('',#594,#593);
#596=DIRECTION('',(-1.E0,0.E0,0.E0));
#597=VECTOR('',#596,3.732067403765E-2);
#598=CARTESIAN_POINT('',(-2.564895311165E-1,-1.6E0,2.518026901104E0));
#599=LINE('',#598,#597);
#600=DIRECTION('',(-3.559357243675E-1,0.E0,-9.345104387426E-1));
#601=VECTOR('',#600,2.893146384324E-1);
#602=CARTESIAN_POINT('',(-2.938102051541E-1,-1.6E0,2.518026901104E0));
#603=LINE('',#602,#601);
#604=DIRECTION('',(1.E0,0.E0,0.E0));
#605=VECTOR('',#604,3.856469650444E-2);
#606=CARTESIAN_POINT('',(-3.967876205547E-1,-1.6E0,2.247659351408E0));
#607=LINE('',#606,#605);
#608=DIRECTION('',(3.315284183405E-1,0.E0,9.434452330860E-1));
#609=VECTOR('',#608,7.838316617613E-2);
#610=CARTESIAN_POINT('',(-3.582229240503E-1,-1.6E0,2.247659351408E0));
#611=LINE('',#610,#609);
#612=DIRECTION('',(1.E0,0.E0,0.E0));
#613=VECTOR('',#612,1.125840333473E-1);
#614=CARTESIAN_POINT('',(-3.322366769434E-1,-1.6E0,2.321609575891E0));
#615=LINE('',#614,#613);
#616=DIRECTION('',(3.493954794995E-1,0.E0,-9.369753459432E-1));
#617=VECTOR('',#616,7.892440799348E-2);
#618=CARTESIAN_POINT('',(-2.196526435961E-1,-1.6E0,2.321609575891E0));
#619=LINE('',#618,#617);
#620=DIRECTION('',(1.E0,0.E0,0.E0));
#621=VECTOR('',#620,3.856469650444E-2);
#622=CARTESIAN_POINT('',(-1.920768122210E-1,-1.6E0,2.247659351408E0));
#623=LINE('',#622,#621);
#624=DIRECTION('',(0.E0,0.E0,1.E0));
#625=VECTOR('',#624,3.082411226185E-2);
#626=CARTESIAN_POINT('',(-1.093163753162E0,-1.6E0,1.818748049410E0));
#627=LINE('',#626,#625);
#628=DIRECTION('',(-1.E0,0.E0,0.E0));
#629=VECTOR('',#628,1.105106625678E-1);
#630=CARTESIAN_POINT('',(-1.093163753162E0,-1.6E0,1.849572161672E0));
#631=LINE('',#630,#629);
#632=DIRECTION('',(0.E0,0.E0,1.E0));
#633=VECTOR('',#632,9.095186487596E-2);
#634=CARTESIAN_POINT('',(-1.203674415730E0,-1.6E0,1.849572161672E0));
#635=LINE('',#634,#633);
#636=DIRECTION('',(1.E0,0.E0,0.E0));
#637=VECTOR('',#636,9.668819070066E-2);
#638=CARTESIAN_POINT('',(-1.203674415730E0,-1.6E0,1.940524026548E0));
#639=LINE('',#638,#637);
#640=DIRECTION('',(0.E0,0.E0,1.E0));
#641=VECTOR('',#640,3.096233697956E-2);
#642=CARTESIAN_POINT('',(-1.106986225029E0,-1.6E0,1.940524026548E0));
#643=LINE('',#642,#641);
#644=DIRECTION('',(-1.E0,0.E0,0.E0));
#645=VECTOR('',#644,9.668819070066E-2);
#646=CARTESIAN_POINT('',(-1.106986225029E0,-1.6E0,1.971486363528E0));
#647=LINE('',#646,#645);
#648=DIRECTION('',(0.E0,0.E0,1.E0));
#649=VECTOR('',#648,8.652867388152E-2);
#650=CARTESIAN_POINT('',(-1.203674415730E0,-1.6E0,1.971486363528E0));
#651=LINE('',#650,#649);
#652=DIRECTION('',(1.E0,0.E0,0.E0));
#653=VECTOR('',#652,1.043596625862E-1);
#654=CARTESIAN_POINT('',(-1.203674415730E0,-1.6E0,2.058015037409E0));
#655=LINE('',#654,#653);
#656=DIRECTION('',(0.E0,0.E0,1.E0));
#657=VECTOR('',#656,3.110056169727E-2);
#658=CARTESIAN_POINT('',(-1.099314753143E0,-1.6E0,2.058015037409E0));
#659=LINE('',#658,#657);
#660=DIRECTION('',(-1.E0,0.E0,0.E0));
#661=VECTOR('',#660,1.392614040473E-1);
#662=CARTESIAN_POINT('',(-1.099314753143E0,-1.6E0,2.089115599106E0));
#663=LINE('',#662,#661);
#664=DIRECTION('',(0.E0,0.E0,-1.E0));
#665=VECTOR('',#664,2.703675496962E-1);
#666=CARTESIAN_POINT('',(-1.238576157191E0,-1.6E0,2.089115599106E0));
#667=LINE('',#666,#665);
#668=DIRECTION('',(1.E0,0.E0,0.E0));
#669=VECTOR('',#668,1.454124040288E-1);
#670=CARTESIAN_POINT('',(-1.238576157191E0,-1.6E0,1.818748049410E0));
#671=LINE('',#670,#669);
#672=CARTESIAN_POINT('',(-9.846573490147E-1,-1.6E0,1.909561689568E0));
#673=CARTESIAN_POINT('',(-9.695908546811E-1,-1.6E0,1.911588985442E0));
#674=CARTESIAN_POINT('',(-9.545243603476E-1,-1.6E0,1.913616281316E0));
#675=CARTESIAN_POINT('',(-9.394578660140E-1,-1.6E0,1.915643577190E0));
#677=CARTESIAN_POINT('',(-9.394578660140E-1,-1.6E0,1.915643577190E0));
#678=CARTESIAN_POINT('',(-9.394578660140E-1,-1.6E0,1.909469539757E0));
#679=CARTESIAN_POINT('',(-9.394578660140E-1,-1.6E0,1.903295502323E0));
#680=CARTESIAN_POINT('',(-9.394578660140E-1,-1.6E0,1.897121464890E0));
#682=CARTESIAN_POINT('',(-9.846573490147E-1,-1.6E0,1.909561689568E0));
#683=CARTESIAN_POINT('',(-9.961620194511E-1,-1.6E0,1.907954050032E0));
#684=CARTESIAN_POINT('',(-1.019132395049E0,-1.6E0,1.904096339409E0));
#685=CARTESIAN_POINT('',(-1.029807288847E0,-1.6E0,1.873532626973E0));
#686=CARTESIAN_POINT('',(-1.018674198979E0,-1.6E0,1.846884717087E0));
#687=CARTESIAN_POINT('',(-9.860493184764E-1,-1.6E0,1.838099825405E0));
#688=CARTESIAN_POINT('',(-9.489172108909E-1,-1.6E0,1.853861477717E0));
#689=CARTESIAN_POINT('',(-9.394578660140E-1,-1.6E0,1.883127278715E0));
#690=CARTESIAN_POINT('',(-9.394578660140E-1,-1.6E0,1.897121464890E0));
#692=CARTESIAN_POINT('',(-9.394578660140E-1,-1.6E0,1.848604588641E0));
#693=CARTESIAN_POINT('',(-9.394578660140E-1,-1.6E0,1.838652408897E0));
#694=CARTESIAN_POINT('',(-9.394578660140E-1,-1.6E0,1.828700229154E0));
#695=CARTESIAN_POINT('',(-9.394578660140E-1,-1.6E0,1.818748049410E0));
#697=CARTESIAN_POINT('',(-9.394578660140E-1,-1.6E0,1.818748049410E0));
#698=CARTESIAN_POINT('',(-9.281695139901E-1,-1.6E0,1.818748049410E0));
#699=CARTESIAN_POINT('',(-9.168811619661E-1,-1.6E0,1.818748049410E0));
#700=CARTESIAN_POINT('',(-9.055928099422E-1,-1.6E0,1.818748049410E0));
#702=CARTESIAN_POINT('',(-9.055928099422E-1,-1.6E0,1.818748049410E0));
#703=CARTESIAN_POINT('',(-9.055928099425E-1,-1.6E0,1.860169390101E0));
#704=CARTESIAN_POINT('',(-9.055928099428E-1,-1.6E0,1.901590730792E0));
#705=CARTESIAN_POINT('',(-9.055928099431E-1,-1.6E0,1.943012071483E0));
#707=CARTESIAN_POINT('',(-1.041882382541E0,-1.6E0,1.998301958948E0));
#708=CARTESIAN_POINT('',(-1.022442374352E0,-1.6E0,2.010513372034E0));
#709=CARTESIAN_POINT('',(-9.645895898753E-1,-1.6E0,2.033953085120E0));
#710=CARTESIAN_POINT('',(-9.055928099431E-1,-1.6E0,1.976742081352E0));
#711=CARTESIAN_POINT('',(-9.055928099431E-1,-1.6E0,1.943012071483E0));
#713=CARTESIAN_POINT('',(-1.041882382541E0,-1.6E0,1.998301958948E0));
#714=CARTESIAN_POINT('',(-1.041882382541E0,-1.6E0,1.987336131267E0));
#715=CARTESIAN_POINT('',(-1.041882382541E0,-1.6E0,1.976370303587E0));
#716=CARTESIAN_POINT('',(-1.041882382541E0,-1.6E0,1.965404475906E0));
#718=CARTESIAN_POINT('',(-9.394578660149E-1,-1.6E0,1.941491599579E0));
#719=CARTESIAN_POINT('',(-9.394578660149E-1,-1.6E0,1.961944550937E0));
#720=CARTESIAN_POINT('',(-9.792431837437E-1,-1.6E0,2.007688219131E0));
#721=CARTESIAN_POINT('',(-1.024417435120E0,-1.6E0,1.979578925987E0));
#722=CARTESIAN_POINT('',(-1.041882382541E0,-1.6E0,1.965404475906E0));
#724=CARTESIAN_POINT('',(-9.394578660149E-1,-1.6E0,1.941491599579E0));
#725=CARTESIAN_POINT('',(-9.585328771898E-1,-1.6E0,1.938819255019E0));
#726=CARTESIAN_POINT('',(-9.776078883647E-1,-1.6E0,1.936146910459E0));
#727=CARTESIAN_POINT('',(-9.966828995395E-1,-1.6E0,1.933474565899E0));
#729=CARTESIAN_POINT('',(-9.394578660140E-1,-1.6E0,1.848604588641E0));
#730=CARTESIAN_POINT('',(-9.510542263395E-1,-1.6E0,1.828656445489E0));
#731=CARTESIAN_POINT('',(-9.917852889934E-1,-1.6E0,1.806168742346E0));
#732=CARTESIAN_POINT('',(-1.048058725054E0,-1.6E0,1.823046472321E0));
#733=CARTESIAN_POINT('',(-1.074992451924E0,-1.6E0,1.887123143934E0));
#734=CARTESIAN_POINT('',(-1.026355168695E0,-1.6E0,1.929345415173E0));
#735=CARTESIAN_POINT('',(-9.966828995395E-1,-1.6E0,1.933474565899E0));
#737=CARTESIAN_POINT('',(-8.597022033474E-1,-1.6E0,1.860491914445E0));
#738=CARTESIAN_POINT('',(-8.597022033474E-1,-1.6E0,1.848834963171E0));
#739=CARTESIAN_POINT('',(-8.597022033474E-1,-1.6E0,1.837178011898E0));
#740=CARTESIAN_POINT('',(-8.597022033474E-1,-1.6E0,1.825521060624E0));
#742=CARTESIAN_POINT('',(-7.385482374420E-1,-1.6E0,1.974803756775E0));
#743=CARTESIAN_POINT('',(-7.528641818110E-1,-1.6E0,1.983982400534E0));
#744=CARTESIAN_POINT('',(-7.792325555385E-1,-1.6E0,1.991353626543E0));
#745=CARTESIAN_POINT('',(-8.144318901412E-1,-1.6E0,1.986274855028E0));
#746=CARTESIAN_POINT('',(-8.283299899919E-1,-1.6E0,1.963500041965E0));
#747=CARTESIAN_POINT('',(-8.154591277340E-1,-1.6E0,1.937275501608E0));
#748=CARTESIAN_POINT('',(-7.796105776857E-1,-1.6E0,1.927636172857E0));
#749=CARTESIAN_POINT('',(-7.400887741125E-1,-1.6E0,1.911758814592E0));
#750=CARTESIAN_POINT('',(-7.229937376407E-1,-1.6E0,1.866619771970E0));
#751=CARTESIAN_POINT('',(-7.497981559821E-1,-1.6E0,1.819882414650E0));
#752=CARTESIAN_POINT('',(-8.062610083978E-1,-1.6E0,1.810963512900E0));
#753=CARTESIAN_POINT('',(-8.437219804488E-1,-1.6E0,1.817530949174E0));
#754=CARTESIAN_POINT('',(-8.597022033474E-1,-1.6E0,1.825521060624E0));
#756=CARTESIAN_POINT('',(-7.385482374420E-1,-1.6E0,1.974803756775E0));
#757=CARTESIAN_POINT('',(-7.385482374420E-1,-1.6E0,1.985769584455E0));
#758=CARTESIAN_POINT('',(-7.385482374420E-1,-1.6E0,1.996735412135E0));
#759=CARTESIAN_POINT('',(-7.385482374420E-1,-1.6E0,2.007701239815E0));
#761=CARTESIAN_POINT('',(-8.597022033474E-1,-1.6E0,1.860491914445E0));
#762=CARTESIAN_POINT('',(-8.438104757562E-1,-1.6E0,1.849049870579E0));
#763=CARTESIAN_POINT('',(-8.123626372163E-1,-1.6E0,1.831739768298E0));
#764=CARTESIAN_POINT('',(-7.549072191076E-1,-1.6E0,1.857616006548E0));
#765=CARTESIAN_POINT('',(-7.754333080110E-1,-1.6E0,1.894817442149E0));
#766=CARTESIAN_POINT('',(-8.114392931827E-1,-1.6E0,1.903075058233E0));
#767=CARTESIAN_POINT('',(-8.506756442047E-1,-1.6E0,1.920840932205E0));
#768=CARTESIAN_POINT('',(-8.651033195804E-1,-1.6E0,1.964933360512E0));
#769=CARTESIAN_POINT('',(-8.395280529509E-1,-1.6E0,2.009629441895E0));
#770=CARTESIAN_POINT('',(-7.868690157727E-1,-1.6E0,2.019365820805E0));
#771=CARTESIAN_POINT('',(-7.528955689317E-1,-1.6E0,2.013608964547E0));
#772=CARTESIAN_POINT('',(-7.385482374420E-1,-1.6E0,2.007701239815E0));
#774=CARTESIAN_POINT('',(-6.187586455243E-1,-1.6E0,1.850816184139E0));
#775=CARTESIAN_POINT('',(-6.202850751631E-1,-1.6E0,1.856114798354E0));
#776=CARTESIAN_POINT('',(-6.218115048019E-1,-1.6E0,1.861413412569E0));
#777=CARTESIAN_POINT('',(-6.233379344407E-1,-1.6E0,1.866712026785E0));
#779=CARTESIAN_POINT('',(-6.233379344407E-1,-1.6E0,1.866712026785E0));
#780=CARTESIAN_POINT('',(-6.401552752106E-1,-1.6E0,1.915090678315E0));
#781=CARTESIAN_POINT('',(-6.569726159805E-1,-1.6E0,1.963469329846E0));
#782=CARTESIAN_POINT('',(-6.737899567505E-1,-1.6E0,2.011847981376E0));
#784=CARTESIAN_POINT('',(-6.737899567505E-1,-1.6E0,2.011847981376E0));
#785=CARTESIAN_POINT('',(-6.864144810545E-1,-1.6E0,2.011847981376E0));
#786=CARTESIAN_POINT('',(-6.990390053586E-1,-1.6E0,2.011847981376E0));
#787=CARTESIAN_POINT('',(-7.116635296626E-1,-1.6E0,2.011847981376E0));
#789=CARTESIAN_POINT('',(-7.116635296626E-1,-1.6E0,2.011847981376E0));
#790=CARTESIAN_POINT('',(-6.864144810545E-1,-1.6E0,1.947619562106E0));
#791=CARTESIAN_POINT('',(-6.611654324464E-1,-1.6E0,1.883391142837E0));
#792=CARTESIAN_POINT('',(-6.359163838383E-1,-1.6E0,1.819162723567E0));
#794=CARTESIAN_POINT('',(-6.359163838383E-1,-1.6E0,1.819162723567E0));
#795=CARTESIAN_POINT('',(-6.408694362571E-1,-1.6E0,1.807459697387E0));
#796=CARTESIAN_POINT('',(-6.458224886759E-1,-1.6E0,1.795756671207E0));
#797=CARTESIAN_POINT('',(-6.507755410947E-1,-1.6E0,1.784053645027E0));
#799=CARTESIAN_POINT('',(-7.046831813702E-1,-1.6E0,1.760693667575E0));
#800=CARTESIAN_POINT('',(-6.986087010510E-1,-1.6E0,1.758289185781E0));
#801=CARTESIAN_POINT('',(-6.771295020227E-1,-1.6E0,1.752134974916E0));
#802=CARTESIAN_POINT('',(-6.564736496336E-1,-1.6E0,1.770501386878E0));
#803=CARTESIAN_POINT('',(-6.507755410947E-1,-1.6E0,1.784053645027E0));
#805=CARTESIAN_POINT('',(-7.046831813702E-1,-1.6E0,1.760693667575E0));
#806=CARTESIAN_POINT('',(-7.046831813702E-1,-1.6E0,1.750649338018E0));
#807=CARTESIAN_POINT('',(-7.046831813702E-1,-1.6E0,1.740605008462E0));
#808=CARTESIAN_POINT('',(-7.046831813702E-1,-1.6E0,1.730560678905E0));
#810=CARTESIAN_POINT('',(-6.139386535708E-1,-1.6E0,1.789582633774E0));
#811=CARTESIAN_POINT('',(-6.252963921781E-1,-1.6E0,1.760899531189E0));
#812=CARTESIAN_POINT('',(-6.585582758339E-1,-1.6E0,1.722464758439E0));
#813=CARTESIAN_POINT('',(-6.976525026123E-1,-1.6E0,1.728459556519E0));
#814=CARTESIAN_POINT('',(-7.046831813702E-1,-1.6E0,1.730560678905E0));
#816=CARTESIAN_POINT('',(-6.139386535708E-1,-1.6E0,1.789582633774E0));
#817=CARTESIAN_POINT('',(-5.847271630279E-1,-1.6E0,1.863671082975E0));
#818=CARTESIAN_POINT('',(-5.555156724850E-1,-1.6E0,1.937759532175E0));
#819=CARTESIAN_POINT('',(-5.263041819421E-1,-1.6E0,2.011847981376E0));
#821=CARTESIAN_POINT('',(-5.263041819421E-1,-1.6E0,2.011847981376E0));
#822=CARTESIAN_POINT('',(-5.380072081213E-1,-1.6E0,2.011847981376E0));
#823=CARTESIAN_POINT('',(-5.497102343005E-1,-1.6E0,2.011847981376E0));
#824=CARTESIAN_POINT('',(-5.614132604798E-1,-1.6E0,2.011847981376E0));
#826=CARTESIAN_POINT('',(-5.614132604798E-1,-1.6E0,2.011847981376E0));
#827=CARTESIAN_POINT('',(-5.789908372029E-1,-1.6E0,1.963377180033E0));
#828=CARTESIAN_POINT('',(-5.965684139261E-1,-1.6E0,1.914906378690E0));
#829=CARTESIAN_POINT('',(-6.141459906493E-1,-1.6E0,1.866435577347E0));
#831=CARTESIAN_POINT('',(-6.187586455243E-1,-1.6E0,1.850816184139E0));
#832=CARTESIAN_POINT('',(-6.177334400637E-1,-1.6E0,1.856147252544E0));
#833=CARTESIAN_POINT('',(-6.157350635237E-1,-1.6E0,1.861244605957E0));
#834=CARTESIAN_POINT('',(-6.141459906493E-1,-1.6E0,1.866435577347E0));
#836=DIRECTION('',(0.E0,0.E0,1.E0));
#837=VECTOR('',#836,3.082411226185E-2);
#838=CARTESIAN_POINT('',(-3.444004521865E-1,-1.6E0,1.818748049410E0));
#839=LINE('',#838,#837);
#840=DIRECTION('',(-1.E0,0.E0,0.E0));
#841=VECTOR('',#840,1.105106625678E-1);
#842=CARTESIAN_POINT('',(-3.444004521865E-1,-1.6E0,1.849572161672E0));
#843=LINE('',#842,#841);
#844=DIRECTION('',(0.E0,0.E0,1.E0));
#845=VECTOR('',#844,9.095186487596E-2);
#846=CARTESIAN_POINT('',(-4.549111147542E-1,-1.6E0,1.849572161672E0));
#847=LINE('',#846,#845);
#848=DIRECTION('',(1.E0,0.E0,0.E0));
#849=VECTOR('',#848,9.668819070066E-2);
#850=CARTESIAN_POINT('',(-4.549111147542E-1,-1.6E0,1.940524026548E0));
#851=LINE('',#850,#849);
#852=DIRECTION('',(0.E0,0.E0,1.E0));
#853=VECTOR('',#852,3.096233697956E-2);
#854=CARTESIAN_POINT('',(-3.582229240536E-1,-1.6E0,1.940524026548E0));
#855=LINE('',#854,#853);
#856=DIRECTION('',(-1.E0,0.E0,0.E0));
#857=VECTOR('',#856,9.668819070066E-2);
#858=CARTESIAN_POINT('',(-3.582229240536E-1,-1.6E0,1.971486363528E0));
#859=LINE('',#858,#857);
#860=DIRECTION('',(0.E0,0.E0,1.E0));
#861=VECTOR('',#860,8.652867388152E-2);
#862=CARTESIAN_POINT('',(-4.549111147542E-1,-1.6E0,1.971486363528E0));
#863=LINE('',#862,#861);
#864=DIRECTION('',(1.E0,0.E0,0.E0));
#865=VECTOR('',#864,1.043596625862E-1);
#866=CARTESIAN_POINT('',(-4.549111147542E-1,-1.6E0,2.058015037409E0));
#867=LINE('',#866,#865);
#868=DIRECTION('',(0.E0,0.E0,1.E0));
#869=VECTOR('',#868,3.110056169727E-2);
#870=CARTESIAN_POINT('',(-3.505514521680E-1,-1.6E0,2.058015037409E0));
#871=LINE('',#870,#869);
#872=DIRECTION('',(-1.E0,0.E0,0.E0));
#873=VECTOR('',#872,1.392614040473E-1);
#874=CARTESIAN_POINT('',(-3.505514521680E-1,-1.6E0,2.089115599106E0));
#875=LINE('',#874,#873);
#876=DIRECTION('',(0.E0,0.E0,-1.E0));
#877=VECTOR('',#876,2.703675496962E-1);
#878=CARTESIAN_POINT('',(-4.898128562153E-1,-1.6E0,2.089115599106E0));
#879=LINE('',#878,#877);
#880=DIRECTION('',(1.E0,0.E0,0.E0));
#881=VECTOR('',#880,1.454124040289E-1);
#882=CARTESIAN_POINT('',(-4.898128562153E-1,-1.6E0,1.818748049410E0));
#883=LINE('',#882,#881);
#884=CARTESIAN_POINT('',(-2.584246771823E-1,-1.6E0,2.058015037409E0));
#885=CARTESIAN_POINT('',(-2.448095423945E-1,-1.6E0,2.058015037409E0));
#886=CARTESIAN_POINT('',(-2.311944076067E-1,-1.6E0,2.058015037409E0));
#887=CARTESIAN_POINT('',(-2.175792728190E-1,-1.6E0,2.058015037409E0));
#889=CARTESIAN_POINT('',(-2.191688570828E-1,-1.6E0,1.849572161672E0));
#890=CARTESIAN_POINT('',(-1.907754134161E-1,-1.6E0,1.849572161672E0));
#891=CARTESIAN_POINT('',(-1.280800149354E-1,-1.6E0,1.866773655174E0));
#892=CARTESIAN_POINT('',(-1.006093115656E-1,-1.6E0,1.955666151102E0));
#893=CARTESIAN_POINT('',(-1.290410559984E-1,-1.6E0,2.043594692085E0));
#894=CARTESIAN_POINT('',(-1.902231823887E-1,-1.6E0,2.058015037409E0));
#895=CARTESIAN_POINT('',(-2.175792728190E-1,-1.6E0,2.058015037409E0));
#897=CARTESIAN_POINT('',(-2.191688570828E-1,-1.6E0,1.849572161672E0));
#898=CARTESIAN_POINT('',(-2.322541304490E-1,-1.6E0,1.849572161672E0));
#899=CARTESIAN_POINT('',(-2.453394038152E-1,-1.6E0,1.849572161672E0));
#900=CARTESIAN_POINT('',(-2.584246771813E-1,-1.6E0,1.849572161672E0));
#902=CARTESIAN_POINT('',(-2.584246771813E-1,-1.6E0,1.849572161672E0));
#903=CARTESIAN_POINT('',(-2.584246771816E-1,-1.6E0,1.919053120251E0));
#904=CARTESIAN_POINT('',(-2.584246771820E-1,-1.6E0,1.988534078830E0));
#905=CARTESIAN_POINT('',(-2.584246771823E-1,-1.6E0,2.058015037409E0));
#907=CARTESIAN_POINT('',(-2.933264186415E-1,-1.6E0,1.818748049410E0));
#908=CARTESIAN_POINT('',(-2.685381190952E-1,-1.6E0,1.818748049410E0));
#909=CARTESIAN_POINT('',(-2.437498195489E-1,-1.6E0,1.818748049410E0));
#910=CARTESIAN_POINT('',(-2.189615200026E-1,-1.6E0,1.818748049410E0));
#912=CARTESIAN_POINT('',(-2.161970256317E-1,-1.6E0,2.089115599106E0));
#913=CARTESIAN_POINT('',(-1.800953078411E-1,-1.6E0,2.089115599107E0));
#914=CARTESIAN_POINT('',(-1.030809379037E-1,-1.6E0,2.067111338728E0));
#915=CARTESIAN_POINT('',(-5.870216101727E-2,-1.6E0,1.956003654985E0));
#916=CARTESIAN_POINT('',(-1.021789663331E-1,-1.6E0,1.842725531509E0));
#917=CARTESIAN_POINT('',(-1.817600275546E-1,-1.6E0,1.818748049410E0));
#918=CARTESIAN_POINT('',(-2.189615200026E-1,-1.6E0,1.818748049410E0));
#920=CARTESIAN_POINT('',(-2.161970256317E-1,-1.6E0,2.089115599106E0));
#921=CARTESIAN_POINT('',(-2.419068233020E-1,-1.6E0,2.089115599106E0));
#922=CARTESIAN_POINT('',(-2.676166209722E-1,-1.6E0,2.089115599106E0));
#923=CARTESIAN_POINT('',(-2.933264186424E-1,-1.6E0,2.089115599106E0));
#925=CARTESIAN_POINT('',(-2.933264186424E-1,-1.6E0,2.089115599106E0));
#926=CARTESIAN_POINT('',(-2.933264186421E-1,-1.6E0,1.998993082541E0));
#927=CARTESIAN_POINT('',(-2.933264186418E-1,-1.6E0,1.908870565976E0));
#928=CARTESIAN_POINT('',(-2.933264186415E-1,-1.6E0,1.818748049410E0));
#930=CARTESIAN_POINT('',(6.730187233744E-2,-1.6E0,2.035622632987E0));
#931=CARTESIAN_POINT('',(6.514499421998E-2,-1.6E0,2.041752707641E0));
#932=CARTESIAN_POINT('',(6.375288339616E-2,-1.6E0,2.048152065425E0));
#933=CARTESIAN_POINT('',(6.266856194855E-2,-1.6E0,2.054559419441E0));
#935=CARTESIAN_POINT('',(6.730187233744E-2,-1.6E0,2.035622632987E0));
#936=CARTESIAN_POINT('',(8.091700712581E-2,-1.6E0,1.998163734230E0));
#937=CARTESIAN_POINT('',(9.453214191419E-2,-1.6E0,1.960704835474E0));
#938=CARTESIAN_POINT('',(1.081472767026E-1,-1.6E0,1.923245936718E0));
#940=CARTESIAN_POINT('',(1.081472767026E-1,-1.6E0,1.923245936718E0));
#941=CARTESIAN_POINT('',(7.789910076943E-2,-1.6E0,1.923245936718E0));
#942=CARTESIAN_POINT('',(4.765092483630E-2,-1.6E0,1.923245936718E0));
#943=CARTESIAN_POINT('',(1.740274890317E-2,-1.6E0,1.923245936718E0));
#945=CARTESIAN_POINT('',(1.740274890317E-2,-1.6E0,1.923245936718E0));
#946=CARTESIAN_POINT('',(3.087965897168E-2,-1.6E0,1.960704835474E0));
#947=CARTESIAN_POINT('',(4.435656904019E-2,-1.6E0,1.998163734230E0));
#948=CARTESIAN_POINT('',(5.783347910870E-2,-1.6E0,2.035622632987E0));
#950=CARTESIAN_POINT('',(6.266856194855E-2,-1.6E0,2.054559419441E0));
#951=CARTESIAN_POINT('',(6.163291320304E-2,-1.6E0,2.048127495654E0));
#952=CARTESIAN_POINT('',(6.012096713894E-2,-1.6E0,2.041722601055E0));
#953=CARTESIAN_POINT('',(5.783347910870E-2,-1.6E0,2.035622632987E0));
#955=DIRECTION('',(-3.559357243655E-1,0.E0,9.345104387434E-1));
#956=VECTOR('',#955,2.893146384322E-1);
#957=CARTESIAN_POINT('',(1.850693326356E-1,-1.6E0,1.818748049410E0));
#958=LINE('',#957,#956);
#959=DIRECTION('',(-1.E0,0.E0,0.E0));
#960=VECTOR('',#959,3.732067403765E-2);
#961=CARTESIAN_POINT('',(8.209191723566E-2,-1.6E0,2.089115599106E0));
#962=LINE('',#961,#960);
#963=DIRECTION('',(-3.559357243675E-1,0.E0,-9.345104387426E-1));
#964=VECTOR('',#963,2.893146384324E-1);
#965=CARTESIAN_POINT('',(4.477124319801E-2,-1.6E0,2.089115599106E0));
#966=LINE('',#965,#964);
#967=DIRECTION('',(1.E0,0.E0,0.E0));
#968=VECTOR('',#967,3.856469650444E-2);
#969=CARTESIAN_POINT('',(-5.820617220257E-2,-1.6E0,1.818748049410E0));
#970=LINE('',#969,#968);
#971=DIRECTION('',(3.315284183405E-1,0.E0,9.434452330860E-1));
#972=VECTOR('',#971,7.838316617612E-2);
#973=CARTESIAN_POINT('',(-1.964147569814E-2,-1.6E0,1.818748049410E0));
#974=LINE('',#973,#972);
#975=DIRECTION('',(1.E0,0.E0,0.E0));
#976=VECTOR('',#975,1.125840333473E-1);
#977=CARTESIAN_POINT('',(6.344771408750E-3,-1.6E0,1.892698273893E0));
#978=LINE('',#977,#976);
#979=DIRECTION('',(3.493954794996E-1,0.E0,-9.369753459431E-1));
#980=VECTOR('',#979,7.892440799348E-2);
#981=CARTESIAN_POINT('',(1.189288047560E-1,-1.6E0,1.892698273893E0));
#982=LINE('',#981,#980);
#983=DIRECTION('',(1.E0,0.E0,0.E0));
#984=VECTOR('',#983,3.856469650444E-2);
#985=CARTESIAN_POINT('',(1.465046361311E-1,-1.6E0,1.818748049410E0));
#986=LINE('',#985,#984);
#987=CARTESIAN_POINT('',(-1.650308169342E0,-1.6E0,2.338749709572E0));
#988=CARTESIAN_POINT('',(-1.671416437213E0,-1.6E0,2.396317792711E0));
#989=CARTESIAN_POINT('',(-1.762433239788E0,-1.6E0,2.529612087089E0));
#990=CARTESIAN_POINT('',(-2.002762417342E0,-1.6E0,2.621921538323E0));
#991=CARTESIAN_POINT('',(-2.221532935741E0,-1.6E0,2.550683566406E0));
#992=CARTESIAN_POINT('',(-2.306577236768E0,-1.6E0,2.462691794838E0));
#993=CARTESIAN_POINT('',(-2.330797274058E0,-1.6E0,2.431019423347E0));
#995=CARTESIAN_POINT('',(-2.330797274058E0,-1.6E0,2.431019423347E0));
#996=CARTESIAN_POINT('',(-2.345476170254E0,-1.6E0,2.432854294119E0));
#997=CARTESIAN_POINT('',(-2.439613625834E0,-1.6E0,2.443407327068E0));
#998=CARTESIAN_POINT('',(-2.620234609180E0,-1.6E0,2.365941524939E0));
#999=CARTESIAN_POINT('',(-2.717551787059E0,-1.6E0,2.127907483927E0));
#1000=CARTESIAN_POINT('',(-2.633465670585E0,-1.6E0,1.909187782580E0));
#1001=CARTESIAN_POINT('',(-2.509784953591E0,-1.6E0,1.836592659768E0));
#1002=CARTESIAN_POINT('',(-2.451901308908E0,-1.6E0,1.821654956500E0));
#1004=CARTESIAN_POINT('',(-2.451901308908E0,-1.6E0,1.821654956500E0));
#1005=CARTESIAN_POINT('',(-2.428763267884E0,-1.6E0,1.750460994564E0));
#1006=CARTESIAN_POINT('',(-2.250842298261E0,-1.6E0,1.613049788706E0));
#1007=CARTESIAN_POINT('',(-2.073639874045E0,-1.6E0,1.799233952835E0));
#1008=CARTESIAN_POINT('',(-2.077055593259E0,-1.6E0,1.895983348754E0));
#1009=CARTESIAN_POINT('',(-2.077055593259E0,-1.6E0,1.902390967511E0));
#1011=CARTESIAN_POINT('',(-2.077055593259E0,-1.6E0,1.902390967511E0));
#1012=CARTESIAN_POINT('',(-1.987348930653E0,-1.6E0,1.949807343872E0));
#1013=CARTESIAN_POINT('',(-1.897642268048E0,-1.6E0,1.997223720233E0));
#1014=CARTESIAN_POINT('',(-1.807935605443E0,-1.6E0,2.044640096595E0));
#1016=CARTESIAN_POINT('',(-1.807935605443E0,-1.6E0,2.044640096595E0));
#1017=CARTESIAN_POINT('',(-1.827799213814E0,-1.6E0,2.078600483342E0));
#1018=CARTESIAN_POINT('',(-1.847662822185E0,-1.6E0,2.112560870090E0));
#1019=CARTESIAN_POINT('',(-1.867526430557E0,-1.6E0,2.146521256838E0));
#1021=CARTESIAN_POINT('',(-1.867526430557E0,-1.6E0,2.146521256838E0));
#1022=CARTESIAN_POINT('',(-1.953388519463E0,-1.6E0,2.101667925535E0));
#1023=CARTESIAN_POINT('',(-2.039250608369E0,-1.6E0,2.056814594233E0));
#1024=CARTESIAN_POINT('',(-2.125112697275E0,-1.6E0,2.011961262931E0));
#1026=CARTESIAN_POINT('',(-2.125112697275E0,-1.6E0,2.011961262931E0));
#1027=CARTESIAN_POINT('',(-2.159451501197E0,-1.6E0,2.052023225096E0));
#1028=CARTESIAN_POINT('',(-2.290226306274E0,-1.6E0,2.115684685802E0));
#1029=CARTESIAN_POINT('',(-2.424536572787E0,-1.6E0,2.019506058534E0));
#1030=CARTESIAN_POINT('',(-2.449978960950E0,-1.6E0,1.950448108193E0));
#1032=CARTESIAN_POINT('',(-2.449978960950E0,-1.6E0,1.950448108193E0));
#1033=CARTESIAN_POINT('',(-2.513986753637E0,-1.6E0,1.979708820397E0));
#1034=CARTESIAN_POINT('',(-2.637024649089E0,-1.6E0,2.149145963114E0));
#1035=CARTESIAN_POINT('',(-2.428205199547E0,-1.6E0,2.352231850171E0));
#1036=CARTESIAN_POINT('',(-2.301471015808E0,-1.6E0,2.308851433304E0));
#1037=CARTESIAN_POINT('',(-2.271206412281E0,-1.6E0,2.290692678882E0));
#1039=CARTESIAN_POINT('',(-2.271206412281E0,-1.6E0,2.290692678882E0));
#1040=CARTESIAN_POINT('',(-2.237270226936E0,-1.6E0,2.390715145001E0));
#1041=CARTESIAN_POINT('',(-1.998483473589E0,-1.6E0,2.576396518403E0));
#1042=CARTESIAN_POINT('',(-1.758155324963E0,-1.6E0,2.354428799324E0));
#1043=CARTESIAN_POINT('',(-1.744500194409E0,-1.6E0,2.234946293031E0));
#1045=CARTESIAN_POINT('',(-1.744500194409E0,-1.6E0,2.234946293031E0));
#1046=CARTESIAN_POINT('',(-1.739374104292E0,-1.6E0,2.234946293031E0));
#1047=CARTESIAN_POINT('',(-1.663852626779E0,-1.6E0,2.237680877446E0));
#1048=CARTESIAN_POINT('',(-1.504511089709E0,-1.6E0,2.089418039018E0));
#1049=CARTESIAN_POINT('',(-1.649752183155E0,-1.6E0,1.940033363005E0));
#1050=CARTESIAN_POINT('',(-1.717588239625E0,-1.6E0,1.935069764511E0));
#1052=CARTESIAN_POINT('',(-1.717588239625E0,-1.6E0,1.935069764511E0));
#1053=CARTESIAN_POINT('',(-1.746422524034E0,-1.6E0,1.935069764511E0));
#1054=CARTESIAN_POINT('',(-1.775256808442E0,-1.6E0,1.935069764511E0));
#1055=CARTESIAN_POINT('',(-1.804091092851E0,-1.6E0,1.935069764511E0));
#1057=CARTESIAN_POINT('',(-1.804091092851E0,-1.6E0,1.935069764511E0));
#1058=CARTESIAN_POINT('',(-1.807988683928E0,-1.6E0,1.935069764511E0));
#1059=CARTESIAN_POINT('',(-1.839031215517E0,-1.6E0,1.945908724601E0));
#1060=CARTESIAN_POINT('',(-1.905386398043E0,-1.6E0,1.876346978404E0));
#1061=CARTESIAN_POINT('',(-1.846616643442E0,-1.6E0,1.819507051860E0));
#1062=CARTESIAN_POINT('',(-1.819469289875E0,-1.6E0,1.817810370579E0));
#1064=CARTESIAN_POINT('',(-1.819469289875E0,-1.6E0,1.817810370579E0));
#1065=CARTESIAN_POINT('',(-1.785508915348E0,-1.6E0,1.817810370579E0));
#1066=CARTESIAN_POINT('',(-1.751548540822E0,-1.6E0,1.817810370579E0));
#1067=CARTESIAN_POINT('',(-1.717588166296E0,-1.6E0,1.817810370579E0));
#1069=CARTESIAN_POINT('',(-1.717588166296E0,-1.6E0,1.817810370579E0));
#1070=CARTESIAN_POINT('',(-1.715665885557E0,-1.6E0,1.817810370579E0));
#1071=CARTESIAN_POINT('',(-1.713743604819E0,-1.6E0,1.817810370579E0));
#1072=CARTESIAN_POINT('',(-1.711821324080E0,-1.6E0,1.817810370579E0));
#1074=CARTESIAN_POINT('',(-1.711821324080E0,-1.6E0,1.817810370579E0));
#1075=CARTESIAN_POINT('',(-1.709899043341E0,-1.6E0,1.817810370579E0));
#1076=CARTESIAN_POINT('',(-1.707976762603E0,-1.6E0,1.817810370579E0));
#1077=CARTESIAN_POINT('',(-1.706054481864E0,-1.6E0,1.817810370579E0));
#1079=CARTESIAN_POINT('',(-1.706054481864E0,-1.6E0,1.817810370579E0));
#1080=CARTESIAN_POINT('',(-1.641242970781E0,-1.6E0,1.823365628829E0));
#1081=CARTESIAN_POINT('',(-1.512744326462E0,-1.6E0,1.887574556446E0));
#1082=CARTESIAN_POINT('',(-1.411997361766E0,-1.6E0,2.126094726366E0));
#1083=CARTESIAN_POINT('',(-1.549978137409E0,-1.6E0,2.307066538057E0));
#1084=CARTESIAN_POINT('',(-1.650308169342E0,-1.6E0,2.338749709572E0));
#1086=CARTESIAN_POINT('',(3.8E0,-9.E-1,9.000001098598E-1));
#1087=DIRECTION('',(0.E0,0.E0,-1.E0));
#1088=DIRECTION('',(1.E0,0.E0,0.E0));
#1089=AXIS2_PLACEMENT_3D('',#1086,#1087,#1088);
#1091=CARTESIAN_POINT('',(3.8E0,-9.E-1,8.4E0));
#1092=DIRECTION('',(0.E0,0.E0,1.E0));
#1093=DIRECTION('',(0.E0,-1.E0,0.E0));
#1094=AXIS2_PLACEMENT_3D('',#1091,#1092,#1093);
#1096=CARTESIAN_POINT('',(3.8E0,9.E-1,8.4E0));
#1097=DIRECTION('',(0.E0,0.E0,-1.E0));
#1098=DIRECTION('',(0.E0,1.E0,0.E0));
#1099=AXIS2_PLACEMENT_3D('',#1096,#1097,#1098);
#1101=CARTESIAN_POINT('',(3.8E0,9.E-1,9.000001098598E-1));
#1102=DIRECTION('',(0.E0,0.E0,-1.E0));
#1103=DIRECTION('',(0.E0,1.E0,0.E0));
#1104=AXIS2_PLACEMENT_3D('',#1101,#1102,#1103);
#1106=DIRECTION('',(1.121680385118E-6,-9.999999999994E-1,-2.628252862262E-9));
#1107=VECTOR('',#1106,1.799999999999E0);
#1108=CARTESIAN_POINT('',(4.499997464879E0,8.999999999983E-1,
9.000000048729E-1));
#1109=LINE('',#1108,#1107);
#1110=DIRECTION('',(6.881280327905E-8,-4.519347858993E-14,1.E0));
#1111=VECTOR('',#1110,7.499999999858E0);
#1112=CARTESIAN_POINT('',(4.499999483904E0,-8.999999999997E-1,
9.000000001420E-1));
#1113=LINE('',#1112,#1111);
#1114=CARTESIAN_POINT('',(4.5E0,0.E0,8.4E0));
#1115=DIRECTION('',(-1.E0,0.E0,0.E0));
#1116=DIRECTION('',(0.E0,-1.E0,0.E0));
#1117=AXIS2_PLACEMENT_3D('',#1114,#1115,#1116);
#1119=DIRECTION('',(-3.380160959256E-7,-2.204606868865E-13,-9.999999999999E-1));
#1120=VECTOR('',#1119,7.499999995128E0);
#1121=CARTESIAN_POINT('',(4.5E0,9.E-1,8.4E0));
#1122=LINE('',#1121,#1120);
#1123=CARTESIAN_POINT('',(4.215173222205E0,8.366728238494E-1,
2.430647070852E-1));
#1124=CARTESIAN_POINT('',(4.220193967617E0,8.149194377610E-1,
2.477664101020E-1));
#1125=CARTESIAN_POINT('',(4.229647400513E0,7.715421370493E-1,
2.568392550341E-1));
#1126=CARTESIAN_POINT('',(4.241964467778E0,7.087506011983E-1,
2.691457756527E-1));
#1127=CARTESIAN_POINT('',(4.253573097338E0,6.427947689146E-1,
2.811852721916E-1));
#1128=CARTESIAN_POINT('',(4.264332854668E0,5.734730182587E-1,
2.927620463724E-1));
#1129=CARTESIAN_POINT('',(4.273915353025E0,5.024871851847E-1,
3.034270121245E-1));
#1130=CARTESIAN_POINT('',(4.282341334272E0,4.294242172470E-1,
3.130937740724E-1));
#1131=CARTESIAN_POINT('',(4.289661183144E0,3.529938764242E-1,
3.217233604992E-1));
#1132=CARTESIAN_POINT('',(4.295709167602E0,2.730398947323E-1,
3.290255270729E-1));
#1133=CARTESIAN_POINT('',(4.300280270178E0,1.915106008435E-1,
3.346502453538E-1));
#1134=CARTESIAN_POINT('',(4.303518123264E0,1.001567919404E-1,
3.386920749105E-1));
#1135=CARTESIAN_POINT('',(4.304347838626E0,3.430012130957E-2,
3.397375532386E-1));
#1136=CARTESIAN_POINT('',(4.304347826062E0,7.151924118619E-10,
3.397374366232E-1));
#1138=CARTESIAN_POINT('',(4.304347826062E0,7.151924118619E-10,
3.397374366232E-1));
#1139=CARTESIAN_POINT('',(4.304347836146E0,-3.046975896315E-2,
3.397373810901E-1));
#1140=CARTESIAN_POINT('',(4.303690966794E0,-9.459860368707E-2,
3.389098228506E-1));
#1141=CARTESIAN_POINT('',(4.300051997861E0,-2.005948006691E-1,
3.343599797257E-1));
#1142=CARTESIAN_POINT('',(4.293008591007E0,-3.156974727675E-1,
3.257145579893E-1));
#1143=CARTESIAN_POINT('',(4.281828582213E0,-4.384309369616E-1,
3.124208452894E-1));
#1144=CARTESIAN_POINT('',(4.265818441150E0,-5.672800661907E-1,
2.942410626176E-1));
#1145=CARTESIAN_POINT('',(4.244170280326E0,-7.006400251236E-1,
2.711501212844E-1));
#1146=CARTESIAN_POINT('',(4.225762306056E0,-7.911083925002E-1,
2.529841809470E-1));
#1147=CARTESIAN_POINT('',(4.215185152343E0,-8.367402774225E-1,
2.430793072256E-1));
#1149=CARTESIAN_POINT('',(5.172137992910E0,8.366740678830E-1,
-7.788053518711E-1));
#1150=DIRECTION('',(4.580549118838E-1,-7.785795186379E-1,4.289517815054E-1));
#1151=DIRECTION('',(-6.835397560440E-1,-1.463283168905E-6,7.299132838257E-1));
#1152=AXIS2_PLACEMENT_3D('',#1149,#1150,#1151);
#1154=CARTESIAN_POINT('',(3.682499408752E0,1.648618717415E0,-1.195262338592E0));
#1155=DIRECTION('',(9.989914823005E-1,4.090243243944E-2,1.852051056622E-2));
#1156=DIRECTION('',(-2.094851364599E-6,-4.124402239091E-1,9.109846660056E-1));
#1157=AXIS2_PLACEMENT_3D('',#1154,#1155,#1156);
#1159=CARTESIAN_POINT('',(3.682493568079E0,1.071200679635E0,8.011541383286E-2));
#1160=CARTESIAN_POINT('',(3.699165315951E0,1.073859282808E0,8.131903873896E-2));
#1161=CARTESIAN_POINT('',(3.732498518130E0,1.077771200965E0,8.415585909194E-2));
#1162=CARTESIAN_POINT('',(3.781953218023E0,1.079449886171E0,8.968801101436E-2));
#1163=CARTESIAN_POINT('',(3.831390963976E0,1.076735077791E0,9.662225728494E-2));
#1164=CARTESIAN_POINT('',(3.877299237533E0,1.070055056442E0,1.044547154575E-1));
#1165=CARTESIAN_POINT('',(3.920117041753E0,1.060086342684E0,1.130907903685E-1));
#1166=CARTESIAN_POINT('',(3.961934939930E0,1.046668523774E0,1.229381487892E-1));
#1167=CARTESIAN_POINT('',(4.005733565246E0,1.028226068098E0,1.350051784454E-1));
#1168=CARTESIAN_POINT('',(4.050898038868E0,1.003696903086E0,1.497943970838E-1));
#1169=CARTESIAN_POINT('',(4.095481608264E0,9.729396300796E-1,
1.673837310296E-1));
#1170=CARTESIAN_POINT('',(4.138551178651E0,9.354799017901E-1,
1.881976322584E-1));
#1171=CARTESIAN_POINT('',(4.179153860506E0,8.907063650497E-1,
2.128447309338E-1));
#1172=CARTESIAN_POINT('',(4.203800146291E0,8.555378572712E-1,
2.324138382583E-1));
#1173=CARTESIAN_POINT('',(4.215173222205E0,8.366728238494E-1,
2.430647070852E-1));
#1175=CARTESIAN_POINT('',(4.499997464879E0,8.999999999983E-1,
9.000000048729E-1));
#1176=CARTESIAN_POINT('',(4.499974084597E0,9.000170891817E-1,
8.513453186137E-1));
#1177=CARTESIAN_POINT('',(4.492084579842E0,8.981071546425E-1,
7.538868609337E-1));
#1178=CARTESIAN_POINT('',(4.456730624672E0,8.902848473372E-1,
6.115153450474E-1));
#1179=CARTESIAN_POINT('',(4.398221143581E0,8.774611540382E-1,
4.755299924671E-1));
#1180=CARTESIAN_POINT('',(4.317926988541E0,8.595219666439E-1,
3.505134492975E-1));
#1181=CARTESIAN_POINT('',(4.251328367610E0,8.446946953286E-1,
2.769232547572E-1));
#1182=CARTESIAN_POINT('',(4.215173222205E0,8.366728238494E-1,
2.430647070852E-1));
#1184=CARTESIAN_POINT('',(3.682493568079E0,1.071200679635E0,8.011541383286E-2));
#1185=CARTESIAN_POINT('',(3.694230329115E0,1.124258871614E0,1.041371018103E-1));
#1186=CARTESIAN_POINT('',(3.716694855673E0,1.225282812654E0,1.622970153796E-1));
#1187=CARTESIAN_POINT('',(3.745931409714E0,1.356661192691E0,2.764978863782E-1));
#1188=CARTESIAN_POINT('',(3.769533810079E0,1.462996817472E0,4.123879878194E-1));
#1189=CARTESIAN_POINT('',(3.787075017405E0,1.541721823950E0,5.663514528484E-1));
#1190=CARTESIAN_POINT('',(3.797607065942E0,1.589285445468E0,7.302380934561E-1));
#1191=CARTESIAN_POINT('',(3.800001296600E0,1.599995596945E0,8.434925724251E-1));
#1192=CARTESIAN_POINT('',(3.8E0,1.599999483904E0,9.000000001420E-1));
#1194=CARTESIAN_POINT('',(2.255870804889E0,7.000556739830E-1,
-1.399999999142E0));
#1195=DIRECTION('',(4.242761661585E-1,9.055328455387E-1,2.191978564209E-5));
#1196=DIRECTION('',(-9.299621941990E-6,-1.984928297318E-5,9.999999997598E-1));
#1197=AXIS2_PLACEMENT_3D('',#1194,#1195,#1196);
#1199=CARTESIAN_POINT('',(3.75E0,0.E0,0.E0));
#1200=DIRECTION('',(0.E0,0.E0,1.E0));
#1201=DIRECTION('',(-9.055486543930E-1,4.242424242424E-1,0.E0));
#1202=AXIS2_PLACEMENT_3D('',#1199,#1200,#1201);
#1204=CARTESIAN_POINT('',(2.255844720254E0,-7.000000000055E-1,-1.4E0));
#1205=DIRECTION('',(-4.242424242458E-1,9.055486543914E-1,0.E0));
#1206=DIRECTION('',(5.709718412358E-14,2.672465423562E-14,1.E0));
#1207=AXIS2_PLACEMENT_3D('',#1204,#1205,#1206);
#1209=CARTESIAN_POINT('',(3.682517856656E0,-1.648619475385E0,
-1.195262410561E0));
#1210=DIRECTION('',(-9.989921153019E-1,4.089126091655E-2,-1.851103306684E-2));
#1211=DIRECTION('',(1.958193097167E-6,4.124406843523E-1,9.109844575443E-1));
#1212=AXIS2_PLACEMENT_3D('',#1209,#1210,#1211);
#1214=CARTESIAN_POINT('',(5.172101359815E0,-8.367363431632E-1,
-7.788362310549E-1));
#1215=DIRECTION('',(-4.580896849197E-1,-7.785606172957E-1,-4.289489547327E-1));
#1216=DIRECTION('',(-6.835037129662E-1,-5.159887859587E-6,7.299470352942E-1));
#1217=AXIS2_PLACEMENT_3D('',#1214,#1215,#1216);
#1219=CARTESIAN_POINT('',(4.215185152343E0,-8.367402774225E-1,
2.430793072256E-1));
#1220=CARTESIAN_POINT('',(4.195223377564E0,-8.698220245727E-1,
2.243877995514E-1));
#1221=CARTESIAN_POINT('',(4.148810456465E0,-9.294346139236E-1,
1.916433261126E-1));
#1222=CARTESIAN_POINT('',(4.065239357808E0,-9.977084213711E-1,
1.536214291979E-1));
#1223=CARTESIAN_POINT('',(3.975490976075E0,-1.044286867185E0,
1.253114999354E-1));
#1224=CARTESIAN_POINT('',(3.876837201514E0,-1.072897747044E0,
1.033937012464E-1));
#1225=CARTESIAN_POINT('',(3.775714839305E0,-1.081545312657E0,
8.823776640845E-2));
#1226=CARTESIAN_POINT('',(3.712994619703E0,-1.076119218129E0,
8.234107007489E-2));
#1227=CARTESIAN_POINT('',(3.682520926708E0,-1.071213812563E0,
8.012094554762E-2));
#1229=CARTESIAN_POINT('',(3.799999999998E0,-1.599997464879E0,
9.000000048729E-1));
#1230=CARTESIAN_POINT('',(3.800019847332E0,-1.599970311080E0,
8.434925778583E-1));
#1231=CARTESIAN_POINT('',(3.797623944166E0,-1.589296829033E0,
7.302394913590E-1));
#1232=CARTESIAN_POINT('',(3.786963343898E0,-1.541723561709E0,
5.663656796934E-1));
#1233=CARTESIAN_POINT('',(3.769481727663E0,-1.463007367831E0,
4.124024656223E-1));
#1234=CARTESIAN_POINT('',(3.745971557921E0,-1.356666485489E0,
2.765027974609E-1));
#1235=CARTESIAN_POINT('',(3.716717118251E0,-1.225289944230E0,
1.623037901022E-1));
#1236=CARTESIAN_POINT('',(3.694278634672E0,-1.124272953165E0,
1.041424009792E-1));
#1237=CARTESIAN_POINT('',(3.682520926708E0,-1.071213812563E0,
8.012094554762E-2));
#1239=CARTESIAN_POINT('',(4.215185152343E0,-8.367402774225E-1,
2.430793072256E-1));
#1240=CARTESIAN_POINT('',(4.251349027166E0,-8.447841425614E-1,
2.769431254300E-1));
#1241=CARTESIAN_POINT('',(4.317937783323E0,-8.595443646247E-1,
3.505279115447E-1));
#1242=CARTESIAN_POINT('',(4.398233937940E0,-8.773660569706E-1,
4.755561278433E-1));
#1243=CARTESIAN_POINT('',(4.456732946429E0,-8.903861136970E-1,
6.115172212614E-1));
#1244=CARTESIAN_POINT('',(4.492075382571E0,-8.982184241563E-1,
7.538914526226E-1));
#1245=CARTESIAN_POINT('',(4.499996137186E0,-9.000011163886E-1,
8.513464198943E-1));
#1246=CARTESIAN_POINT('',(4.499999483904E0,-8.999999999997E-1,
9.000000001420E-1));
#1248=CARTESIAN_POINT('',(5.400000000005E0,1.936943794938E-6,
-5.317821063208E-1));
#1249=DIRECTION('',(1.173894534939E-6,-9.999999999982E-1,1.475778324627E-6));
#1250=DIRECTION('',(-7.826086957124E-1,-7.463131195044E-12,6.225139591971E-1));
#1251=AXIS2_PLACEMENT_3D('',#1248,#1249,#1250);
#1253=CARTESIAN_POINT('',(3.965469687161E0,-1.267786019585E-1,
-7.788375684105E-1));
#1254=CARTESIAN_POINT('',(3.956644146066E0,-1.417770549622E-1,
-8.332143847199E-1));
#1255=CARTESIAN_POINT('',(3.935932695102E0,-1.696620771101E-1,
-9.293872698701E-1));
#1256=CARTESIAN_POINT('',(3.899526074544E0,-2.021449289975E-1,
-1.033958625800E0));
#1257=CARTESIAN_POINT('',(3.860911943117E0,-2.255299465763E-1,
-1.107207181852E0));
#1258=CARTESIAN_POINT('',(3.819144024450E0,-2.415937605938E-1,
-1.158113357303E0));
#1259=CARTESIAN_POINT('',(3.777303312279E0,-2.496039889305E-1,
-1.186735456528E0));
#1260=CARTESIAN_POINT('',(3.751788242630E0,-2.502822940069E-1,
-1.193822818895E0));
#1261=CARTESIAN_POINT('',(3.739775720618E0,-2.497908407270E-1,
-1.195262375364E0));
#1263=CARTESIAN_POINT('',(4.E0,8.979733755882E-13,-5.317821063276E-1));
#1264=CARTESIAN_POINT('',(3.999999993206E0,-4.614633708083E-3,
-5.317822824932E-1));
#1265=CARTESIAN_POINT('',(3.999745725055E0,-1.433276436723E-2,
-5.338997554932E-1));
#1266=CARTESIAN_POINT('',(3.998336863167E0,-3.039371267240E-2,
-5.455208523288E-1));
#1267=CARTESIAN_POINT('',(3.995611079818E0,-4.783033306254E-2,
-5.676101441314E-1));
#1268=CARTESIAN_POINT('',(3.991283034337E0,-6.642891508547E-2,
-6.015745676318E-1));
#1269=CARTESIAN_POINT('',(3.985079809505E0,-8.594840649631E-2,
-6.480608918891E-1));
#1270=CARTESIAN_POINT('',(3.976710844715E0,-1.061631329031E-1,
-7.069956138047E-1));
#1271=CARTESIAN_POINT('',(3.969543981578E0,-1.198539944294E-1,
-7.536328523276E-1));
#1272=CARTESIAN_POINT('',(3.965469687161E0,-1.267786019585E-1,
-7.788375684105E-1));
#1274=DIRECTION('',(0.E0,2.006538295813E-13,1.E0));
#1275=VECTOR('',#1274,4.468217893672E0);
#1276=CARTESIAN_POINT('',(4.E0,0.E0,-5.E0));
#1277=LINE('',#1276,#1275);
#1278=CARTESIAN_POINT('',(3.75E0,0.E0,-1.4E0));
#1279=DIRECTION('',(0.E0,0.E0,-1.E0));
#1280=DIRECTION('',(-9.055486543930E-1,-4.242424242424E-1,0.E0));
#1281=AXIS2_PLACEMENT_3D('',#1278,#1279,#1280);
#1283=CARTESIAN_POINT('',(3.739775720618E0,-2.497908407270E-1,
-1.195262375364E0));
#1284=CARTESIAN_POINT('',(3.732500366131E0,-2.494930389902E-1,
-1.196150910580E0));
#1285=CARTESIAN_POINT('',(3.718050851883E0,-2.482726184310E-1,
-1.199804677070E0));
#1286=CARTESIAN_POINT('',(3.696452020567E0,-2.445165938691E-1,
-1.210759399125E0));
#1287=CARTESIAN_POINT('',(3.676046660325E0,-2.391095966447E-1,
-1.225921725301E0));
#1288=CARTESIAN_POINT('',(3.656678177032E0,-2.322343367313E-1,
-1.244181283640E0));
#1289=CARTESIAN_POINT('',(3.637326709058E0,-2.235335964647E-1,
-1.265746300901E0));
#1290=CARTESIAN_POINT('',(3.616560183592E0,-2.119343035214E-1,
-1.291966311137E0));
#1291=CARTESIAN_POINT('',(3.594058783114E0,-1.960872002994E-1,
-1.323013504955E0));
#1292=CARTESIAN_POINT('',(3.572847612171E0,-1.771634694439E-1,
-1.352960135131E0));
#1293=CARTESIAN_POINT('',(3.553608832798E0,-1.556372552105E-1,
-1.378377882832E0));
#1294=CARTESIAN_POINT('',(3.536464961542E0,-1.311102687729E-1,
-1.395993800209E0));
#1295=CARTESIAN_POINT('',(3.527557086178E0,-1.144795340217E-1,
-1.399999650629E0));
#1296=CARTESIAN_POINT('',(3.523612836401E0,-1.060606060587E-1,-1.4E0));
#1298=CARTESIAN_POINT('',(3.75E0,0.E0,-1.4E0));
#1299=DIRECTION('',(0.E0,0.E0,-1.E0));
#1300=DIRECTION('',(-1.E0,0.E0,0.E0));
#1301=AXIS2_PLACEMENT_3D('',#1298,#1299,#1300);
#1303=DIRECTION('',(0.E0,2.338626278392E-12,1.E0));
#1304=VECTOR('',#1303,3.6E0);
#1305=CARTESIAN_POINT('',(3.5E0,0.E0,-5.E0));
#1306=LINE('',#1305,#1304);
#1307=CARTESIAN_POINT('',(3.965475456718E0,1.267687956566E-1,
-7.788053399382E-1));
#1308=CARTESIAN_POINT('',(3.967414657606E0,1.234726340238E-1,
-7.668170585079E-1));
#1309=CARTESIAN_POINT('',(3.971074217700E0,1.169001288232E-1,
-7.436442497512E-1));
#1310=CARTESIAN_POINT('',(3.975845486611E0,1.073864911655E-1,
-7.121782385950E-1));
#1311=CARTESIAN_POINT('',(3.980339419609E0,9.739311489237E-2,
-6.814177901287E-1));
#1312=CARTESIAN_POINT('',(3.984506157714E0,8.688978600337E-2,
-6.518293576838E-1));
#1313=CARTESIAN_POINT('',(3.988216455521E0,7.613437513826E-2,
-6.245750289561E-1));
#1314=CARTESIAN_POINT('',(3.991479186942E0,6.506405323689E-2,
-5.998704073736E-1));
#1315=CARTESIAN_POINT('',(3.994313514920E0,5.348388467323E-2,
-5.778161500368E-1));
#1316=CARTESIAN_POINT('',(3.996655491456E0,4.136870598948E-2,
-5.591558196136E-1));
#1317=CARTESIAN_POINT('',(3.998425137534E0,2.901742144887E-2,
-5.447796665185E-1));
#1318=CARTESIAN_POINT('',(3.999679263584E0,1.517328027227E-2,
-5.344560416821E-1));
#1319=CARTESIAN_POINT('',(3.999999993870E0,5.195414069331E-3,
-5.317822232249E-1));
#1320=CARTESIAN_POINT('',(4.E0,8.979733755882E-13,-5.317821063276E-1));
#1322=CARTESIAN_POINT('',(3.739771729471E0,2.497906773320E-1,
-1.195262449721E0));
#1323=CARTESIAN_POINT('',(3.746411839652E0,2.500625583219E-1,
-1.194455166660E0));
#1324=CARTESIAN_POINT('',(3.759799286691E0,2.500761682797E-1,
-1.191585186137E0));
#1325=CARTESIAN_POINT('',(3.779926715896E0,2.484850030378E-1,
-1.183444829810E0));
#1326=CARTESIAN_POINT('',(3.800310498966E0,2.451668078735E-1,
-1.170890335510E0));
#1327=CARTESIAN_POINT('',(3.819463374567E0,2.404124454568E-1,
-1.154785125878E0));
#1328=CARTESIAN_POINT('',(3.837487665560E0,2.344445577730E-1,
-1.135484199073E0));
#1329=CARTESIAN_POINT('',(3.855220727135E0,2.270702830115E-1,
-1.112150227512E0));
#1330=CARTESIAN_POINT('',(3.873931884367E0,2.174925283423E-1,
-1.082083676839E0));
#1331=CARTESIAN_POINT('',(3.893375092048E0,2.052586248670E-1,
-1.043564102862E0));
#1332=CARTESIAN_POINT('',(3.912714957028E0,1.903532665378E-1,
-9.960229774500E-1));
#1333=CARTESIAN_POINT('',(3.931539673985E0,1.725666253244E-1,
-9.379598917748E-1));
#1334=CARTESIAN_POINT('',(3.949415622593E0,1.516720768957E-1,
-8.675619846773E-1));
#1335=CARTESIAN_POINT('',(3.960414808995E0,1.353705409272E-1,
-8.100540147987E-1));
#1336=CARTESIAN_POINT('',(3.965475456718E0,1.267687956566E-1,
-7.788053399382E-1));
#1338=CARTESIAN_POINT('',(3.523612836404E0,1.060606060653E-1,-1.4E0));
#1339=CARTESIAN_POINT('',(3.527453554669E0,1.142585626389E-1,
-1.399999709717E0));
#1340=CARTESIAN_POINT('',(3.536274117421E0,1.307703603369E-1,
-1.396117161683E0));
#1341=CARTESIAN_POINT('',(3.553296876527E0,1.553110006968E-1,
-1.378823417122E0));
#1342=CARTESIAN_POINT('',(3.574334000806E0,1.788686943355E-1,
-1.350986290441E0));
#1343=CARTESIAN_POINT('',(3.599598941391E0,2.006556672389E-1,
-1.315107896122E0));
#1344=CARTESIAN_POINT('',(3.627615266859E0,2.187673341426E-1,
-1.277272101799E0));
#1345=CARTESIAN_POINT('',(3.654457891788E0,2.315875378146E-1,
-1.246043709878E0));
#1346=CARTESIAN_POINT('',(3.680421727231E0,2.406577817442E-1,
-1.221748137868E0));
#1347=CARTESIAN_POINT('',(3.708543897595E0,2.471405973931E-1,
-1.203212582478E0));
#1348=CARTESIAN_POINT('',(3.729067783189E0,2.493523364257E-1,
-1.196567213439E0));
#1349=CARTESIAN_POINT('',(3.739771729471E0,2.497906773320E-1,
-1.195262449721E0));
#1351=CARTESIAN_POINT('',(-3.75E0,0.E0,-5.E0));
#1352=DIRECTION('',(0.E0,0.E0,-1.E0));
#1353=DIRECTION('',(1.E0,0.E0,0.E0));
#1354=AXIS2_PLACEMENT_3D('',#1351,#1352,#1353);
#1356=CARTESIAN_POINT('',(-3.75E0,0.E0,-5.E0));
#1357=DIRECTION('',(0.E0,0.E0,-1.E0));
#1358=DIRECTION('',(-1.E0,0.E0,0.E0));
#1359=AXIS2_PLACEMENT_3D('',#1356,#1357,#1358);
#1361=CARTESIAN_POINT('',(3.75E0,0.E0,-5.E0));
#1362=DIRECTION('',(0.E0,0.E0,-1.E0));
#1363=DIRECTION('',(1.E0,0.E0,0.E0));
#1364=AXIS2_PLACEMENT_3D('',#1361,#1362,#1363);
#1366=CARTESIAN_POINT('',(3.75E0,0.E0,-5.E0));
#1367=DIRECTION('',(0.E0,0.E0,-1.E0));
#1368=DIRECTION('',(-1.E0,0.E0,0.E0));
#1369=AXIS2_PLACEMENT_3D('',#1366,#1367,#1368);
#1371=DIRECTION('',(0.E0,-1.E0,0.E0));
#1372=VECTOR('',#1371,1.E-2);
#1373=CARTESIAN_POINT('',(-2.196237298484E0,-1.6E0,1.881245708284E0));
#1374=LINE('',#1373,#1372);
#1375=DIRECTION('',(0.E0,-1.E0,0.E0));
#1376=VECTOR('',#1375,1.E-2);
#1377=CARTESIAN_POINT('',(-2.346175599408E0,-1.6E0,1.881245708284E0));
#1378=LINE('',#1377,#1376);
#1379=CARTESIAN_POINT('',(-2.271206448946E0,-1.61E0,1.881245708284E0));
#1380=DIRECTION('',(0.E0,1.E0,0.E0));
#1381=DIRECTION('',(1.E0,0.E0,0.E0));
#1382=AXIS2_PLACEMENT_3D('',#1379,#1380,#1381);
#1384=CARTESIAN_POINT('',(-2.271206448946E0,-1.61E0,1.881245708284E0));
#1385=DIRECTION('',(0.E0,1.E0,0.E0));
#1386=DIRECTION('',(-1.E0,0.E0,0.E0));
#1387=AXIS2_PLACEMENT_3D('',#1384,#1385,#1386);
#1389=DIRECTION('',(0.E0,0.E0,1.E0));
#1390=VECTOR('',#1389,3.082411226185E-2);
#1391=CARTESIAN_POINT('',(-1.095997359894E0,-1.61E0,2.247659351408E0));
#1392=LINE('',#1391,#1390);
#1393=DIRECTION('',(1.E0,0.E0,0.E0));
#1394=VECTOR('',#1393,1.425787972964E-1);
#1395=CARTESIAN_POINT('',(-1.238576157191E0,-1.61E0,2.247659351408E0));
#1396=LINE('',#1395,#1394);
#1397=DIRECTION('',(0.E0,0.E0,-1.E0));
#1398=VECTOR('',#1397,2.703675496962E-1);
#1399=CARTESIAN_POINT('',(-1.238576157191E0,-1.61E0,2.518026901104E0));
#1400=LINE('',#1399,#1398);
#1401=DIRECTION('',(-1.E0,0.E0,0.E0));
#1402=VECTOR('',#1401,3.490174146109E-2);
#1403=CARTESIAN_POINT('',(-1.203674415730E0,-1.61E0,2.518026901104E0));
#1404=LINE('',#1403,#1402);
#1405=DIRECTION('',(0.E0,0.E0,1.E0));
#1406=VECTOR('',#1405,2.395434374343E-1);
#1407=CARTESIAN_POINT('',(-1.203674415730E0,-1.61E0,2.278483463670E0));
#1408=LINE('',#1407,#1406);
#1409=DIRECTION('',(-1.E0,0.E0,0.E0));
#1410=VECTOR('',#1409,1.076770558353E-1);
#1411=CARTESIAN_POINT('',(-1.095997359894E0,-1.61E0,2.278483463670E0));
#1412=LINE('',#1411,#1410);
#1413=CARTESIAN_POINT('',(-8.825092819257E-1,-1.61E0,2.258855553620E0));
#1414=CARTESIAN_POINT('',(-8.825092819257E-1,-1.61E0,2.270005680925E0));
#1415=CARTESIAN_POINT('',(-8.825092819257E-1,-1.61E0,2.281155808230E0));
#1416=CARTESIAN_POINT('',(-8.825092819257E-1,-1.61E0,2.292305935535E0));
#1418=CARTESIAN_POINT('',(-8.825092819257E-1,-1.61E0,2.511530339328E0));
#1419=CARTESIAN_POINT('',(-9.023861415204E-1,-1.61E0,2.520165368498E0));
#1420=CARTESIAN_POINT('',(-9.603990451264E-1,-1.61E0,2.529061749380E0));
#1421=CARTESIAN_POINT('',(-1.060096901209E0,-1.61E0,2.494019039794E0));
#1422=CARTESIAN_POINT('',(-1.096634775088E0,-1.61E0,2.380915414157E0));
#1423=CARTESIAN_POINT('',(-1.063801178624E0,-1.61E0,2.268910059565E0));
#1424=CARTESIAN_POINT('',(-9.648195511596E-1,-1.61E0,2.235441818921E0));
#1425=CARTESIAN_POINT('',(-9.050579680644E-1,-1.61E0,2.246954858156E0));
#1426=CARTESIAN_POINT('',(-8.825092819257E-1,-1.61E0,2.258855553620E0));
#1428=CARTESIAN_POINT('',(-8.825092819257E-1,-1.61E0,2.475039013603E0));
#1429=CARTESIAN_POINT('',(-8.825092819257E-1,-1.61E0,2.487202788844E0));
#1430=CARTESIAN_POINT('',(-8.825092819257E-1,-1.61E0,2.499366564086E0));
#1431=CARTESIAN_POINT('',(-8.825092819257E-1,-1.61E0,2.511530339328E0));
#1433=CARTESIAN_POINT('',(-8.825092819257E-1,-1.61E0,2.292305935535E0));
#1434=CARTESIAN_POINT('',(-9.030452331230E-1,-1.61E0,2.279812035156E0));
#1435=CARTESIAN_POINT('',(-9.528481187075E-1,-1.61E0,2.266131030055E0));
#1436=CARTESIAN_POINT('',(-1.033257027059E0,-1.61E0,2.295319597306E0));
#1437=CARTESIAN_POINT('',(-1.056498179301E0,-1.61E0,2.381499927910E0));
#1438=CARTESIAN_POINT('',(-1.031858208854E0,-1.61E0,2.468711452608E0));
#1439=CARTESIAN_POINT('',(-9.503780452002E-1,-1.61E0,2.498918741341E0));
#1440=CARTESIAN_POINT('',(-9.016427318638E-1,-1.61E0,2.485699078566E0));
#1441=CARTESIAN_POINT('',(-8.825092819257E-1,-1.61E0,2.475039013603E0));
#1443=DIRECTION('',(0.E0,0.E0,1.E0));
#1444=VECTOR('',#1443,3.082411226185E-2);
#1445=CARTESIAN_POINT('',(-6.829819005419E-1,-1.61E0,2.247659351408E0));
#1446=LINE('',#1445,#1444);
#1447=DIRECTION('',(1.E0,0.E0,0.E0));
#1448=VECTOR('',#1447,1.454124040288E-1);
#1449=CARTESIAN_POINT('',(-8.283943045708E-1,-1.61E0,2.247659351408E0));
#1450=LINE('',#1449,#1448);
#1451=DIRECTION('',(0.E0,0.E0,-1.E0));
#1452=VECTOR('',#1451,2.703675496962E-1);
#1453=CARTESIAN_POINT('',(-8.283943045708E-1,-1.61E0,2.518026901104E0));
#1454=LINE('',#1453,#1452);
#1455=DIRECTION('',(-1.E0,0.E0,0.E0));
#1456=VECTOR('',#1455,1.392614040473E-1);
#1457=CARTESIAN_POINT('',(-6.891329005234E-1,-1.61E0,2.518026901104E0));
#1458=LINE('',#1457,#1456);
#1459=DIRECTION('',(0.E0,0.E0,1.E0));
#1460=VECTOR('',#1459,3.110056169727E-2);
#1461=CARTESIAN_POINT('',(-6.891329005234E-1,-1.61E0,2.486926339407E0));
#1462=LINE('',#1461,#1460);
#1463=DIRECTION('',(1.E0,0.E0,0.E0));
#1464=VECTOR('',#1463,1.043596625862E-1);
#1465=CARTESIAN_POINT('',(-7.934925631097E-1,-1.61E0,2.486926339407E0));
#1466=LINE('',#1465,#1464);
#1467=DIRECTION('',(0.E0,0.E0,1.E0));
#1468=VECTOR('',#1467,8.652867388152E-2);
#1469=CARTESIAN_POINT('',(-7.934925631097E-1,-1.61E0,2.400397665526E0));
#1470=LINE('',#1469,#1468);
#1471=DIRECTION('',(-1.E0,0.E0,0.E0));
#1472=VECTOR('',#1471,9.668819070066E-2);
#1473=CARTESIAN_POINT('',(-6.968043724090E-1,-1.61E0,2.400397665526E0));
#1474=LINE('',#1473,#1472);
#1475=DIRECTION('',(0.E0,0.E0,1.E0));
#1476=VECTOR('',#1475,3.096233697956E-2);
#1477=CARTESIAN_POINT('',(-6.968043724090E-1,-1.61E0,2.369435328546E0));
#1478=LINE('',#1477,#1476);
#1479=DIRECTION('',(1.E0,0.E0,0.E0));
#1480=VECTOR('',#1479,9.668819070066E-2);
#1481=CARTESIAN_POINT('',(-7.934925631097E-1,-1.61E0,2.369435328546E0));
#1482=LINE('',#1481,#1480);
#1483=DIRECTION('',(0.E0,0.E0,1.E0));
#1484=VECTOR('',#1483,9.095186487596E-2);
#1485=CARTESIAN_POINT('',(-7.934925631097E-1,-1.61E0,2.278483463670E0));
#1486=LINE('',#1485,#1484);
#1487=DIRECTION('',(-1.E0,0.E0,0.E0));
#1488=VECTOR('',#1487,1.105106625678E-1);
#1489=CARTESIAN_POINT('',(-6.829819005419E-1,-1.61E0,2.278483463670E0));
#1490=LINE('',#1489,#1488);
#1491=CARTESIAN_POINT('',(-5.970061255368E-1,-1.61E0,2.486926339407E0));
#1492=CARTESIAN_POINT('',(-5.833909907496E-1,-1.61E0,2.486926339407E0));
#1493=CARTESIAN_POINT('',(-5.697758559625E-1,-1.61E0,2.486926339407E0));
#1494=CARTESIAN_POINT('',(-5.561607211754E-1,-1.61E0,2.486926339407E0));
#1496=CARTESIAN_POINT('',(-5.970061255349E-1,-1.61E0,2.278483463670E0));
#1497=CARTESIAN_POINT('',(-5.970061255356E-1,-1.61E0,2.347964422249E0));
#1498=CARTESIAN_POINT('',(-5.970061255362E-1,-1.61E0,2.417445380828E0));
#1499=CARTESIAN_POINT('',(-5.970061255368E-1,-1.61E0,2.486926339407E0));
#1501=CARTESIAN_POINT('',(-5.577503054364E-1,-1.61E0,2.278483463670E0));
#1502=CARTESIAN_POINT('',(-5.708355788026E-1,-1.61E0,2.278483463670E0));
#1503=CARTESIAN_POINT('',(-5.839208521688E-1,-1.61E0,2.278483463670E0));
#1504=CARTESIAN_POINT('',(-5.970061255349E-1,-1.61E0,2.278483463670E0));
#1506=CARTESIAN_POINT('',(-5.561607211754E-1,-1.61E0,2.486926339407E0));
#1507=CARTESIAN_POINT('',(-5.288046307445E-1,-1.61E0,2.486926339407E0));
#1508=CARTESIAN_POINT('',(-4.676225043531E-1,-1.61E0,2.472505994084E0));
#1509=CARTESIAN_POINT('',(-4.391907599166E-1,-1.61E0,2.384577453099E0));
#1510=CARTESIAN_POINT('',(-4.666614632904E-1,-1.61E0,2.295684957173E0));
#1511=CARTESIAN_POINT('',(-5.293568617697E-1,-1.61E0,2.278483463670E0));
#1512=CARTESIAN_POINT('',(-5.577503054364E-1,-1.61E0,2.278483463670E0));
#1514=CARTESIAN_POINT('',(-6.319078669970E-1,-1.61E0,2.247659351408E0));
#1515=CARTESIAN_POINT('',(-6.071195674506E-1,-1.61E0,2.247659351408E0));
#1516=CARTESIAN_POINT('',(-5.823312679043E-1,-1.61E0,2.247659351408E0));
#1517=CARTESIAN_POINT('',(-5.575429683580E-1,-1.61E0,2.247659351408E0));
#1519=CARTESIAN_POINT('',(-6.319078669988E-1,-1.61E0,2.518026901104E0));
#1520=CARTESIAN_POINT('',(-6.319078669982E-1,-1.61E0,2.427904384539E0));
#1521=CARTESIAN_POINT('',(-6.319078669976E-1,-1.61E0,2.337781867974E0));
#1522=CARTESIAN_POINT('',(-6.319078669970E-1,-1.61E0,2.247659351408E0));
#1524=CARTESIAN_POINT('',(-5.547784739862E-1,-1.61E0,2.518026901104E0));
#1525=CARTESIAN_POINT('',(-5.804882716571E-1,-1.61E0,2.518026901104E0));
#1526=CARTESIAN_POINT('',(-6.061980693280E-1,-1.61E0,2.518026901104E0));
#1527=CARTESIAN_POINT('',(-6.319078669988E-1,-1.61E0,2.518026901104E0));
#1529=CARTESIAN_POINT('',(-5.575429683580E-1,-1.61E0,2.247659351408E0));
#1530=CARTESIAN_POINT('',(-5.203414759097E-1,-1.61E0,2.247659351408E0));
#1531=CARTESIAN_POINT('',(-4.407604146854E-1,-1.61E0,2.271636833504E0));
#1532=CARTESIAN_POINT('',(-3.972836093744E-1,-1.61E0,2.384914956983E0));
#1533=CARTESIAN_POINT('',(-4.416623862585E-1,-1.61E0,2.496022640724E0));
#1534=CARTESIAN_POINT('',(-5.186767561955E-1,-1.61E0,2.518026901105E0));
#1535=CARTESIAN_POINT('',(-5.547784739862E-1,-1.61E0,2.518026901104E0));
#1537=CARTESIAN_POINT('',(-2.758958092030E-1,-1.61E0,2.483470721440E0));
#1538=CARTESIAN_POINT('',(-2.748117130990E-1,-1.61E0,2.477064699006E0));
#1539=CARTESIAN_POINT('',(-2.734360058914E-1,-1.61E0,2.470662735680E0));
#1540=CARTESIAN_POINT('',(-2.712795760162E-1,-1.61E0,2.464533934983E0));
#1542=CARTESIAN_POINT('',(-2.807479692449E-1,-1.61E0,2.464533934983E0));
#1543=CARTESIAN_POINT('',(-2.784599859308E-1,-1.61E0,2.470635223823E0));
#1544=CARTESIAN_POINT('',(-2.769316821881E-1,-1.61E0,2.477037405008E0));
#1545=CARTESIAN_POINT('',(-2.758958092030E-1,-1.61E0,2.483470721440E0));
#1547=CARTESIAN_POINT('',(-3.211786994532E-1,-1.61E0,2.352157238714E0));
#1548=CARTESIAN_POINT('',(-3.077017893838E-1,-1.61E0,2.389616137470E0));
#1549=CARTESIAN_POINT('',(-2.942248793143E-1,-1.61E0,2.427075036227E0));
#1550=CARTESIAN_POINT('',(-2.807479692449E-1,-1.61E0,2.464533934983E0));
#1552=CARTESIAN_POINT('',(-2.304341716529E-1,-1.61E0,2.352157238714E0));
#1553=CARTESIAN_POINT('',(-2.606823475863E-1,-1.61E0,2.352157238714E0));
#1554=CARTESIAN_POINT('',(-2.909305235198E-1,-1.61E0,2.352157238714E0));
#1555=CARTESIAN_POINT('',(-3.211786994532E-1,-1.61E0,2.352157238714E0));
#1557=CARTESIAN_POINT('',(-2.712795760162E-1,-1.61E0,2.464533934983E0));
#1558=CARTESIAN_POINT('',(-2.576644412284E-1,-1.61E0,2.427075036227E0));
#1559=CARTESIAN_POINT('',(-2.440493064406E-1,-1.61E0,2.389616137470E0));
#1560=CARTESIAN_POINT('',(-2.304341716529E-1,-1.61E0,2.352157238714E0));
#1562=DIRECTION('',(-3.559357243655E-1,0.E0,9.345104387434E-1));
#1563=VECTOR('',#1562,2.893146384322E-1);
#1564=CARTESIAN_POINT('',(-1.535121157166E-1,-1.61E0,2.247659351408E0));
#1565=LINE('',#1564,#1563);
#1566=DIRECTION('',(1.E0,0.E0,0.E0));
#1567=VECTOR('',#1566,3.856469650444E-2);
#1568=CARTESIAN_POINT('',(-1.920768122210E-1,-1.61E0,2.247659351408E0));
#1569=LINE('',#1568,#1567);
#1570=DIRECTION('',(3.493954794995E-1,0.E0,-9.369753459432E-1));
#1571=VECTOR('',#1570,7.892440799348E-2);
#1572=CARTESIAN_POINT('',(-2.196526435961E-1,-1.61E0,2.321609575891E0));
#1573=LINE('',#1572,#1571);
#1574=DIRECTION('',(1.E0,0.E0,0.E0));
#1575=VECTOR('',#1574,1.125840333473E-1);
#1576=CARTESIAN_POINT('',(-3.322366769434E-1,-1.61E0,2.321609575891E0));
#1577=LINE('',#1576,#1575);
#1578=DIRECTION('',(3.315284183405E-1,0.E0,9.434452330860E-1));
#1579=VECTOR('',#1578,7.838316617613E-2);
#1580=CARTESIAN_POINT('',(-3.582229240503E-1,-1.61E0,2.247659351408E0));
#1581=LINE('',#1580,#1579);
#1582=DIRECTION('',(1.E0,0.E0,0.E0));
#1583=VECTOR('',#1582,3.856469650444E-2);
#1584=CARTESIAN_POINT('',(-3.967876205547E-1,-1.61E0,2.247659351408E0));
#1585=LINE('',#1584,#1583);
#1586=DIRECTION('',(-3.559357243675E-1,0.E0,-9.345104387426E-1));
#1587=VECTOR('',#1586,2.893146384324E-1);
#1588=CARTESIAN_POINT('',(-2.938102051541E-1,-1.61E0,2.518026901104E0));
#1589=LINE('',#1588,#1587);
#1590=DIRECTION('',(-1.E0,0.E0,0.E0));
#1591=VECTOR('',#1590,3.732067403765E-2);
#1592=CARTESIAN_POINT('',(-2.564895311165E-1,-1.61E0,2.518026901104E0));
#1593=LINE('',#1592,#1591);
#1594=DIRECTION('',(0.E0,0.E0,1.E0));
#1595=VECTOR('',#1594,3.082411226185E-2);
#1596=CARTESIAN_POINT('',(-1.093163753162E0,-1.61E0,1.818748049410E0));
#1597=LINE('',#1596,#1595);
#1598=DIRECTION('',(1.E0,0.E0,0.E0));
#1599=VECTOR('',#1598,1.454124040288E-1);
#1600=CARTESIAN_POINT('',(-1.238576157191E0,-1.61E0,1.818748049410E0));
#1601=LINE('',#1600,#1599);
#1602=DIRECTION('',(0.E0,0.E0,-1.E0));
#1603=VECTOR('',#1602,2.703675496962E-1);
#1604=CARTESIAN_POINT('',(-1.238576157191E0,-1.61E0,2.089115599106E0));
#1605=LINE('',#1604,#1603);
#1606=DIRECTION('',(-1.E0,0.E0,0.E0));
#1607=VECTOR('',#1606,1.392614040473E-1);
#1608=CARTESIAN_POINT('',(-1.099314753143E0,-1.61E0,2.089115599106E0));
#1609=LINE('',#1608,#1607);
#1610=DIRECTION('',(0.E0,0.E0,1.E0));
#1611=VECTOR('',#1610,3.110056169727E-2);
#1612=CARTESIAN_POINT('',(-1.099314753143E0,-1.61E0,2.058015037409E0));
#1613=LINE('',#1612,#1611);
#1614=DIRECTION('',(1.E0,0.E0,0.E0));
#1615=VECTOR('',#1614,1.043596625862E-1);
#1616=CARTESIAN_POINT('',(-1.203674415730E0,-1.61E0,2.058015037409E0));
#1617=LINE('',#1616,#1615);
#1618=DIRECTION('',(0.E0,0.E0,1.E0));
#1619=VECTOR('',#1618,8.652867388152E-2);
#1620=CARTESIAN_POINT('',(-1.203674415730E0,-1.61E0,1.971486363528E0));
#1621=LINE('',#1620,#1619);
#1622=DIRECTION('',(-1.E0,0.E0,0.E0));
#1623=VECTOR('',#1622,9.668819070066E-2);
#1624=CARTESIAN_POINT('',(-1.106986225029E0,-1.61E0,1.971486363528E0));
#1625=LINE('',#1624,#1623);
#1626=DIRECTION('',(0.E0,0.E0,1.E0));
#1627=VECTOR('',#1626,3.096233697956E-2);
#1628=CARTESIAN_POINT('',(-1.106986225029E0,-1.61E0,1.940524026548E0));
#1629=LINE('',#1628,#1627);
#1630=DIRECTION('',(1.E0,0.E0,0.E0));
#1631=VECTOR('',#1630,9.668819070066E-2);
#1632=CARTESIAN_POINT('',(-1.203674415730E0,-1.61E0,1.940524026548E0));
#1633=LINE('',#1632,#1631);
#1634=DIRECTION('',(0.E0,0.E0,1.E0));
#1635=VECTOR('',#1634,9.095186487596E-2);
#1636=CARTESIAN_POINT('',(-1.203674415730E0,-1.61E0,1.849572161672E0));
#1637=LINE('',#1636,#1635);
#1638=DIRECTION('',(-1.E0,0.E0,0.E0));
#1639=VECTOR('',#1638,1.105106625678E-1);
#1640=CARTESIAN_POINT('',(-1.093163753162E0,-1.61E0,1.849572161672E0));
#1641=LINE('',#1640,#1639);
#1642=CARTESIAN_POINT('',(-9.846573490147E-1,-1.61E0,1.909561689568E0));
#1643=CARTESIAN_POINT('',(-9.695908546811E-1,-1.61E0,1.911588985442E0));
#1644=CARTESIAN_POINT('',(-9.545243603476E-1,-1.61E0,1.913616281316E0));
#1645=CARTESIAN_POINT('',(-9.394578660140E-1,-1.61E0,1.915643577190E0));
#1647=CARTESIAN_POINT('',(-9.394578660140E-1,-1.61E0,1.897121464890E0));
#1648=CARTESIAN_POINT('',(-9.394578660140E-1,-1.61E0,1.883127278715E0));
#1649=CARTESIAN_POINT('',(-9.489172108909E-1,-1.61E0,1.853861477717E0));
#1650=CARTESIAN_POINT('',(-9.860493184764E-1,-1.61E0,1.838099825405E0));
#1651=CARTESIAN_POINT('',(-1.018674198979E0,-1.61E0,1.846884717087E0));
#1652=CARTESIAN_POINT('',(-1.029807288847E0,-1.61E0,1.873532626973E0));
#1653=CARTESIAN_POINT('',(-1.019132395049E0,-1.61E0,1.904096339409E0));
#1654=CARTESIAN_POINT('',(-9.961620194511E-1,-1.61E0,1.907954050032E0));
#1655=CARTESIAN_POINT('',(-9.846573490147E-1,-1.61E0,1.909561689568E0));
#1657=CARTESIAN_POINT('',(-9.394578660140E-1,-1.61E0,1.915643577190E0));
#1658=CARTESIAN_POINT('',(-9.394578660140E-1,-1.61E0,1.909469539757E0));
#1659=CARTESIAN_POINT('',(-9.394578660140E-1,-1.61E0,1.903295502323E0));
#1660=CARTESIAN_POINT('',(-9.394578660140E-1,-1.61E0,1.897121464890E0));
#1662=CARTESIAN_POINT('',(-9.394578660140E-1,-1.61E0,1.848604588641E0));
#1663=CARTESIAN_POINT('',(-9.394578660140E-1,-1.61E0,1.838652408897E0));
#1664=CARTESIAN_POINT('',(-9.394578660140E-1,-1.61E0,1.828700229154E0));
#1665=CARTESIAN_POINT('',(-9.394578660140E-1,-1.61E0,1.818748049410E0));
#1667=CARTESIAN_POINT('',(-9.966828995395E-1,-1.61E0,1.933474565899E0));
#1668=CARTESIAN_POINT('',(-1.026355168695E0,-1.61E0,1.929345415173E0));
#1669=CARTESIAN_POINT('',(-1.074992451924E0,-1.61E0,1.887123143934E0));
#1670=CARTESIAN_POINT('',(-1.048058725054E0,-1.61E0,1.823046472321E0));
#1671=CARTESIAN_POINT('',(-9.917852889934E-1,-1.61E0,1.806168742346E0));
#1672=CARTESIAN_POINT('',(-9.510542263395E-1,-1.61E0,1.828656445489E0));
#1673=CARTESIAN_POINT('',(-9.394578660140E-1,-1.61E0,1.848604588641E0));
#1675=CARTESIAN_POINT('',(-9.394578660149E-1,-1.61E0,1.941491599579E0));
#1676=CARTESIAN_POINT('',(-9.585328771898E-1,-1.61E0,1.938819255019E0));
#1677=CARTESIAN_POINT('',(-9.776078883647E-1,-1.61E0,1.936146910459E0));
#1678=CARTESIAN_POINT('',(-9.966828995395E-1,-1.61E0,1.933474565899E0));
#1680=CARTESIAN_POINT('',(-1.041882382541E0,-1.61E0,1.965404475906E0));
#1681=CARTESIAN_POINT('',(-1.024417435120E0,-1.61E0,1.979578925987E0));
#1682=CARTESIAN_POINT('',(-9.792431837437E-1,-1.61E0,2.007688219131E0));
#1683=CARTESIAN_POINT('',(-9.394578660149E-1,-1.61E0,1.961944550937E0));
#1684=CARTESIAN_POINT('',(-9.394578660149E-1,-1.61E0,1.941491599579E0));
#1686=CARTESIAN_POINT('',(-1.041882382541E0,-1.61E0,1.998301958948E0));
#1687=CARTESIAN_POINT('',(-1.041882382541E0,-1.61E0,1.987336131267E0));
#1688=CARTESIAN_POINT('',(-1.041882382541E0,-1.61E0,1.976370303587E0));
#1689=CARTESIAN_POINT('',(-1.041882382541E0,-1.61E0,1.965404475906E0));
#1691=CARTESIAN_POINT('',(-9.055928099431E-1,-1.61E0,1.943012071483E0));
#1692=CARTESIAN_POINT('',(-9.055928099431E-1,-1.61E0,1.976742081352E0));
#1693=CARTESIAN_POINT('',(-9.645895898753E-1,-1.61E0,2.033953085120E0));
#1694=CARTESIAN_POINT('',(-1.022442374352E0,-1.61E0,2.010513372034E0));
#1695=CARTESIAN_POINT('',(-1.041882382541E0,-1.61E0,1.998301958948E0));
#1697=CARTESIAN_POINT('',(-9.055928099422E-1,-1.61E0,1.818748049410E0));
#1698=CARTESIAN_POINT('',(-9.055928099425E-1,-1.61E0,1.860169390101E0));
#1699=CARTESIAN_POINT('',(-9.055928099428E-1,-1.61E0,1.901590730792E0));
#1700=CARTESIAN_POINT('',(-9.055928099431E-1,-1.61E0,1.943012071483E0));
#1702=CARTESIAN_POINT('',(-9.394578660140E-1,-1.61E0,1.818748049410E0));
#1703=CARTESIAN_POINT('',(-9.281695139901E-1,-1.61E0,1.818748049410E0));
#1704=CARTESIAN_POINT('',(-9.168811619661E-1,-1.61E0,1.818748049410E0));
#1705=CARTESIAN_POINT('',(-9.055928099422E-1,-1.61E0,1.818748049410E0));
#1707=CARTESIAN_POINT('',(-8.597022033474E-1,-1.61E0,1.860491914445E0));
#1708=CARTESIAN_POINT('',(-8.597022033474E-1,-1.61E0,1.848834963171E0));
#1709=CARTESIAN_POINT('',(-8.597022033474E-1,-1.61E0,1.837178011898E0));
#1710=CARTESIAN_POINT('',(-8.597022033474E-1,-1.61E0,1.825521060624E0));
#1712=CARTESIAN_POINT('',(-7.385482374420E-1,-1.61E0,2.007701239815E0));
#1713=CARTESIAN_POINT('',(-7.528955689317E-1,-1.61E0,2.013608964547E0));
#1714=CARTESIAN_POINT('',(-7.868690157727E-1,-1.61E0,2.019365820806E0));
#1715=CARTESIAN_POINT('',(-8.395280529509E-1,-1.61E0,2.009629441895E0));
#1716=CARTESIAN_POINT('',(-8.651033195804E-1,-1.61E0,1.964933360512E0));
#1717=CARTESIAN_POINT('',(-8.506756442047E-1,-1.61E0,1.920840932205E0));
#1718=CARTESIAN_POINT('',(-8.114392931827E-1,-1.61E0,1.903075058233E0));
#1719=CARTESIAN_POINT('',(-7.754333080110E-1,-1.61E0,1.894817442149E0));
#1720=CARTESIAN_POINT('',(-7.549072191076E-1,-1.61E0,1.857616006548E0));
#1721=CARTESIAN_POINT('',(-8.123626372163E-1,-1.61E0,1.831739768298E0));
#1722=CARTESIAN_POINT('',(-8.438104757562E-1,-1.61E0,1.849049870579E0));
#1723=CARTESIAN_POINT('',(-8.597022033474E-1,-1.61E0,1.860491914445E0));
#1725=CARTESIAN_POINT('',(-7.385482374420E-1,-1.61E0,1.974803756775E0));
#1726=CARTESIAN_POINT('',(-7.385482374420E-1,-1.61E0,1.985769584455E0));
#1727=CARTESIAN_POINT('',(-7.385482374420E-1,-1.61E0,1.996735412135E0));
#1728=CARTESIAN_POINT('',(-7.385482374420E-1,-1.61E0,2.007701239815E0));
#1730=CARTESIAN_POINT('',(-8.597022033474E-1,-1.61E0,1.825521060624E0));
#1731=CARTESIAN_POINT('',(-8.437219804488E-1,-1.61E0,1.817530949174E0));
#1732=CARTESIAN_POINT('',(-8.062610083978E-1,-1.61E0,1.810963512900E0));
#1733=CARTESIAN_POINT('',(-7.497981559821E-1,-1.61E0,1.819882414650E0));
#1734=CARTESIAN_POINT('',(-7.229937376407E-1,-1.61E0,1.866619771970E0));
#1735=CARTESIAN_POINT('',(-7.400887741125E-1,-1.61E0,1.911758814592E0));
#1736=CARTESIAN_POINT('',(-7.796105776857E-1,-1.61E0,1.927636172857E0));
#1737=CARTESIAN_POINT('',(-8.154591277340E-1,-1.61E0,1.937275501608E0));
#1738=CARTESIAN_POINT('',(-8.283299899919E-1,-1.61E0,1.963500041965E0));
#1739=CARTESIAN_POINT('',(-8.144318901412E-1,-1.61E0,1.986274855028E0));
#1740=CARTESIAN_POINT('',(-7.792325555385E-1,-1.61E0,1.991353626543E0));
#1741=CARTESIAN_POINT('',(-7.528641818110E-1,-1.61E0,1.983982400534E0));
#1742=CARTESIAN_POINT('',(-7.385482374420E-1,-1.61E0,1.974803756775E0));
#1744=CARTESIAN_POINT('',(-6.187586455243E-1,-1.61E0,1.850816184139E0));
#1745=CARTESIAN_POINT('',(-6.202850751631E-1,-1.61E0,1.856114798354E0));
#1746=CARTESIAN_POINT('',(-6.218115048019E-1,-1.61E0,1.861413412569E0));
#1747=CARTESIAN_POINT('',(-6.233379344407E-1,-1.61E0,1.866712026785E0));
#1749=CARTESIAN_POINT('',(-6.141459906493E-1,-1.61E0,1.866435577347E0));
#1750=CARTESIAN_POINT('',(-6.157350635237E-1,-1.61E0,1.861244605957E0));
#1751=CARTESIAN_POINT('',(-6.177334400637E-1,-1.61E0,1.856147252544E0));
#1752=CARTESIAN_POINT('',(-6.187586455243E-1,-1.61E0,1.850816184139E0));
#1754=CARTESIAN_POINT('',(-5.614132604798E-1,-1.61E0,2.011847981376E0));
#1755=CARTESIAN_POINT('',(-5.789908372029E-1,-1.61E0,1.963377180033E0));
#1756=CARTESIAN_POINT('',(-5.965684139261E-1,-1.61E0,1.914906378690E0));
#1757=CARTESIAN_POINT('',(-6.141459906493E-1,-1.61E0,1.866435577347E0));
#1759=CARTESIAN_POINT('',(-5.263041819421E-1,-1.61E0,2.011847981376E0));
#1760=CARTESIAN_POINT('',(-5.380072081213E-1,-1.61E0,2.011847981376E0));
#1761=CARTESIAN_POINT('',(-5.497102343005E-1,-1.61E0,2.011847981376E0));
#1762=CARTESIAN_POINT('',(-5.614132604798E-1,-1.61E0,2.011847981376E0));
#1764=CARTESIAN_POINT('',(-6.139386535708E-1,-1.61E0,1.789582633774E0));
#1765=CARTESIAN_POINT('',(-5.847271630279E-1,-1.61E0,1.863671082975E0));
#1766=CARTESIAN_POINT('',(-5.555156724850E-1,-1.61E0,1.937759532175E0));
#1767=CARTESIAN_POINT('',(-5.263041819421E-1,-1.61E0,2.011847981376E0));
#1769=CARTESIAN_POINT('',(-7.046831813702E-1,-1.61E0,1.730560678905E0));
#1770=CARTESIAN_POINT('',(-6.976525026123E-1,-1.61E0,1.728459556519E0));
#1771=CARTESIAN_POINT('',(-6.585582758339E-1,-1.61E0,1.722464758439E0));
#1772=CARTESIAN_POINT('',(-6.252963921781E-1,-1.61E0,1.760899531189E0));
#1773=CARTESIAN_POINT('',(-6.139386535708E-1,-1.61E0,1.789582633774E0));
#1775=CARTESIAN_POINT('',(-7.046831813702E-1,-1.61E0,1.760693667575E0));
#1776=CARTESIAN_POINT('',(-7.046831813702E-1,-1.61E0,1.750649338018E0));
#1777=CARTESIAN_POINT('',(-7.046831813702E-1,-1.61E0,1.740605008462E0));
#1778=CARTESIAN_POINT('',(-7.046831813702E-1,-1.61E0,1.730560678905E0));
#1780=CARTESIAN_POINT('',(-6.507755410947E-1,-1.61E0,1.784053645027E0));
#1781=CARTESIAN_POINT('',(-6.564736496336E-1,-1.61E0,1.770501386878E0));
#1782=CARTESIAN_POINT('',(-6.771295020227E-1,-1.61E0,1.752134974916E0));
#1783=CARTESIAN_POINT('',(-6.986087010510E-1,-1.61E0,1.758289185781E0));
#1784=CARTESIAN_POINT('',(-7.046831813702E-1,-1.61E0,1.760693667575E0));
#1786=CARTESIAN_POINT('',(-6.359163838383E-1,-1.61E0,1.819162723567E0));
#1787=CARTESIAN_POINT('',(-6.408694362571E-1,-1.61E0,1.807459697387E0));
#1788=CARTESIAN_POINT('',(-6.458224886759E-1,-1.61E0,1.795756671207E0));
#1789=CARTESIAN_POINT('',(-6.507755410947E-1,-1.61E0,1.784053645027E0));
#1791=CARTESIAN_POINT('',(-7.116635296626E-1,-1.61E0,2.011847981376E0));
#1792=CARTESIAN_POINT('',(-6.864144810545E-1,-1.61E0,1.947619562106E0));
#1793=CARTESIAN_POINT('',(-6.611654324464E-1,-1.61E0,1.883391142837E0));
#1794=CARTESIAN_POINT('',(-6.359163838383E-1,-1.61E0,1.819162723567E0));
#1796=CARTESIAN_POINT('',(-6.737899567505E-1,-1.61E0,2.011847981376E0));
#1797=CARTESIAN_POINT('',(-6.864144810545E-1,-1.61E0,2.011847981376E0));
#1798=CARTESIAN_POINT('',(-6.990390053586E-1,-1.61E0,2.011847981376E0));
#1799=CARTESIAN_POINT('',(-7.116635296626E-1,-1.61E0,2.011847981376E0));
#1801=CARTESIAN_POINT('',(-6.233379344407E-1,-1.61E0,1.866712026785E0));
#1802=CARTESIAN_POINT('',(-6.401552752106E-1,-1.61E0,1.915090678315E0));
#1803=CARTESIAN_POINT('',(-6.569726159805E-1,-1.61E0,1.963469329846E0));
#1804=CARTESIAN_POINT('',(-6.737899567505E-1,-1.61E0,2.011847981376E0));
#1806=DIRECTION('',(0.E0,0.E0,1.E0));
#1807=VECTOR('',#1806,3.082411226185E-2);
#1808=CARTESIAN_POINT('',(-3.444004521865E-1,-1.61E0,1.818748049410E0));
#1809=LINE('',#1808,#1807);
#1810=DIRECTION('',(1.E0,0.E0,0.E0));
#1811=VECTOR('',#1810,1.454124040289E-1);
#1812=CARTESIAN_POINT('',(-4.898128562153E-1,-1.61E0,1.818748049410E0));
#1813=LINE('',#1812,#1811);
#1814=DIRECTION('',(0.E0,0.E0,-1.E0));
#1815=VECTOR('',#1814,2.703675496962E-1);
#1816=CARTESIAN_POINT('',(-4.898128562153E-1,-1.61E0,2.089115599106E0));
#1817=LINE('',#1816,#1815);
#1818=DIRECTION('',(-1.E0,0.E0,0.E0));
#1819=VECTOR('',#1818,1.392614040473E-1);
#1820=CARTESIAN_POINT('',(-3.505514521680E-1,-1.61E0,2.089115599106E0));
#1821=LINE('',#1820,#1819);
#1822=DIRECTION('',(0.E0,0.E0,1.E0));
#1823=VECTOR('',#1822,3.110056169727E-2);
#1824=CARTESIAN_POINT('',(-3.505514521680E-1,-1.61E0,2.058015037409E0));
#1825=LINE('',#1824,#1823);
#1826=DIRECTION('',(1.E0,0.E0,0.E0));
#1827=VECTOR('',#1826,1.043596625862E-1);
#1828=CARTESIAN_POINT('',(-4.549111147542E-1,-1.61E0,2.058015037409E0));
#1829=LINE('',#1828,#1827);
#1830=DIRECTION('',(0.E0,0.E0,1.E0));
#1831=VECTOR('',#1830,8.652867388152E-2);
#1832=CARTESIAN_POINT('',(-4.549111147542E-1,-1.61E0,1.971486363528E0));
#1833=LINE('',#1832,#1831);
#1834=DIRECTION('',(-1.E0,0.E0,0.E0));
#1835=VECTOR('',#1834,9.668819070066E-2);
#1836=CARTESIAN_POINT('',(-3.582229240536E-1,-1.61E0,1.971486363528E0));
#1837=LINE('',#1836,#1835);
#1838=DIRECTION('',(0.E0,0.E0,1.E0));
#1839=VECTOR('',#1838,3.096233697956E-2);
#1840=CARTESIAN_POINT('',(-3.582229240536E-1,-1.61E0,1.940524026548E0));
#1841=LINE('',#1840,#1839);
#1842=DIRECTION('',(1.E0,0.E0,0.E0));
#1843=VECTOR('',#1842,9.668819070066E-2);
#1844=CARTESIAN_POINT('',(-4.549111147542E-1,-1.61E0,1.940524026548E0));
#1845=LINE('',#1844,#1843);
#1846=DIRECTION('',(0.E0,0.E0,1.E0));
#1847=VECTOR('',#1846,9.095186487596E-2);
#1848=CARTESIAN_POINT('',(-4.549111147542E-1,-1.61E0,1.849572161672E0));
#1849=LINE('',#1848,#1847);
#1850=DIRECTION('',(-1.E0,0.E0,0.E0));
#1851=VECTOR('',#1850,1.105106625678E-1);
#1852=CARTESIAN_POINT('',(-3.444004521865E-1,-1.61E0,1.849572161672E0));
#1853=LINE('',#1852,#1851);
#1854=CARTESIAN_POINT('',(-2.584246771823E-1,-1.61E0,2.058015037409E0));
#1855=CARTESIAN_POINT('',(-2.448095423945E-1,-1.61E0,2.058015037409E0));
#1856=CARTESIAN_POINT('',(-2.311944076067E-1,-1.61E0,2.058015037409E0));
#1857=CARTESIAN_POINT('',(-2.175792728190E-1,-1.61E0,2.058015037409E0));
#1859=CARTESIAN_POINT('',(-2.584246771813E-1,-1.61E0,1.849572161672E0));
#1860=CARTESIAN_POINT('',(-2.584246771816E-1,-1.61E0,1.919053120251E0));
#1861=CARTESIAN_POINT('',(-2.584246771820E-1,-1.61E0,1.988534078830E0));
#1862=CARTESIAN_POINT('',(-2.584246771823E-1,-1.61E0,2.058015037409E0));
#1864=CARTESIAN_POINT('',(-2.191688570828E-1,-1.61E0,1.849572161672E0));
#1865=CARTESIAN_POINT('',(-2.322541304490E-1,-1.61E0,1.849572161672E0));
#1866=CARTESIAN_POINT('',(-2.453394038152E-1,-1.61E0,1.849572161672E0));
#1867=CARTESIAN_POINT('',(-2.584246771813E-1,-1.61E0,1.849572161672E0));
#1869=CARTESIAN_POINT('',(-2.175792728190E-1,-1.61E0,2.058015037409E0));
#1870=CARTESIAN_POINT('',(-1.902231823887E-1,-1.61E0,2.058015037409E0));
#1871=CARTESIAN_POINT('',(-1.290410559984E-1,-1.61E0,2.043594692085E0));
#1872=CARTESIAN_POINT('',(-1.006093115656E-1,-1.61E0,1.955666151102E0));
#1873=CARTESIAN_POINT('',(-1.280800149354E-1,-1.61E0,1.866773655174E0));
#1874=CARTESIAN_POINT('',(-1.907754134161E-1,-1.61E0,1.849572161672E0));
#1875=CARTESIAN_POINT('',(-2.191688570828E-1,-1.61E0,1.849572161672E0));
#1877=CARTESIAN_POINT('',(-2.933264186415E-1,-1.61E0,1.818748049410E0));
#1878=CARTESIAN_POINT('',(-2.685381190952E-1,-1.61E0,1.818748049410E0));
#1879=CARTESIAN_POINT('',(-2.437498195489E-1,-1.61E0,1.818748049410E0));
#1880=CARTESIAN_POINT('',(-2.189615200026E-1,-1.61E0,1.818748049410E0));
#1882=CARTESIAN_POINT('',(-2.933264186424E-1,-1.61E0,2.089115599106E0));
#1883=CARTESIAN_POINT('',(-2.933264186421E-1,-1.61E0,1.998993082541E0));
#1884=CARTESIAN_POINT('',(-2.933264186418E-1,-1.61E0,1.908870565976E0));
#1885=CARTESIAN_POINT('',(-2.933264186415E-1,-1.61E0,1.818748049410E0));
#1887=CARTESIAN_POINT('',(-2.161970256317E-1,-1.61E0,2.089115599106E0));
#1888=CARTESIAN_POINT('',(-2.419068233020E-1,-1.61E0,2.089115599106E0));
#1889=CARTESIAN_POINT('',(-2.676166209722E-1,-1.61E0,2.089115599106E0));
#1890=CARTESIAN_POINT('',(-2.933264186424E-1,-1.61E0,2.089115599106E0));
#1892=CARTESIAN_POINT('',(-2.189615200026E-1,-1.61E0,1.818748049410E0));
#1893=CARTESIAN_POINT('',(-1.817600275546E-1,-1.61E0,1.818748049410E0));
#1894=CARTESIAN_POINT('',(-1.021789663331E-1,-1.61E0,1.842725531509E0));
#1895=CARTESIAN_POINT('',(-5.870216101727E-2,-1.61E0,1.956003654985E0));
#1896=CARTESIAN_POINT('',(-1.030809379037E-1,-1.61E0,2.067111338728E0));
#1897=CARTESIAN_POINT('',(-1.800953078411E-1,-1.61E0,2.089115599107E0));
#1898=CARTESIAN_POINT('',(-2.161970256317E-1,-1.61E0,2.089115599106E0));
#1900=CARTESIAN_POINT('',(6.266856194855E-2,-1.61E0,2.054559419441E0));
#1901=CARTESIAN_POINT('',(6.375288339616E-2,-1.61E0,2.048152065425E0));
#1902=CARTESIAN_POINT('',(6.514499421998E-2,-1.61E0,2.041752707641E0));
#1903=CARTESIAN_POINT('',(6.730187233744E-2,-1.61E0,2.035622632987E0));
#1905=CARTESIAN_POINT('',(5.783347910870E-2,-1.61E0,2.035622632987E0));
#1906=CARTESIAN_POINT('',(6.012096713894E-2,-1.61E0,2.041722601055E0));
#1907=CARTESIAN_POINT('',(6.163291320304E-2,-1.61E0,2.048127495654E0));
#1908=CARTESIAN_POINT('',(6.266856194855E-2,-1.61E0,2.054559419441E0));
#1910=CARTESIAN_POINT('',(1.740274890317E-2,-1.61E0,1.923245936718E0));
#1911=CARTESIAN_POINT('',(3.087965897168E-2,-1.61E0,1.960704835474E0));
#1912=CARTESIAN_POINT('',(4.435656904019E-2,-1.61E0,1.998163734230E0));
#1913=CARTESIAN_POINT('',(5.783347910870E-2,-1.61E0,2.035622632987E0));
#1915=CARTESIAN_POINT('',(1.081472767026E-1,-1.61E0,1.923245936718E0));
#1916=CARTESIAN_POINT('',(7.789910076943E-2,-1.61E0,1.923245936718E0));
#1917=CARTESIAN_POINT('',(4.765092483630E-2,-1.61E0,1.923245936718E0));
#1918=CARTESIAN_POINT('',(1.740274890317E-2,-1.61E0,1.923245936718E0));
#1920=CARTESIAN_POINT('',(6.730187233744E-2,-1.61E0,2.035622632987E0));
#1921=CARTESIAN_POINT('',(8.091700712581E-2,-1.61E0,1.998163734230E0));
#1922=CARTESIAN_POINT('',(9.453214191419E-2,-1.61E0,1.960704835474E0));
#1923=CARTESIAN_POINT('',(1.081472767026E-1,-1.61E0,1.923245936718E0));
#1925=DIRECTION('',(-3.559357243655E-1,0.E0,9.345104387434E-1));
#1926=VECTOR('',#1925,2.893146384322E-1);
#1927=CARTESIAN_POINT('',(1.850693326356E-1,-1.61E0,1.818748049410E0));
#1928=LINE('',#1927,#1926);
#1929=DIRECTION('',(1.E0,0.E0,0.E0));
#1930=VECTOR('',#1929,3.856469650444E-2);
#1931=CARTESIAN_POINT('',(1.465046361311E-1,-1.61E0,1.818748049410E0));
#1932=LINE('',#1931,#1930);
#1933=DIRECTION('',(3.493954794996E-1,0.E0,-9.369753459431E-1));
#1934=VECTOR('',#1933,7.892440799348E-2);
#1935=CARTESIAN_POINT('',(1.189288047560E-1,-1.61E0,1.892698273893E0));
#1936=LINE('',#1935,#1934);
#1937=DIRECTION('',(1.E0,0.E0,0.E0));
#1938=VECTOR('',#1937,1.125840333473E-1);
#1939=CARTESIAN_POINT('',(6.344771408750E-3,-1.61E0,1.892698273893E0));
#1940=LINE('',#1939,#1938);
#1941=DIRECTION('',(3.315284183405E-1,0.E0,9.434452330860E-1));
#1942=VECTOR('',#1941,7.838316617612E-2);
#1943=CARTESIAN_POINT('',(-1.964147569814E-2,-1.61E0,1.818748049410E0));
#1944=LINE('',#1943,#1942);
#1945=DIRECTION('',(1.E0,0.E0,0.E0));
#1946=VECTOR('',#1945,3.856469650444E-2);
#1947=CARTESIAN_POINT('',(-5.820617220257E-2,-1.61E0,1.818748049410E0));
#1948=LINE('',#1947,#1946);
#1949=DIRECTION('',(-3.559357243675E-1,0.E0,-9.345104387426E-1));
#1950=VECTOR('',#1949,2.893146384324E-1);
#1951=CARTESIAN_POINT('',(4.477124319801E-2,-1.61E0,2.089115599106E0));
#1952=LINE('',#1951,#1950);
#1953=DIRECTION('',(-1.E0,0.E0,0.E0));
#1954=VECTOR('',#1953,3.732067403765E-2);
#1955=CARTESIAN_POINT('',(8.209191723566E-2,-1.61E0,2.089115599106E0));
#1956=LINE('',#1955,#1954);
#1957=CARTESIAN_POINT('',(-1.650308169342E0,-1.61E0,2.338749709572E0));
#1958=CARTESIAN_POINT('',(-1.671416437213E0,-1.61E0,2.396317792711E0));
#1959=CARTESIAN_POINT('',(-1.762433239788E0,-1.61E0,2.529612087089E0));
#1960=CARTESIAN_POINT('',(-2.002762417342E0,-1.61E0,2.621921538323E0));
#1961=CARTESIAN_POINT('',(-2.221532935741E0,-1.61E0,2.550683566406E0));
#1962=CARTESIAN_POINT('',(-2.306577236768E0,-1.61E0,2.462691794838E0));
#1963=CARTESIAN_POINT('',(-2.330797274058E0,-1.61E0,2.431019423347E0));
#1965=CARTESIAN_POINT('',(-1.706054481864E0,-1.61E0,1.817810370579E0));
#1966=CARTESIAN_POINT('',(-1.641242970781E0,-1.61E0,1.823365628829E0));
#1967=CARTESIAN_POINT('',(-1.512744326462E0,-1.61E0,1.887574556446E0));
#1968=CARTESIAN_POINT('',(-1.411997361766E0,-1.61E0,2.126094726366E0));
#1969=CARTESIAN_POINT('',(-1.549978137409E0,-1.61E0,2.307066538057E0));
#1970=CARTESIAN_POINT('',(-1.650308169342E0,-1.61E0,2.338749709572E0));
#1972=CARTESIAN_POINT('',(-1.711821324080E0,-1.61E0,1.817810370579E0));
#1973=CARTESIAN_POINT('',(-1.709899043341E0,-1.61E0,1.817810370579E0));
#1974=CARTESIAN_POINT('',(-1.707976762603E0,-1.61E0,1.817810370579E0));
#1975=CARTESIAN_POINT('',(-1.706054481864E0,-1.61E0,1.817810370579E0));
#1977=CARTESIAN_POINT('',(-1.717588166296E0,-1.61E0,1.817810370579E0));
#1978=CARTESIAN_POINT('',(-1.715665885557E0,-1.61E0,1.817810370579E0));
#1979=CARTESIAN_POINT('',(-1.713743604819E0,-1.61E0,1.817810370579E0));
#1980=CARTESIAN_POINT('',(-1.711821324080E0,-1.61E0,1.817810370579E0));
#1982=CARTESIAN_POINT('',(-1.819469289875E0,-1.61E0,1.817810370579E0));
#1983=CARTESIAN_POINT('',(-1.785508915348E0,-1.61E0,1.817810370579E0));
#1984=CARTESIAN_POINT('',(-1.751548540822E0,-1.61E0,1.817810370579E0));
#1985=CARTESIAN_POINT('',(-1.717588166296E0,-1.61E0,1.817810370579E0));
#1987=CARTESIAN_POINT('',(-1.804091092851E0,-1.61E0,1.935069764511E0));
#1988=CARTESIAN_POINT('',(-1.807988683928E0,-1.61E0,1.935069764511E0));
#1989=CARTESIAN_POINT('',(-1.839031215517E0,-1.61E0,1.945908724601E0));
#1990=CARTESIAN_POINT('',(-1.905386398043E0,-1.61E0,1.876346978404E0));
#1991=CARTESIAN_POINT('',(-1.846616643442E0,-1.61E0,1.819507051860E0));
#1992=CARTESIAN_POINT('',(-1.819469289875E0,-1.61E0,1.817810370579E0));
#1994=CARTESIAN_POINT('',(-1.717588239625E0,-1.61E0,1.935069764511E0));
#1995=CARTESIAN_POINT('',(-1.746422524034E0,-1.61E0,1.935069764511E0));
#1996=CARTESIAN_POINT('',(-1.775256808442E0,-1.61E0,1.935069764511E0));
#1997=CARTESIAN_POINT('',(-1.804091092851E0,-1.61E0,1.935069764511E0));
#1999=CARTESIAN_POINT('',(-1.744500194409E0,-1.61E0,2.234946293031E0));
#2000=CARTESIAN_POINT('',(-1.739374104292E0,-1.61E0,2.234946293031E0));
#2001=CARTESIAN_POINT('',(-1.663852626779E0,-1.61E0,2.237680877446E0));
#2002=CARTESIAN_POINT('',(-1.504511089709E0,-1.61E0,2.089418039018E0));
#2003=CARTESIAN_POINT('',(-1.649752183155E0,-1.61E0,1.940033363005E0));
#2004=CARTESIAN_POINT('',(-1.717588239625E0,-1.61E0,1.935069764511E0));
#2006=CARTESIAN_POINT('',(-2.271206412281E0,-1.61E0,2.290692678882E0));
#2007=CARTESIAN_POINT('',(-2.237270226936E0,-1.61E0,2.390715145001E0));
#2008=CARTESIAN_POINT('',(-1.998483473589E0,-1.61E0,2.576396518403E0));
#2009=CARTESIAN_POINT('',(-1.758155324963E0,-1.61E0,2.354428799324E0));
#2010=CARTESIAN_POINT('',(-1.744500194409E0,-1.61E0,2.234946293031E0));
#2012=CARTESIAN_POINT('',(-2.449978960950E0,-1.61E0,1.950448108193E0));
#2013=CARTESIAN_POINT('',(-2.513986753637E0,-1.61E0,1.979708820397E0));
#2014=CARTESIAN_POINT('',(-2.637024649089E0,-1.61E0,2.149145963114E0));
#2015=CARTESIAN_POINT('',(-2.428205199547E0,-1.61E0,2.352231850171E0));
#2016=CARTESIAN_POINT('',(-2.301471015808E0,-1.61E0,2.308851433304E0));
#2017=CARTESIAN_POINT('',(-2.271206412281E0,-1.61E0,2.290692678882E0));
#2019=CARTESIAN_POINT('',(-2.125112697275E0,-1.61E0,2.011961262931E0));
#2020=CARTESIAN_POINT('',(-2.159451501197E0,-1.61E0,2.052023225096E0));
#2021=CARTESIAN_POINT('',(-2.290226306274E0,-1.61E0,2.115684685802E0));
#2022=CARTESIAN_POINT('',(-2.424536572787E0,-1.61E0,2.019506058534E0));
#2023=CARTESIAN_POINT('',(-2.449978960950E0,-1.61E0,1.950448108193E0));
#2025=CARTESIAN_POINT('',(-1.867526430557E0,-1.61E0,2.146521256838E0));
#2026=CARTESIAN_POINT('',(-1.953388519463E0,-1.61E0,2.101667925535E0));
#2027=CARTESIAN_POINT('',(-2.039250608369E0,-1.61E0,2.056814594233E0));
#2028=CARTESIAN_POINT('',(-2.125112697275E0,-1.61E0,2.011961262931E0));
#2030=CARTESIAN_POINT('',(-1.807935605443E0,-1.61E0,2.044640096595E0));
#2031=CARTESIAN_POINT('',(-1.827799213814E0,-1.61E0,2.078600483342E0));
#2032=CARTESIAN_POINT('',(-1.847662822185E0,-1.61E0,2.112560870090E0));
#2033=CARTESIAN_POINT('',(-1.867526430557E0,-1.61E0,2.146521256838E0));
#2035=CARTESIAN_POINT('',(-2.077055593259E0,-1.61E0,1.902390967511E0));
#2036=CARTESIAN_POINT('',(-1.987348930653E0,-1.61E0,1.949807343872E0));
#2037=CARTESIAN_POINT('',(-1.897642268048E0,-1.61E0,1.997223720233E0));
#2038=CARTESIAN_POINT('',(-1.807935605443E0,-1.61E0,2.044640096595E0));
#2040=CARTESIAN_POINT('',(-2.451901308908E0,-1.61E0,1.821654956500E0));
#2041=CARTESIAN_POINT('',(-2.428763267884E0,-1.61E0,1.750460994564E0));
#2042=CARTESIAN_POINT('',(-2.250842298261E0,-1.61E0,1.613049788706E0));
#2043=CARTESIAN_POINT('',(-2.073639874045E0,-1.61E0,1.799233952835E0));
#2044=CARTESIAN_POINT('',(-2.077055593259E0,-1.61E0,1.895983348754E0));
#2045=CARTESIAN_POINT('',(-2.077055593259E0,-1.61E0,1.902390967511E0));
#2047=CARTESIAN_POINT('',(-2.330797274058E0,-1.61E0,2.431019423347E0));
#2048=CARTESIAN_POINT('',(-2.345476170254E0,-1.61E0,2.432854294119E0));
#2049=CARTESIAN_POINT('',(-2.439613625834E0,-1.61E0,2.443407327068E0));
#2050=CARTESIAN_POINT('',(-2.620234609180E0,-1.61E0,2.365941524939E0));
#2051=CARTESIAN_POINT('',(-2.717551787059E0,-1.61E0,2.127907483927E0));
#2052=CARTESIAN_POINT('',(-2.633465670585E0,-1.61E0,1.909187782580E0));
#2053=CARTESIAN_POINT('',(-2.509784953591E0,-1.61E0,1.836592659768E0));
#2054=CARTESIAN_POINT('',(-2.451901308908E0,-1.61E0,1.821654956500E0));
#2056=DIRECTION('',(0.E0,-1.E0,0.E0));
#2057=VECTOR('',#2056,1.E-2);
#2058=CARTESIAN_POINT('',(-1.095997359894E0,-1.6E0,2.247659351408E0));
#2059=LINE('',#2058,#2057);
#2060=DIRECTION('',(0.E0,-1.E0,0.E0));
#2061=VECTOR('',#2060,1.E-2);
#2062=CARTESIAN_POINT('',(-1.238576157191E0,-1.6E0,2.247659351408E0));
#2063=LINE('',#2062,#2061);
#2064=DIRECTION('',(0.E0,-1.E0,0.E0));
#2065=VECTOR('',#2064,1.E-2);
#2066=CARTESIAN_POINT('',(-1.238576157191E0,-1.6E0,2.518026901104E0));
#2067=LINE('',#2066,#2065);
#2068=DIRECTION('',(0.E0,-1.E0,0.E0));
#2069=VECTOR('',#2068,1.E-2);
#2070=CARTESIAN_POINT('',(-1.203674415730E0,-1.6E0,2.518026901104E0));
#2071=LINE('',#2070,#2069);
#2072=DIRECTION('',(0.E0,-1.E0,0.E0));
#2073=VECTOR('',#2072,1.E-2);
#2074=CARTESIAN_POINT('',(-1.203674415730E0,-1.6E0,2.278483463670E0));
#2075=LINE('',#2074,#2073);
#2076=DIRECTION('',(0.E0,-1.E0,0.E0));
#2077=VECTOR('',#2076,1.E-2);
#2078=CARTESIAN_POINT('',(-1.095997359894E0,-1.6E0,2.278483463670E0));
#2079=LINE('',#2078,#2077);
#2080=DIRECTION('',(0.E0,-1.E0,0.E0));
#2081=VECTOR('',#2080,1.E-2);
#2082=CARTESIAN_POINT('',(-8.825092819257E-1,-1.6E0,2.258855553620E0));
#2083=LINE('',#2082,#2081);
#2084=DIRECTION('',(0.E0,-1.E0,0.E0));
#2085=VECTOR('',#2084,1.E-2);
#2086=CARTESIAN_POINT('',(-8.825092819257E-1,-1.6E0,2.511530339328E0));
#2087=LINE('',#2086,#2085);
#2088=DIRECTION('',(0.E0,-1.E0,0.E0));
#2089=VECTOR('',#2088,1.E-2);
#2090=CARTESIAN_POINT('',(-8.825092819257E-1,-1.6E0,2.475039013603E0));
#2091=LINE('',#2090,#2089);
#2092=DIRECTION('',(0.E0,-1.E0,0.E0));
#2093=VECTOR('',#2092,1.E-2);
#2094=CARTESIAN_POINT('',(-8.825092819257E-1,-1.6E0,2.292305935535E0));
#2095=LINE('',#2094,#2093);
#2096=DIRECTION('',(0.E0,-1.E0,0.E0));
#2097=VECTOR('',#2096,1.E-2);
#2098=CARTESIAN_POINT('',(-6.829819005419E-1,-1.6E0,2.247659351408E0));
#2099=LINE('',#2098,#2097);
#2100=DIRECTION('',(0.E0,-1.E0,0.E0));
#2101=VECTOR('',#2100,1.E-2);
#2102=CARTESIAN_POINT('',(-8.283943045708E-1,-1.6E0,2.247659351408E0));
#2103=LINE('',#2102,#2101);
#2104=DIRECTION('',(0.E0,-1.E0,0.E0));
#2105=VECTOR('',#2104,1.E-2);
#2106=CARTESIAN_POINT('',(-8.283943045708E-1,-1.6E0,2.518026901104E0));
#2107=LINE('',#2106,#2105);
#2108=DIRECTION('',(0.E0,-1.E0,0.E0));
#2109=VECTOR('',#2108,1.E-2);
#2110=CARTESIAN_POINT('',(-6.891329005234E-1,-1.6E0,2.518026901104E0));
#2111=LINE('',#2110,#2109);
#2112=DIRECTION('',(0.E0,-1.E0,0.E0));
#2113=VECTOR('',#2112,1.E-2);
#2114=CARTESIAN_POINT('',(-6.891329005234E-1,-1.6E0,2.486926339407E0));
#2115=LINE('',#2114,#2113);
#2116=DIRECTION('',(0.E0,-1.E0,0.E0));
#2117=VECTOR('',#2116,1.E-2);
#2118=CARTESIAN_POINT('',(-7.934925631097E-1,-1.6E0,2.486926339407E0));
#2119=LINE('',#2118,#2117);
#2120=DIRECTION('',(0.E0,-1.E0,0.E0));
#2121=VECTOR('',#2120,1.E-2);
#2122=CARTESIAN_POINT('',(-7.934925631097E-1,-1.6E0,2.400397665526E0));
#2123=LINE('',#2122,#2121);
#2124=DIRECTION('',(0.E0,-1.E0,0.E0));
#2125=VECTOR('',#2124,1.E-2);
#2126=CARTESIAN_POINT('',(-6.968043724090E-1,-1.6E0,2.400397665526E0));
#2127=LINE('',#2126,#2125);
#2128=DIRECTION('',(0.E0,-1.E0,0.E0));
#2129=VECTOR('',#2128,1.E-2);
#2130=CARTESIAN_POINT('',(-6.968043724090E-1,-1.6E0,2.369435328546E0));
#2131=LINE('',#2130,#2129);
#2132=DIRECTION('',(0.E0,-1.E0,0.E0));
#2133=VECTOR('',#2132,1.E-2);
#2134=CARTESIAN_POINT('',(-7.934925631097E-1,-1.6E0,2.369435328546E0));
#2135=LINE('',#2134,#2133);
#2136=DIRECTION('',(0.E0,-1.E0,0.E0));
#2137=VECTOR('',#2136,1.E-2);
#2138=CARTESIAN_POINT('',(-7.934925631097E-1,-1.6E0,2.278483463670E0));
#2139=LINE('',#2138,#2137);
#2140=DIRECTION('',(0.E0,-1.E0,0.E0));
#2141=VECTOR('',#2140,1.E-2);
#2142=CARTESIAN_POINT('',(-6.829819005419E-1,-1.6E0,2.278483463670E0));
#2143=LINE('',#2142,#2141);
#2144=DIRECTION('',(1.110223024625E-14,-1.E0,0.E0));
#2145=VECTOR('',#2144,1.E-2);
#2146=CARTESIAN_POINT('',(-5.970061255368E-1,-1.6E0,2.486926339407E0));
#2147=LINE('',#2146,#2145);
#2148=DIRECTION('',(0.E0,-1.E0,0.E0));
#2149=VECTOR('',#2148,1.E-2);
#2150=CARTESIAN_POINT('',(-5.970061255349E-1,-1.6E0,2.278483463670E0));
#2151=LINE('',#2150,#2149);
#2152=DIRECTION('',(0.E0,-1.E0,0.E0));
#2153=VECTOR('',#2152,1.E-2);
#2154=CARTESIAN_POINT('',(-5.577503054364E-1,-1.6E0,2.278483463670E0));
#2155=LINE('',#2154,#2153);
#2156=DIRECTION('',(0.E0,-1.E0,0.E0));
#2157=VECTOR('',#2156,1.E-2);
#2158=CARTESIAN_POINT('',(-5.561607211754E-1,-1.6E0,2.486926339407E0));
#2159=LINE('',#2158,#2157);
#2160=DIRECTION('',(0.E0,-1.E0,0.E0));
#2161=VECTOR('',#2160,1.E-2);
#2162=CARTESIAN_POINT('',(-6.319078669970E-1,-1.6E0,2.247659351408E0));
#2163=LINE('',#2162,#2161);
#2164=DIRECTION('',(-1.110223024625E-14,-1.E0,0.E0));
#2165=VECTOR('',#2164,1.E-2);
#2166=CARTESIAN_POINT('',(-6.319078669988E-1,-1.6E0,2.518026901104E0));
#2167=LINE('',#2166,#2165);
#2168=DIRECTION('',(0.E0,-1.E0,0.E0));
#2169=VECTOR('',#2168,1.E-2);
#2170=CARTESIAN_POINT('',(-5.547784739862E-1,-1.6E0,2.518026901104E0));
#2171=LINE('',#2170,#2169);
#2172=DIRECTION('',(0.E0,-1.E0,0.E0));
#2173=VECTOR('',#2172,1.E-2);
#2174=CARTESIAN_POINT('',(-5.575429683580E-1,-1.6E0,2.247659351408E0));
#2175=LINE('',#2174,#2173);
#2176=DIRECTION('',(0.E0,-1.E0,4.440892098501E-14));
#2177=VECTOR('',#2176,1.E-2);
#2178=CARTESIAN_POINT('',(-2.758958092030E-1,-1.6E0,2.483470721440E0));
#2179=LINE('',#2178,#2177);
#2180=DIRECTION('',(6.106226635438E-14,-1.E0,2.220446049250E-13));
#2181=VECTOR('',#2180,1.E-2);
#2182=CARTESIAN_POINT('',(-2.807479692449E-1,-1.6E0,2.464533934983E0));
#2183=LINE('',#2182,#2181);
#2184=DIRECTION('',(0.E0,-1.E0,0.E0));
#2185=VECTOR('',#2184,1.E-2);
#2186=CARTESIAN_POINT('',(-3.211786994532E-1,-1.6E0,2.352157238714E0));
#2187=LINE('',#2186,#2185);
#2188=DIRECTION('',(-2.220446049250E-14,-1.E0,0.E0));
#2189=VECTOR('',#2188,1.E-2);
#2190=CARTESIAN_POINT('',(-2.304341716529E-1,-1.6E0,2.352157238714E0));
#2191=LINE('',#2190,#2189);
#2192=DIRECTION('',(1.110223024625E-14,-1.E0,0.E0));
#2193=VECTOR('',#2192,1.E-2);
#2194=CARTESIAN_POINT('',(-2.712795760162E-1,-1.6E0,2.464533934983E0));
#2195=LINE('',#2194,#2193);
#2196=DIRECTION('',(0.E0,-1.E0,0.E0));
#2197=VECTOR('',#2196,1.E-2);
#2198=CARTESIAN_POINT('',(-1.535121157166E-1,-1.6E0,2.247659351408E0));
#2199=LINE('',#2198,#2197);
#2200=DIRECTION('',(1.942890293094E-14,-1.E0,0.E0));
#2201=VECTOR('',#2200,1.E-2);
#2202=CARTESIAN_POINT('',(-1.920768122210E-1,-1.6E0,2.247659351408E0));
#2203=LINE('',#2202,#2201);
#2204=DIRECTION('',(0.E0,-1.E0,0.E0));
#2205=VECTOR('',#2204,1.E-2);
#2206=CARTESIAN_POINT('',(-2.196526435961E-1,-1.6E0,2.321609575891E0));
#2207=LINE('',#2206,#2205);
#2208=DIRECTION('',(0.E0,-1.E0,0.E0));
#2209=VECTOR('',#2208,1.E-2);
#2210=CARTESIAN_POINT('',(-3.322366769434E-1,-1.6E0,2.321609575891E0));
#2211=LINE('',#2210,#2209);
#2212=DIRECTION('',(-1.665334536938E-14,-1.E0,0.E0));
#2213=VECTOR('',#2212,1.E-2);
#2214=CARTESIAN_POINT('',(-3.582229240503E-1,-1.6E0,2.247659351408E0));
#2215=LINE('',#2214,#2213);
#2216=DIRECTION('',(1.665334536938E-14,-1.E0,0.E0));
#2217=VECTOR('',#2216,1.E-2);
#2218=CARTESIAN_POINT('',(-3.967876205547E-1,-1.6E0,2.247659351408E0));
#2219=LINE('',#2218,#2217);
#2220=DIRECTION('',(0.E0,-1.E0,0.E0));
#2221=VECTOR('',#2220,1.E-2);
#2222=CARTESIAN_POINT('',(-2.938102051541E-1,-1.6E0,2.518026901104E0));
#2223=LINE('',#2222,#2221);
#2224=DIRECTION('',(2.220446049250E-14,-1.E0,0.E0));
#2225=VECTOR('',#2224,1.E-2);
#2226=CARTESIAN_POINT('',(-2.564895311165E-1,-1.6E0,2.518026901104E0));
#2227=LINE('',#2226,#2225);
#2228=DIRECTION('',(0.E0,-1.E0,0.E0));
#2229=VECTOR('',#2228,1.E-2);
#2230=CARTESIAN_POINT('',(-1.093163753162E0,-1.6E0,1.818748049410E0));
#2231=LINE('',#2230,#2229);
#2232=DIRECTION('',(0.E0,-1.E0,0.E0));
#2233=VECTOR('',#2232,1.E-2);
#2234=CARTESIAN_POINT('',(-1.238576157191E0,-1.6E0,1.818748049410E0));
#2235=LINE('',#2234,#2233);
#2236=DIRECTION('',(0.E0,-1.E0,0.E0));
#2237=VECTOR('',#2236,1.E-2);
#2238=CARTESIAN_POINT('',(-1.238576157191E0,-1.6E0,2.089115599106E0));
#2239=LINE('',#2238,#2237);
#2240=DIRECTION('',(0.E0,-1.E0,0.E0));
#2241=VECTOR('',#2240,1.E-2);
#2242=CARTESIAN_POINT('',(-1.099314753143E0,-1.6E0,2.089115599106E0));
#2243=LINE('',#2242,#2241);
#2244=DIRECTION('',(0.E0,-1.E0,0.E0));
#2245=VECTOR('',#2244,1.E-2);
#2246=CARTESIAN_POINT('',(-1.099314753143E0,-1.6E0,2.058015037409E0));
#2247=LINE('',#2246,#2245);
#2248=DIRECTION('',(0.E0,-1.E0,0.E0));
#2249=VECTOR('',#2248,1.E-2);
#2250=CARTESIAN_POINT('',(-1.203674415730E0,-1.6E0,2.058015037409E0));
#2251=LINE('',#2250,#2249);
#2252=DIRECTION('',(0.E0,-1.E0,0.E0));
#2253=VECTOR('',#2252,1.E-2);
#2254=CARTESIAN_POINT('',(-1.203674415730E0,-1.6E0,1.971486363528E0));
#2255=LINE('',#2254,#2253);
#2256=DIRECTION('',(0.E0,-1.E0,0.E0));
#2257=VECTOR('',#2256,1.E-2);
#2258=CARTESIAN_POINT('',(-1.106986225029E0,-1.6E0,1.971486363528E0));
#2259=LINE('',#2258,#2257);
#2260=DIRECTION('',(0.E0,-1.E0,0.E0));
#2261=VECTOR('',#2260,1.E-2);
#2262=CARTESIAN_POINT('',(-1.106986225029E0,-1.6E0,1.940524026548E0));
#2263=LINE('',#2262,#2261);
#2264=DIRECTION('',(0.E0,-1.E0,0.E0));
#2265=VECTOR('',#2264,1.E-2);
#2266=CARTESIAN_POINT('',(-1.203674415730E0,-1.6E0,1.940524026548E0));
#2267=LINE('',#2266,#2265);
#2268=DIRECTION('',(0.E0,-1.E0,0.E0));
#2269=VECTOR('',#2268,1.E-2);
#2270=CARTESIAN_POINT('',(-1.203674415730E0,-1.6E0,1.849572161672E0));
#2271=LINE('',#2270,#2269);
#2272=DIRECTION('',(0.E0,-1.E0,0.E0));
#2273=VECTOR('',#2272,1.E-2);
#2274=CARTESIAN_POINT('',(-1.093163753162E0,-1.6E0,1.849572161672E0));
#2275=LINE('',#2274,#2273);
#2276=DIRECTION('',(0.E0,-1.E0,0.E0));
#2277=VECTOR('',#2276,1.E-2);
#2278=CARTESIAN_POINT('',(-9.846573490147E-1,-1.6E0,1.909561689568E0));
#2279=LINE('',#2278,#2277);
#2280=DIRECTION('',(0.E0,-1.E0,0.E0));
#2281=VECTOR('',#2280,1.E-2);
#2282=CARTESIAN_POINT('',(-9.394578660140E-1,-1.6E0,1.897121464890E0));
#2283=LINE('',#2282,#2281);
#2284=DIRECTION('',(0.E0,-1.E0,-6.661338147751E-14));
#2285=VECTOR('',#2284,1.E-2);
#2286=CARTESIAN_POINT('',(-9.394578660140E-1,-1.6E0,1.915643577190E0));
#2287=LINE('',#2286,#2285);
#2288=DIRECTION('',(-1.110223024625E-14,-1.E0,-2.220446049250E-14));
#2289=VECTOR('',#2288,1.E-2);
#2290=CARTESIAN_POINT('',(-9.394578660140E-1,-1.6E0,1.848604588641E0));
#2291=LINE('',#2290,#2289);
#2292=DIRECTION('',(-3.330669073876E-14,-1.E0,0.E0));
#2293=VECTOR('',#2292,1.E-2);
#2294=CARTESIAN_POINT('',(-9.966828995395E-1,-1.6E0,1.933474565899E0));
#2295=LINE('',#2294,#2293);
#2296=DIRECTION('',(0.E0,-1.E0,0.E0));
#2297=VECTOR('',#2296,1.E-2);
#2298=CARTESIAN_POINT('',(-9.394578660149E-1,-1.6E0,1.941491599579E0));
#2299=LINE('',#2298,#2297);
#2300=DIRECTION('',(0.E0,-1.E0,2.220446049250E-14));
#2301=VECTOR('',#2300,1.E-2);
#2302=CARTESIAN_POINT('',(-1.041882382541E0,-1.6E0,1.965404475906E0));
#2303=LINE('',#2302,#2301);
#2304=DIRECTION('',(0.E0,-1.E0,-2.220446049250E-14));
#2305=VECTOR('',#2304,1.E-2);
#2306=CARTESIAN_POINT('',(-1.041882382541E0,-1.6E0,1.998301958948E0));
#2307=LINE('',#2306,#2305);
#2308=DIRECTION('',(3.330669073876E-14,-1.E0,0.E0));
#2309=VECTOR('',#2308,1.E-2);
#2310=CARTESIAN_POINT('',(-9.055928099431E-1,-1.6E0,1.943012071483E0));
#2311=LINE('',#2310,#2309);
#2312=DIRECTION('',(2.220446049250E-14,-1.E0,0.E0));
#2313=VECTOR('',#2312,1.E-2);
#2314=CARTESIAN_POINT('',(-9.055928099422E-1,-1.6E0,1.818748049410E0));
#2315=LINE('',#2314,#2313);
#2316=DIRECTION('',(0.E0,-1.E0,0.E0));
#2317=VECTOR('',#2316,1.E-2);
#2318=CARTESIAN_POINT('',(-9.394578660140E-1,-1.6E0,1.818748049410E0));
#2319=LINE('',#2318,#2317);
#2320=DIRECTION('',(0.E0,-1.E0,0.E0));
#2321=VECTOR('',#2320,1.E-2);
#2322=CARTESIAN_POINT('',(-8.597022033474E-1,-1.6E0,1.860491914445E0));
#2323=LINE('',#2322,#2321);
#2324=DIRECTION('',(0.E0,-1.E0,0.E0));
#2325=VECTOR('',#2324,1.E-2);
#2326=CARTESIAN_POINT('',(-7.385482374420E-1,-1.6E0,2.007701239815E0));
#2327=LINE('',#2326,#2325);
#2328=DIRECTION('',(1.110223024625E-14,-1.E0,-2.220446049250E-14));
#2329=VECTOR('',#2328,1.E-2);
#2330=CARTESIAN_POINT('',(-7.385482374420E-1,-1.6E0,1.974803756775E0));
#2331=LINE('',#2330,#2329);
#2332=DIRECTION('',(1.110223024625E-14,-1.E0,-4.440892098501E-14));
#2333=VECTOR('',#2332,1.E-2);
#2334=CARTESIAN_POINT('',(-8.597022033474E-1,-1.6E0,1.825521060624E0));
#2335=LINE('',#2334,#2333);
#2336=DIRECTION('',(0.E0,-1.E0,0.E0));
#2337=VECTOR('',#2336,1.E-2);
#2338=CARTESIAN_POINT('',(-6.187586455243E-1,-1.6E0,1.850816184139E0));
#2339=LINE('',#2338,#2337);
#2340=DIRECTION('',(-4.440892098501E-14,-1.E0,-1.110223024625E-13));
#2341=VECTOR('',#2340,1.E-2);
#2342=CARTESIAN_POINT('',(-6.141459906493E-1,-1.6E0,1.866435577347E0));
#2343=LINE('',#2342,#2341);
#2344=DIRECTION('',(-1.110223024625E-14,-1.E0,0.E0));
#2345=VECTOR('',#2344,1.E-2);
#2346=CARTESIAN_POINT('',(-5.614132604798E-1,-1.6E0,2.011847981376E0));
#2347=LINE('',#2346,#2345);
#2348=DIRECTION('',(0.E0,-1.E0,0.E0));
#2349=VECTOR('',#2348,1.E-2);
#2350=CARTESIAN_POINT('',(-5.263041819421E-1,-1.6E0,2.011847981376E0));
#2351=LINE('',#2350,#2349);
#2352=DIRECTION('',(1.110223024625E-14,-1.E0,0.E0));
#2353=VECTOR('',#2352,1.E-2);
#2354=CARTESIAN_POINT('',(-6.139386535708E-1,-1.6E0,1.789582633774E0));
#2355=LINE('',#2354,#2353);
#2356=DIRECTION('',(0.E0,-1.E0,0.E0));
#2357=VECTOR('',#2356,1.E-2);
#2358=CARTESIAN_POINT('',(-7.046831813702E-1,-1.6E0,1.730560678905E0));
#2359=LINE('',#2358,#2357);
#2360=DIRECTION('',(1.110223024625E-14,-1.E0,-4.440892098501E-14));
#2361=VECTOR('',#2360,1.E-2);
#2362=CARTESIAN_POINT('',(-7.046831813702E-1,-1.6E0,1.760693667575E0));
#2363=LINE('',#2362,#2361);
#2364=DIRECTION('',(2.220446049250E-14,-1.E0,0.E0));
#2365=VECTOR('',#2364,1.E-2);
#2366=CARTESIAN_POINT('',(-6.507755410947E-1,-1.6E0,1.784053645027E0));
#2367=LINE('',#2366,#2365);
#2368=DIRECTION('',(2.220446049250E-14,-1.E0,4.440892098501E-14));
#2369=VECTOR('',#2368,1.E-2);
#2370=CARTESIAN_POINT('',(-6.359163838383E-1,-1.6E0,1.819162723567E0));
#2371=LINE('',#2370,#2369);
#2372=DIRECTION('',(0.E0,-1.E0,0.E0));
#2373=VECTOR('',#2372,1.E-2);
#2374=CARTESIAN_POINT('',(-7.116635296626E-1,-1.6E0,2.011847981376E0));
#2375=LINE('',#2374,#2373);
#2376=DIRECTION('',(0.E0,-1.E0,0.E0));
#2377=VECTOR('',#2376,1.E-2);
#2378=CARTESIAN_POINT('',(-6.737899567505E-1,-1.6E0,2.011847981376E0));
#2379=LINE('',#2378,#2377);
#2380=DIRECTION('',(1.110223024625E-14,-1.E0,-4.440892098501E-14));
#2381=VECTOR('',#2380,1.E-2);
#2382=CARTESIAN_POINT('',(-6.233379344407E-1,-1.6E0,1.866712026785E0));
#2383=LINE('',#2382,#2381);
#2384=DIRECTION('',(0.E0,-1.E0,0.E0));
#2385=VECTOR('',#2384,1.E-2);
#2386=CARTESIAN_POINT('',(-3.444004521865E-1,-1.6E0,1.818748049410E0));
#2387=LINE('',#2386,#2385);
#2388=DIRECTION('',(0.E0,-1.E0,0.E0));
#2389=VECTOR('',#2388,1.E-2);
#2390=CARTESIAN_POINT('',(-4.898128562153E-1,-1.6E0,1.818748049410E0));
#2391=LINE('',#2390,#2389);
#2392=DIRECTION('',(0.E0,-1.E0,0.E0));
#2393=VECTOR('',#2392,1.E-2);
#2394=CARTESIAN_POINT('',(-4.898128562153E-1,-1.6E0,2.089115599106E0));
#2395=LINE('',#2394,#2393);
#2396=DIRECTION('',(0.E0,-1.E0,0.E0));
#2397=VECTOR('',#2396,1.E-2);
#2398=CARTESIAN_POINT('',(-3.505514521680E-1,-1.6E0,2.089115599106E0));
#2399=LINE('',#2398,#2397);
#2400=DIRECTION('',(0.E0,-1.E0,0.E0));
#2401=VECTOR('',#2400,1.E-2);
#2402=CARTESIAN_POINT('',(-3.505514521680E-1,-1.6E0,2.058015037409E0));
#2403=LINE('',#2402,#2401);
#2404=DIRECTION('',(0.E0,-1.E0,0.E0));
#2405=VECTOR('',#2404,1.E-2);
#2406=CARTESIAN_POINT('',(-4.549111147542E-1,-1.6E0,2.058015037409E0));
#2407=LINE('',#2406,#2405);
#2408=DIRECTION('',(0.E0,-1.E0,0.E0));
#2409=VECTOR('',#2408,1.E-2);
#2410=CARTESIAN_POINT('',(-4.549111147542E-1,-1.6E0,1.971486363528E0));
#2411=LINE('',#2410,#2409);
#2412=DIRECTION('',(0.E0,-1.E0,0.E0));
#2413=VECTOR('',#2412,1.E-2);
#2414=CARTESIAN_POINT('',(-3.582229240536E-1,-1.6E0,1.971486363528E0));
#2415=LINE('',#2414,#2413);
#2416=DIRECTION('',(0.E0,-1.E0,0.E0));
#2417=VECTOR('',#2416,1.E-2);
#2418=CARTESIAN_POINT('',(-3.582229240536E-1,-1.6E0,1.940524026548E0));
#2419=LINE('',#2418,#2417);
#2420=DIRECTION('',(0.E0,-1.E0,0.E0));
#2421=VECTOR('',#2420,1.E-2);
#2422=CARTESIAN_POINT('',(-4.549111147542E-1,-1.6E0,1.940524026548E0));
#2423=LINE('',#2422,#2421);
#2424=DIRECTION('',(0.E0,-1.E0,0.E0));
#2425=VECTOR('',#2424,1.E-2);
#2426=CARTESIAN_POINT('',(-4.549111147542E-1,-1.6E0,1.849572161672E0));
#2427=LINE('',#2426,#2425);
#2428=DIRECTION('',(0.E0,-1.E0,0.E0));
#2429=VECTOR('',#2428,1.E-2);
#2430=CARTESIAN_POINT('',(-3.444004521865E-1,-1.6E0,1.849572161672E0));
#2431=LINE('',#2430,#2429);
#2432=DIRECTION('',(0.E0,-1.E0,0.E0));
#2433=VECTOR('',#2432,1.E-2);
#2434=CARTESIAN_POINT('',(-2.584246771823E-1,-1.6E0,2.058015037409E0));
#2435=LINE('',#2434,#2433);
#2436=DIRECTION('',(-1.110223024625E-14,-1.E0,0.E0));
#2437=VECTOR('',#2436,1.E-2);
#2438=CARTESIAN_POINT('',(-2.584246771813E-1,-1.6E0,1.849572161672E0));
#2439=LINE('',#2438,#2437);
#2440=DIRECTION('',(0.E0,-1.E0,-2.220446049250E-14));
#2441=VECTOR('',#2440,1.E-2);
#2442=CARTESIAN_POINT('',(-2.191688570828E-1,-1.6E0,1.849572161672E0));
#2443=LINE('',#2442,#2441);
#2444=DIRECTION('',(0.E0,-1.E0,0.E0));
#2445=VECTOR('',#2444,1.E-2);
#2446=CARTESIAN_POINT('',(-2.175792728190E-1,-1.6E0,2.058015037409E0));
#2447=LINE('',#2446,#2445);
#2448=DIRECTION('',(0.E0,-1.E0,0.E0));
#2449=VECTOR('',#2448,1.E-2);
#2450=CARTESIAN_POINT('',(-2.933264186415E-1,-1.6E0,1.818748049410E0));
#2451=LINE('',#2450,#2449);
#2452=DIRECTION('',(0.E0,-1.E0,0.E0));
#2453=VECTOR('',#2452,1.E-2);
#2454=CARTESIAN_POINT('',(-2.933264186424E-1,-1.6E0,2.089115599106E0));
#2455=LINE('',#2454,#2453);
#2456=DIRECTION('',(0.E0,-1.E0,0.E0));
#2457=VECTOR('',#2456,1.E-2);
#2458=CARTESIAN_POINT('',(-2.161970256317E-1,-1.6E0,2.089115599106E0));
#2459=LINE('',#2458,#2457);
#2460=DIRECTION('',(1.110223024625E-14,-1.E0,0.E0));
#2461=VECTOR('',#2460,1.E-2);
#2462=CARTESIAN_POINT('',(-2.189615200026E-1,-1.6E0,1.818748049410E0));
#2463=LINE('',#2462,#2461);
#2464=DIRECTION('',(-1.110223024625E-14,-1.E0,0.E0));
#2465=VECTOR('',#2464,1.E-2);
#2466=CARTESIAN_POINT('',(6.266856194855E-2,-1.6E0,2.054559419441E0));
#2467=LINE('',#2466,#2465);
#2468=DIRECTION('',(2.081668171172E-14,-1.E0,8.881784197001E-14));
#2469=VECTOR('',#2468,1.E-2);
#2470=CARTESIAN_POINT('',(5.783347910870E-2,-1.6E0,2.035622632987E0));
#2471=LINE('',#2470,#2469);
#2472=DIRECTION('',(1.318389841742E-14,-1.E0,0.E0));
#2473=VECTOR('',#2472,1.E-2);
#2474=CARTESIAN_POINT('',(1.740274890317E-2,-1.6E0,1.923245936718E0));
#2475=LINE('',#2474,#2473);
#2476=DIRECTION('',(0.E0,-1.E0,0.E0));
#2477=VECTOR('',#2476,1.E-2);
#2478=CARTESIAN_POINT('',(1.081472767026E-1,-1.6E0,1.923245936718E0));
#2479=LINE('',#2478,#2477);
#2480=DIRECTION('',(0.E0,-1.E0,-4.440892098501E-14));
#2481=VECTOR('',#2480,1.E-2);
#2482=CARTESIAN_POINT('',(6.730187233744E-2,-1.6E0,2.035622632987E0));
#2483=LINE('',#2482,#2481);
#2484=DIRECTION('',(-1.387778780781E-14,-1.E0,0.E0));
#2485=VECTOR('',#2484,1.E-2);
#2486=CARTESIAN_POINT('',(1.850693326356E-1,-1.6E0,1.818748049410E0));
#2487=LINE('',#2486,#2485);
#2488=DIRECTION('',(0.E0,-1.E0,0.E0));
#2489=VECTOR('',#2488,1.E-2);
#2490=CARTESIAN_POINT('',(1.465046361311E-1,-1.6E0,1.818748049410E0));
#2491=LINE('',#2490,#2489);
#2492=DIRECTION('',(0.E0,-1.E0,0.E0));
#2493=VECTOR('',#2492,1.E-2);
#2494=CARTESIAN_POINT('',(1.189288047560E-1,-1.6E0,1.892698273893E0));
#2495=LINE('',#2494,#2493);
#2496=DIRECTION('',(1.084202172486E-14,-1.E0,0.E0));
#2497=VECTOR('',#2496,1.E-2);
#2498=CARTESIAN_POINT('',(6.344771408750E-3,-1.6E0,1.892698273893E0));
#2499=LINE('',#2498,#2497);
#2500=DIRECTION('',(0.E0,-1.E0,0.E0));
#2501=VECTOR('',#2500,1.E-2);
#2502=CARTESIAN_POINT('',(-1.964147569814E-2,-1.6E0,1.818748049410E0));
#2503=LINE('',#2502,#2501);
#2504=DIRECTION('',(0.E0,-1.E0,0.E0));
#2505=VECTOR('',#2504,1.E-2);
#2506=CARTESIAN_POINT('',(-5.820617220257E-2,-1.6E0,1.818748049410E0));
#2507=LINE('',#2506,#2505);
#2508=DIRECTION('',(1.040834085586E-14,-1.E0,0.E0));
#2509=VECTOR('',#2508,1.E-2);
#2510=CARTESIAN_POINT('',(4.477124319801E-2,-1.6E0,2.089115599106E0));
#2511=LINE('',#2510,#2509);
#2512=DIRECTION('',(0.E0,-1.E0,0.E0));
#2513=VECTOR('',#2512,1.E-2);
#2514=CARTESIAN_POINT('',(8.209191723566E-2,-1.6E0,2.089115599106E0));
#2515=LINE('',#2514,#2513);
#2516=DIRECTION('',(0.E0,-1.E0,0.E0));
#2517=VECTOR('',#2516,1.E-2);
#2518=CARTESIAN_POINT('',(-1.650308169342E0,-1.6E0,2.338749709572E0));
#2519=LINE('',#2518,#2517);
#2520=DIRECTION('',(0.E0,-1.E0,0.E0));
#2521=VECTOR('',#2520,1.E-2);
#2522=CARTESIAN_POINT('',(-1.706054481864E0,-1.6E0,1.817810370579E0));
#2523=LINE('',#2522,#2521);
#2524=DIRECTION('',(0.E0,-1.E0,0.E0));
#2525=VECTOR('',#2524,1.E-2);
#2526=CARTESIAN_POINT('',(-1.711821324080E0,-1.6E0,1.817810370579E0));
#2527=LINE('',#2526,#2525);
#2528=DIRECTION('',(0.E0,-1.E0,0.E0));
#2529=VECTOR('',#2528,1.E-2);
#2530=CARTESIAN_POINT('',(-1.717588166296E0,-1.6E0,1.817810370579E0));
#2531=LINE('',#2530,#2529);
#2532=DIRECTION('',(-2.220446049250E-14,-1.E0,0.E0));
#2533=VECTOR('',#2532,1.E-2);
#2534=CARTESIAN_POINT('',(-1.819469289875E0,-1.6E0,1.817810370579E0));
#2535=LINE('',#2534,#2533);
#2536=DIRECTION('',(0.E0,-1.E0,0.E0));
#2537=VECTOR('',#2536,1.E-2);
#2538=CARTESIAN_POINT('',(-1.804091092851E0,-1.6E0,1.935069764511E0));
#2539=LINE('',#2538,#2537);
#2540=DIRECTION('',(0.E0,-1.E0,-2.220446049250E-14));
#2541=VECTOR('',#2540,1.E-2);
#2542=CARTESIAN_POINT('',(-1.717588239625E0,-1.6E0,1.935069764511E0));
#2543=LINE('',#2542,#2541);
#2544=DIRECTION('',(2.220446049250E-14,-1.E0,4.440892098501E-14));
#2545=VECTOR('',#2544,1.E-2);
#2546=CARTESIAN_POINT('',(-1.744500194409E0,-1.6E0,2.234946293031E0));
#2547=LINE('',#2546,#2545);
#2548=DIRECTION('',(0.E0,-1.E0,4.440892098501E-14));
#2549=VECTOR('',#2548,1.E-2);
#2550=CARTESIAN_POINT('',(-2.271206412281E0,-1.6E0,2.290692678882E0));
#2551=LINE('',#2550,#2549);
#2552=DIRECTION('',(0.E0,-1.E0,0.E0));
#2553=VECTOR('',#2552,1.E-2);
#2554=CARTESIAN_POINT('',(-2.449978960950E0,-1.6E0,1.950448108193E0));
#2555=LINE('',#2554,#2553);
#2556=DIRECTION('',(4.440892098501E-14,-1.E0,-4.440892098501E-14));
#2557=VECTOR('',#2556,1.E-2);
#2558=CARTESIAN_POINT('',(-2.125112697275E0,-1.6E0,2.011961262931E0));
#2559=LINE('',#2558,#2557);
#2560=DIRECTION('',(0.E0,-1.E0,-4.440892098501E-14));
#2561=VECTOR('',#2560,1.E-2);
#2562=CARTESIAN_POINT('',(-1.867526430557E0,-1.6E0,2.146521256838E0));
#2563=LINE('',#2562,#2561);
#2564=DIRECTION('',(0.E0,-1.E0,0.E0));
#2565=VECTOR('',#2564,1.E-2);
#2566=CARTESIAN_POINT('',(-1.807935605443E0,-1.6E0,2.044640096595E0));
#2567=LINE('',#2566,#2565);
#2568=DIRECTION('',(0.E0,-1.E0,2.220446049250E-14));
#2569=VECTOR('',#2568,1.E-2);
#2570=CARTESIAN_POINT('',(-2.077055593259E0,-1.6E0,1.902390967511E0));
#2571=LINE('',#2570,#2569);
#2572=DIRECTION('',(0.E0,-1.E0,0.E0));
#2573=VECTOR('',#2572,1.E-2);
#2574=CARTESIAN_POINT('',(-2.451901308908E0,-1.6E0,1.821654956500E0));
#2575=LINE('',#2574,#2573);
#2576=DIRECTION('',(0.E0,-1.E0,0.E0));
#2577=VECTOR('',#2576,1.E-2);
#2578=CARTESIAN_POINT('',(-2.330797274058E0,-1.6E0,2.431019423347E0));
#2579=LINE('',#2578,#2577);
#2580=CARTESIAN_POINT('',(-3.5E0,0.E0,-5.E0));
#2581=CARTESIAN_POINT('',(-4.E0,0.E0,-5.E0));
#2582=VERTEX_POINT('',#2580);
#2583=VERTEX_POINT('',#2581);
#2584=CARTESIAN_POINT('',(4.E0,0.E0,-5.E0));
#2585=CARTESIAN_POINT('',(3.5E0,0.E0,-5.E0));
#2586=VERTEX_POINT('',#2584);
#2587=VERTEX_POINT('',#2585);
#2588=CARTESIAN_POINT('',(-3.8E0,1.6E0,8.4E0));
#2589=CARTESIAN_POINT('',(-3.8E0,-1.6E0,8.4E0));
#2590=VERTEX_POINT('',#2588);
#2591=VERTEX_POINT('',#2589);
#2592=CARTESIAN_POINT('',(-4.5E0,9.E-1,8.4E0));
#2593=CARTESIAN_POINT('',(-4.5E0,-9.E-1,8.4E0));
#2594=VERTEX_POINT('',#2592);
#2595=VERTEX_POINT('',#2593);
#2596=CARTESIAN_POINT('',(3.8E0,-1.6E0,8.4E0));
#2597=CARTESIAN_POINT('',(3.8E0,1.6E0,8.4E0));
#2598=VERTEX_POINT('',#2596);
#2599=VERTEX_POINT('',#2597);
#2600=CARTESIAN_POINT('',(4.5E0,-9.E-1,8.4E0));
#2601=CARTESIAN_POINT('',(4.5E0,9.E-1,8.4E0));
#2602=VERTEX_POINT('',#2600);
#2603=VERTEX_POINT('',#2601);
#2604=CARTESIAN_POINT('',(-4.499997464879E0,-8.999999999983E-1,
9.000000048729E-1));
#2605=CARTESIAN_POINT('',(-4.499999483904E0,8.999999999997E-1,
9.000000001420E-1));
#2606=VERTEX_POINT('',#2604);
#2607=VERTEX_POINT('',#2605);
#2608=CARTESIAN_POINT('',(-3.799999999998E0,1.599997464879E0,
9.000000048729E-1));
#2609=CARTESIAN_POINT('',(3.8E0,1.599999483904E0,9.000000001420E-1));
#2610=VERTEX_POINT('',#2608);
#2611=VERTEX_POINT('',#2609);
#2612=CARTESIAN_POINT('',(4.499997464879E0,8.999999999983E-1,
9.000000048729E-1));
#2613=CARTESIAN_POINT('',(4.499999483904E0,-8.999999999997E-1,
9.000000001420E-1));
#2614=VERTEX_POINT('',#2612);
#2615=VERTEX_POINT('',#2613);
#2616=CARTESIAN_POINT('',(3.799999999998E0,-1.599997464879E0,
9.000000048729E-1));
#2617=CARTESIAN_POINT('',(-3.8E0,-1.599999483904E0,9.000000001420E-1));
#2618=VERTEX_POINT('',#2616);
#2619=VERTEX_POINT('',#2617);
#2620=VERTEX_POINT('',#55);
#2621=VERTEX_POINT('',#64);
#2622=VERTEX_POINT('',#244);
#2623=VERTEX_POINT('',#253);
#2624=VERTEX_POINT('',#218);
#2625=VERTEX_POINT('',#287);
#2626=VERTEX_POINT('',#185);
#2627=VERTEX_POINT('',#277);
#2628=CARTESIAN_POINT('',(-3.5E0,0.E0,-1.4E0));
#2629=VERTEX_POINT('',#2628);
#2630=CARTESIAN_POINT('',(-3.523612836402E0,-1.060606060606E-1,-1.4E0));
#2631=VERTEX_POINT('',#2630);
#2632=VERTEX_POINT('',#360);
#2633=VERTEX_POINT('',#371);
#2634=VERTEX_POINT('',#340);
#2635=VERTEX_POINT('',#110);
#2636=VERTEX_POINT('',#327);
#2637=VERTEX_POINT('',#1219);
#2638=VERTEX_POINT('',#1227);
#2639=VERTEX_POINT('',#1253);
#2640=VERTEX_POINT('',#1261);
#2641=VERTEX_POINT('',#386);
#2642=VERTEX_POINT('',#1296);
#2643=CARTESIAN_POINT('',(3.5E0,0.E0,-1.4E0));
#2644=VERTEX_POINT('',#2643);
#2645=CARTESIAN_POINT('',(3.523612836402E0,1.060606060606E-1,-1.4E0));
#2646=VERTEX_POINT('',#2645);
#2647=VERTEX_POINT('',#187);
#2648=VERTEX_POINT('',#198);
#2649=VERTEX_POINT('',#1349);
#2650=VERTEX_POINT('',#1173);
#2651=VERTEX_POINT('',#1336);
#2652=VERTEX_POINT('',#1136);
#2653=VERTEX_POINT('',#1320);
#2654=CARTESIAN_POINT('',(-2.196237298484E0,-1.61E0,1.881245708284E0));
#2655=CARTESIAN_POINT('',(-2.346175599408E0,-1.61E0,1.881245708284E0));
#2656=VERTEX_POINT('',#2654);
#2657=VERTEX_POINT('',#2655);
#2658=CARTESIAN_POINT('',(-1.095997359894E0,-1.61E0,2.247659351408E0));
#2659=CARTESIAN_POINT('',(-1.095997359894E0,-1.61E0,2.278483463670E0));
#2660=VERTEX_POINT('',#2658);
#2661=VERTEX_POINT('',#2659);
#2662=CARTESIAN_POINT('',(-1.203674415730E0,-1.61E0,2.278483463670E0));
#2663=VERTEX_POINT('',#2662);
#2664=CARTESIAN_POINT('',(-1.203674415730E0,-1.61E0,2.518026901104E0));
#2665=VERTEX_POINT('',#2664);
#2666=CARTESIAN_POINT('',(-1.238576157191E0,-1.61E0,2.518026901104E0));
#2667=VERTEX_POINT('',#2666);
#2668=CARTESIAN_POINT('',(-1.238576157191E0,-1.61E0,2.247659351408E0));
#2669=VERTEX_POINT('',#2668);
#2670=VERTEX_POINT('',#1413);
#2671=VERTEX_POINT('',#1416);
#2672=VERTEX_POINT('',#1441);
#2673=VERTEX_POINT('',#1431);
#2674=CARTESIAN_POINT('',(-6.829819005419E-1,-1.61E0,2.247659351408E0));
#2675=CARTESIAN_POINT('',(-6.829819005419E-1,-1.61E0,2.278483463670E0));
#2676=VERTEX_POINT('',#2674);
#2677=VERTEX_POINT('',#2675);
#2678=CARTESIAN_POINT('',(-7.934925631097E-1,-1.61E0,2.278483463670E0));
#2679=VERTEX_POINT('',#2678);
#2680=CARTESIAN_POINT('',(-7.934925631097E-1,-1.61E0,2.369435328546E0));
#2681=VERTEX_POINT('',#2680);
#2682=CARTESIAN_POINT('',(-6.968043724090E-1,-1.61E0,2.369435328546E0));
#2683=VERTEX_POINT('',#2682);
#2684=CARTESIAN_POINT('',(-6.968043724090E-1,-1.61E0,2.400397665526E0));
#2685=VERTEX_POINT('',#2684);
#2686=CARTESIAN_POINT('',(-7.934925631097E-1,-1.61E0,2.400397665526E0));
#2687=VERTEX_POINT('',#2686);
#2688=CARTESIAN_POINT('',(-7.934925631097E-1,-1.61E0,2.486926339407E0));
#2689=VERTEX_POINT('',#2688);
#2690=CARTESIAN_POINT('',(-6.891329005234E-1,-1.61E0,2.486926339407E0));
#2691=VERTEX_POINT('',#2690);
#2692=CARTESIAN_POINT('',(-6.891329005234E-1,-1.61E0,2.518026901104E0));
#2693=VERTEX_POINT('',#2692);
#2694=CARTESIAN_POINT('',(-8.283943045708E-1,-1.61E0,2.518026901104E0));
#2695=VERTEX_POINT('',#2694);
#2696=CARTESIAN_POINT('',(-8.283943045708E-1,-1.61E0,2.247659351408E0));
#2697=VERTEX_POINT('',#2696);
#2698=VERTEX_POINT('',#1491);
#2699=VERTEX_POINT('',#1494);
#2700=VERTEX_POINT('',#1512);
#2701=VERTEX_POINT('',#1504);
#2702=VERTEX_POINT('',#1514);
#2703=VERTEX_POINT('',#1517);
#2704=VERTEX_POINT('',#1535);
#2705=VERTEX_POINT('',#1527);
#2706=VERTEX_POINT('',#1537);
#2707=VERTEX_POINT('',#1540);
#2708=VERTEX_POINT('',#1560);
#2709=VERTEX_POINT('',#1555);
#2710=VERTEX_POINT('',#1550);
#2711=CARTESIAN_POINT('',(-1.535121157166E-1,-1.61E0,2.247659351408E0));
#2712=CARTESIAN_POINT('',(-2.564895311165E-1,-1.61E0,2.518026901104E0));
#2713=VERTEX_POINT('',#2711);
#2714=VERTEX_POINT('',#2712);
#2715=CARTESIAN_POINT('',(-2.938102051541E-1,-1.61E0,2.518026901104E0));
#2716=VERTEX_POINT('',#2715);
#2717=CARTESIAN_POINT('',(-3.967876205547E-1,-1.61E0,2.247659351408E0));
#2718=VERTEX_POINT('',#2717);
#2719=CARTESIAN_POINT('',(-3.582229240503E-1,-1.61E0,2.247659351408E0));
#2720=VERTEX_POINT('',#2719);
#2721=CARTESIAN_POINT('',(-3.322366769434E-1,-1.61E0,2.321609575891E0));
#2722=VERTEX_POINT('',#2721);
#2723=CARTESIAN_POINT('',(-2.196526435961E-1,-1.61E0,2.321609575891E0));
#2724=VERTEX_POINT('',#2723);
#2725=CARTESIAN_POINT('',(-1.920768122210E-1,-1.61E0,2.247659351408E0));
#2726=VERTEX_POINT('',#2725);
#2727=CARTESIAN_POINT('',(-1.093163753162E0,-1.61E0,1.818748049410E0));
#2728=CARTESIAN_POINT('',(-1.093163753162E0,-1.61E0,1.849572161672E0));
#2729=VERTEX_POINT('',#2727);
#2730=VERTEX_POINT('',#2728);
#2731=CARTESIAN_POINT('',(-1.203674415730E0,-1.61E0,1.849572161672E0));
#2732=VERTEX_POINT('',#2731);
#2733=CARTESIAN_POINT('',(-1.203674415730E0,-1.61E0,1.940524026548E0));
#2734=VERTEX_POINT('',#2733);
#2735=CARTESIAN_POINT('',(-1.106986225029E0,-1.61E0,1.940524026548E0));
#2736=VERTEX_POINT('',#2735);
#2737=CARTESIAN_POINT('',(-1.106986225029E0,-1.61E0,1.971486363528E0));
#2738=VERTEX_POINT('',#2737);
#2739=CARTESIAN_POINT('',(-1.203674415730E0,-1.61E0,1.971486363528E0));
#2740=VERTEX_POINT('',#2739);
#2741=CARTESIAN_POINT('',(-1.203674415730E0,-1.61E0,2.058015037409E0));
#2742=VERTEX_POINT('',#2741);
#2743=CARTESIAN_POINT('',(-1.099314753143E0,-1.61E0,2.058015037409E0));
#2744=VERTEX_POINT('',#2743);
#2745=CARTESIAN_POINT('',(-1.099314753143E0,-1.61E0,2.089115599106E0));
#2746=VERTEX_POINT('',#2745);
#2747=CARTESIAN_POINT('',(-1.238576157191E0,-1.61E0,2.089115599106E0));
#2748=VERTEX_POINT('',#2747);
#2749=CARTESIAN_POINT('',(-1.238576157191E0,-1.61E0,1.818748049410E0));
#2750=VERTEX_POINT('',#2749);
#2751=VERTEX_POINT('',#1642);
#2752=VERTEX_POINT('',#1645);
#2753=VERTEX_POINT('',#1660);
#2754=VERTEX_POINT('',#1662);
#2755=VERTEX_POINT('',#1665);
#2756=VERTEX_POINT('',#1705);
#2757=VERTEX_POINT('',#1700);
#2758=VERTEX_POINT('',#1695);
#2759=VERTEX_POINT('',#1689);
#2760=VERTEX_POINT('',#1684);
#2761=VERTEX_POINT('',#1678);
#2762=VERTEX_POINT('',#1707);
#2763=VERTEX_POINT('',#1710);
#2764=VERTEX_POINT('',#1742);
#2765=VERTEX_POINT('',#1728);
#2766=VERTEX_POINT('',#1744);
#2767=VERTEX_POINT('',#1747);
#2768=VERTEX_POINT('',#1804);
#2769=VERTEX_POINT('',#1799);
#2770=VERTEX_POINT('',#1794);
#2771=VERTEX_POINT('',#1789);
#2772=VERTEX_POINT('',#1784);
#2773=VERTEX_POINT('',#1778);
#2774=VERTEX_POINT('',#1773);
#2775=VERTEX_POINT('',#1767);
#2776=VERTEX_POINT('',#1762);
#2777=VERTEX_POINT('',#1757);
#2778=CARTESIAN_POINT('',(-3.444004521865E-1,-1.61E0,1.818748049410E0));
#2779=CARTESIAN_POINT('',(-3.444004521865E-1,-1.61E0,1.849572161672E0));
#2780=VERTEX_POINT('',#2778);
#2781=VERTEX_POINT('',#2779);
#2782=CARTESIAN_POINT('',(-4.549111147542E-1,-1.61E0,1.849572161672E0));
#2783=VERTEX_POINT('',#2782);
#2784=CARTESIAN_POINT('',(-4.549111147542E-1,-1.61E0,1.940524026548E0));
#2785=VERTEX_POINT('',#2784);
#2786=CARTESIAN_POINT('',(-3.582229240536E-1,-1.61E0,1.940524026548E0));
#2787=VERTEX_POINT('',#2786);
#2788=CARTESIAN_POINT('',(-3.582229240536E-1,-1.61E0,1.971486363528E0));
#2789=VERTEX_POINT('',#2788);
#2790=CARTESIAN_POINT('',(-4.549111147542E-1,-1.61E0,1.971486363528E0));
#2791=VERTEX_POINT('',#2790);
#2792=CARTESIAN_POINT('',(-4.549111147542E-1,-1.61E0,2.058015037409E0));
#2793=VERTEX_POINT('',#2792);
#2794=CARTESIAN_POINT('',(-3.505514521680E-1,-1.61E0,2.058015037409E0));
#2795=VERTEX_POINT('',#2794);
#2796=CARTESIAN_POINT('',(-3.505514521680E-1,-1.61E0,2.089115599106E0));
#2797=VERTEX_POINT('',#2796);
#2798=CARTESIAN_POINT('',(-4.898128562153E-1,-1.61E0,2.089115599106E0));
#2799=VERTEX_POINT('',#2798);
#2800=CARTESIAN_POINT('',(-4.898128562153E-1,-1.61E0,1.818748049410E0));
#2801=VERTEX_POINT('',#2800);
#2802=VERTEX_POINT('',#1854);
#2803=VERTEX_POINT('',#1857);
#2804=VERTEX_POINT('',#1875);
#2805=VERTEX_POINT('',#1867);
#2806=VERTEX_POINT('',#1877);
#2807=VERTEX_POINT('',#1880);
#2808=VERTEX_POINT('',#1898);
#2809=VERTEX_POINT('',#1890);
#2810=VERTEX_POINT('',#1900);
#2811=VERTEX_POINT('',#1903);
#2812=VERTEX_POINT('',#1923);
#2813=VERTEX_POINT('',#1918);
#2814=VERTEX_POINT('',#1913);
#2815=CARTESIAN_POINT('',(1.850693326356E-1,-1.61E0,1.818748049410E0));
#2816=CARTESIAN_POINT('',(8.209191723566E-2,-1.61E0,2.089115599106E0));
#2817=VERTEX_POINT('',#2815);
#2818=VERTEX_POINT('',#2816);
#2819=CARTESIAN_POINT('',(4.477124319801E-2,-1.61E0,2.089115599106E0));
#2820=VERTEX_POINT('',#2819);
#2821=CARTESIAN_POINT('',(-5.820617220257E-2,-1.61E0,1.818748049410E0));
#2822=VERTEX_POINT('',#2821);
#2823=CARTESIAN_POINT('',(-1.964147569814E-2,-1.61E0,1.818748049410E0));
#2824=VERTEX_POINT('',#2823);
#2825=CARTESIAN_POINT('',(6.344771408750E-3,-1.61E0,1.892698273893E0));
#2826=VERTEX_POINT('',#2825);
#2827=CARTESIAN_POINT('',(1.189288047560E-1,-1.61E0,1.892698273893E0));
#2828=VERTEX_POINT('',#2827);
#2829=CARTESIAN_POINT('',(1.465046361311E-1,-1.61E0,1.818748049410E0));
#2830=VERTEX_POINT('',#2829);
#2831=VERTEX_POINT('',#1957);
#2832=VERTEX_POINT('',#1963);
#2833=VERTEX_POINT('',#2054);
#2834=VERTEX_POINT('',#2045);
#2835=VERTEX_POINT('',#2038);
#2836=VERTEX_POINT('',#2033);
#2837=VERTEX_POINT('',#2028);
#2838=VERTEX_POINT('',#2023);
#2839=VERTEX_POINT('',#2017);
#2840=VERTEX_POINT('',#2010);
#2841=VERTEX_POINT('',#2004);
#2842=VERTEX_POINT('',#1997);
#2843=VERTEX_POINT('',#1992);
#2844=VERTEX_POINT('',#1985);
#2845=VERTEX_POINT('',#1980);
#2846=VERTEX_POINT('',#1975);
#2847=CARTESIAN_POINT('',(-2.346175599408E0,-1.6E0,1.881245708284E0));
#2848=CARTESIAN_POINT('',(-2.196237298484E0,-1.6E0,1.881245708284E0));
#2849=VERTEX_POINT('',#2847);
#2850=VERTEX_POINT('',#2848);
#2851=CARTESIAN_POINT('',(-1.095997359894E0,-1.6E0,2.247659351408E0));
#2852=CARTESIAN_POINT('',(-1.095997359894E0,-1.6E0,2.278483463670E0));
#2853=VERTEX_POINT('',#2851);
#2854=VERTEX_POINT('',#2852);
#2855=CARTESIAN_POINT('',(-1.203674415730E0,-1.6E0,2.278483463670E0));
#2856=VERTEX_POINT('',#2855);
#2857=CARTESIAN_POINT('',(-1.203674415730E0,-1.6E0,2.518026901104E0));
#2858=VERTEX_POINT('',#2857);
#2859=CARTESIAN_POINT('',(-1.238576157191E0,-1.6E0,2.518026901104E0));
#2860=VERTEX_POINT('',#2859);
#2861=CARTESIAN_POINT('',(-1.238576157191E0,-1.6E0,2.247659351408E0));
#2862=VERTEX_POINT('',#2861);
#2863=VERTEX_POINT('',#443);
#2864=VERTEX_POINT('',#446);
#2865=VERTEX_POINT('',#448);
#2866=VERTEX_POINT('',#461);
#2867=CARTESIAN_POINT('',(-6.829819005419E-1,-1.6E0,2.247659351408E0));
#2868=CARTESIAN_POINT('',(-6.829819005419E-1,-1.6E0,2.278483463670E0));
#2869=VERTEX_POINT('',#2867);
#2870=VERTEX_POINT('',#2868);
#2871=CARTESIAN_POINT('',(-7.934925631097E-1,-1.6E0,2.278483463670E0));
#2872=VERTEX_POINT('',#2871);
#2873=CARTESIAN_POINT('',(-7.934925631097E-1,-1.6E0,2.369435328546E0));
#2874=VERTEX_POINT('',#2873);
#2875=CARTESIAN_POINT('',(-6.968043724090E-1,-1.6E0,2.369435328546E0));
#2876=VERTEX_POINT('',#2875);
#2877=CARTESIAN_POINT('',(-6.968043724090E-1,-1.6E0,2.400397665526E0));
#2878=VERTEX_POINT('',#2877);
#2879=CARTESIAN_POINT('',(-7.934925631097E-1,-1.6E0,2.400397665526E0));
#2880=VERTEX_POINT('',#2879);
#2881=CARTESIAN_POINT('',(-7.934925631097E-1,-1.6E0,2.486926339407E0));
#2882=VERTEX_POINT('',#2881);
#2883=CARTESIAN_POINT('',(-6.891329005234E-1,-1.6E0,2.486926339407E0));
#2884=VERTEX_POINT('',#2883);
#2885=CARTESIAN_POINT('',(-6.891329005234E-1,-1.6E0,2.518026901104E0));
#2886=VERTEX_POINT('',#2885);
#2887=CARTESIAN_POINT('',(-8.283943045708E-1,-1.6E0,2.518026901104E0));
#2888=VERTEX_POINT('',#2887);
#2889=CARTESIAN_POINT('',(-8.283943045708E-1,-1.6E0,2.247659351408E0));
#2890=VERTEX_POINT('',#2889);
#2891=VERTEX_POINT('',#521);
#2892=VERTEX_POINT('',#524);
#2893=VERTEX_POINT('',#526);
#2894=VERTEX_POINT('',#537);
#2895=VERTEX_POINT('',#544);
#2896=VERTEX_POINT('',#547);
#2897=VERTEX_POINT('',#549);
#2898=VERTEX_POINT('',#560);
#2899=VERTEX_POINT('',#567);
#2900=VERTEX_POINT('',#570);
#2901=VERTEX_POINT('',#575);
#2902=VERTEX_POINT('',#580);
#2903=VERTEX_POINT('',#585);
#2904=CARTESIAN_POINT('',(-1.535121157166E-1,-1.6E0,2.247659351408E0));
#2905=CARTESIAN_POINT('',(-2.564895311165E-1,-1.6E0,2.518026901104E0));
#2906=VERTEX_POINT('',#2904);
#2907=VERTEX_POINT('',#2905);
#2908=CARTESIAN_POINT('',(-2.938102051541E-1,-1.6E0,2.518026901104E0));
#2909=VERTEX_POINT('',#2908);
#2910=CARTESIAN_POINT('',(-3.967876205547E-1,-1.6E0,2.247659351408E0));
#2911=VERTEX_POINT('',#2910);
#2912=CARTESIAN_POINT('',(-3.582229240503E-1,-1.6E0,2.247659351408E0));
#2913=VERTEX_POINT('',#2912);
#2914=CARTESIAN_POINT('',(-3.322366769434E-1,-1.6E0,2.321609575891E0));
#2915=VERTEX_POINT('',#2914);
#2916=CARTESIAN_POINT('',(-2.196526435961E-1,-1.6E0,2.321609575891E0));
#2917=VERTEX_POINT('',#2916);
#2918=CARTESIAN_POINT('',(-1.920768122210E-1,-1.6E0,2.247659351408E0));
#2919=VERTEX_POINT('',#2918);
#2920=CARTESIAN_POINT('',(-1.093163753162E0,-1.6E0,1.818748049410E0));
#2921=CARTESIAN_POINT('',(-1.093163753162E0,-1.6E0,1.849572161672E0));
#2922=VERTEX_POINT('',#2920);
#2923=VERTEX_POINT('',#2921);
#2924=CARTESIAN_POINT('',(-1.203674415730E0,-1.6E0,1.849572161672E0));
#2925=VERTEX_POINT('',#2924);
#2926=CARTESIAN_POINT('',(-1.203674415730E0,-1.6E0,1.940524026548E0));
#2927=VERTEX_POINT('',#2926);
#2928=CARTESIAN_POINT('',(-1.106986225029E0,-1.6E0,1.940524026548E0));
#2929=VERTEX_POINT('',#2928);
#2930=CARTESIAN_POINT('',(-1.106986225029E0,-1.6E0,1.971486363528E0));
#2931=VERTEX_POINT('',#2930);
#2932=CARTESIAN_POINT('',(-1.203674415730E0,-1.6E0,1.971486363528E0));
#2933=VERTEX_POINT('',#2932);
#2934=CARTESIAN_POINT('',(-1.203674415730E0,-1.6E0,2.058015037409E0));
#2935=VERTEX_POINT('',#2934);
#2936=CARTESIAN_POINT('',(-1.099314753143E0,-1.6E0,2.058015037409E0));
#2937=VERTEX_POINT('',#2936);
#2938=CARTESIAN_POINT('',(-1.099314753143E0,-1.6E0,2.089115599106E0));
#2939=VERTEX_POINT('',#2938);
#2940=CARTESIAN_POINT('',(-1.238576157191E0,-1.6E0,2.089115599106E0));
#2941=VERTEX_POINT('',#2940);
#2942=CARTESIAN_POINT('',(-1.238576157191E0,-1.6E0,1.818748049410E0));
#2943=VERTEX_POINT('',#2942);
#2944=VERTEX_POINT('',#672);
#2945=VERTEX_POINT('',#675);
#2946=VERTEX_POINT('',#680);
#2947=VERTEX_POINT('',#692);
#2948=VERTEX_POINT('',#695);
#2949=VERTEX_POINT('',#700);
#2950=VERTEX_POINT('',#705);
#2951=VERTEX_POINT('',#707);
#2952=VERTEX_POINT('',#716);
#2953=VERTEX_POINT('',#718);
#2954=VERTEX_POINT('',#727);
#2955=VERTEX_POINT('',#737);
#2956=VERTEX_POINT('',#740);
#2957=VERTEX_POINT('',#742);
#2958=VERTEX_POINT('',#759);
#2959=VERTEX_POINT('',#774);
#2960=VERTEX_POINT('',#777);
#2961=VERTEX_POINT('',#782);
#2962=VERTEX_POINT('',#787);
#2963=VERTEX_POINT('',#792);
#2964=VERTEX_POINT('',#797);
#2965=VERTEX_POINT('',#799);
#2966=VERTEX_POINT('',#808);
#2967=VERTEX_POINT('',#810);
#2968=VERTEX_POINT('',#819);
#2969=VERTEX_POINT('',#824);
#2970=VERTEX_POINT('',#829);
#2971=CARTESIAN_POINT('',(-3.444004521865E-1,-1.6E0,1.818748049410E0));
#2972=CARTESIAN_POINT('',(-3.444004521865E-1,-1.6E0,1.849572161672E0));
#2973=VERTEX_POINT('',#2971);
#2974=VERTEX_POINT('',#2972);
#2975=CARTESIAN_POINT('',(-4.549111147542E-1,-1.6E0,1.849572161672E0));
#2976=VERTEX_POINT('',#2975);
#2977=CARTESIAN_POINT('',(-4.549111147542E-1,-1.6E0,1.940524026548E0));
#2978=VERTEX_POINT('',#2977);
#2979=CARTESIAN_POINT('',(-3.582229240536E-1,-1.6E0,1.940524026548E0));
#2980=VERTEX_POINT('',#2979);
#2981=CARTESIAN_POINT('',(-3.582229240536E-1,-1.6E0,1.971486363528E0));
#2982=VERTEX_POINT('',#2981);
#2983=CARTESIAN_POINT('',(-4.549111147542E-1,-1.6E0,1.971486363528E0));
#2984=VERTEX_POINT('',#2983);
#2985=CARTESIAN_POINT('',(-4.549111147542E-1,-1.6E0,2.058015037409E0));
#2986=VERTEX_POINT('',#2985);
#2987=CARTESIAN_POINT('',(-3.505514521680E-1,-1.6E0,2.058015037409E0));
#2988=VERTEX_POINT('',#2987);
#2989=CARTESIAN_POINT('',(-3.505514521680E-1,-1.6E0,2.089115599106E0));
#2990=VERTEX_POINT('',#2989);
#2991=CARTESIAN_POINT('',(-4.898128562153E-1,-1.6E0,2.089115599106E0));
#2992=VERTEX_POINT('',#2991);
#2993=CARTESIAN_POINT('',(-4.898128562153E-1,-1.6E0,1.818748049410E0));
#2994=VERTEX_POINT('',#2993);
#2995=VERTEX_POINT('',#884);
#2996=VERTEX_POINT('',#887);
#2997=VERTEX_POINT('',#889);
#2998=VERTEX_POINT('',#900);
#2999=VERTEX_POINT('',#907);
#3000=VERTEX_POINT('',#910);
#3001=VERTEX_POINT('',#912);
#3002=VERTEX_POINT('',#923);
#3003=VERTEX_POINT('',#930);
#3004=VERTEX_POINT('',#933);
#3005=VERTEX_POINT('',#938);
#3006=VERTEX_POINT('',#943);
#3007=VERTEX_POINT('',#948);
#3008=CARTESIAN_POINT('',(1.850693326356E-1,-1.6E0,1.818748049410E0));
#3009=CARTESIAN_POINT('',(8.209191723566E-2,-1.6E0,2.089115599106E0));
#3010=VERTEX_POINT('',#3008);
#3011=VERTEX_POINT('',#3009);
#3012=CARTESIAN_POINT('',(4.477124319801E-2,-1.6E0,2.089115599106E0));
#3013=VERTEX_POINT('',#3012);
#3014=CARTESIAN_POINT('',(-5.820617220257E-2,-1.6E0,1.818748049410E0));
#3015=VERTEX_POINT('',#3014);
#3016=CARTESIAN_POINT('',(-1.964147569814E-2,-1.6E0,1.818748049410E0));
#3017=VERTEX_POINT('',#3016);
#3018=CARTESIAN_POINT('',(6.344771408750E-3,-1.6E0,1.892698273893E0));
#3019=VERTEX_POINT('',#3018);
#3020=CARTESIAN_POINT('',(1.189288047560E-1,-1.6E0,1.892698273893E0));
#3021=VERTEX_POINT('',#3020);
#3022=CARTESIAN_POINT('',(1.465046361311E-1,-1.6E0,1.818748049410E0));
#3023=VERTEX_POINT('',#3022);
#3024=VERTEX_POINT('',#987);
#3025=VERTEX_POINT('',#993);
#3026=VERTEX_POINT('',#1002);
#3027=VERTEX_POINT('',#1009);
#3028=VERTEX_POINT('',#1014);
#3029=VERTEX_POINT('',#1019);
#3030=VERTEX_POINT('',#1024);
#3031=VERTEX_POINT('',#1030);
#3032=VERTEX_POINT('',#1037);
#3033=VERTEX_POINT('',#1043);
#3034=VERTEX_POINT('',#1050);
#3035=VERTEX_POINT('',#1055);
#3036=VERTEX_POINT('',#1062);
#3037=VERTEX_POINT('',#1067);
#3038=VERTEX_POINT('',#1072);
#3039=VERTEX_POINT('',#1077);
#3040=CARTESIAN_POINT('',(-4.5E0,1.6E0,0.E0));
#3041=DIRECTION('',(-1.E0,0.E0,0.E0));
#3042=DIRECTION('',(0.E0,-1.E0,0.E0));
#3043=AXIS2_PLACEMENT_3D('',#3040,#3041,#3042);
#3044=PLANE('',#3043);
#3046=ORIENTED_EDGE('',*,*,#3045,.T.);
#3048=ORIENTED_EDGE('',*,*,#3047,.T.);
#3050=ORIENTED_EDGE('',*,*,#3049,.T.);
#3052=ORIENTED_EDGE('',*,*,#3051,.T.);
#3053=EDGE_LOOP('',(#3046,#3048,#3050,#3052));
#3054=FACE_OUTER_BOUND('',#3053,.F.);
#3056=FILL_AREA_STYLE_COLOUR('',#15);
#3057=FILL_AREA_STYLE('',(#3056));
#3058=SURFACE_STYLE_FILL_AREA(#3057);
#3059=SURFACE_SIDE_STYLE('',(#3058));
#3060=SURFACE_STYLE_USAGE(.POSITIVE.,#3059);
#3061=PRESENTATION_STYLE_ASSIGNMENT((#3060));
#3062=STYLED_ITEM('',(#3061),#3055);
#3063=CARTESIAN_POINT('',(-3.6E0,-5.77152E0,9.E-1));
#3064=DIRECTION('',(0.E0,1.E0,0.E0));
#3065=DIRECTION('',(0.E0,0.E0,-1.E0));
#3066=AXIS2_PLACEMENT_3D('',#3063,#3064,#3065);
#3067=CYLINDRICAL_SURFACE('',#3066,9.E-1);
#3069=ORIENTED_EDGE('',*,*,#3068,.T.);
#3071=ORIENTED_EDGE('',*,*,#3070,.T.);
#3072=ORIENTED_EDGE('',*,*,#3045,.F.);
#3074=ORIENTED_EDGE('',*,*,#3073,.T.);
#3076=ORIENTED_EDGE('',*,*,#3075,.T.);
#3077=EDGE_LOOP('',(#3069,#3071,#3072,#3074,#3076));
#3078=FACE_OUTER_BOUND('',#3077,.F.);
#3080=FILL_AREA_STYLE_COLOUR('',#15);
#3081=FILL_AREA_STYLE('',(#3080));
#3082=SURFACE_STYLE_FILL_AREA(#3081);
#3083=SURFACE_SIDE_STYLE('',(#3082));
#3084=SURFACE_STYLE_USAGE(.POSITIVE.,#3083);
#3085=PRESENTATION_STYLE_ASSIGNMENT((#3084));
#3086=STYLED_ITEM('',(#3085),#3079);
#3087=CARTESIAN_POINT('',(-4.593156249778E0,-9.921378362464E-2,
6.110259292679E-1));
#3088=CARTESIAN_POINT('',(-4.595494602059E0,-6.639608307737E-2,
6.135706686696E-1));
#3089=CARTESIAN_POINT('',(-4.598267380624E0,1.131604268200E-2,
6.164715412727E-1));
#3090=CARTESIAN_POINT('',(-4.592174728588E0,1.384855006200E-1,
6.101107184817E-1));
#3091=CARTESIAN_POINT('',(-4.570700389366E0,2.808786805295E-1,
5.878212938393E-1));
#3092=CARTESIAN_POINT('',(-4.532008858792E0,4.239188407052E-1,
5.481198658616E-1));
#3093=CARTESIAN_POINT('',(-4.476014766938E0,5.590140617247E-1,
4.916875628161E-1));
#3094=CARTESIAN_POINT('',(-4.404626509496E0,6.790743688519E-1,
4.213805210016E-1));
#3095=CARTESIAN_POINT('',(-4.320908056164E0,7.797312558273E-1,
3.410671746440E-1));
#3096=CARTESIAN_POINT('',(-4.251912609983E0,8.388069030180E-1,
2.766785001281E-1));
#3097=CARTESIAN_POINT('',(-4.211869863813E0,8.662939630584E-1,
2.399583534497E-1));
#3098=CARTESIAN_POINT('',(-4.202666778863E0,8.722788977717E-1,
2.315628037223E-1));
#3099=CARTESIAN_POINT('',(-4.204466753949E0,-6.740897953962E-2,
3.384192694659E-1));
#3100=CARTESIAN_POINT('',(-4.206128817572E0,-4.512743947109E-2,
3.406737300898E-1));
#3101=CARTESIAN_POINT('',(-4.208101994278E0,7.691253645844E-3,
3.432504106278E-1));
#3102=CARTESIAN_POINT('',(-4.203765842066E0,9.412408412979E-2,
3.375999879222E-1));
#3103=CARTESIAN_POINT('',(-4.188507659081E0,1.905010217283E-1,
3.177405880625E-1));
#3104=CARTESIAN_POINT('',(-4.161125801979E0,2.863619550646E-1,
2.821251753470E-1));
#3105=CARTESIAN_POINT('',(-4.121768023826E0,3.753084186683E-1,
2.309412467720E-1));
#3106=CARTESIAN_POINT('',(-4.072092791650E0,4.521205613152E-1,
1.662225826853E-1));
#3107=CARTESIAN_POINT('',(-4.014636348102E0,5.136593465080E-1,
9.096953298743E-2));
#3108=CARTESIAN_POINT('',(-3.968142389894E0,5.471595181626E-1,
2.943776381657E-2));
#3109=CARTESIAN_POINT('',(-3.941563134379E0,5.616316682463E-1,
-6.118318093587E-3));
#3110=CARTESIAN_POINT('',(-3.935476604882E0,5.647143119071E-1,
-1.427370825904E-2));
#3111=CARTESIAN_POINT('',(-3.989999496854E0,-3.494866673862E-2,
-8.506467143295E-2));
#3112=CARTESIAN_POINT('',(-3.990858494780E0,-2.339605740392E-2,
-8.326114770435E-2));
#3113=CARTESIAN_POINT('',(-3.991878201733E0,3.987482697121E-3,
-8.118808704631E-2));
#3114=CARTESIAN_POINT('',(-3.989637362574E0,4.879809585462E-2,
-8.573493059508E-2));
#3115=CARTESIAN_POINT('',(-3.981751342631E0,9.877906946032E-2,
-1.018193805978E-1));
#3116=CARTESIAN_POINT('',(-3.967595460550E0,1.485278505819E-1,
-1.310873260610E-1));
#3117=CARTESIAN_POINT('',(-3.947238711918E0,1.947478468486E-1,
-1.741181071461E-1));
#3118=CARTESIAN_POINT('',(-3.921527561388E0,2.347476793222E-1,
-2.301554417852E-1));
#3119=CARTESIAN_POINT('',(-3.891760136786E0,2.669062124584E-1,
-2.975475156245E-1));
#3120=CARTESIAN_POINT('',(-3.867640824013E0,2.845200509485E-1,
-3.546411924348E-1));
#3121=CARTESIAN_POINT('',(-3.853837433324E0,2.921786662314E-1,
-3.883889445857E-1));
#3122=CARTESIAN_POINT('',(-3.850675678127E0,2.938132584529E-1,
-3.961712561264E-1));
#3123=CARTESIAN_POINT('',(-4.000072201128E0,-9.448595235464E-3,
-5.600692467896E-1));
#3124=CARTESIAN_POINT('',(-4.000189769400E0,-6.300494437330E-3,
-5.587715204898E-1));
#3125=CARTESIAN_POINT('',(-4.000325839178E0,1.073698469217E-3,
-5.572633496047E-1));
#3126=CARTESIAN_POINT('',(-4.000027529671E0,1.314179548112E-2,
-5.605723536556E-1));
#3127=CARTESIAN_POINT('',(-3.998940042799E0,2.723237788194E-2,
-5.724225971616E-1));
#3128=CARTESIAN_POINT('',(-3.996823395119E0,4.275478873836E-2,
-5.945708488288E-1));
#3129=CARTESIAN_POINT('',(-3.993374422130E0,5.969497492430E-2,
-6.284565786210E-1));
#3130=CARTESIAN_POINT('',(-3.988256022181E0,7.795515529344E-2,
-6.747564219184E-1));
#3131=CARTESIAN_POINT('',(-3.981108303618E0,9.736440066589E-2,
-7.333311614057E-1));
#3132=CARTESIAN_POINT('',(-3.973987315485E0,1.125082565006E-1,
-7.854468119593E-1));
#3133=CARTESIAN_POINT('',(-3.969274725250E0,1.211532850811E-1,
-8.171662347535E-1));
#3134=CARTESIAN_POINT('',(-3.968159760633E0,1.231338033541E-1,
-8.245300792956E-1));
#3135=(BOUNDED_SURFACE()B_SPLINE_SURFACE(3,3,((#3087,#3088,#3089,#3090,#3091,
#3092,#3093,#3094,#3095,#3096,#3097,#3098),(#3099,#3100,#3101,#3102,#3103,#3104,
#3105,#3106,#3107,#3108,#3109,#3110),(#3111,#3112,#3113,#3114,#3115,#3116,#3117,
#3118,#3119,#3120,#3121,#3122),(#3123,#3124,#3125,#3126,#3127,#3128,#3129,#3130,
#3131,#3132,#3133,#3134)),.UNSPECIFIED.,.F.,.F.,.F.)B_SPLINE_SURFACE_WITH_KNOTS(
(4,4),(4,1,1,1,1,1,1,1,1,4),(0.E0,1.E0),(-7.922922380413E-2,0.E0,
1.062591488851E-1,2.241273555757E-1,3.542660403887E-1,4.969148754123E-1,
6.522249403359E-1,8.200469758257E-1,1.E0,1.053812898499E0),.UNSPECIFIED.)GEOMETRIC_REPRESENTATION_ITEM()RATIONAL_B_SPLINE_SURFACE(((1.062309010310E0,
1.062309010310E0,1.062309010310E0,1.062309010310E0,1.062309010310E0,
1.062309010310E0,1.062309010310E0,1.062309010310E0,1.062309010310E0,
1.062309010310E0,1.062309010310E0,1.062309010310E0),(9.792303298965E-1,
9.792303298965E-1,9.792303298965E-1,9.792303298965E-1,9.792303298965E-1,
9.792303298965E-1,9.792303298965E-1,9.792303298965E-1,9.792303298965E-1,
9.792303298965E-1,9.792303298965E-1,9.792303298965E-1),(9.792303298965E-1,
9.792303298965E-1,9.792303298965E-1,9.792303298965E-1,9.792303298965E-1,
9.792303298965E-1,9.792303298965E-1,9.792303298965E-1,9.792303298965E-1,
9.792303298965E-1,9.792303298965E-1,9.792303298965E-1),(1.062309010310E0,
1.062309010310E0,1.062309010310E0,1.062309010310E0,1.062309010310E0,
1.062309010310E0,1.062309010310E0,1.062309010310E0,1.062309010310E0,
1.062309010310E0,1.062309010310E0,1.062309010310E0)))REPRESENTATION_ITEM('')SURFACE());
#3136=ORIENTED_EDGE('',*,*,#3068,.F.);
#3138=ORIENTED_EDGE('',*,*,#3137,.T.);
#3140=ORIENTED_EDGE('',*,*,#3139,.T.);
#3142=ORIENTED_EDGE('',*,*,#3141,.F.);
#3143=EDGE_LOOP('',(#3136,#3138,#3140,#3142));
#3144=FACE_OUTER_BOUND('',#3143,.F.);
#3146=FILL_AREA_STYLE_COLOUR('',#15);
#3147=FILL_AREA_STYLE('',(#3146));
#3148=SURFACE_STYLE_FILL_AREA(#3147);
#3149=SURFACE_SIDE_STYLE('',(#3148));
#3150=SURFACE_STYLE_USAGE(.POSITIVE.,#3149);
#3151=PRESENTATION_STYLE_ASSIGNMENT((#3150));
#3152=STYLED_ITEM('',(#3151),#3145);
#3153=CARTESIAN_POINT('',(-4.203162889537E0,-8.718904523886E-1,
2.320037470985E-1));
#3154=CARTESIAN_POINT('',(-4.212204088084E0,-8.660008134765E-1,
2.402597892601E-1));
#3155=CARTESIAN_POINT('',(-4.236173220990E0,-8.495313387272E-1,
2.622453475551E-1));
#3156=CARTESIAN_POINT('',(-4.274503822726E0,-8.192749485167E-1,
2.977750446263E-1));
#3157=CARTESIAN_POINT('',(-4.317994290429E0,-7.787141351769E-1,
3.386118096822E-1));
#3158=CARTESIAN_POINT('',(-4.360718710027E0,-7.318200088254E-1,
3.792627836640E-1));
#3159=CARTESIAN_POINT('',(-4.402839100722E0,-6.771100987626E-1,
4.198887513990E-1));
#3160=CARTESIAN_POINT('',(-4.443634472170E0,-6.137841618257E-1,
4.597865277762E-1));
#3161=CARTESIAN_POINT('',(-4.482249718669E0,-5.411080165793E-1,
4.980755161824E-1));
#3162=CARTESIAN_POINT('',(-4.517770263386E0,-4.580466210240E-1,
5.337705608417E-1));
#3163=CARTESIAN_POINT('',(-4.548922196440E0,-3.637603911672E-1,
5.654700316891E-1));
#3164=CARTESIAN_POINT('',(-4.574473033613E0,-2.563007241348E-1,
5.917565162350E-1));
#3165=CARTESIAN_POINT('',(-4.592276892548E0,-1.339847758439E-1,
6.102335495661E-1));
#3166=CARTESIAN_POINT('',(-4.598260927931E0,-1.258636386532E-2,
6.164841883433E-1));
#3167=CARTESIAN_POINT('',(-4.595445935637E0,6.633821641460E-2,
6.135344124964E-1));
#3168=CARTESIAN_POINT('',(-4.593111296310E0,9.912573787339E-2,
6.109844059123E-1));
#3169=CARTESIAN_POINT('',(-3.935820506822E0,-5.645089368754E-1,
-1.384837684448E-2));
#3170=CARTESIAN_POINT('',(-3.941800550626E0,-5.614733743344E-1,
-5.830600321895E-3));
#3171=CARTESIAN_POINT('',(-3.957711708513E0,-5.527985089667E-1,
1.545585810420E-2));
#3172=CARTESIAN_POINT('',(-3.983387710154E0,-5.360620777172E-1,
4.958660337762E-2));
#3173=CARTESIAN_POINT('',(-4.012811588031E0,-5.125497107978E-1,
8.844043085713E-2));
#3174=CARTESIAN_POINT('',(-4.041975084061E0,-4.843696700559E-1,
1.267543478289E-1));
#3175=CARTESIAN_POINT('',(-4.070961853176E0,-4.505159110373E-1,
1.646827427135E-1));
#3176=CARTESIAN_POINT('',(-4.099245596265E0,-4.103775188136E-1,
2.015826871437E-1));
#3177=CARTESIAN_POINT('',(-4.126195327117E0,-3.633983643185E-1,
2.366750644765E-1));
#3178=CARTESIAN_POINT('',(-4.151129960981E0,-3.088355002486E-1,
2.691110461734E-1));
#3179=CARTESIAN_POINT('',(-4.173107076466E0,-2.460917831251E-1,
2.976928627906E-1));
#3180=CARTESIAN_POINT('',(-4.191205378401E0,-1.738661736136E-1,
3.212377379504E-1));
#3181=CARTESIAN_POINT('',(-4.203854892510E0,-9.106454159306E-2,
3.377016636723E-1));
#3182=CARTESIAN_POINT('',(-4.208113868668E0,-8.554755876768E-3,
3.432536117047E-1));
#3183=CARTESIAN_POINT('',(-4.206110669036E0,4.508808821418E-2,
3.406339471656E-1));
#3184=CARTESIAN_POINT('',(-4.204451341714E0,6.734944691011E-2,
3.383755459885E-1));
#3185=CARTESIAN_POINT('',(-3.850863902393E0,-2.937091635994E-1,
-3.957504534728E-1));
#3186=CARTESIAN_POINT('',(-3.853970358165E0,-2.920995471853E-1,
-3.881027943234E-1));
#3187=CARTESIAN_POINT('',(-3.862233545950E0,-2.875087760212E-1,
-3.679023045171E-1));
#3188=CARTESIAN_POINT('',(-3.875559159488E0,-2.786900131903E-1,
-3.359446647191E-1));
#3189=CARTESIAN_POINT('',(-3.890818933421E0,-2.663498454408E-1,
-3.001710952666E-1));
#3190=CARTESIAN_POINT('',(-3.905934071630E0,-2.516031789387E-1,
-2.654875188062E-1));
#3191=CARTESIAN_POINT('',(-3.920948925770E0,-2.339283746453E-1,
-2.317494829750E-1));
#3192=CARTESIAN_POINT('',(-3.935591979936E0,-2.130111867661E-1,
-1.995063144459E-1));
#3193=CARTESIAN_POINT('',(-3.949537944836E0,-1.885654071159E-1,
-1.693794927793E-1));
#3194=CARTESIAN_POINT('',(-3.962435916079E0,-1.602073174493E-1,
-1.420060783412E-1));
#3195=CARTESIAN_POINT('',(-3.973800133429E0,-1.276283113691E-1,
-1.182671673113E-1));
#3196=CARTESIAN_POINT('',(-3.983156049877E0,-9.015300157856E-2,
-9.898105673349E-2));
#3197=CARTESIAN_POINT('',(-3.989693844062E0,-4.721229909037E-2,
-8.564425460169E-2));
#3198=CARTESIAN_POINT('',(-3.991894798947E0,-4.435192776329E-3,
-8.117763966342E-2));
#3199=CARTESIAN_POINT('',(-3.990859574435E0,2.337584756545E-2,
-8.328451549057E-2));
#3200=CARTESIAN_POINT('',(-3.990001985819E0,3.491807777541E-2,
-8.508994229961E-2));
#3201=CARTESIAN_POINT('',(-3.968223608331E0,-1.230198435453E-1,
-8.241095471753E-1));
#3202=CARTESIAN_POINT('',(-3.969318176816E0,-1.210735208750E-1,
-8.168770288494E-1));
#3203=CARTESIAN_POINT('',(-3.972137587339E0,-1.158982140485E-1,
-7.978946118483E-1));
#3204=CARTESIAN_POINT('',(-3.976314384043E0,-1.075373708598E-1,
-7.683744280080E-1));
#3205=CARTESIAN_POINT('',(-3.980635390801E0,-9.787219488799E-2,
-7.360558189173E-1));
#3206=CARTESIAN_POINT('',(-3.984510434168E0,-8.812676708993E-2,
-7.054442008630E-1));
#3207=CARTESIAN_POINT('',(-3.987992843943E0,-7.815819314016E-2,
-6.764062662262E-1));
#3208=CARTESIAN_POINT('',(-3.991066208107E0,-6.798663970257E-2,
-6.493863536744E-1));
#3209=CARTESIAN_POINT('',(-3.993720796266E0,-5.762436545867E-2,
-6.248291297007E-1));
#3210=CARTESIAN_POINT('',(-3.995955113464E0,-4.702974166068E-2,
-6.031341256603E-1));
#3211=CARTESIAN_POINT('',(-3.997758102124E0,-3.616110573802E-2,
-5.848272423025E-1));
#3212=CARTESIAN_POINT('',(-3.999132716905E0,-2.480003507704E-2,
-5.703179597344E-1));
#3213=CARTESIAN_POINT('',(-4.000035204893E0,-1.271563612177E-2,
-5.604886845550E-1));
#3214=CARTESIAN_POINT('',(-4.000327981286E0,-1.194110135289E-3,
-5.572394295867E-1));
#3215=CARTESIAN_POINT('',(-4.000189830663E0,6.295112695338E-3,
-5.587711377954E-1));
#3216=CARTESIAN_POINT('',(-4.000072322266E0,9.439919987656E-3,
-5.600684875301E-1));
#3217=(BOUNDED_SURFACE()B_SPLINE_SURFACE(3,3,((#3153,#3154,#3155,#3156,#3157,
#3158,#3159,#3160,#3161,#3162,#3163,#3164,#3165,#3166,#3167,#3168),(#3169,#3170,
#3171,#3172,#3173,#3174,#3175,#3176,#3177,#3178,#3179,#3180,#3181,#3182,#3183,
#3184),(#3185,#3186,#3187,#3188,#3189,#3190,#3191,#3192,#3193,#3194,#3195,#3196,
#3197,#3198,#3199,#3200),(#3201,#3202,#3203,#3204,#3205,#3206,#3207,#3208,#3209,
#3210,#3211,#3212,#3213,#3214,#3215,#3216)),.UNSPECIFIED.,.F.,.F.,.F.)B_SPLINE_SURFACE_WITH_KNOTS((4,4),(4,1,1,1,1,1,1,1,1,1,1,1,1,4),(0.E0,1.E0),(
-5.286334610029E-2,0.E0,8.705067752999E-2,1.705799120920E-1,2.550620285941E-1,
3.413597082348E-1,4.281153960049E-1,5.155855478368E-1,6.049198378179E-1,
6.961643732993E-1,7.895930578561E-1,8.907794869800E-1,1.E0,1.079157384509E0),
.UNSPECIFIED.)GEOMETRIC_REPRESENTATION_ITEM()RATIONAL_B_SPLINE_SURFACE(((
1.062303183557E0,1.062303183557E0,1.062303183557E0,1.062303183557E0,
1.062303183557E0,1.062303183557E0,1.062303183557E0,1.062303183557E0,
1.062303183557E0,1.062303183557E0,1.062303183557E0,1.062303183557E0,
1.062303183557E0,1.062303183557E0,1.062303183557E0,1.062303183557E0),(
9.792322721477E-1,9.792322721477E-1,9.792322721477E-1,9.792322721477E-1,
9.792322721477E-1,9.792322721477E-1,9.792322721477E-1,9.792322721477E-1,
9.792322721477E-1,9.792322721477E-1,9.792322721477E-1,9.792322721477E-1,
9.792322721477E-1,9.792322721477E-1,9.792322721477E-1,9.792322721477E-1),(
9.792322721477E-1,9.792322721477E-1,9.792322721477E-1,9.792322721477E-1,
9.792322721477E-1,9.792322721477E-1,9.792322721477E-1,9.792322721477E-1,
9.792322721477E-1,9.792322721477E-1,9.792322721477E-1,9.792322721477E-1,
9.792322721477E-1,9.792322721477E-1,9.792322721477E-1,9.792322721477E-1),(
1.062303183557E0,1.062303183557E0,1.062303183557E0,1.062303183557E0,
1.062303183557E0,1.062303183557E0,1.062303183557E0,1.062303183557E0,
1.062303183557E0,1.062303183557E0,1.062303183557E0,1.062303183557E0,
1.062303183557E0,1.062303183557E0,1.062303183557E0,1.062303183557E0)))REPRESENTATION_ITEM('')SURFACE());
#3218=ORIENTED_EDGE('',*,*,#3075,.F.);
#3220=ORIENTED_EDGE('',*,*,#3219,.T.);
#3222=ORIENTED_EDGE('',*,*,#3221,.T.);
#3223=ORIENTED_EDGE('',*,*,#3137,.F.);
#3224=EDGE_LOOP('',(#3218,#3220,#3222,#3223));
#3225=FACE_OUTER_BOUND('',#3224,.F.);
#3227=FILL_AREA_STYLE_COLOUR('',#15);
#3228=FILL_AREA_STYLE('',(#3227));
#3229=SURFACE_STYLE_FILL_AREA(#3228);
#3230=SURFACE_SIDE_STYLE('',(#3229));
#3231=SURFACE_STYLE_USAGE(.POSITIVE.,#3230);
#3232=PRESENTATION_STYLE_ASSIGNMENT((#3231));
#3233=STYLED_ITEM('',(#3232),#3226);
#3234=CARTESIAN_POINT('',(-3.653208928649E0,-1.100937305634E0,
9.357351599900E-2));
#3235=CARTESIAN_POINT('',(-3.662499037872E0,-1.101786460510E0,
9.365106275118E-2));
#3236=CARTESIAN_POINT('',(-3.689354171167E0,-1.104038042161E0,
9.420555105204E-2));
#3237=CARTESIAN_POINT('',(-3.733279388900E0,-1.106886914080E0,
9.683261608723E-2));
#3238=CARTESIAN_POINT('',(-3.784866378502E0,-1.109184747021E0,
1.027123810950E-1));
#3239=CARTESIAN_POINT('',(-3.835714458900E0,-1.110563595428E0,
1.113594811798E-1));
#3240=CARTESIAN_POINT('',(-3.885622947436E0,-1.111110968419E0,
1.226201477899E-1));
#3241=CARTESIAN_POINT('',(-3.935161652953E0,-1.110832952075E0,
1.364096063970E-1));
#3242=CARTESIAN_POINT('',(-3.986625633326E0,-1.109574462587E0,
1.533337906570E-1));
#3243=CARTESIAN_POINT('',(-4.042582014702E0,-1.106916783452E0,
1.745727437826E-1));
#3244=CARTESIAN_POINT('',(-4.104702172769E0,-1.102119065235E0,
2.013983062187E-1));
#3245=CARTESIAN_POINT('',(-4.173577553860E0,-1.094183367951E0,
2.348388867994E-1));
#3246=CARTESIAN_POINT('',(-4.249601577443E0,-1.081849892052E0,
2.759639116130E-1));
#3247=CARTESIAN_POINT('',(-4.333388055514E0,-1.063523572901E0,
3.262089878006E-1));
#3248=CARTESIAN_POINT('',(-4.398037091320E0,-1.045109190791E0,
3.691629328710E-1));
#3249=CARTESIAN_POINT('',(-4.434552984464E0,-1.033166881314E0,
3.949474145756E-1));
#3250=CARTESIAN_POINT('',(-4.440794672858E0,-1.031080060466E0,
3.993990166389E-1));
#3251=CARTESIAN_POINT('',(-3.699384902361E0,-5.565471248587E-1,
-1.372344178858E-1));
#3252=CARTESIAN_POINT('',(-3.702159875661E0,-5.568403328946E-1,
-1.371538913704E-1));
#3253=CARTESIAN_POINT('',(-3.710059518889E0,-5.578112201294E-1,
-1.365638143981E-1));
#3254=CARTESIAN_POINT('',(-3.722496880093E0,-5.601290621807E-1,
-1.337586839405E-1));
#3255=CARTESIAN_POINT('',(-3.736691310659E0,-5.642658349996E-1,
-1.274593141359E-1));
#3256=CARTESIAN_POINT('',(-3.750686667624E0,-5.699077236374E-1,
-1.181698059387E-1));
#3257=CARTESIAN_POINT('',(-3.764864078507E0,-5.769574444827E-1,
-1.060488921105E-1));
#3258=CARTESIAN_POINT('',(-3.779752367607E0,-5.852541300745E-1,
-9.118809598695E-2));
#3259=CARTESIAN_POINT('',(-3.796394773967E0,-5.949457572843E-1,
-7.293810200441E-2));
#3260=CARTESIAN_POINT('',(-3.816114558281E0,-6.063380791849E-1,
-5.003087017686E-2));
#3261=CARTESIAN_POINT('',(-3.840232588302E0,-6.194673633958E-1,
-2.110552855153E-2));
#3262=CARTESIAN_POINT('',(-3.869833087170E0,-6.338848274235E-1,
1.492835948421E-2));
#3263=CARTESIAN_POINT('',(-3.905960020150E0,-6.488106116864E-1,
5.919968283200E-2));
#3264=CARTESIAN_POINT('',(-3.949799243881E0,-6.632451524011E-1,
1.132337235398E-1));
#3265=CARTESIAN_POINT('',(-3.986852472630E0,-6.721496248232E-1,
1.593936419806E-1));
#3266=CARTESIAN_POINT('',(-4.008854512592E0,-6.762845126484E-1,
1.871082630665E-1));
#3267=CARTESIAN_POINT('',(-4.012646464953E0,-6.769646719859E-1,
1.918937474824E-1));
#3268=CARTESIAN_POINT('',(-3.728095095683E0,-2.357454086325E-1,
-6.352558847858E-1));
#3269=CARTESIAN_POINT('',(-3.728740272289E0,-2.358320579734E-1,
-6.351689287425E-1));
#3270=CARTESIAN_POINT('',(-3.730519926762E0,-2.361971306274E-1,
-6.345020609855E-1));
#3271=CARTESIAN_POINT('',(-3.733092498207E0,-2.374211576895E-1,
-6.313127132206E-1));
#3272=CARTESIAN_POINT('',(-3.735825330829E0,-2.399945254471E-1,
-6.241079490783E-1));
#3273=CARTESIAN_POINT('',(-3.738521986521E0,-2.437490334427E-1,
-6.134322968907E-1));
#3274=CARTESIAN_POINT('',(-3.741477087454E0,-2.486044164340E-1,
-5.994552008497E-1));
#3275=CARTESIAN_POINT('',(-3.744981085026E0,-2.544472878525E-1,
-5.822827464028E-1));
#3276=CARTESIAN_POINT('',(-3.749443601299E0,-2.614028037603E-1,
-5.611720114927E-1));
#3277=CARTESIAN_POINT('',(-3.755432194743E0,-2.697432756919E-1,
-5.346650827553E-1));
#3278=CARTESIAN_POINT('',(-3.763637719715E0,-2.795974342741E-1,
-5.012089821808E-1));
#3279=CARTESIAN_POINT('',(-3.774736147333E0,-2.907905530317E-1,
-4.595794338871E-1));
#3280=CARTESIAN_POINT('',(-3.789402913359E0,-3.029528282256E-1,
-4.085192442083E-1));
#3281=CARTESIAN_POINT('',(-3.808381967507E0,-3.156075322602E-1,
-3.463096367569E-1));
#3282=CARTESIAN_POINT('',(-3.825283712250E0,-3.244058720046E-1,
-2.932320897325E-1));
#3283=CARTESIAN_POINT('',(-3.835581119425E0,-3.289646230387E-1,
-2.613527467942E-1));
#3284=CARTESIAN_POINT('',(-3.837363038544E0,-3.297315808961E-1,
-2.558468340281E-1));
#3285=CARTESIAN_POINT('',(-3.729406625750E0,-2.495201198189E-1,
-1.228190098022E0));
#3286=CARTESIAN_POINT('',(-3.733044191934E0,-2.498210618467E-1,
-1.228095487114E0));
#3287=CARTESIAN_POINT('',(-3.743656695157E0,-2.504647937895E-1,
-1.227337193813E0));
#3288=CARTESIAN_POINT('',(-3.761400470866E0,-2.504106485718E-1,
-1.223690404749E0));
#3289=CARTESIAN_POINT('',(-3.782568042575E0,-2.485591585191E-1,
-1.215407696552E0));
#3290=CARTESIAN_POINT('',(-3.803429037636E0,-2.449288432158E-1,
-1.203081729567E0));
#3291=CARTESIAN_POINT('',(-3.823553185647E0,-2.396523790335E-1,
-1.186894700796E0));
#3292=CARTESIAN_POINT('',(-3.842877646774E0,-2.328618677360E-1,
-1.166970033040E0));
#3293=CARTESIAN_POINT('',(-3.862015840791E0,-2.243416584164E-1,
-1.142453358258E0));
#3294=CARTESIAN_POINT('',(-3.881529237928E0,-2.135842797447E-1,
-1.111660703710E0));
#3295=CARTESIAN_POINT('',(-3.901417139797E0,-2.000942818267E-1,
-1.072810373827E0));
#3296=CARTESIAN_POINT('',(-3.921187479867E0,-1.836010774063E-1,
-1.024518746420E0));
#3297=CARTESIAN_POINT('',(-3.940255589468E0,-1.639331671962E-1,
-9.653758707845E-1));
#3298=CARTESIAN_POINT('',(-3.958062446622E0,-1.408831091723E-1,
-8.934326001137E-1));
#3299=CARTESIAN_POINT('',(-3.969228851460E0,-1.221870478162E-1,
-8.321190654176E-1));
#3300=CARTESIAN_POINT('',(-3.974680305096E0,-1.113696837562E-1,
-7.952812894817E-1));
#3301=CARTESIAN_POINT('',(-3.975587306174E0,-1.095132287323E-1,
-7.889176493978E-1));
#3302=(BOUNDED_SURFACE()B_SPLINE_SURFACE(3,3,((#3234,#3235,#3236,#3237,#3238,
#3239,#3240,#3241,#3242,#3243,#3244,#3245,#3246,#3247,#3248,#3249,#3250),(#3251,
#3252,#3253,#3254,#3255,#3256,#3257,#3258,#3259,#3260,#3261,#3262,#3263,#3264,
#3265,#3266,#3267),(#3268,#3269,#3270,#3271,#3272,#3273,#3274,#3275,#3276,#3277,
#3278,#3279,#3280,#3281,#3282,#3283,#3284),(#3285,#3286,#3287,#3288,#3289,#3290,
#3291,#3292,#3293,#3294,#3295,#3296,#3297,#3298,#3299,#3300,#3301)),
.UNSPECIFIED.,.F.,.F.,.F.)B_SPLINE_SURFACE_WITH_KNOTS((4,4),(4,1,1,1,1,1,1,1,1,
1,1,1,1,1,4),(0.E0,1.E0),(-3.701310691544E-2,0.E0,7.060552218581E-2,
1.418682482557E-1,2.138831436203E-1,2.838485125335E-1,3.520534392719E-1,
4.219645346323E-1,4.983084619494E-1,5.824831170261E-1,6.738795968306E-1,
7.729898687370E-1,8.811712369058E-1,1.E0,1.024558591158E0),.UNSPECIFIED.)GEOMETRIC_REPRESENTATION_ITEM()RATIONAL_B_SPLINE_SURFACE(((1.094681942656E0,
1.094681942656E0,1.094681942656E0,1.094681942656E0,1.094681942656E0,
1.094681942656E0,1.094681942656E0,1.094681942656E0,1.094681942656E0,
1.094681942656E0,1.094681942656E0,1.094681942656E0,1.094681942656E0,
1.094681942656E0,1.094681942656E0,1.094681942656E0,1.094681942656E0),(
9.684393524479E-1,9.684393524479E-1,9.684393524479E-1,9.684393524479E-1,
9.684393524479E-1,9.684393524479E-1,9.684393524479E-1,9.684393524479E-1,
9.684393524479E-1,9.684393524479E-1,9.684393524479E-1,9.684393524479E-1,
9.684393524479E-1,9.684393524479E-1,9.684393524479E-1,9.684393524479E-1,
9.684393524479E-1),(9.684393524479E-1,9.684393524479E-1,9.684393524479E-1,
9.684393524479E-1,9.684393524479E-1,9.684393524479E-1,9.684393524479E-1,
9.684393524479E-1,9.684393524479E-1,9.684393524479E-1,9.684393524479E-1,
9.684393524479E-1,9.684393524479E-1,9.684393524479E-1,9.684393524479E-1,
9.684393524479E-1,9.684393524479E-1),(1.094681942656E0,1.094681942656E0,
1.094681942656E0,1.094681942656E0,1.094681942656E0,1.094681942656E0,
1.094681942656E0,1.094681942656E0,1.094681942656E0,1.094681942656E0,
1.094681942656E0,1.094681942656E0,1.094681942656E0,1.094681942656E0,
1.094681942656E0,1.094681942656E0,1.094681942656E0)))REPRESENTATION_ITEM('')SURFACE());
#3304=ORIENTED_EDGE('',*,*,#3303,.F.);
#3306=ORIENTED_EDGE('',*,*,#3305,.T.);
#3308=ORIENTED_EDGE('',*,*,#3307,.T.);
#3309=ORIENTED_EDGE('',*,*,#3219,.F.);
#3310=EDGE_LOOP('',(#3304,#3306,#3308,#3309));
#3311=FACE_OUTER_BOUND('',#3310,.F.);
#3313=FILL_AREA_STYLE_COLOUR('',#15);
#3314=FILL_AREA_STYLE('',(#3313));
#3315=SURFACE_STYLE_FILL_AREA(#3314);
#3316=SURFACE_SIDE_STYLE('',(#3315));
#3317=SURFACE_STYLE_USAGE(.POSITIVE.,#3316);
#3318=PRESENTATION_STYLE_ASSIGNMENT((#3317));
#3319=STYLED_ITEM('',(#3318),#3312);
#3320=CARTESIAN_POINT('',(-3.777940757249E0,-1.599525541982E0,
9.151392719325E-1));
#3321=CARTESIAN_POINT('',(-3.778135199021E0,-1.600458783992E0,
8.593852895124E-1));
#3322=CARTESIAN_POINT('',(-3.776338365134E0,-1.591789539423E0,
7.455761726503E-1));
#3323=CARTESIAN_POINT('',(-3.766824745756E0,-1.546405130121E0,
5.786871794959E-1));
#3324=CARTESIAN_POINT('',(-3.750152548758E0,-1.468236009234E0,
4.206899191715E-1));
#3325=CARTESIAN_POINT('',(-3.726643044627E0,-1.359668730292E0,
2.795227259266E-1));
#3326=CARTESIAN_POINT('',(-3.697369498607E0,-1.225921032417E0,
1.628326773195E-1));
#3327=CARTESIAN_POINT('',(-3.674834903759E0,-1.123662768862E0,
1.040943409790E-1));
#3328=CARTESIAN_POINT('',(-3.663172056062E0,-1.070855409802E0,
8.020448110171E-2));
#3329=CARTESIAN_POINT('',(-4.208463944754E0,-1.612954979555E0,
9.227990648346E-1));
#3330=CARTESIAN_POINT('',(-4.209122663594E0,-1.614846401953E0,
8.388586978203E-1));
#3331=CARTESIAN_POINT('',(-4.202768117372E0,-1.597001867100E0,
6.669988904208E-1));
#3332=CARTESIAN_POINT('',(-4.172581086217E0,-1.508515458257E0,
4.316329194007E-1));
#3333=CARTESIAN_POINT('',(-4.128974062264E0,-1.369975686922E0,
2.359167075580E-1));
#3334=CARTESIAN_POINT('',(-4.079385276259E0,-1.197431802925E0,
8.897474055257E-2));
#3335=CARTESIAN_POINT('',(-4.028856096275E0,-1.006417668611E0,
-6.958071567436E-3));
#3336=CARTESIAN_POINT('',(-3.996124991941E0,-8.741555279676E-1,
-3.912444138388E-2));
#3337=CARTESIAN_POINT('',(-3.980401071224E0,-8.090134449465E-1,
-4.783569366556E-2));
#3338=CARTESIAN_POINT('',(-4.513050458345E0,-1.308297324192E0,
9.227980882266E-1));
#3339=CARTESIAN_POINT('',(-4.514037643891E0,-1.310523844314E0,
8.388769246942E-1));
#3340=CARTESIAN_POINT('',(-4.504458607676E0,-1.289377236463E0,
6.667014537255E-1));
#3341=CARTESIAN_POINT('',(-4.459645552651E0,-1.187005079976E0,
4.423535746268E-1));
#3342=CARTESIAN_POINT('',(-4.396982679270E0,-1.034112003696E0,
2.757638311422E-1));
#3343=CARTESIAN_POINT('',(-4.328943324808E0,-8.553364990152E-1,
1.741043642887E-1));
#3344=CARTESIAN_POINT('',(-4.263376210445E0,-6.715057616258E-1,
1.332090315198E-1));
#3345=CARTESIAN_POINT('',(-4.223431280316E0,-5.542386322855E-1,
1.398659635275E-1));
#3346=CARTESIAN_POINT('',(-4.204834231951E0,-4.990190994264E-1,
1.499593750421E-1));
#3347=CARTESIAN_POINT('',(-4.499520437427E0,-8.777773236252E-1,
9.151369583027E-1));
#3348=CARTESIAN_POINT('',(-4.500493032171E0,-8.795044277980E-1,
8.594284698282E-1));
#3349=CARTESIAN_POINT('',(-4.491057230850E0,-8.630124180329E-1,
7.448715312237E-1));
#3350=CARTESIAN_POINT('',(-4.446893877634E0,-7.847320238572E-1,
6.040849125675E-1));
#3351=CARTESIAN_POINT('',(-4.385077483102E0,-6.725592530048E-1,
5.150896164951E-1));
#3352=CARTESIAN_POINT('',(-4.317857720336E0,-5.492289735383E-1,
4.811987815891E-1));
#3353=CARTESIAN_POINT('',(-4.252958605236E0,-4.324990785667E-1,
4.948950927710E-1));
#3354=CARTESIAN_POINT('',(-4.213334120069E0,-3.657646973166E-1,
5.281309721742E-1));
#3355=CARTESIAN_POINT('',(-4.194864698751E0,-3.364643231456E-1,
5.487902393347E-1));
#3356=(BOUNDED_SURFACE()B_SPLINE_SURFACE(3,3,((#3320,#3321,#3322,#3323,#3324,
#3325,#3326,#3327,#3328),(#3329,#3330,#3331,#3332,#3333,#3334,#3335,#3336,
#3337),(#3338,#3339,#3340,#3341,#3342,#3343,#3344,#3345,#3346),(#3347,#3348,
#3349,#3350,#3351,#3352,#3353,#3354,#3355)),.UNSPECIFIED.,.F.,.F.,.F.)B_SPLINE_SURFACE_WITH_KNOTS((4,4),(4,1,1,1,1,1,4),(0.E0,1.E0),(3.374904545897E-3,
1.210522801718E-1,2.427285789612E-1,3.660549716615E-1,4.904470919503E-1,
6.165294606484E-1,7.397316167024E-1),.UNSPECIFIED.)GEOMETRIC_REPRESENTATION_ITEM()RATIONAL_B_SPLINE_SURFACE(((1.187279469703E0,1.187279469703E0,1.187279469703E0,
1.187279469703E0,1.187279469703E0,1.187279469703E0,1.187279469703E0,
1.187279469703E0,1.187279469703E0),(9.375735100988E-1,9.375735100988E-1,
9.375735100988E-1,9.375735100988E-1,9.375735100988E-1,9.375735100988E-1,
9.375735100988E-1,9.375735100988E-1,9.375735100988E-1),(9.375735100988E-1,
9.375735100988E-1,9.375735100988E-1,9.375735100988E-1,9.375735100988E-1,
9.375735100988E-1,9.375735100988E-1,9.375735100988E-1,9.375735100988E-1),(
1.187279469703E0,1.187279469703E0,1.187279469703E0,1.187279469703E0,
1.187279469703E0,1.187279469703E0,1.187279469703E0,1.187279469703E0,
1.187279469703E0)))REPRESENTATION_ITEM('')SURFACE());
#3357=ORIENTED_EDGE('',*,*,#3303,.T.);
#3358=ORIENTED_EDGE('',*,*,#3073,.F.);
#3360=ORIENTED_EDGE('',*,*,#3359,.F.);
#3362=ORIENTED_EDGE('',*,*,#3361,.F.);
#3363=EDGE_LOOP('',(#3357,#3358,#3360,#3362));
#3364=FACE_OUTER_BOUND('',#3363,.F.);
#3366=FILL_AREA_STYLE_COLOUR('',#15);
#3367=FILL_AREA_STYLE('',(#3366));
#3368=SURFACE_STYLE_FILL_AREA(#3367);
#3369=SURFACE_SIDE_STYLE('',(#3368));
#3370=SURFACE_STYLE_USAGE(.POSITIVE.,#3369);
#3371=PRESENTATION_STYLE_ASSIGNMENT((#3370));
#3372=STYLED_ITEM('',(#3371),#3365);
#3373=CARTESIAN_POINT('',(-3.8E0,-9.E-1,8.421638683406E0));
#3374=DIRECTION('',(0.E0,0.E0,-1.E0));
#3375=DIRECTION('',(0.E0,-1.E0,0.E0));
#3376=AXIS2_PLACEMENT_3D('',#3373,#3374,#3375);
#3377=CYLINDRICAL_SURFACE('',#3376,7.E-1);
#3378=ORIENTED_EDGE('',*,*,#3051,.F.);
#3380=ORIENTED_EDGE('',*,*,#3379,.F.);
#3382=ORIENTED_EDGE('',*,*,#3381,.T.);
#3383=ORIENTED_EDGE('',*,*,#3359,.T.);
#3384=EDGE_LOOP('',(#3378,#3380,#3382,#3383));
#3385=FACE_OUTER_BOUND('',#3384,.F.);
#3387=FILL_AREA_STYLE_COLOUR('',#15);
#3388=FILL_AREA_STYLE('',(#3387));
#3389=SURFACE_STYLE_FILL_AREA(#3388);
#3390=SURFACE_SIDE_STYLE('',(#3389));
#3391=SURFACE_STYLE_USAGE(.POSITIVE.,#3390);
#3392=PRESENTATION_STYLE_ASSIGNMENT((#3391));
#3393=STYLED_ITEM('',(#3392),#3386);
#3394=CARTESIAN_POINT('',(-3.8E0,0.E0,8.4E0));
#3395=DIRECTION('',(-1.E0,0.E0,0.E0));
#3396=DIRECTION('',(0.E0,9.999183563284E-1,-1.277813278992E-2));
#3397=AXIS2_PLACEMENT_3D('',#3394,#3395,#3396);
#3398=TOROIDAL_SURFACE('',#3397,9.E-1,7.E-1);
#3400=ORIENTED_EDGE('',*,*,#3399,.T.);
#3401=ORIENTED_EDGE('',*,*,#3379,.T.);
#3402=ORIENTED_EDGE('',*,*,#3049,.F.);
#3404=ORIENTED_EDGE('',*,*,#3403,.F.);
#3405=EDGE_LOOP('',(#3400,#3401,#3402,#3404));
#3406=FACE_OUTER_BOUND('',#3405,.F.);
#3408=FILL_AREA_STYLE_COLOUR('',#15);
#3409=FILL_AREA_STYLE('',(#3408));
#3410=SURFACE_STYLE_FILL_AREA(#3409);
#3411=SURFACE_SIDE_STYLE('',(#3410));
#3412=SURFACE_STYLE_USAGE(.POSITIVE.,#3411);
#3413=PRESENTATION_STYLE_ASSIGNMENT((#3412));
#3414=STYLED_ITEM('',(#3413),#3407);
#3415=CARTESIAN_POINT('',(1.62324E1,0.E0,8.4E0));
#3416=DIRECTION('',(-1.E0,0.E0,0.E0));
#3417=DIRECTION('',(0.E0,1.E0,0.E0));
#3418=AXIS2_PLACEMENT_3D('',#3415,#3416,#3417);
#3419=CYLINDRICAL_SURFACE('',#3418,1.6E0);
#3420=ORIENTED_EDGE('',*,*,#3399,.F.);
#3422=ORIENTED_EDGE('',*,*,#3421,.F.);
#3424=ORIENTED_EDGE('',*,*,#3423,.F.);
#3426=ORIENTED_EDGE('',*,*,#3425,.T.);
#3427=EDGE_LOOP('',(#3420,#3422,#3424,#3426));
#3428=FACE_OUTER_BOUND('',#3427,.F.);
#3430=FILL_AREA_STYLE_COLOUR('',#15);
#3431=FILL_AREA_STYLE('',(#3430));
#3432=SURFACE_STYLE_FILL_AREA(#3431);
#3433=SURFACE_SIDE_STYLE('',(#3432));
#3434=SURFACE_STYLE_USAGE(.POSITIVE.,#3433);
#3435=PRESENTATION_STYLE_ASSIGNMENT((#3434));
#3436=STYLED_ITEM('',(#3435),#3429);
#3437=CARTESIAN_POINT('',(4.5E0,1.6E0,0.E0));
#3438=DIRECTION('',(0.E0,1.E0,0.E0));
#3439=DIRECTION('',(-1.E0,0.E0,0.E0));
#3440=AXIS2_PLACEMENT_3D('',#3437,#3438,#3439);
#3441=PLANE('',#3440);
#3443=ORIENTED_EDGE('',*,*,#3442,.T.);
#3445=ORIENTED_EDGE('',*,*,#3444,.F.);
#3446=ORIENTED_EDGE('',*,*,#3421,.T.);
#3448=ORIENTED_EDGE('',*,*,#3447,.F.);
#3449=EDGE_LOOP('',(#3443,#3445,#3446,#3448));
#3450=FACE_OUTER_BOUND('',#3449,.F.);
#3452=FILL_AREA_STYLE_COLOUR('',#15);
#3453=FILL_AREA_STYLE('',(#3452));
#3454=SURFACE_STYLE_FILL_AREA(#3453);
#3455=SURFACE_SIDE_STYLE('',(#3454));
#3456=SURFACE_STYLE_USAGE(.POSITIVE.,#3455);
#3457=PRESENTATION_STYLE_ASSIGNMENT((#3456));
#3458=STYLED_ITEM('',(#3457),#3451);
#3459=CARTESIAN_POINT('',(-1.62324E1,7.E-1,9.E-1));
#3460=DIRECTION('',(1.E0,0.E0,0.E0));
#3461=DIRECTION('',(0.E0,0.E0,-1.E0));
#3462=AXIS2_PLACEMENT_3D('',#3459,#3460,#3461);
#3463=CYLINDRICAL_SURFACE('',#3462,9.E-1);
#3465=ORIENTED_EDGE('',*,*,#3464,.T.);
#3467=ORIENTED_EDGE('',*,*,#3466,.T.);
#3469=ORIENTED_EDGE('',*,*,#3468,.T.);
#3471=ORIENTED_EDGE('',*,*,#3470,.T.);
#3472=ORIENTED_EDGE('',*,*,#3442,.F.);
#3474=ORIENTED_EDGE('',*,*,#3473,.T.);
#3475=EDGE_LOOP('',(#3465,#3467,#3469,#3471,#3472,#3474));
#3476=FACE_OUTER_BOUND('',#3475,.F.);
#3478=FILL_AREA_STYLE_COLOUR('',#15);
#3479=FILL_AREA_STYLE('',(#3478));
#3480=SURFACE_STYLE_FILL_AREA(#3479);
#3481=SURFACE_SIDE_STYLE('',(#3480));
#3482=SURFACE_STYLE_USAGE(.POSITIVE.,#3481);
#3483=PRESENTATION_STYLE_ASSIGNMENT((#3482));
#3484=STYLED_ITEM('',(#3483),#3477);
#3485=CARTESIAN_POINT('',(-3.761960200689E0,1.693956620894E0,
2.046320152670E-1));
#3486=CARTESIAN_POINT('',(-3.726230134066E0,1.694191360996E0,
2.047369272868E-1));
#3487=CARTESIAN_POINT('',(-3.622851272091E0,1.691840501149E0,
2.039198550004E-1));
#3488=CARTESIAN_POINT('',(-3.453744763810E0,1.673534728991E0,
1.975271156532E-1));
#3489=CARTESIAN_POINT('',(-3.263109775252E0,1.631166112053E0,
1.830460603319E-1));
#3490=CARTESIAN_POINT('',(-3.087739155085E0,1.571680583237E0,
1.634257066805E-1));
#3491=CARTESIAN_POINT('',(-2.927940984587E0,1.498075776504E0,
1.403047901361E-1));
#3492=CARTESIAN_POINT('',(-2.778941586980E0,1.409666835950E0,
1.142513406848E-1));
#3493=CARTESIAN_POINT('',(-2.638097976793E0,1.303791282822E0,
8.565297773243E-2));
#3494=CARTESIAN_POINT('',(-2.511046838810E0,1.182566099852E0,
5.678219426305E-2));
#3495=CARTESIAN_POINT('',(-2.404987961418E0,1.054186187701E0,
3.133926093261E-2));
#3496=CARTESIAN_POINT('',(-2.322679998699E0,9.291032831534E-1,
1.245065858513E-2));
#3497=CARTESIAN_POINT('',(-2.261751389110E0,8.158406514392E-1,
1.556585567423E-3));
#3498=CARTESIAN_POINT('',(-2.224099353759E0,7.360457072053E-1,
-1.119469460045E-3));
#3499=CARTESIAN_POINT('',(-2.204766940007E0,6.946375369679E-1,
-5.231369034388E-4));
#3500=CARTESIAN_POINT('',(-2.199340656930E0,6.830803615155E-1,
-2.020649360885E-4));
#3501=CARTESIAN_POINT('',(-3.757602582913E0,8.328240105450E-1,
2.317075805669E-1));
#3502=CARTESIAN_POINT('',(-3.734896706500E0,8.329922306153E-1,
2.318132522150E-1));
#3503=CARTESIAN_POINT('',(-3.669191303953E0,8.313050180371E-1,
2.309918366033E-1));
#3504=CARTESIAN_POINT('',(-3.562193180644E0,8.181782863077E-1,
2.245648653667E-1));
#3505=CARTESIAN_POINT('',(-3.443816926853E0,7.881391127849E-1,
2.100113443389E-1));
#3506=CARTESIAN_POINT('',(-3.338364623893E0,7.467767618126E-1,
1.903040373747E-1));
#3507=CARTESIAN_POINT('',(-3.246635512557E0,6.969791237342E-1,
1.670985567958E-1));
#3508=CARTESIAN_POINT('',(-3.166515283343E0,6.393450685400E-1,
1.409757721322E-1));
#3509=CARTESIAN_POINT('',(-3.097857836105E0,5.738853640812E-1,
1.123393882615E-1));
#3510=CARTESIAN_POINT('',(-3.045138145342E0,5.047997393688E-1,
8.348424966881E-2));
#3511=CARTESIAN_POINT('',(-3.011869336500E0,4.405425765917E-1,
5.812117969171E-2));
#3512=CARTESIAN_POINT('',(-2.996763327852E0,3.899995515518E-1,
3.935820840094E-2));
#3513=CARTESIAN_POINT('',(-2.994303342357E0,3.593583560795E-1,
2.858948651298E-2));
#3514=CARTESIAN_POINT('',(-2.995979724536E0,3.519097186996E-1,
2.596500651654E-2));
#3515=CARTESIAN_POINT('',(-2.995802078738E0,3.540221909241E-1,
2.654939717193E-2));
#3516=CARTESIAN_POINT('',(-2.995583205261E0,3.551231575620E-1,
2.686253572197E-2));
#3517=CARTESIAN_POINT('',(-3.753054055580E0,2.236137616600E-1,
-3.775003461955E-1));
#3518=CARTESIAN_POINT('',(-3.743935624357E0,2.236899810636E-1,
-3.774117663991E-1));
#3519=CARTESIAN_POINT('',(-3.717544588959E0,2.229244926434E-1,
-3.781354559567E-1));
#3520=CARTESIAN_POINT('',(-3.674787439249E0,2.169734568433E-1,
-3.837921999382E-1));
#3521=CARTESIAN_POINT('',(-3.628508525067E0,2.034932285960E-1,
-3.967152219408E-1));
#3522=CARTESIAN_POINT('',(-3.588886176160E0,1.852630079565E-1,
-4.144660546161E-1));
#3523=CARTESIAN_POINT('',(-3.556515871095E0,1.638896774441E-1,
-4.357688203437E-1));
#3524=CARTESIAN_POINT('',(-3.530966706079E0,1.400841388195E-1,
-4.603315429942E-1));
#3525=CARTESIAN_POINT('',(-3.512877581676E0,1.146252829865E-1,
-4.881124453793E-1));
#3526=CARTESIAN_POINT('',(-3.504451800243E0,9.049814260418E-2,
-5.173195981502E-1));
#3527=CARTESIAN_POINT('',(-3.506616992415E0,7.257479902382E-2,
-5.444796163120E-1));
#3528=CARTESIAN_POINT('',(-3.517472463438E0,6.544432517399E-2,
-5.660693221416E-1));
#3529=CARTESIAN_POINT('',(-3.532978740958E0,7.194249024771E-2,
-5.796584801322E-1));
#3530=CARTESIAN_POINT('',(-3.545298975857E0,8.862993037139E-2,
-5.834434130085E-1));
#3531=CARTESIAN_POINT('',(-3.550735431991E0,1.024094924408E-1,
-5.825903261763E-1));
#3532=CARTESIAN_POINT('',(-3.552116597892E0,1.066933991586E-1,
-5.820986834785E-1));
#3533=CARTESIAN_POINT('',(-3.751184369153E0,2.506879470681E-1,
-1.238631157261E0));
#3534=CARTESIAN_POINT('',(-3.747644066304E0,2.507047301015E-1,
-1.238566737229E0));
#3535=CARTESIAN_POINT('',(-3.737404140585E0,2.505375098201E-1,
-1.239152288538E0));
#3536=CARTESIAN_POINT('',(-3.720489728451E0,2.492315454731E-1,
-1.243720296816E0));
#3537=CARTESIAN_POINT('',(-3.700659206683E0,2.460924179130E-1,
-1.254338567212E0));
#3538=CARTESIAN_POINT('',(-3.681245106712E0,2.414087889823E-1,
-1.269323874001E0));
#3539=CARTESIAN_POINT('',(-3.662072780514E0,2.351434808215E-1,
-1.287937104168E0));
#3540=CARTESIAN_POINT('',(-3.642356676480E0,2.268770499123E-1,
-1.310294639709E0));
#3541=CARTESIAN_POINT('',(-3.621313539726E0,2.157667635440E-1,
-1.336866297380E0));
#3542=CARTESIAN_POINT('',(-3.599198278795E0,2.010518899049E-1,
-1.366571031094E0));
#3543=CARTESIAN_POINT('',(-3.577085434396E0,1.824405673455E-1,
-1.396271080959E0));
#3544=CARTESIAN_POINT('',(-3.556282330473E0,1.602055306702E-1,
-1.421856447546E0));
#3545=CARTESIAN_POINT('',(-3.537917260555E0,1.349290675078E-1,
-1.439432363295E0));
#3546=CARTESIAN_POINT('',(-3.525481378785E0,1.123144557351E-1,
-1.444857625664E0));
#3547=CARTESIAN_POINT('',(-3.519449229540E0,9.854657112770E-2,
-1.443624729991E0));
#3548=CARTESIAN_POINT('',(-3.517813570005E0,9.453003983923E-2,
-1.442880767166E0));
#3549=(BOUNDED_SURFACE()B_SPLINE_SURFACE(3,3,((#3485,#3486,#3487,#3488,#3489,
#3490,#3491,#3492,#3493,#3494,#3495,#3496,#3497,#3498,#3499,#3500),(#3501,#3502,
#3503,#3504,#3505,#3506,#3507,#3508,#3509,#3510,#3511,#3512,#3513,#3514,#3515,
#3516),(#3517,#3518,#3519,#3520,#3521,#3522,#3523,#3524,#3525,#3526,#3527,#3528,
#3529,#3530,#3531,#3532),(#3533,#3534,#3535,#3536,#3537,#3538,#3539,#3540,#3541,
#3542,#3543,#3544,#3545,#3546,#3547,#3548)),.UNSPECIFIED.,.F.,.F.,.F.)B_SPLINE_SURFACE_WITH_KNOTS((4,4),(4,1,1,1,1,1,1,1,1,1,1,1,1,4),(0.E0,1.E0),(
-4.525862495460E-2,0.E0,8.561215988378E-2,1.707828638820E-1,2.532313595965E-1,
3.336022754910E-1,4.161889712642E-1,5.068378691117E-1,6.069493839351E-1,
7.089050767124E-1,8.095761359645E-1,9.081539557507E-1,1.E0,1.036860524828E0),
.UNSPECIFIED.)GEOMETRIC_REPRESENTATION_ITEM()RATIONAL_B_SPLINE_SURFACE(((
1.187267244782E0,1.187267244782E0,1.187267244782E0,1.187267244782E0,
1.187267244782E0,1.187267244782E0,1.187267244782E0,1.187267244782E0,
1.187267244782E0,1.187267244782E0,1.187267244782E0,1.187267244782E0,
1.187267244782E0,1.187267244782E0,1.187267244782E0,1.187267244782E0),(
9.375775850726E-1,9.375775850726E-1,9.375775850726E-1,9.375775850726E-1,
9.375775850726E-1,9.375775850726E-1,9.375775850726E-1,9.375775850726E-1,
9.375775850726E-1,9.375775850726E-1,9.375775850726E-1,9.375775850726E-1,
9.375775850726E-1,9.375775850726E-1,9.375775850726E-1,9.375775850726E-1),(
9.375775850726E-1,9.375775850726E-1,9.375775850726E-1,9.375775850726E-1,
9.375775850726E-1,9.375775850726E-1,9.375775850726E-1,9.375775850726E-1,
9.375775850726E-1,9.375775850726E-1,9.375775850726E-1,9.375775850726E-1,
9.375775850726E-1,9.375775850726E-1,9.375775850726E-1,9.375775850726E-1),(
1.187267244782E0,1.187267244782E0,1.187267244782E0,1.187267244782E0,
1.187267244782E0,1.187267244782E0,1.187267244782E0,1.187267244782E0,
1.187267244782E0,1.187267244782E0,1.187267244782E0,1.187267244782E0,
1.187267244782E0,1.187267244782E0,1.187267244782E0,1.187267244782E0)))REPRESENTATION_ITEM('')SURFACE());
#3550=ORIENTED_EDGE('',*,*,#3464,.F.);
#3552=ORIENTED_EDGE('',*,*,#3551,.T.);
#3554=ORIENTED_EDGE('',*,*,#3553,.T.);
#3556=ORIENTED_EDGE('',*,*,#3555,.F.);
#3557=EDGE_LOOP('',(#3550,#3552,#3554,#3556));
#3558=FACE_OUTER_BOUND('',#3557,.F.);
#3560=FILL_AREA_STYLE_COLOUR('',#15);
#3561=FILL_AREA_STYLE('',(#3560));
#3562=SURFACE_STYLE_FILL_AREA(#3561);
#3563=SURFACE_SIDE_STYLE('',(#3562));
#3564=SURFACE_STYLE_USAGE(.POSITIVE.,#3563);
#3565=PRESENTATION_STYLE_ASSIGNMENT((#3564));
#3566=STYLED_ITEM('',(#3565),#3559);
#3567=CARTESIAN_POINT('',(-4.440894468577E0,1.031536485813E0,
3.993754563852E-1));
#3568=CARTESIAN_POINT('',(-4.434745311873E0,1.033593721281E0,
3.949945772399E-1));
#3569=CARTESIAN_POINT('',(-4.376131178194E0,1.052773441291E0,
3.536347439135E-1));
#3570=CARTESIAN_POINT('',(-4.268841033311E0,1.080538511351E0,
2.851011033974E-1));
#3571=CARTESIAN_POINT('',(-4.126945426393E0,1.101668725398E0,
2.101754666925E-1));
#3572=CARTESIAN_POINT('',(-4.001363034268E0,1.110353154560E0,
1.570739611144E-1));
#3573=CARTESIAN_POINT('',(-3.888032041182E0,1.112156312333E0,
1.217122631253E-1));
#3574=CARTESIAN_POINT('',(-3.783160105095E0,1.110084156080E0,
1.012775527942E-1));
#3575=CARTESIAN_POINT('',(-3.705321814022E0,1.105908487990E0,
9.476346214526E-2));
#3576=CARTESIAN_POINT('',(-3.662497515490E0,1.102323423758E0,
9.387591404323E-2));
#3577=CARTESIAN_POINT('',(-3.653199153767E0,1.101471007879E0,
9.378951440854E-2));
#3578=CARTESIAN_POINT('',(-4.012564455349E0,6.771750951032E-1,
1.919730043166E-1));
#3579=CARTESIAN_POINT('',(-4.008829692139E0,6.765049979715E-1,
1.872633067617E-1));
#3580=CARTESIAN_POINT('',(-3.973518249258E0,6.698674506233E-1,
1.428095211698E-1));
#3581=CARTESIAN_POINT('',(-3.913948791935E0,6.534126589916E-1,
6.916119075444E-2));
#3582=CARTESIAN_POINT('',(-3.848013419871E0,6.245357838516E-1,
-1.152012907349E-2));
#3583=CARTESIAN_POINT('',(-3.800300535707E0,5.976089090567E-1,
-6.879236735579E-2));
#3584=CARTESIAN_POINT('',(-3.765003631355E0,5.766572013965E-1,
-1.069245352593E-1));
#3585=CARTESIAN_POINT('',(-3.736221553016E0,5.635312608939E-1,
-1.288921895571E-1));
#3586=CARTESIAN_POINT('',(-3.714769617970E0,5.586021074556E-1,
-1.358531413262E-1));
#3587=CARTESIAN_POINT('',(-3.702160211904E0,5.570576223226E-1,
-1.367961314726E-1));
#3588=CARTESIAN_POINT('',(-3.699377384069E0,5.567622889887E-1,
-1.368836764682E-1));
#3589=CARTESIAN_POINT('',(-3.837212019539E0,3.297706836677E-1,
-2.559279938033E-1));
#3590=CARTESIAN_POINT('',(-3.835457542357E0,3.290142752818E-1,
-2.613477991335E-1));
#3591=CARTESIAN_POINT('',(-3.818935692309E0,3.216891687590E-1,
-3.124832044169E-1));
#3592=CARTESIAN_POINT('',(-3.792238849171E0,3.062940546008E-1,
-3.971770875157E-1));
#3593=CARTESIAN_POINT('',(-3.765922346783E0,2.831326977293E-1,
-4.902882324974E-1));
#3594=CARTESIAN_POINT('',(-3.750079026566E0,2.630750433661E-1,
-5.565674777966E-1));
#3595=CARTESIAN_POINT('',(-3.741212883878E0,2.481604929731E-1,
-6.006826812308E-1));
#3596=CARTESIAN_POINT('',(-3.735724024744E0,2.392641295792E-1,
-6.259608418699E-1));
#3597=CARTESIAN_POINT('',(-3.731587622390E0,2.363980302202E-1,
-6.338868234144E-1));
#3598=CARTESIAN_POINT('',(-3.728747000886E0,2.358180934191E-1,
-6.349495447732E-1));
#3599=CARTESIAN_POINT('',(-3.728098750281E0,2.357305180686E-1,
-6.350395632607E-1));
#3600=CARTESIAN_POINT('',(-3.975546460632E0,1.095991881351E-1,
-7.892583727817E-1));
#3601=CARTESIAN_POINT('',(-3.974652561171E0,1.114273719215E-1,
-7.955237266830E-1));
#3602=CARTESIAN_POINT('',(-3.965902003981E0,1.287824563582E-1,
-8.546151552332E-1));
#3603=CARTESIAN_POINT('',(-3.945848774033E0,1.593596846814E-1,
-9.524613394507E-1));
#3604=CARTESIAN_POINT('',(-3.909093206920E0,1.956576665917E-1,
-1.060373084091E0));
#3605=CARTESIAN_POINT('',(-3.868085848088E0,2.225715433757E-1,
-1.137377267459E0));
#3606=CARTESIAN_POINT('',(-3.824896465708E0,2.403960303938E-1,
-1.188616667134E0));
#3607=CARTESIAN_POINT('',(-3.781839771053E0,2.495482707273E-1,
-1.217836756032E0));
#3608=CARTESIAN_POINT('',(-3.749953214883E0,2.508475086552E-1,
-1.226911830117E0));
#3609=CARTESIAN_POINT('',(-3.733053189456E0,2.498221502107E-1,
-1.228117119349E0));
#3610=CARTESIAN_POINT('',(-3.729419540957E0,2.495210797589E-1,
-1.228210083105E0));
#3611=(BOUNDED_SURFACE()B_SPLINE_SURFACE(3,3,((#3567,#3568,#3569,#3570,#3571,
#3572,#3573,#3574,#3575,#3576,#3577),(#3578,#3579,#3580,#3581,#3582,#3583,#3584,
#3585,#3586,#3587,#3588),(#3589,#3590,#3591,#3592,#3593,#3594,#3595,#3596,#3597,
#3598,#3599),(#3600,#3601,#3602,#3603,#3604,#3605,#3606,#3607,#3608,#3609,
#3610)),.UNSPECIFIED.,.F.,.F.,.F.)B_SPLINE_SURFACE_WITH_KNOTS((4,4),(4,1,1,1,1,
1,1,1,4),(0.E0,1.E0),(-2.421587829429E-2,0.E0,2.060840017259E-1,
3.908341928782E-1,5.579301104714E-1,7.166535046086E-1,8.654379050154E-1,1.E0,
1.037029118141E0),.UNSPECIFIED.)GEOMETRIC_REPRESENTATION_ITEM()RATIONAL_B_SPLINE_SURFACE(((1.094754576931E0,1.094754576931E0,1.094754576931E0,1.094754576931E0,
1.094754576931E0,1.094754576931E0,1.094754576931E0,1.094754576931E0,
1.094754576931E0,1.094754576931E0,1.094754576931E0),(9.684151410229E-1,
9.684151410229E-1,9.684151410229E-1,9.684151410229E-1,9.684151410229E-1,
9.684151410229E-1,9.684151410229E-1,9.684151410229E-1,9.684151410229E-1,
9.684151410229E-1,9.684151410229E-1),(9.684151410229E-1,9.684151410229E-1,
9.684151410229E-1,9.684151410229E-1,9.684151410229E-1,9.684151410229E-1,
9.684151410229E-1,9.684151410229E-1,9.684151410229E-1,9.684151410229E-1,
9.684151410229E-1),(1.094754576931E0,1.094754576931E0,1.094754576931E0,
1.094754576931E0,1.094754576931E0,1.094754576931E0,1.094754576931E0,
1.094754576931E0,1.094754576931E0,1.094754576931E0,1.094754576931E0)))REPRESENTATION_ITEM('')SURFACE());
#3613=ORIENTED_EDGE('',*,*,#3612,.F.);
#3614=ORIENTED_EDGE('',*,*,#3141,.T.);
#3616=ORIENTED_EDGE('',*,*,#3615,.T.);
#3617=ORIENTED_EDGE('',*,*,#3551,.F.);
#3618=EDGE_LOOP('',(#3613,#3614,#3616,#3617));
#3619=FACE_OUTER_BOUND('',#3618,.F.);
#3621=FILL_AREA_STYLE_COLOUR('',#15);
#3622=FILL_AREA_STYLE('',(#3621));
#3623=SURFACE_STYLE_FILL_AREA(#3622);
#3624=SURFACE_SIDE_STYLE('',(#3623));
#3625=SURFACE_STYLE_USAGE(.POSITIVE.,#3624);
#3626=PRESENTATION_STYLE_ASSIGNMENT((#3625));
#3627=STYLED_ITEM('',(#3626),#3620);
#3628=CARTESIAN_POINT('',(-4.499526503997E0,8.779715211995E-1,
9.151396350824E-1));
#3629=CARTESIAN_POINT('',(-4.500459801983E0,8.781659935679E-1,
8.593836995816E-1));
#3630=CARTESIAN_POINT('',(-4.491789894996E0,8.763688325395E-1,
7.455704983546E-1));
#3631=CARTESIAN_POINT('',(-4.446402422059E0,8.668537393318E-1,
5.786766718870E-1));
#3632=CARTESIAN_POINT('',(-4.368228987382E0,8.501796176987E-1,
4.206767164572E-1));
#3633=CARTESIAN_POINT('',(-4.259657137152E0,8.266682500122E-1,
2.795091106557E-1));
#3634=CARTESIAN_POINT('',(-4.125915893919E0,7.973954938081E-1,
1.628297469079E-1));
#3635=CARTESIAN_POINT('',(-4.023669115434E0,7.748631889240E-1,
1.040979936067E-1));
#3636=CARTESIAN_POINT('',(-3.970874589490E0,7.632030921883E-1,
8.021247384342E-2));
#3637=CARTESIAN_POINT('',(-4.512936544567E0,1.308480302901E0,
9.227987515991E-1));
#3638=CARTESIAN_POINT('',(-4.514827957502E0,1.309139030148E0,
8.388586090443E-1));
#3639=CARTESIAN_POINT('',(-4.496983253637E0,1.302784307116E0,
6.669991567174E-1));
#3640=CARTESIAN_POINT('',(-4.408496240873E0,1.272596501295E0,
4.316342554358E-1));
#3641=CARTESIAN_POINT('',(-4.269955887175E0,1.228988453874E0,
2.359199773315E-1));
#3642=CARTESIAN_POINT('',(-4.097411924983E0,1.179398677914E0,
8.898076942997E-2));
#3643=CARTESIAN_POINT('',(-3.906413562953E0,1.128872671834E0,
-6.941256861005E-3));
#3644=CARTESIAN_POINT('',(-3.774168652473E0,1.096144941172E0,
-3.910536582704E-2));
#3645=CARTESIAN_POINT('',(-3.709042711724E0,1.080424405302E0,
-4.781691074623E-2));
#3646=CARTESIAN_POINT('',(-4.208282943526E0,1.613049637845E0,
9.227975485737E-1));
#3647=CARTESIAN_POINT('',(-4.210509416560E0,1.614036808566E0,
8.388774422602E-1));
#3648=CARTESIAN_POINT('',(-4.189362957461E0,1.604457775862E0,
6.667040518162E-1));
#3649=CARTESIAN_POINT('',(-4.086991679426E0,1.559644776318E0,
4.423591024267E-1));
#3650=CARTESIAN_POINT('',(-3.934100015973E0,1.496981954144E0,
2.757719824755E-1));
#3651=CARTESIAN_POINT('',(-3.755326414289E0,1.428942651015E0,
1.741147843121E-1));
#3652=CARTESIAN_POINT('',(-3.571512477122E0,1.363380742172E0,
1.332244786379E-1));
#3653=CARTESIAN_POINT('',(-3.454260252827E0,1.323440117881E0,
1.398774835228E-1));
#3654=CARTESIAN_POINT('',(-3.399053517817E0,1.304846968724E0,
1.499655626846E-1));
#3655=CARTESIAN_POINT('',(-3.777777932527E0,1.599520459596E0,
9.151367850196E-1));
#3656=CARTESIAN_POINT('',(-3.779505014493E0,1.600493040633E0,
8.594283169656E-1));
#3657=CARTESIAN_POINT('',(-3.763012987185E0,1.591057233970E0,
7.448713714113E-1));
#3658=CARTESIAN_POINT('',(-3.684732587359E0,1.546893895539E0,
6.040846860002E-1));
#3659=CARTESIAN_POINT('',(-3.572559760328E0,1.485077499496E0,
5.150892810374E-1));
#3660=CARTESIAN_POINT('',(-3.449229399482E0,1.417857736988E0,
4.811983518620E-1));
#3661=CARTESIAN_POINT('',(-3.332508629220E0,1.352963733234E0,
4.948935039740E-1));
#3662=CARTESIAN_POINT('',(-3.265780714781E0,1.313343510613E0,
5.281225756057E-1));
#3663=CARTESIAN_POINT('',(-3.236485574854E0,1.294877964904E0,
5.487748580490E-1));
#3664=(BOUNDED_SURFACE()B_SPLINE_SURFACE(3,3,((#3628,#3629,#3630,#3631,#3632,
#3633,#3634,#3635,#3636),(#3637,#3638,#3639,#3640,#3641,#3642,#3643,#3644,
#3645),(#3646,#3647,#3648,#3649,#3650,#3651,#3652,#3653,#3654),(#3655,#3656,
#3657,#3658,#3659,#3660,#3661,#3662,#3663)),.UNSPECIFIED.,.F.,.F.,.F.)B_SPLINE_SURFACE_WITH_KNOTS((4,4),(4,1,1,1,1,1,4),(0.E0,1.E0),(3.375034116912E-3,
1.210522801720E-1,2.427285789621E-1,3.660549716598E-1,4.904470919494E-1,
6.165294606524E-1,7.397021504514E-1),.UNSPECIFIED.)GEOMETRIC_REPRESENTATION_ITEM()RATIONAL_B_SPLINE_SURFACE(((1.187267950907E0,1.187267950907E0,1.187267950907E0,
1.187267950907E0,1.187267950907E0,1.187267950907E0,1.187267950907E0,
1.187267950907E0,1.187267950907E0),(9.375773496977E-1,9.375773496977E-1,
9.375773496977E-1,9.375773496977E-1,9.375773496977E-1,9.375773496977E-1,
9.375773496977E-1,9.375773496977E-1,9.375773496977E-1),(9.375773496977E-1,
9.375773496977E-1,9.375773496977E-1,9.375773496977E-1,9.375773496977E-1,
9.375773496977E-1,9.375773496977E-1,9.375773496977E-1,9.375773496977E-1),(
1.187267950907E0,1.187267950907E0,1.187267950907E0,1.187267950907E0,
1.187267950907E0,1.187267950907E0,1.187267950907E0,1.187267950907E0,
1.187267950907E0)))REPRESENTATION_ITEM('')SURFACE());
#3665=ORIENTED_EDGE('',*,*,#3612,.T.);
#3666=ORIENTED_EDGE('',*,*,#3473,.F.);
#3668=ORIENTED_EDGE('',*,*,#3667,.F.);
#3669=ORIENTED_EDGE('',*,*,#3070,.F.);
#3670=EDGE_LOOP('',(#3665,#3666,#3668,#3669));
#3671=FACE_OUTER_BOUND('',#3670,.F.);
#3673=FILL_AREA_STYLE_COLOUR('',#15);
#3674=FILL_AREA_STYLE('',(#3673));
#3675=SURFACE_STYLE_FILL_AREA(#3674);
#3676=SURFACE_SIDE_STYLE('',(#3675));
#3677=SURFACE_STYLE_USAGE(.POSITIVE.,#3676);
#3678=PRESENTATION_STYLE_ASSIGNMENT((#3677));
#3679=STYLED_ITEM('',(#3678),#3672);
#3680=CARTESIAN_POINT('',(-3.8E0,9.E-1,-1.3036E1));
#3681=DIRECTION('',(0.E0,0.E0,1.E0));
#3682=DIRECTION('',(0.E0,1.E0,0.E0));
#3683=AXIS2_PLACEMENT_3D('',#3680,#3681,#3682);
#3684=CYLINDRICAL_SURFACE('',#3683,7.E-1);
#3685=ORIENTED_EDGE('',*,*,#3447,.T.);
#3686=ORIENTED_EDGE('',*,*,#3403,.T.);
#3687=ORIENTED_EDGE('',*,*,#3047,.F.);
#3688=ORIENTED_EDGE('',*,*,#3667,.T.);
#3689=EDGE_LOOP('',(#3685,#3686,#3687,#3688));
#3690=FACE_OUTER_BOUND('',#3689,.F.);
#3692=FILL_AREA_STYLE_COLOUR('',#15);
#3693=FILL_AREA_STYLE('',(#3692));
#3694=SURFACE_STYLE_FILL_AREA(#3693);
#3695=SURFACE_SIDE_STYLE('',(#3694));
#3696=SURFACE_STYLE_USAGE(.POSITIVE.,#3695);
#3697=PRESENTATION_STYLE_ASSIGNMENT((#3696));
#3698=STYLED_ITEM('',(#3697),#3691);
#3699=CARTESIAN_POINT('',(-3.75E0,0.E0,-5.E0));
#3700=DIRECTION('',(0.E0,0.E0,-1.E0));
#3701=DIRECTION('',(1.E0,0.E0,0.E0));
#3702=AXIS2_PLACEMENT_3D('',#3699,#3700,#3701);
#3703=CYLINDRICAL_SURFACE('',#3702,2.5E-1);
#3704=ORIENTED_EDGE('',*,*,#3139,.F.);
#3706=ORIENTED_EDGE('',*,*,#3705,.F.);
#3708=ORIENTED_EDGE('',*,*,#3707,.T.);
#3710=ORIENTED_EDGE('',*,*,#3709,.T.);
#3712=ORIENTED_EDGE('',*,*,#3711,.F.);
#3713=ORIENTED_EDGE('',*,*,#3553,.F.);
#3714=ORIENTED_EDGE('',*,*,#3615,.F.);
#3715=EDGE_LOOP('',(#3704,#3706,#3708,#3710,#3712,#3713,#3714));
#3716=FACE_OUTER_BOUND('',#3715,.F.);
#3718=FILL_AREA_STYLE_COLOUR('',#26);
#3719=FILL_AREA_STYLE('',(#3718));
#3720=SURFACE_STYLE_FILL_AREA(#3719);
#3721=SURFACE_SIDE_STYLE('',(#3720));
#3722=SURFACE_STYLE_USAGE(.POSITIVE.,#3721);
#3723=PRESENTATION_STYLE_ASSIGNMENT((#3722));
#3724=STYLED_ITEM('',(#3723),#3717);
#3725=CARTESIAN_POINT('',(-3.75E0,0.E0,-5.E0));
#3726=DIRECTION('',(0.E0,0.E0,-1.E0));
#3727=DIRECTION('',(1.E0,0.E0,0.E0));
#3728=AXIS2_PLACEMENT_3D('',#3725,#3726,#3727);
#3729=CYLINDRICAL_SURFACE('',#3728,2.5E-1);
#3731=ORIENTED_EDGE('',*,*,#3730,.F.);
#3732=ORIENTED_EDGE('',*,*,#3709,.F.);
#3734=ORIENTED_EDGE('',*,*,#3733,.T.);
#3735=ORIENTED_EDGE('',*,*,#3705,.T.);
#3736=ORIENTED_EDGE('',*,*,#3221,.F.);
#3737=ORIENTED_EDGE('',*,*,#3307,.F.);
#3739=ORIENTED_EDGE('',*,*,#3738,.F.);
#3740=EDGE_LOOP('',(#3731,#3732,#3734,#3735,#3736,#3737,#3739));
#3741=FACE_OUTER_BOUND('',#3740,.F.);
#3743=FILL_AREA_STYLE_COLOUR('',#26);
#3744=FILL_AREA_STYLE('',(#3743));
#3745=SURFACE_STYLE_FILL_AREA(#3744);
#3746=SURFACE_SIDE_STYLE('',(#3745));
#3747=SURFACE_STYLE_USAGE(.POSITIVE.,#3746);
#3748=PRESENTATION_STYLE_ASSIGNMENT((#3747));
#3749=STYLED_ITEM('',(#3748),#3742);
#3750=CARTESIAN_POINT('',(-3.75E0,0.E0,-1.4E0));
#3751=DIRECTION('',(0.E0,0.E0,-1.E0));
#3752=DIRECTION('',(9.940245449607E-1,1.091567863934E-1,0.E0));
#3753=AXIS2_PLACEMENT_3D('',#3750,#3751,#3752);
#3754=TOROIDAL_SURFACE('',#3753,1.65E0,1.4E0);
#3756=ORIENTED_EDGE('',*,*,#3755,.T.);
#3757=ORIENTED_EDGE('',*,*,#3555,.T.);
#3758=ORIENTED_EDGE('',*,*,#3711,.T.);
#3759=ORIENTED_EDGE('',*,*,#3730,.T.);
#3761=ORIENTED_EDGE('',*,*,#3760,.F.);
#3762=EDGE_LOOP('',(#3756,#3757,#3758,#3759,#3761));
#3763=FACE_OUTER_BOUND('',#3762,.F.);
#3765=FILL_AREA_STYLE_COLOUR('',#15);
#3766=FILL_AREA_STYLE('',(#3765));
#3767=SURFACE_STYLE_FILL_AREA(#3766);
#3768=SURFACE_SIDE_STYLE('',(#3767));
#3769=SURFACE_STYLE_USAGE(.POSITIVE.,#3768);
#3770=PRESENTATION_STYLE_ASSIGNMENT((#3769));
#3771=STYLED_ITEM('',(#3770),#3764);
#3772=CARTESIAN_POINT('',(0.E0,0.E0,0.E0));
#3773=DIRECTION('',(0.E0,0.E0,1.E0));
#3774=DIRECTION('',(1.E0,0.E0,0.E0));
#3775=AXIS2_PLACEMENT_3D('',#3772,#3773,#3774);
#3776=PLANE('',#3775);
#3777=ORIENTED_EDGE('',*,*,#3755,.F.);
#3779=ORIENTED_EDGE('',*,*,#3778,.F.);
#3781=ORIENTED_EDGE('',*,*,#3780,.F.);
#3782=ORIENTED_EDGE('',*,*,#3466,.F.);
#3783=EDGE_LOOP('',(#3777,#3779,#3781,#3782));
#3784=FACE_OUTER_BOUND('',#3783,.F.);
#3786=FILL_AREA_STYLE_COLOUR('',#15);
#3787=FILL_AREA_STYLE('',(#3786));
#3788=SURFACE_STYLE_FILL_AREA(#3787);
#3789=SURFACE_SIDE_STYLE('',(#3788));
#3790=SURFACE_STYLE_USAGE(.POSITIVE.,#3789);
#3791=PRESENTATION_STYLE_ASSIGNMENT((#3790));
#3792=STYLED_ITEM('',(#3791),#3785);
#3793=CARTESIAN_POINT('',(1.62324E1,-7.E-1,9.E-1));
#3794=DIRECTION('',(-1.E0,0.E0,0.E0));
#3795=DIRECTION('',(0.E0,0.E0,-1.E0));
#3796=AXIS2_PLACEMENT_3D('',#3793,#3794,#3795);
#3797=CYLINDRICAL_SURFACE('',#3796,9.E-1);
#3799=ORIENTED_EDGE('',*,*,#3798,.T.);
#3800=ORIENTED_EDGE('',*,*,#3361,.T.);
#3802=ORIENTED_EDGE('',*,*,#3801,.F.);
#3804=ORIENTED_EDGE('',*,*,#3803,.T.);
#3806=ORIENTED_EDGE('',*,*,#3805,.T.);
#3807=ORIENTED_EDGE('',*,*,#3778,.T.);
#3808=EDGE_LOOP('',(#3799,#3800,#3802,#3804,#3806,#3807));
#3809=FACE_OUTER_BOUND('',#3808,.F.);
#3811=FILL_AREA_STYLE_COLOUR('',#15);
#3812=FILL_AREA_STYLE('',(#3811));
#3813=SURFACE_STYLE_FILL_AREA(#3812);
#3814=SURFACE_SIDE_STYLE('',(#3813));
#3815=SURFACE_STYLE_USAGE(.POSITIVE.,#3814);
#3816=PRESENTATION_STYLE_ASSIGNMENT((#3815));
#3817=STYLED_ITEM('',(#3816),#3810);
#3818=CARTESIAN_POINT('',(-2.199532330631E0,-6.834376194217E-1,
-2.109984706298E-4));
#3819=CARTESIAN_POINT('',(-2.204903639344E0,-6.948791057154E-1,
-5.257704135417E-4));
#3820=CARTESIAN_POINT('',(-2.224004636034E0,-7.357902914137E-1,
-1.109003967355E-3));
#3821=CARTESIAN_POINT('',(-2.261564954190E0,-8.153973460364E-1,
1.528200252817E-3));
#3822=CARTESIAN_POINT('',(-2.324322004114E0,-9.322291717075E-1,
1.272428436018E-2));
#3823=CARTESIAN_POINT('',(-2.415290081898E0,-1.069359213132E0,
3.376673616209E-2));
#3824=CARTESIAN_POINT('',(-2.543515998018E0,-1.218651618439E0,
6.454596260017E-2));
#3825=CARTESIAN_POINT('',(-2.709542489913E0,-1.363506855131E0,
1.010773829115E-1));
#3826=CARTESIAN_POINT('',(-2.905294897931E0,-1.488863013296E0,
1.372748160169E-1));
#3827=CARTESIAN_POINT('',(-3.125607759877E0,-1.589135424573E0,
1.689714626214E-1));
#3828=CARTESIAN_POINT('',(-3.375876815743E0,-1.662235229012E0,
1.935698110116E-1));
#3829=CARTESIAN_POINT('',(-3.594380807860E0,-1.691173353160E0,
2.037044644834E-1));
#3830=CARTESIAN_POINT('',(-3.726115135125E0,-1.694167379630E0,
2.047324302559E-1));
#3831=CARTESIAN_POINT('',(-3.761806643720E0,-1.693934933553E0,
2.046145283104E-1));
#3832=CARTESIAN_POINT('',(-2.995603333021E0,-3.550817171923E-1,
2.684031179388E-2));
#3833=CARTESIAN_POINT('',(-2.995816548458E0,-3.540031876366E-1,
2.653328725104E-2));
#3834=CARTESIAN_POINT('',(-2.995988818189E0,-3.519360286881E-1,
2.596171130866E-2));
#3835=CARTESIAN_POINT('',(-2.994331701916E0,-3.592649107050E-1,
2.854810988021E-2));
#3836=CARTESIAN_POINT('',(-2.996789589452E0,-3.907713828509E-1,
3.961479247554E-2));
#3837=CARTESIAN_POINT('',(-3.013962348508E0,-4.469891094039E-1,
6.052039834517E-2));
#3838=CARTESIAN_POINT('',(-3.056644582643E0,-5.239980526333E-1,
9.121859953139E-2));
#3839=CARTESIAN_POINT('',(-3.130651302028E0,-6.097968082814E-1,
1.277600866481E-1));
#3840=CARTESIAN_POINT('',(-3.233259439641E0,-6.905638598752E-1,
1.640419612205E-1));
#3841=CARTESIAN_POINT('',(-3.360164744261E0,-7.586574464494E-1,
1.958574136597E-1));
#3842=CARTESIAN_POINT('',(-3.513032836078E0,-8.100561356642E-1,
2.205725645718E-1));
#3843=CARTESIAN_POINT('',(-3.651093201216E0,-8.308289655462E-1,
2.307618203548E-1));
#3844=CARTESIAN_POINT('',(-3.734823287811E0,-8.329757867162E-1,
2.317951294541E-1));
#3845=CARTESIAN_POINT('',(-3.757506839130E0,-8.328094034940E-1,
2.316762875802E-1));
#3846=CARTESIAN_POINT('',(-3.552075743051E0,-1.065556606304E-1,
-5.821277118740E-1));
#3847=CARTESIAN_POINT('',(-3.550705648674E0,-1.023244792440E-1,
-5.826091427160E-1));
#3848=CARTESIAN_POINT('',(-3.545331580942E0,-8.872761540835E-2,
-5.834431500350E-1));
#3849=CARTESIAN_POINT('',(-3.533054560882E0,-7.199227248763E-2,
-5.797130354982E-1));
#3850=CARTESIAN_POINT('',(-3.517018220788E0,-6.520379773560E-2,
-5.657333190322E-1));
#3851=CARTESIAN_POINT('',(-3.505429770988E0,-7.371230091841E-2,
-5.417470935507E-1));
#3852=CARTESIAN_POINT('',(-3.504919362272E0,-9.651221925543E-2,
-5.092248850611E-1));
#3853=CARTESIAN_POINT('',(-3.520310538602E0,-1.281231023689E-1,
-4.729100177464E-1));
#3854=CARTESIAN_POINT('',(-3.551605228662E0,-1.610611238855E-1,
-4.385290549154E-1));
#3855=CARTESIAN_POINT('',(-3.596610134548E0,-1.903956598774E-1,
-4.093881107930E-1));
#3856=CARTESIAN_POINT('',(-3.655192053958E0,-2.132862734480E-1,
-3.873023704434E-1));
#3857=CARTESIAN_POINT('',(-3.710273936109E0,-2.227124941265E-1,
-3.783422995403E-1));
#3858=CARTESIAN_POINT('',(-3.743905968880E0,-2.236857049149E-1,
-3.774292772270E-1));
#3859=CARTESIAN_POINT('',(-3.753016451048E0,-2.236103954220E-1,
-3.775269598168E-1));
#3860=CARTESIAN_POINT('',(-3.517865172870E0,-9.465719363193E-2,
-1.442910638209E0));
#3861=CARTESIAN_POINT('',(-3.519485479216E0,-9.862976615087E-2,
-1.443638594252E0));
#3862=CARTESIAN_POINT('',(-3.525446707070E0,-1.122260511641E-1,
-1.444843551177E0));
#3863=CARTESIAN_POINT('',(-3.537847524607E0,-1.348228075465E-1,
-1.439496781681E0));
#3864=CARTESIAN_POINT('',(-3.556790097415E0,-1.609304835970E-1,
-1.421399460148E0));
#3865=CARTESIAN_POINT('',(-3.579620302530E0,-1.850331135754E-1,
-1.393058745332E0));
#3866=CARTESIAN_POINT('',(-3.605518989864E0,-2.058994970836E-1,
-1.357958282676E0));
#3867=CARTESIAN_POINT('',(-3.632680024853E0,-2.223788238002E-1,
-1.321963744917E0));
#3868=CARTESIAN_POINT('',(-3.659484506058E0,-2.344237377301E-1,
-1.290269741512E0));
#3869=CARTESIAN_POINT('',(-3.685768008243E0,-2.428724963051E-1,
-1.264909243991E0));
#3870=CARTESIAN_POINT('',(-3.712664700245E0,-2.484341232648E-1,
-1.246540204076E0));
#3871=CARTESIAN_POINT('',(-3.734585254715E0,-2.504911167568E-1,
-1.239317599373E0));
#3872=CARTESIAN_POINT('',(-3.747632817822E0,-2.507047554082E-1,
-1.238574603740E0));
#3873=CARTESIAN_POINT('',(-3.751168513282E0,-2.506880711298E-1,
-1.238642377452E0));
#3874=(BOUNDED_SURFACE()B_SPLINE_SURFACE(3,3,((#3818,#3819,#3820,#3821,#3822,
#3823,#3824,#3825,#3826,#3827,#3828,#3829,#3830,#3831),(#3832,#3833,#3834,#3835,
#3836,#3837,#3838,#3839,#3840,#3841,#3842,#3843,#3844,#3845),(#3846,#3847,#3848,
#3849,#3850,#3851,#3852,#3853,#3854,#3855,#3856,#3857,#3858,#3859),(#3860,#3861,
#3862,#3863,#3864,#3865,#3866,#3867,#3868,#3869,#3870,#3871,#3872,#3873)),
.UNSPECIFIED.,.F.,.F.,.F.)B_SPLINE_SURFACE_WITH_KNOTS((4,4),(4,1,1,1,1,1,1,1,1,
1,1,4),(0.E0,1.E0),(-3.647852089586E-2,0.E0,9.067397220099E-2,1.905023291553E-1,
3.004433655160E-1,4.199281050791E-1,5.421519535848E-1,6.565479585772E-1,
7.653377065324E-1,8.784238754950E-1,1.E0,1.045217077133E0),.UNSPECIFIED.)GEOMETRIC_REPRESENTATION_ITEM()RATIONAL_B_SPLINE_SURFACE(((1.187264457162E0,
1.187264457162E0,1.187264457162E0,1.187264457162E0,1.187264457162E0,
1.187264457162E0,1.187264457162E0,1.187264457162E0,1.187264457162E0,
1.187264457162E0,1.187264457162E0,1.187264457162E0,1.187264457162E0,
1.187264457162E0),(9.375785142792E-1,9.375785142792E-1,9.375785142792E-1,
9.375785142792E-1,9.375785142792E-1,9.375785142792E-1,9.375785142792E-1,
9.375785142792E-1,9.375785142792E-1,9.375785142792E-1,9.375785142792E-1,
9.375785142792E-1,9.375785142792E-1,9.375785142792E-1),(9.375785142792E-1,
9.375785142792E-1,9.375785142792E-1,9.375785142792E-1,9.375785142792E-1,
9.375785142792E-1,9.375785142792E-1,9.375785142792E-1,9.375785142792E-1,
9.375785142792E-1,9.375785142792E-1,9.375785142792E-1,9.375785142792E-1,
9.375785142792E-1),(1.187264457162E0,1.187264457162E0,1.187264457162E0,
1.187264457162E0,1.187264457162E0,1.187264457162E0,1.187264457162E0,
1.187264457162E0,1.187264457162E0,1.187264457162E0,1.187264457162E0,
1.187264457162E0,1.187264457162E0,1.187264457162E0)))REPRESENTATION_ITEM('')SURFACE());
#3875=ORIENTED_EDGE('',*,*,#3798,.F.);
#3876=ORIENTED_EDGE('',*,*,#3760,.T.);
#3877=ORIENTED_EDGE('',*,*,#3738,.T.);
#3878=ORIENTED_EDGE('',*,*,#3305,.F.);
#3879=EDGE_LOOP('',(#3875,#3876,#3877,#3878));
#3880=FACE_OUTER_BOUND('',#3879,.F.);
#3882=FILL_AREA_STYLE_COLOUR('',#15);
#3883=FILL_AREA_STYLE('',(#3882));
#3884=SURFACE_STYLE_FILL_AREA(#3883);
#3885=SURFACE_SIDE_STYLE('',(#3884));
#3886=SURFACE_STYLE_USAGE(.POSITIVE.,#3885);
#3887=PRESENTATION_STYLE_ASSIGNMENT((#3886));
#3888=STYLED_ITEM('',(#3887),#3881);
#3889=CARTESIAN_POINT('',(-4.5E0,-1.6E0,0.E0));
#3890=DIRECTION('',(0.E0,-1.E0,0.E0));
#3891=DIRECTION('',(1.E0,0.E0,0.E0));
#3892=AXIS2_PLACEMENT_3D('',#3889,#3890,#3891);
#3893=PLANE('',#3892);
#3894=ORIENTED_EDGE('',*,*,#3801,.T.);
#3895=ORIENTED_EDGE('',*,*,#3381,.F.);
#3896=ORIENTED_EDGE('',*,*,#3425,.F.);
#3898=ORIENTED_EDGE('',*,*,#3897,.F.);
#3899=EDGE_LOOP('',(#3894,#3895,#3896,#3898));
#3900=FACE_OUTER_BOUND('',#3899,.F.);
#3902=ORIENTED_EDGE('',*,*,#3901,.T.);
#3904=ORIENTED_EDGE('',*,*,#3903,.T.);
#3906=ORIENTED_EDGE('',*,*,#3905,.T.);
#3908=ORIENTED_EDGE('',*,*,#3907,.T.);
#3910=ORIENTED_EDGE('',*,*,#3909,.T.);
#3912=ORIENTED_EDGE('',*,*,#3911,.T.);
#3913=EDGE_LOOP('',(#3902,#3904,#3906,#3908,#3910,#3912));
#3914=FACE_BOUND('',#3913,.F.);
#3916=ORIENTED_EDGE('',*,*,#3915,.T.);
#3918=ORIENTED_EDGE('',*,*,#3917,.F.);
#3920=ORIENTED_EDGE('',*,*,#3919,.T.);
#3922=ORIENTED_EDGE('',*,*,#3921,.F.);
#3923=EDGE_LOOP('',(#3916,#3918,#3920,#3922));
#3924=FACE_BOUND('',#3923,.F.);
#3926=ORIENTED_EDGE('',*,*,#3925,.T.);
#3928=ORIENTED_EDGE('',*,*,#3927,.T.);
#3930=ORIENTED_EDGE('',*,*,#3929,.T.);
#3932=ORIENTED_EDGE('',*,*,#3931,.T.);
#3934=ORIENTED_EDGE('',*,*,#3933,.T.);
#3936=ORIENTED_EDGE('',*,*,#3935,.T.);
#3938=ORIENTED_EDGE('',*,*,#3937,.T.);
#3940=ORIENTED_EDGE('',*,*,#3939,.T.);
#3942=ORIENTED_EDGE('',*,*,#3941,.T.);
#3944=ORIENTED_EDGE('',*,*,#3943,.T.);
#3946=ORIENTED_EDGE('',*,*,#3945,.T.);
#3948=ORIENTED_EDGE('',*,*,#3947,.T.);
#3949=EDGE_LOOP('',(#3926,#3928,#3930,#3932,#3934,#3936,#3938,#3940,#3942,#3944,
#3946,#3948));
#3950=FACE_BOUND('',#3949,.F.);
#3952=ORIENTED_EDGE('',*,*,#3951,.T.);
#3954=ORIENTED_EDGE('',*,*,#3953,.F.);
#3956=ORIENTED_EDGE('',*,*,#3955,.T.);
#3958=ORIENTED_EDGE('',*,*,#3957,.T.);
#3959=EDGE_LOOP('',(#3952,#3954,#3956,#3958));
#3960=FACE_BOUND('',#3959,.F.);
#3962=ORIENTED_EDGE('',*,*,#3961,.T.);
#3964=ORIENTED_EDGE('',*,*,#3963,.T.);
#3966=ORIENTED_EDGE('',*,*,#3965,.T.);
#3968=ORIENTED_EDGE('',*,*,#3967,.T.);
#3970=ORIENTED_EDGE('',*,*,#3969,.T.);
#3972=ORIENTED_EDGE('',*,*,#3971,.T.);
#3974=ORIENTED_EDGE('',*,*,#3973,.T.);
#3976=ORIENTED_EDGE('',*,*,#3975,.T.);
#3977=EDGE_LOOP('',(#3962,#3964,#3966,#3968,#3970,#3972,#3974,#3976));
#3978=FACE_BOUND('',#3977,.F.);
#3980=ORIENTED_EDGE('',*,*,#3979,.T.);
#3982=ORIENTED_EDGE('',*,*,#3981,.T.);
#3984=ORIENTED_EDGE('',*,*,#3983,.T.);
#3986=ORIENTED_EDGE('',*,*,#3985,.T.);
#3988=ORIENTED_EDGE('',*,*,#3987,.T.);
#3990=ORIENTED_EDGE('',*,*,#3989,.T.);
#3992=ORIENTED_EDGE('',*,*,#3991,.T.);
#3994=ORIENTED_EDGE('',*,*,#3993,.T.);
#3996=ORIENTED_EDGE('',*,*,#3995,.T.);
#3998=ORIENTED_EDGE('',*,*,#3997,.T.);
#4000=ORIENTED_EDGE('',*,*,#3999,.T.);
#4002=ORIENTED_EDGE('',*,*,#4001,.T.);
#4003=EDGE_LOOP('',(#3980,#3982,#3984,#3986,#3988,#3990,#3992,#3994,#3996,#3998,
#4000,#4002));
#4004=FACE_BOUND('',#4003,.F.);
#4006=ORIENTED_EDGE('',*,*,#4005,.T.);
#4008=ORIENTED_EDGE('',*,*,#4007,.T.);
#4010=ORIENTED_EDGE('',*,*,#4009,.T.);
#4012=ORIENTED_EDGE('',*,*,#4011,.F.);
#4014=ORIENTED_EDGE('',*,*,#4013,.T.);
#4016=ORIENTED_EDGE('',*,*,#4015,.F.);
#4018=ORIENTED_EDGE('',*,*,#4017,.T.);
#4020=ORIENTED_EDGE('',*,*,#4019,.F.);
#4021=EDGE_LOOP('',(#4006,#4008,#4010,#4012,#4014,#4016,#4018,#4020));
#4022=FACE_BOUND('',#4021,.F.);
#4024=ORIENTED_EDGE('',*,*,#4023,.T.);
#4026=ORIENTED_EDGE('',*,*,#4025,.F.);
#4028=ORIENTED_EDGE('',*,*,#4027,.T.);
#4030=ORIENTED_EDGE('',*,*,#4029,.F.);
#4031=EDGE_LOOP('',(#4024,#4026,#4028,#4030));
#4032=FACE_BOUND('',#4031,.F.);
#4034=ORIENTED_EDGE('',*,*,#4033,.T.);
#4036=ORIENTED_EDGE('',*,*,#4035,.T.);
#4038=ORIENTED_EDGE('',*,*,#4037,.T.);
#4040=ORIENTED_EDGE('',*,*,#4039,.T.);
#4042=ORIENTED_EDGE('',*,*,#4041,.T.);
#4044=ORIENTED_EDGE('',*,*,#4043,.F.);
#4046=ORIENTED_EDGE('',*,*,#4045,.T.);
#4048=ORIENTED_EDGE('',*,*,#4047,.F.);
#4050=ORIENTED_EDGE('',*,*,#4049,.T.);
#4052=ORIENTED_EDGE('',*,*,#4051,.T.);
#4054=ORIENTED_EDGE('',*,*,#4053,.T.);
#4056=ORIENTED_EDGE('',*,*,#4055,.F.);
#4057=EDGE_LOOP('',(#4034,#4036,#4038,#4040,#4042,#4044,#4046,#4048,#4050,#4052,
#4054,#4056));
#4058=FACE_BOUND('',#4057,.F.);
#4060=ORIENTED_EDGE('',*,*,#4059,.T.);
#4062=ORIENTED_EDGE('',*,*,#4061,.T.);
#4064=ORIENTED_EDGE('',*,*,#4063,.T.);
#4066=ORIENTED_EDGE('',*,*,#4065,.T.);
#4068=ORIENTED_EDGE('',*,*,#4067,.T.);
#4070=ORIENTED_EDGE('',*,*,#4069,.T.);
#4072=ORIENTED_EDGE('',*,*,#4071,.T.);
#4074=ORIENTED_EDGE('',*,*,#4073,.T.);
#4076=ORIENTED_EDGE('',*,*,#4075,.T.);
#4078=ORIENTED_EDGE('',*,*,#4077,.T.);
#4080=ORIENTED_EDGE('',*,*,#4079,.T.);
#4082=ORIENTED_EDGE('',*,*,#4081,.T.);
#4083=EDGE_LOOP('',(#4060,#4062,#4064,#4066,#4068,#4070,#4072,#4074,#4076,#4078,
#4080,#4082));
#4084=FACE_BOUND('',#4083,.F.);
#4086=ORIENTED_EDGE('',*,*,#4085,.T.);
#4088=ORIENTED_EDGE('',*,*,#4087,.F.);
#4090=ORIENTED_EDGE('',*,*,#4089,.T.);
#4092=ORIENTED_EDGE('',*,*,#4091,.T.);
#4093=EDGE_LOOP('',(#4086,#4088,#4090,#4092));
#4094=FACE_BOUND('',#4093,.F.);
#4096=ORIENTED_EDGE('',*,*,#4095,.T.);
#4098=ORIENTED_EDGE('',*,*,#4097,.T.);
#4100=ORIENTED_EDGE('',*,*,#4099,.T.);
#4102=ORIENTED_EDGE('',*,*,#4101,.T.);
#4104=ORIENTED_EDGE('',*,*,#4103,.T.);
#4106=ORIENTED_EDGE('',*,*,#4105,.T.);
#4108=ORIENTED_EDGE('',*,*,#4107,.T.);
#4110=ORIENTED_EDGE('',*,*,#4109,.T.);
#4111=EDGE_LOOP('',(#4096,#4098,#4100,#4102,#4104,#4106,#4108,#4110));
#4112=FACE_BOUND('',#4111,.F.);
#4114=ORIENTED_EDGE('',*,*,#4113,.T.);
#4116=ORIENTED_EDGE('',*,*,#4115,.T.);
#4118=ORIENTED_EDGE('',*,*,#4117,.T.);
#4120=ORIENTED_EDGE('',*,*,#4119,.T.);
#4122=ORIENTED_EDGE('',*,*,#4121,.T.);
#4124=ORIENTED_EDGE('',*,*,#4123,.T.);
#4126=ORIENTED_EDGE('',*,*,#4125,.T.);
#4128=ORIENTED_EDGE('',*,*,#4127,.T.);
#4130=ORIENTED_EDGE('',*,*,#4129,.T.);
#4132=ORIENTED_EDGE('',*,*,#4131,.T.);
#4134=ORIENTED_EDGE('',*,*,#4133,.T.);
#4136=ORIENTED_EDGE('',*,*,#4135,.T.);
#4138=ORIENTED_EDGE('',*,*,#4137,.T.);
#4140=ORIENTED_EDGE('',*,*,#4139,.T.);
#4142=ORIENTED_EDGE('',*,*,#4141,.T.);
#4144=ORIENTED_EDGE('',*,*,#4143,.T.);
#4145=EDGE_LOOP('',(#4114,#4116,#4118,#4120,#4122,#4124,#4126,#4128,#4130,#4132,
#4134,#4136,#4138,#4140,#4142,#4144));
#4146=FACE_BOUND('',#4145,.F.);
#4148=FILL_AREA_STYLE_COLOUR('',#15);
#4149=FILL_AREA_STYLE('',(#4148));
#4150=SURFACE_STYLE_FILL_AREA(#4149);
#4151=SURFACE_SIDE_STYLE('',(#4150));
#4152=SURFACE_STYLE_USAGE(.POSITIVE.,#4151);
#4153=PRESENTATION_STYLE_ASSIGNMENT((#4152));
#4154=STYLED_ITEM('',(#4153),#4147);
#4155=CARTESIAN_POINT('',(-4.5E0,-1.6E0,0.E0));
#4156=DIRECTION('',(0.E0,-1.E0,0.E0));
#4157=DIRECTION('',(1.E0,0.E0,0.E0));
#4158=AXIS2_PLACEMENT_3D('',#4155,#4156,#4157);
#4159=PLANE('',#4158);
#4161=ORIENTED_EDGE('',*,*,#4160,.F.);
#4163=ORIENTED_EDGE('',*,*,#4162,.F.);
#4164=EDGE_LOOP('',(#4161,#4163));
#4165=FACE_OUTER_BOUND('',#4164,.F.);
#4167=FILL_AREA_STYLE_COLOUR('',#15);
#4168=FILL_AREA_STYLE('',(#4167));
#4169=SURFACE_STYLE_FILL_AREA(#4168);
#4170=SURFACE_SIDE_STYLE('',(#4169));
#4171=SURFACE_STYLE_USAGE(.POSITIVE.,#4170);
#4172=PRESENTATION_STYLE_ASSIGNMENT((#4171));
#4173=STYLED_ITEM('',(#4172),#4166);
#4174=CARTESIAN_POINT('',(-4.5E0,-1.6E0,0.E0));
#4175=DIRECTION('',(0.E0,-1.E0,0.E0));
#4176=DIRECTION('',(1.E0,0.E0,0.E0));
#4177=AXIS2_PLACEMENT_3D('',#4174,#4175,#4176);
#4178=PLANE('',#4177);
#4180=ORIENTED_EDGE('',*,*,#4179,.T.);
#4182=ORIENTED_EDGE('',*,*,#4181,.F.);
#4184=ORIENTED_EDGE('',*,*,#4183,.T.);
#4186=ORIENTED_EDGE('',*,*,#4185,.T.);
#4187=EDGE_LOOP('',(#4180,#4182,#4184,#4186));
#4188=FACE_OUTER_BOUND('',#4187,.F.);
#4190=FILL_AREA_STYLE_COLOUR('',#15);
#4191=FILL_AREA_STYLE('',(#4190));
#4192=SURFACE_STYLE_FILL_AREA(#4191);
#4193=SURFACE_SIDE_STYLE('',(#4192));
#4194=SURFACE_STYLE_USAGE(.POSITIVE.,#4193);
#4195=PRESENTATION_STYLE_ASSIGNMENT((#4194));
#4196=STYLED_ITEM('',(#4195),#4189);
#4197=CARTESIAN_POINT('',(-4.5E0,-1.6E0,0.E0));
#4198=DIRECTION('',(0.E0,-1.E0,0.E0));
#4199=DIRECTION('',(1.E0,0.E0,0.E0));
#4200=AXIS2_PLACEMENT_3D('',#4197,#4198,#4199);
#4201=PLANE('',#4200);
#4203=ORIENTED_EDGE('',*,*,#4202,.F.);
#4205=ORIENTED_EDGE('',*,*,#4204,.T.);
#4207=ORIENTED_EDGE('',*,*,#4206,.T.);
#4209=ORIENTED_EDGE('',*,*,#4208,.T.);
#4211=ORIENTED_EDGE('',*,*,#4210,.F.);
#4212=EDGE_LOOP('',(#4203,#4205,#4207,#4209,#4211));
#4213=FACE_OUTER_BOUND('',#4212,.F.);
#4215=FILL_AREA_STYLE_COLOUR('',#15);
#4216=FILL_AREA_STYLE('',(#4215));
#4217=SURFACE_STYLE_FILL_AREA(#4216);
#4218=SURFACE_SIDE_STYLE('',(#4217));
#4219=SURFACE_STYLE_USAGE(.POSITIVE.,#4218);
#4220=PRESENTATION_STYLE_ASSIGNMENT((#4219));
#4221=STYLED_ITEM('',(#4220),#4214);
#4222=CARTESIAN_POINT('',(-4.5E0,-1.6E0,0.E0));
#4223=DIRECTION('',(0.E0,-1.E0,0.E0));
#4224=DIRECTION('',(1.E0,0.E0,0.E0));
#4225=AXIS2_PLACEMENT_3D('',#4222,#4223,#4224);
#4226=PLANE('',#4225);
#4228=ORIENTED_EDGE('',*,*,#4227,.T.);
#4230=ORIENTED_EDGE('',*,*,#4229,.T.);
#4232=ORIENTED_EDGE('',*,*,#4231,.F.);
#4233=EDGE_LOOP('',(#4228,#4230,#4232));
#4234=FACE_OUTER_BOUND('',#4233,.F.);
#4236=FILL_AREA_STYLE_COLOUR('',#15);
#4237=FILL_AREA_STYLE('',(#4236));
#4238=SURFACE_STYLE_FILL_AREA(#4237);
#4239=SURFACE_SIDE_STYLE('',(#4238));
#4240=SURFACE_STYLE_USAGE(.POSITIVE.,#4239);
#4241=PRESENTATION_STYLE_ASSIGNMENT((#4240));
#4242=STYLED_ITEM('',(#4241),#4235);
#4243=CARTESIAN_POINT('',(-4.5E0,-1.6E0,0.E0));
#4244=DIRECTION('',(0.E0,-1.E0,0.E0));
#4245=DIRECTION('',(1.E0,0.E0,0.E0));
#4246=AXIS2_PLACEMENT_3D('',#4243,#4244,#4245);
#4247=PLANE('',#4246);
#4249=ORIENTED_EDGE('',*,*,#4248,.T.);
#4251=ORIENTED_EDGE('',*,*,#4250,.F.);
#4253=ORIENTED_EDGE('',*,*,#4252,.T.);
#4255=ORIENTED_EDGE('',*,*,#4254,.T.);
#4256=EDGE_LOOP('',(#4249,#4251,#4253,#4255));
#4257=FACE_OUTER_BOUND('',#4256,.F.);
#4259=FILL_AREA_STYLE_COLOUR('',#15);
#4260=FILL_AREA_STYLE('',(#4259));
#4261=SURFACE_STYLE_FILL_AREA(#4260);
#4262=SURFACE_SIDE_STYLE('',(#4261));
#4263=SURFACE_STYLE_USAGE(.POSITIVE.,#4262);
#4264=PRESENTATION_STYLE_ASSIGNMENT((#4263));
#4265=STYLED_ITEM('',(#4264),#4258);
#4266=CARTESIAN_POINT('',(-4.5E0,-1.6E0,0.E0));
#4267=DIRECTION('',(0.E0,-1.E0,0.E0));
#4268=DIRECTION('',(1.E0,0.E0,0.E0));
#4269=AXIS2_PLACEMENT_3D('',#4266,#4267,#4268);
#4270=PLANE('',#4269);
#4272=ORIENTED_EDGE('',*,*,#4271,.F.);
#4274=ORIENTED_EDGE('',*,*,#4273,.T.);
#4276=ORIENTED_EDGE('',*,*,#4275,.T.);
#4278=ORIENTED_EDGE('',*,*,#4277,.T.);
#4280=ORIENTED_EDGE('',*,*,#4279,.F.);
#4281=EDGE_LOOP('',(#4272,#4274,#4276,#4278,#4280));
#4282=FACE_OUTER_BOUND('',#4281,.F.);
#4284=FILL_AREA_STYLE_COLOUR('',#15);
#4285=FILL_AREA_STYLE('',(#4284));
#4286=SURFACE_STYLE_FILL_AREA(#4285);
#4287=SURFACE_SIDE_STYLE('',(#4286));
#4288=SURFACE_STYLE_USAGE(.POSITIVE.,#4287);
#4289=PRESENTATION_STYLE_ASSIGNMENT((#4288));
#4290=STYLED_ITEM('',(#4289),#4283);
#4291=CARTESIAN_POINT('',(3.8E0,-9.E-1,-1.3036E1));
#4292=DIRECTION('',(0.E0,0.E0,1.E0));
#4293=DIRECTION('',(0.E0,-1.E0,0.E0));
#4294=AXIS2_PLACEMENT_3D('',#4291,#4292,#4293);
#4295=CYLINDRICAL_SURFACE('',#4294,7.E-1);
#4296=ORIENTED_EDGE('',*,*,#3897,.T.);
#4298=ORIENTED_EDGE('',*,*,#4297,.T.);
#4300=ORIENTED_EDGE('',*,*,#4299,.F.);
#4302=ORIENTED_EDGE('',*,*,#4301,.T.);
#4303=EDGE_LOOP('',(#4296,#4298,#4300,#4302));
#4304=FACE_OUTER_BOUND('',#4303,.F.);
#4306=FILL_AREA_STYLE_COLOUR('',#15);
#4307=FILL_AREA_STYLE('',(#4306));
#4308=SURFACE_STYLE_FILL_AREA(#4307);
#4309=SURFACE_SIDE_STYLE('',(#4308));
#4310=SURFACE_STYLE_USAGE(.POSITIVE.,#4309);
#4311=PRESENTATION_STYLE_ASSIGNMENT((#4310));
#4312=STYLED_ITEM('',(#4311),#4305);
#4313=CARTESIAN_POINT('',(3.8E0,0.E0,8.4E0));
#4314=DIRECTION('',(-1.E0,0.E0,0.E0));
#4315=DIRECTION('',(0.E0,-9.999029689201E-1,-1.393028157260E-2));
#4316=AXIS2_PLACEMENT_3D('',#4313,#4314,#4315);
#4317=TOROIDAL_SURFACE('',#4316,9.E-1,7.E-1);
#4318=ORIENTED_EDGE('',*,*,#3423,.T.);
#4320=ORIENTED_EDGE('',*,*,#4319,.T.);
#4322=ORIENTED_EDGE('',*,*,#4321,.F.);
#4323=ORIENTED_EDGE('',*,*,#4297,.F.);
#4324=EDGE_LOOP('',(#4318,#4320,#4322,#4323));
#4325=FACE_OUTER_BOUND('',#4324,.F.);
#4327=FILL_AREA_STYLE_COLOUR('',#15);
#4328=FILL_AREA_STYLE('',(#4327));
#4329=SURFACE_STYLE_FILL_AREA(#4328);
#4330=SURFACE_SIDE_STYLE('',(#4329));
#4331=SURFACE_STYLE_USAGE(.POSITIVE.,#4330);
#4332=PRESENTATION_STYLE_ASSIGNMENT((#4331));
#4333=STYLED_ITEM('',(#4332),#4326);
#4334=CARTESIAN_POINT('',(3.8E0,9.E-1,8.421638683406E0));
#4335=DIRECTION('',(0.E0,0.E0,-1.E0));
#4336=DIRECTION('',(0.E0,1.E0,0.E0));
#4337=AXIS2_PLACEMENT_3D('',#4334,#4335,#4336);
#4338=CYLINDRICAL_SURFACE('',#4337,7.E-1);
#4340=ORIENTED_EDGE('',*,*,#4339,.F.);
#4341=ORIENTED_EDGE('',*,*,#4319,.F.);
#4342=ORIENTED_EDGE('',*,*,#3444,.T.);
#4344=ORIENTED_EDGE('',*,*,#4343,.T.);
#4345=EDGE_LOOP('',(#4340,#4341,#4342,#4344));
#4346=FACE_OUTER_BOUND('',#4345,.F.);
#4348=FILL_AREA_STYLE_COLOUR('',#15);
#4349=FILL_AREA_STYLE('',(#4348));
#4350=SURFACE_STYLE_FILL_AREA(#4349);
#4351=SURFACE_SIDE_STYLE('',(#4350));
#4352=SURFACE_STYLE_USAGE(.POSITIVE.,#4351);
#4353=PRESENTATION_STYLE_ASSIGNMENT((#4352));
#4354=STYLED_ITEM('',(#4353),#4347);
#4355=CARTESIAN_POINT('',(4.5E0,-1.6E0,0.E0));
#4356=DIRECTION('',(1.E0,0.E0,0.E0));
#4357=DIRECTION('',(0.E0,1.E0,0.E0));
#4358=AXIS2_PLACEMENT_3D('',#4355,#4356,#4357);
#4359=PLANE('',#4358);
#4361=ORIENTED_EDGE('',*,*,#4360,.T.);
#4362=ORIENTED_EDGE('',*,*,#4299,.T.);
#4363=ORIENTED_EDGE('',*,*,#4321,.T.);
#4364=ORIENTED_EDGE('',*,*,#4339,.T.);
#4365=EDGE_LOOP('',(#4361,#4362,#4363,#4364));
#4366=FACE_OUTER_BOUND('',#4365,.F.);
#4368=FILL_AREA_STYLE_COLOUR('',#15);
#4369=FILL_AREA_STYLE('',(#4368));
#4370=SURFACE_STYLE_FILL_AREA(#4369);
#4371=SURFACE_SIDE_STYLE('',(#4370));
#4372=SURFACE_STYLE_USAGE(.POSITIVE.,#4371);
#4373=PRESENTATION_STYLE_ASSIGNMENT((#4372));
#4374=STYLED_ITEM('',(#4373),#4367);
#4375=CARTESIAN_POINT('',(3.6E0,5.77152E0,9.E-1));
#4376=DIRECTION('',(0.E0,-1.E0,0.E0));
#4377=DIRECTION('',(0.E0,0.E0,-1.E0));
#4378=AXIS2_PLACEMENT_3D('',#4375,#4376,#4377);
#4379=CYLINDRICAL_SURFACE('',#4378,9.E-1);
#4381=ORIENTED_EDGE('',*,*,#4380,.T.);
#4383=ORIENTED_EDGE('',*,*,#4382,.T.);
#4385=ORIENTED_EDGE('',*,*,#4384,.T.);
#4386=ORIENTED_EDGE('',*,*,#4360,.F.);
#4388=ORIENTED_EDGE('',*,*,#4387,.T.);
#4389=EDGE_LOOP('',(#4381,#4383,#4385,#4386,#4388));
#4390=FACE_OUTER_BOUND('',#4389,.F.);
#4392=FILL_AREA_STYLE_COLOUR('',#15);
#4393=FILL_AREA_STYLE('',(#4392));
#4394=SURFACE_STYLE_FILL_AREA(#4393);
#4395=SURFACE_SIDE_STYLE('',(#4394));
#4396=SURFACE_STYLE_USAGE(.POSITIVE.,#4395);
#4397=PRESENTATION_STYLE_ASSIGNMENT((#4396));
#4398=STYLED_ITEM('',(#4397),#4391);
#4399=CARTESIAN_POINT('',(4.203162889537E0,8.718904523886E-1,
2.320037470985E-1));
#4400=CARTESIAN_POINT('',(4.212204088084E0,8.660008134765E-1,
2.402597892601E-1));
#4401=CARTESIAN_POINT('',(4.236173220990E0,8.495313387272E-1,
2.622453475551E-1));
#4402=CARTESIAN_POINT('',(4.274503822726E0,8.192749485167E-1,
2.977750446263E-1));
#4403=CARTESIAN_POINT('',(4.317994290429E0,7.787141351769E-1,
3.386118096822E-1));
#4404=CARTESIAN_POINT('',(4.360718710027E0,7.318200088254E-1,
3.792627836640E-1));
#4405=CARTESIAN_POINT('',(4.402839100722E0,6.771100987626E-1,
4.198887513990E-1));
#4406=CARTESIAN_POINT('',(4.443634472170E0,6.137841618257E-1,
4.597865277762E-1));
#4407=CARTESIAN_POINT('',(4.482249718669E0,5.411080165793E-1,
4.980755161824E-1));
#4408=CARTESIAN_POINT('',(4.517770263386E0,4.580466210240E-1,
5.337705608417E-1));
#4409=CARTESIAN_POINT('',(4.548922196440E0,3.637603911672E-1,
5.654700316891E-1));
#4410=CARTESIAN_POINT('',(4.574473033613E0,2.563007241348E-1,
5.917565162350E-1));
#4411=CARTESIAN_POINT('',(4.592276892548E0,1.339847758439E-1,
6.102335495661E-1));
#4412=CARTESIAN_POINT('',(4.598260927931E0,1.258636386532E-2,
6.164841883433E-1));
#4413=CARTESIAN_POINT('',(4.595445935637E0,-6.633821641458E-2,
6.135344124964E-1));
#4414=CARTESIAN_POINT('',(4.593111296310E0,-9.912573787336E-2,
6.109844059123E-1));
#4415=CARTESIAN_POINT('',(3.935820506822E0,5.645089368754E-1,
-1.384837684447E-2));
#4416=CARTESIAN_POINT('',(3.941800550626E0,5.614733743344E-1,
-5.830600321885E-3));
#4417=CARTESIAN_POINT('',(3.957711708513E0,5.527985089667E-1,
1.545585810421E-2));
#4418=CARTESIAN_POINT('',(3.983387710154E0,5.360620777172E-1,
4.958660337763E-2));
#4419=CARTESIAN_POINT('',(4.012811588031E0,5.125497107978E-1,
8.844043085714E-2));
#4420=CARTESIAN_POINT('',(4.041975084061E0,4.843696700559E-1,
1.267543478289E-1));
#4421=CARTESIAN_POINT('',(4.070961853176E0,4.505159110373E-1,
1.646827427136E-1));
#4422=CARTESIAN_POINT('',(4.099245596265E0,4.103775188136E-1,
2.015826871437E-1));
#4423=CARTESIAN_POINT('',(4.126195327117E0,3.633983643184E-1,
2.366750644765E-1));
#4424=CARTESIAN_POINT('',(4.151129960981E0,3.088355002486E-1,
2.691110461734E-1));
#4425=CARTESIAN_POINT('',(4.173107076466E0,2.460917831251E-1,
2.976928627907E-1));
#4426=CARTESIAN_POINT('',(4.191205378401E0,1.738661736136E-1,
3.212377379505E-1));
#4427=CARTESIAN_POINT('',(4.203854892510E0,9.106454159305E-2,
3.377016636723E-1));
#4428=CARTESIAN_POINT('',(4.208113868668E0,8.554755876769E-3,
3.432536117047E-1));
#4429=CARTESIAN_POINT('',(4.206110669036E0,-4.508808821416E-2,
3.406339471656E-1));
#4430=CARTESIAN_POINT('',(4.204451341714E0,-6.734944691009E-2,
3.383755459885E-1));
#4431=CARTESIAN_POINT('',(3.850863902393E0,2.937091635994E-1,
-3.957504534728E-1));
#4432=CARTESIAN_POINT('',(3.853970358165E0,2.920995471853E-1,
-3.881027943234E-1));
#4433=CARTESIAN_POINT('',(3.862233545950E0,2.875087760212E-1,
-3.679023045171E-1));
#4434=CARTESIAN_POINT('',(3.875559159488E0,2.786900131903E-1,
-3.359446647191E-1));
#4435=CARTESIAN_POINT('',(3.890818933421E0,2.663498454408E-1,
-3.001710952666E-1));
#4436=CARTESIAN_POINT('',(3.905934071630E0,2.516031789387E-1,
-2.654875188062E-1));
#4437=CARTESIAN_POINT('',(3.920948925770E0,2.339283746453E-1,
-2.317494829750E-1));
#4438=CARTESIAN_POINT('',(3.935591979936E0,2.130111867661E-1,
-1.995063144459E-1));
#4439=CARTESIAN_POINT('',(3.949537944836E0,1.885654071159E-1,
-1.693794927793E-1));
#4440=CARTESIAN_POINT('',(3.962435916079E0,1.602073174493E-1,
-1.420060783412E-1));
#4441=CARTESIAN_POINT('',(3.973800133429E0,1.276283113691E-1,
-1.182671673113E-1));
#4442=CARTESIAN_POINT('',(3.983156049877E0,9.015300157856E-2,
-9.898105673346E-2));
#4443=CARTESIAN_POINT('',(3.989693844062E0,4.721229909036E-2,
-8.564425460166E-2));
#4444=CARTESIAN_POINT('',(3.991894798947E0,4.435192776330E-3,
-8.117763966339E-2));
#4445=CARTESIAN_POINT('',(3.990859574435E0,-2.337584756544E-2,
-8.328451549055E-2));
#4446=CARTESIAN_POINT('',(3.990001985819E0,-3.491807777540E-2,
-8.508994229959E-2));
#4447=CARTESIAN_POINT('',(3.968223608331E0,1.230198435453E-1,
-8.241095471753E-1));
#4448=CARTESIAN_POINT('',(3.969318176816E0,1.210735208750E-1,
-8.168770288494E-1));
#4449=CARTESIAN_POINT('',(3.972137587339E0,1.158982140485E-1,
-7.978946118482E-1));
#4450=CARTESIAN_POINT('',(3.976314384043E0,1.075373708598E-1,
-7.683744280080E-1));
#4451=CARTESIAN_POINT('',(3.980635390801E0,9.787219488800E-2,
-7.360558189172E-1));
#4452=CARTESIAN_POINT('',(3.984510434168E0,8.812676708994E-2,
-7.054442008630E-1));
#4453=CARTESIAN_POINT('',(3.987992843943E0,7.815819314017E-2,
-6.764062662261E-1));
#4454=CARTESIAN_POINT('',(3.991066208107E0,6.798663970258E-2,
-6.493863536743E-1));
#4455=CARTESIAN_POINT('',(3.993720796266E0,5.762436545868E-2,
-6.248291297006E-1));
#4456=CARTESIAN_POINT('',(3.995955113464E0,4.702974166069E-2,
-6.031341256602E-1));
#4457=CARTESIAN_POINT('',(3.997758102124E0,3.616110573802E-2,
-5.848272423025E-1));
#4458=CARTESIAN_POINT('',(3.999132716905E0,2.480003507704E-2,
-5.703179597343E-1));
#4459=CARTESIAN_POINT('',(4.000035204893E0,1.271563612177E-2,
-5.604886845549E-1));
#4460=CARTESIAN_POINT('',(4.000327981286E0,1.194110135291E-3,
-5.572394295866E-1));
#4461=CARTESIAN_POINT('',(4.000189830663E0,-6.295112695336E-3,
-5.587711377953E-1));
#4462=CARTESIAN_POINT('',(4.000072322266E0,-9.439919987653E-3,
-5.600684875300E-1));
#4463=(BOUNDED_SURFACE()B_SPLINE_SURFACE(3,3,((#4399,#4400,#4401,#4402,#4403,
#4404,#4405,#4406,#4407,#4408,#4409,#4410,#4411,#4412,#4413,#4414),(#4415,#4416,
#4417,#4418,#4419,#4420,#4421,#4422,#4423,#4424,#4425,#4426,#4427,#4428,#4429,
#4430),(#4431,#4432,#4433,#4434,#4435,#4436,#4437,#4438,#4439,#4440,#4441,#4442,
#4443,#4444,#4445,#4446),(#4447,#4448,#4449,#4450,#4451,#4452,#4453,#4454,#4455,
#4456,#4457,#4458,#4459,#4460,#4461,#4462)),.UNSPECIFIED.,.F.,.F.,.F.)B_SPLINE_SURFACE_WITH_KNOTS((4,4),(4,1,1,1,1,1,1,1,1,1,1,1,1,4),(0.E0,1.E0),(
-5.286334610028E-2,0.E0,8.705067752999E-2,1.705799120920E-1,2.550620285941E-1,
3.413597082348E-1,4.281153960049E-1,5.155855478368E-1,6.049198378179E-1,
6.961643732993E-1,7.895930578561E-1,8.907794869801E-1,1.E0,1.079157384509E0),
.UNSPECIFIED.)GEOMETRIC_REPRESENTATION_ITEM()RATIONAL_B_SPLINE_SURFACE(((
1.062303183557E0,1.062303183557E0,1.062303183557E0,1.062303183557E0,
1.062303183557E0,1.062303183557E0,1.062303183557E0,1.062303183557E0,
1.062303183557E0,1.062303183557E0,1.062303183557E0,1.062303183557E0,
1.062303183557E0,1.062303183557E0,1.062303183557E0,1.062303183557E0),(
9.792322721477E-1,9.792322721477E-1,9.792322721477E-1,9.792322721477E-1,
9.792322721477E-1,9.792322721477E-1,9.792322721477E-1,9.792322721477E-1,
9.792322721477E-1,9.792322721477E-1,9.792322721477E-1,9.792322721477E-1,
9.792322721477E-1,9.792322721477E-1,9.792322721477E-1,9.792322721477E-1),(
9.792322721477E-1,9.792322721477E-1,9.792322721477E-1,9.792322721477E-1,
9.792322721477E-1,9.792322721477E-1,9.792322721477E-1,9.792322721477E-1,
9.792322721477E-1,9.792322721477E-1,9.792322721477E-1,9.792322721477E-1,
9.792322721477E-1,9.792322721477E-1,9.792322721477E-1,9.792322721477E-1),(
1.062303183557E0,1.062303183557E0,1.062303183557E0,1.062303183557E0,
1.062303183557E0,1.062303183557E0,1.062303183557E0,1.062303183557E0,
1.062303183557E0,1.062303183557E0,1.062303183557E0,1.062303183557E0,
1.062303183557E0,1.062303183557E0,1.062303183557E0,1.062303183557E0)))REPRESENTATION_ITEM('')SURFACE());
#4464=ORIENTED_EDGE('',*,*,#4380,.F.);
#4466=ORIENTED_EDGE('',*,*,#4465,.T.);
#4468=ORIENTED_EDGE('',*,*,#4467,.T.);
#4470=ORIENTED_EDGE('',*,*,#4469,.F.);
#4471=EDGE_LOOP('',(#4464,#4466,#4468,#4470));
#4472=FACE_OUTER_BOUND('',#4471,.F.);
#4474=FILL_AREA_STYLE_COLOUR('',#15);
#4475=FILL_AREA_STYLE('',(#4474));
#4476=SURFACE_STYLE_FILL_AREA(#4475);
#4477=SURFACE_SIDE_STYLE('',(#4476));
#4478=SURFACE_STYLE_USAGE(.POSITIVE.,#4477);
#4479=PRESENTATION_STYLE_ASSIGNMENT((#4478));
#4480=STYLED_ITEM('',(#4479),#4473);
#4481=CARTESIAN_POINT('',(3.653208928649E0,1.100937305634E0,9.357351599900E-2));
#4482=CARTESIAN_POINT('',(3.662499037872E0,1.101786460510E0,9.365106275119E-2));
#4483=CARTESIAN_POINT('',(3.689354171167E0,1.104038042161E0,9.420555105204E-2));
#4484=CARTESIAN_POINT('',(3.733279388900E0,1.106886914080E0,9.683261608723E-2));
#4485=CARTESIAN_POINT('',(3.784866378502E0,1.109184747021E0,1.027123810950E-1));
#4486=CARTESIAN_POINT('',(3.835714458900E0,1.110563595428E0,1.113594811798E-1));
#4487=CARTESIAN_POINT('',(3.885622947436E0,1.111110968419E0,1.226201477899E-1));
#4488=CARTESIAN_POINT('',(3.935161652953E0,1.110832952075E0,1.364096063970E-1));
#4489=CARTESIAN_POINT('',(3.986625633326E0,1.109574462587E0,1.533337906570E-1));
#4490=CARTESIAN_POINT('',(4.042582014702E0,1.106916783452E0,1.745727437826E-1));
#4491=CARTESIAN_POINT('',(4.104702172769E0,1.102119065235E0,2.013983062187E-1));
#4492=CARTESIAN_POINT('',(4.173577553860E0,1.094183367951E0,2.348388867994E-1));
#4493=CARTESIAN_POINT('',(4.249601577443E0,1.081849892052E0,2.759639116130E-1));
#4494=CARTESIAN_POINT('',(4.333388055514E0,1.063523572901E0,3.262089878006E-1));
#4495=CARTESIAN_POINT('',(4.398037091320E0,1.045109190791E0,3.691629328710E-1));
#4496=CARTESIAN_POINT('',(4.434552984464E0,1.033166881314E0,3.949474145756E-1));
#4497=CARTESIAN_POINT('',(4.440794672858E0,1.031080060466E0,3.993990166389E-1));
#4498=CARTESIAN_POINT('',(3.699384902361E0,5.565471248587E-1,
-1.372344178858E-1));
#4499=CARTESIAN_POINT('',(3.702159875661E0,5.568403328946E-1,
-1.371538913704E-1));
#4500=CARTESIAN_POINT('',(3.710059518889E0,5.578112201294E-1,
-1.365638143981E-1));
#4501=CARTESIAN_POINT('',(3.722496880093E0,5.601290621807E-1,
-1.337586839405E-1));
#4502=CARTESIAN_POINT('',(3.736691310659E0,5.642658349996E-1,
-1.274593141359E-1));
#4503=CARTESIAN_POINT('',(3.750686667624E0,5.699077236374E-1,
-1.181698059387E-1));
#4504=CARTESIAN_POINT('',(3.764864078507E0,5.769574444827E-1,
-1.060488921105E-1));
#4505=CARTESIAN_POINT('',(3.779752367607E0,5.852541300745E-1,
-9.118809598695E-2));
#4506=CARTESIAN_POINT('',(3.796394773967E0,5.949457572843E-1,
-7.293810200440E-2));
#4507=CARTESIAN_POINT('',(3.816114558281E0,6.063380791849E-1,
-5.003087017686E-2));
#4508=CARTESIAN_POINT('',(3.840232588302E0,6.194673633958E-1,
-2.110552855153E-2));
#4509=CARTESIAN_POINT('',(3.869833087170E0,6.338848274235E-1,
1.492835948420E-2));
#4510=CARTESIAN_POINT('',(3.905960020150E0,6.488106116864E-1,
5.919968283200E-2));
#4511=CARTESIAN_POINT('',(3.949799243881E0,6.632451524011E-1,
1.132337235398E-1));
#4512=CARTESIAN_POINT('',(3.986852472630E0,6.721496248232E-1,
1.593936419806E-1));
#4513=CARTESIAN_POINT('',(4.008854512592E0,6.762845126484E-1,
1.871082630665E-1));
#4514=CARTESIAN_POINT('',(4.012646464953E0,6.769646719859E-1,
1.918937474824E-1));
#4515=CARTESIAN_POINT('',(3.728095095683E0,2.357454086325E-1,
-6.352558847858E-1));
#4516=CARTESIAN_POINT('',(3.728740272289E0,2.358320579734E-1,
-6.351689287425E-1));
#4517=CARTESIAN_POINT('',(3.730519926762E0,2.361971306274E-1,
-6.345020609855E-1));
#4518=CARTESIAN_POINT('',(3.733092498207E0,2.374211576895E-1,
-6.313127132206E-1));
#4519=CARTESIAN_POINT('',(3.735825330829E0,2.399945254471E-1,
-6.241079490783E-1));
#4520=CARTESIAN_POINT('',(3.738521986521E0,2.437490334427E-1,
-6.134322968907E-1));
#4521=CARTESIAN_POINT('',(3.741477087454E0,2.486044164340E-1,
-5.994552008497E-1));
#4522=CARTESIAN_POINT('',(3.744981085026E0,2.544472878525E-1,
-5.822827464028E-1));
#4523=CARTESIAN_POINT('',(3.749443601299E0,2.614028037603E-1,
-5.611720114927E-1));
#4524=CARTESIAN_POINT('',(3.755432194743E0,2.697432756919E-1,
-5.346650827553E-1));
#4525=CARTESIAN_POINT('',(3.763637719715E0,2.795974342741E-1,
-5.012089821808E-1));
#4526=CARTESIAN_POINT('',(3.774736147333E0,2.907905530317E-1,
-4.595794338871E-1));
#4527=CARTESIAN_POINT('',(3.789402913359E0,3.029528282256E-1,
-4.085192442083E-1));
#4528=CARTESIAN_POINT('',(3.808381967507E0,3.156075322602E-1,
-3.463096367569E-1));
#4529=CARTESIAN_POINT('',(3.825283712250E0,3.244058720046E-1,
-2.932320897325E-1));
#4530=CARTESIAN_POINT('',(3.835581119425E0,3.289646230387E-1,
-2.613527467942E-1));
#4531=CARTESIAN_POINT('',(3.837363038544E0,3.297315808961E-1,
-2.558468340281E-1));
#4532=CARTESIAN_POINT('',(3.729406625750E0,2.495201198189E-1,
-1.228190098022E0));
#4533=CARTESIAN_POINT('',(3.733044191934E0,2.498210618467E-1,
-1.228095487114E0));
#4534=CARTESIAN_POINT('',(3.743656695157E0,2.504647937895E-1,
-1.227337193813E0));
#4535=CARTESIAN_POINT('',(3.761400470866E0,2.504106485718E-1,
-1.223690404749E0));
#4536=CARTESIAN_POINT('',(3.782568042575E0,2.485591585191E-1,
-1.215407696552E0));
#4537=CARTESIAN_POINT('',(3.803429037636E0,2.449288432158E-1,
-1.203081729567E0));
#4538=CARTESIAN_POINT('',(3.823553185647E0,2.396523790335E-1,
-1.186894700796E0));
#4539=CARTESIAN_POINT('',(3.842877646774E0,2.328618677360E-1,
-1.166970033040E0));
#4540=CARTESIAN_POINT('',(3.862015840791E0,2.243416584164E-1,
-1.142453358258E0));
#4541=CARTESIAN_POINT('',(3.881529237928E0,2.135842797447E-1,
-1.111660703710E0));
#4542=CARTESIAN_POINT('',(3.901417139797E0,2.000942818267E-1,
-1.072810373827E0));
#4543=CARTESIAN_POINT('',(3.921187479867E0,1.836010774063E-1,
-1.024518746420E0));
#4544=CARTESIAN_POINT('',(3.940255589468E0,1.639331671962E-1,
-9.653758707845E-1));
#4545=CARTESIAN_POINT('',(3.958062446622E0,1.408831091723E-1,
-8.934326001137E-1));
#4546=CARTESIAN_POINT('',(3.969228851460E0,1.221870478162E-1,
-8.321190654176E-1));
#4547=CARTESIAN_POINT('',(3.974680305096E0,1.113696837562E-1,
-7.952812894817E-1));
#4548=CARTESIAN_POINT('',(3.975587306174E0,1.095132287323E-1,
-7.889176493978E-1));
#4549=(BOUNDED_SURFACE()B_SPLINE_SURFACE(3,3,((#4481,#4482,#4483,#4484,#4485,
#4486,#4487,#4488,#4489,#4490,#4491,#4492,#4493,#4494,#4495,#4496,#4497),(#4498,
#4499,#4500,#4501,#4502,#4503,#4504,#4505,#4506,#4507,#4508,#4509,#4510,#4511,
#4512,#4513,#4514),(#4515,#4516,#4517,#4518,#4519,#4520,#4521,#4522,#4523,#4524,
#4525,#4526,#4527,#4528,#4529,#4530,#4531),(#4532,#4533,#4534,#4535,#4536,#4537,
#4538,#4539,#4540,#4541,#4542,#4543,#4544,#4545,#4546,#4547,#4548)),
.UNSPECIFIED.,.F.,.F.,.F.)B_SPLINE_SURFACE_WITH_KNOTS((4,4),(4,1,1,1,1,1,1,1,1,
1,1,1,1,1,4),(0.E0,1.E0),(-3.701310691544E-2,0.E0,7.060552218581E-2,
1.418682482557E-1,2.138831436203E-1,2.838485125335E-1,3.520534392719E-1,
4.219645346323E-1,4.983084619494E-1,5.824831170261E-1,6.738795968306E-1,
7.729898687370E-1,8.811712369057E-1,1.E0,1.024558591158E0),.UNSPECIFIED.)GEOMETRIC_REPRESENTATION_ITEM()RATIONAL_B_SPLINE_SURFACE(((1.094681942656E0,
1.094681942656E0,1.094681942656E0,1.094681942656E0,1.094681942656E0,
1.094681942656E0,1.094681942656E0,1.094681942656E0,1.094681942656E0,
1.094681942656E0,1.094681942656E0,1.094681942656E0,1.094681942656E0,
1.094681942656E0,1.094681942656E0,1.094681942656E0,1.094681942656E0),(
9.684393524479E-1,9.684393524479E-1,9.684393524479E-1,9.684393524479E-1,
9.684393524479E-1,9.684393524479E-1,9.684393524479E-1,9.684393524479E-1,
9.684393524479E-1,9.684393524479E-1,9.684393524479E-1,9.684393524479E-1,
9.684393524479E-1,9.684393524479E-1,9.684393524479E-1,9.684393524479E-1,
9.684393524479E-1),(9.684393524479E-1,9.684393524479E-1,9.684393524479E-1,
9.684393524479E-1,9.684393524479E-1,9.684393524479E-1,9.684393524479E-1,
9.684393524479E-1,9.684393524479E-1,9.684393524479E-1,9.684393524479E-1,
9.684393524479E-1,9.684393524479E-1,9.684393524479E-1,9.684393524479E-1,
9.684393524479E-1,9.684393524479E-1),(1.094681942656E0,1.094681942656E0,
1.094681942656E0,1.094681942656E0,1.094681942656E0,1.094681942656E0,
1.094681942656E0,1.094681942656E0,1.094681942656E0,1.094681942656E0,
1.094681942656E0,1.094681942656E0,1.094681942656E0,1.094681942656E0,
1.094681942656E0,1.094681942656E0,1.094681942656E0)))REPRESENTATION_ITEM('')SURFACE());
#4551=ORIENTED_EDGE('',*,*,#4550,.F.);
#4553=ORIENTED_EDGE('',*,*,#4552,.T.);
#4555=ORIENTED_EDGE('',*,*,#4554,.T.);
#4556=ORIENTED_EDGE('',*,*,#4465,.F.);
#4557=EDGE_LOOP('',(#4551,#4553,#4555,#4556));
#4558=FACE_OUTER_BOUND('',#4557,.F.);
#4560=FILL_AREA_STYLE_COLOUR('',#15);
#4561=FILL_AREA_STYLE('',(#4560));
#4562=SURFACE_STYLE_FILL_AREA(#4561);
#4563=SURFACE_SIDE_STYLE('',(#4562));
#4564=SURFACE_STYLE_USAGE(.POSITIVE.,#4563);
#4565=PRESENTATION_STYLE_ASSIGNMENT((#4564));
#4566=STYLED_ITEM('',(#4565),#4559);
#4567=CARTESIAN_POINT('',(3.777940757255E0,1.599525541982E0,9.151392719326E-1));
#4568=CARTESIAN_POINT('',(3.778135199027E0,1.600458783992E0,8.593852895116E-1));
#4569=CARTESIAN_POINT('',(3.776338365140E0,1.591789539423E0,7.455761726478E-1));
#4570=CARTESIAN_POINT('',(3.766824745761E0,1.546405130120E0,5.786871794921E-1));
#4571=CARTESIAN_POINT('',(3.750152548763E0,1.468236009231E0,4.206899191674E-1));
#4572=CARTESIAN_POINT('',(3.726643044632E0,1.359668730288E0,2.795227259223E-1));
#4573=CARTESIAN_POINT('',(3.697369498611E0,1.225921032415E0,1.628326773182E-1));
#4574=CARTESIAN_POINT('',(3.674834903764E0,1.123662768863E0,1.040943409796E-1));
#4575=CARTESIAN_POINT('',(3.663172056068E0,1.070855409807E0,8.020448110374E-2));
#4576=CARTESIAN_POINT('',(4.208463944757E0,1.612954979551E0,9.227990648345E-1));
#4577=CARTESIAN_POINT('',(4.209122663597E0,1.614846401950E0,8.388586978195E-1));
#4578=CARTESIAN_POINT('',(4.202768117375E0,1.597001867096E0,6.669988904186E-1));
#4579=CARTESIAN_POINT('',(4.172581086219E0,1.508515458252E0,4.316329193984E-1));
#4580=CARTESIAN_POINT('',(4.128974062266E0,1.369975686916E0,2.359167075566E-1));
#4581=CARTESIAN_POINT('',(4.079385276261E0,1.197431802919E0,8.897474055202E-2));
#4582=CARTESIAN_POINT('',(4.028856096278E0,1.006417668609E0,
-6.958071564731E-3));
#4583=CARTESIAN_POINT('',(3.996124991945E0,8.741555279697E-1,
-3.912444138030E-2));
#4584=CARTESIAN_POINT('',(3.980401071228E0,8.090134449534E-1,
-4.783569366190E-2));
#4585=CARTESIAN_POINT('',(4.513050458345E0,1.308297324190E0,9.227980882265E-1));
#4586=CARTESIAN_POINT('',(4.514037643891E0,1.310523844312E0,8.388769246935E-1));
#4587=CARTESIAN_POINT('',(4.504458607676E0,1.289377236460E0,6.667014537237E-1));
#4588=CARTESIAN_POINT('',(4.459645552650E0,1.187005079972E0,4.423535746256E-1));
#4589=CARTESIAN_POINT('',(4.396982679269E0,1.034112003692E0,2.757638311422E-1));
#4590=CARTESIAN_POINT('',(4.328943324807E0,8.553364990110E-1,
1.741043642896E-1));
#4591=CARTESIAN_POINT('',(4.263376210445E0,6.715057616257E-1,
1.332090315227E-1));
#4592=CARTESIAN_POINT('',(4.223431280317E0,5.542386322893E-1,
1.398659635298E-1));
#4593=CARTESIAN_POINT('',(4.204834231953E0,4.990190994340E-1,
1.499593750430E-1));
#4594=CARTESIAN_POINT('',(4.499520437427E0,8.777773236253E-1,
9.151369583026E-1));
#4595=CARTESIAN_POINT('',(4.500493032171E0,8.795044277981E-1,
8.594284698276E-1));
#4596=CARTESIAN_POINT('',(4.491057230849E0,8.630124180327E-1,
7.448715312221E-1));
#4597=CARTESIAN_POINT('',(4.446893877633E0,7.847320238561E-1,
6.040849125661E-1));
#4598=CARTESIAN_POINT('',(4.385077483101E0,6.725592530034E-1,
5.150896164944E-1));
#4599=CARTESIAN_POINT('',(4.317857720335E0,5.492289735368E-1,
4.811987815889E-1));
#4600=CARTESIAN_POINT('',(4.252958605236E0,4.324990785677E-1,
4.948950927711E-1));
#4601=CARTESIAN_POINT('',(4.213334120071E0,3.657646973195E-1,
5.281309721728E-1));
#4602=CARTESIAN_POINT('',(4.194864698753E0,3.364643231502E-1,
5.487902393313E-1));
#4603=(BOUNDED_SURFACE()B_SPLINE_SURFACE(3,3,((#4567,#4568,#4569,#4570,#4571,
#4572,#4573,#4574,#4575),(#4576,#4577,#4578,#4579,#4580,#4581,#4582,#4583,
#4584),(#4585,#4586,#4587,#4588,#4589,#4590,#4591,#4592,#4593),(#4594,#4595,
#4596,#4597,#4598,#4599,#4600,#4601,#4602)),.UNSPECIFIED.,.F.,.F.,.F.)B_SPLINE_SURFACE_WITH_KNOTS((4,4),(4,1,1,1,1,1,4),(0.E0,1.E0),(3.374904545926E-3,
1.210522801729E-1,2.427285789632E-1,3.660549716625E-1,4.904470919516E-1,
6.165294606509E-1,7.397316166960E-1),.UNSPECIFIED.)GEOMETRIC_REPRESENTATION_ITEM()RATIONAL_B_SPLINE_SURFACE(((1.187279469701E0,1.187279469701E0,1.187279469701E0,
1.187279469701E0,1.187279469701E0,1.187279469701E0,1.187279469701E0,
1.187279469701E0,1.187279469701E0),(9.375735100995E-1,9.375735100995E-1,
9.375735100995E-1,9.375735100995E-1,9.375735100995E-1,9.375735100995E-1,
9.375735100995E-1,9.375735100995E-1,9.375735100995E-1),(9.375735100995E-1,
9.375735100995E-1,9.375735100995E-1,9.375735100995E-1,9.375735100995E-1,
9.375735100995E-1,9.375735100995E-1,9.375735100995E-1,9.375735100995E-1),(
1.187279469701E0,1.187279469701E0,1.187279469701E0,1.187279469701E0,
1.187279469701E0,1.187279469701E0,1.187279469701E0,1.187279469701E0,
1.187279469701E0)))REPRESENTATION_ITEM('')SURFACE());
#4604=ORIENTED_EDGE('',*,*,#4550,.T.);
#4605=ORIENTED_EDGE('',*,*,#4387,.F.);
#4606=ORIENTED_EDGE('',*,*,#4343,.F.);
#4607=ORIENTED_EDGE('',*,*,#3470,.F.);
#4608=EDGE_LOOP('',(#4604,#4605,#4606,#4607));
#4609=FACE_OUTER_BOUND('',#4608,.F.);
#4611=FILL_AREA_STYLE_COLOUR('',#15);
#4612=FILL_AREA_STYLE('',(#4611));
#4613=SURFACE_STYLE_FILL_AREA(#4612);
#4614=SURFACE_SIDE_STYLE('',(#4613));
#4615=SURFACE_STYLE_USAGE(.POSITIVE.,#4614);
#4616=PRESENTATION_STYLE_ASSIGNMENT((#4615));
#4617=STYLED_ITEM('',(#4616),#4610);
#4618=CARTESIAN_POINT('',(2.199532330631E0,6.834376194229E-1,
-2.109984706635E-4));
#4619=CARTESIAN_POINT('',(2.204903639345E0,6.948791057163E-1,
-5.257704135536E-4));
#4620=CARTESIAN_POINT('',(2.224004636034E0,7.357902914141E-1,
-1.109003967342E-3));
#4621=CARTESIAN_POINT('',(2.261564954190E0,8.153973460364E-1,
1.528200252819E-3));
#4622=CARTESIAN_POINT('',(2.324322004114E0,9.322291717076E-1,
1.272428436018E-2));
#4623=CARTESIAN_POINT('',(2.415290081898E0,1.069359213132E0,3.376673616210E-2));
#4624=CARTESIAN_POINT('',(2.543515998018E0,1.218651618439E0,6.454596260017E-2));
#4625=CARTESIAN_POINT('',(2.709542489913E0,1.363506855131E0,1.010773829115E-1));
#4626=CARTESIAN_POINT('',(2.905294897931E0,1.488863013296E0,1.372748160169E-1));
#4627=CARTESIAN_POINT('',(3.125607759877E0,1.589135424573E0,1.689714626214E-1));
#4628=CARTESIAN_POINT('',(3.375876815743E0,1.662235229012E0,1.935698110116E-1));
#4629=CARTESIAN_POINT('',(3.594380807860E0,1.691173353160E0,2.037044644834E-1));
#4630=CARTESIAN_POINT('',(3.726115135125E0,1.694167379630E0,2.047324302559E-1));
#4631=CARTESIAN_POINT('',(3.761806643720E0,1.693934933553E0,2.046145283104E-1));
#4632=CARTESIAN_POINT('',(2.995603333021E0,3.550817171922E-1,
2.684031179385E-2));
#4633=CARTESIAN_POINT('',(2.995816548458E0,3.540031876366E-1,
2.653328725103E-2));
#4634=CARTESIAN_POINT('',(2.995988818189E0,3.519360286881E-1,
2.596171130867E-2));
#4635=CARTESIAN_POINT('',(2.994331701916E0,3.592649107050E-1,
2.854810988021E-2));
#4636=CARTESIAN_POINT('',(2.996789589452E0,3.907713828509E-1,
3.961479247554E-2));
#4637=CARTESIAN_POINT('',(3.013962348508E0,4.469891094040E-1,
6.052039834517E-2));
#4638=CARTESIAN_POINT('',(3.056644582643E0,5.239980526333E-1,
9.121859953139E-2));
#4639=CARTESIAN_POINT('',(3.130651302029E0,6.097968082814E-1,
1.277600866481E-1));
#4640=CARTESIAN_POINT('',(3.233259439641E0,6.905638598752E-1,
1.640419612206E-1));
#4641=CARTESIAN_POINT('',(3.360164744261E0,7.586574464494E-1,
1.958574136597E-1));
#4642=CARTESIAN_POINT('',(3.513032836078E0,8.100561356642E-1,
2.205725645718E-1));
#4643=CARTESIAN_POINT('',(3.651093201216E0,8.308289655462E-1,
2.307618203548E-1));
#4644=CARTESIAN_POINT('',(3.734823287811E0,8.329757867162E-1,
2.317951294541E-1));
#4645=CARTESIAN_POINT('',(3.757506839130E0,8.328094034940E-1,
2.316762875802E-1));
#4646=CARTESIAN_POINT('',(3.552075743051E0,1.065556606299E-1,
-5.821277118740E-1));
#4647=CARTESIAN_POINT('',(3.550705648674E0,1.023244792437E-1,
-5.826091427160E-1));
#4648=CARTESIAN_POINT('',(3.545331580942E0,8.872761540825E-2,
-5.834431500350E-1));
#4649=CARTESIAN_POINT('',(3.533054560882E0,7.199227248763E-2,
-5.797130354982E-1));
#4650=CARTESIAN_POINT('',(3.517018220788E0,6.520379773560E-2,
-5.657333190322E-1));
#4651=CARTESIAN_POINT('',(3.505429770988E0,7.371230091842E-2,
-5.417470935507E-1));
#4652=CARTESIAN_POINT('',(3.504919362272E0,9.651221925543E-2,
-5.092248850611E-1));
#4653=CARTESIAN_POINT('',(3.520310538602E0,1.281231023689E-1,
-4.729100177464E-1));
#4654=CARTESIAN_POINT('',(3.551605228662E0,1.610611238855E-1,
-4.385290549154E-1));
#4655=CARTESIAN_POINT('',(3.596610134548E0,1.903956598774E-1,
-4.093881107930E-1));
#4656=CARTESIAN_POINT('',(3.655192053958E0,2.132862734480E-1,
-3.873023704434E-1));
#4657=CARTESIAN_POINT('',(3.710273936109E0,2.227124941265E-1,
-3.783422995403E-1));
#4658=CARTESIAN_POINT('',(3.743905968880E0,2.236857049149E-1,
-3.774292772270E-1));
#4659=CARTESIAN_POINT('',(3.753016451048E0,2.236103954220E-1,
-3.775269598168E-1));
#4660=CARTESIAN_POINT('',(3.517865172870E0,9.465719363236E-2,
-1.442910638209E0));
#4661=CARTESIAN_POINT('',(3.519485479216E0,9.862976615115E-2,
-1.443638594252E0));
#4662=CARTESIAN_POINT('',(3.525446707070E0,1.122260511642E-1,
-1.444843551177E0));
#4663=CARTESIAN_POINT('',(3.537847524607E0,1.348228075465E-1,
-1.439496781681E0));
#4664=CARTESIAN_POINT('',(3.556790097415E0,1.609304835970E-1,
-1.421399460148E0));
#4665=CARTESIAN_POINT('',(3.579620302530E0,1.850331135754E-1,
-1.393058745332E0));
#4666=CARTESIAN_POINT('',(3.605518989864E0,2.058994970836E-1,
-1.357958282676E0));
#4667=CARTESIAN_POINT('',(3.632680024853E0,2.223788238002E-1,
-1.321963744917E0));
#4668=CARTESIAN_POINT('',(3.659484506058E0,2.344237377301E-1,
-1.290269741512E0));
#4669=CARTESIAN_POINT('',(3.685768008243E0,2.428724963051E-1,
-1.264909243991E0));
#4670=CARTESIAN_POINT('',(3.712664700245E0,2.484341232648E-1,
-1.246540204076E0));
#4671=CARTESIAN_POINT('',(3.734585254715E0,2.504911167568E-1,
-1.239317599373E0));
#4672=CARTESIAN_POINT('',(3.747632817822E0,2.507047554082E-1,
-1.238574603740E0));
#4673=CARTESIAN_POINT('',(3.751168513282E0,2.506880711298E-1,
-1.238642377452E0));
#4674=(BOUNDED_SURFACE()B_SPLINE_SURFACE(3,3,((#4618,#4619,#4620,#4621,#4622,
#4623,#4624,#4625,#4626,#4627,#4628,#4629,#4630,#4631),(#4632,#4633,#4634,#4635,
#4636,#4637,#4638,#4639,#4640,#4641,#4642,#4643,#4644,#4645),(#4646,#4647,#4648,
#4649,#4650,#4651,#4652,#4653,#4654,#4655,#4656,#4657,#4658,#4659),(#4660,#4661,
#4662,#4663,#4664,#4665,#4666,#4667,#4668,#4669,#4670,#4671,#4672,#4673)),
.UNSPECIFIED.,.F.,.F.,.F.)B_SPLINE_SURFACE_WITH_KNOTS((4,4),(4,1,1,1,1,1,1,1,1,
1,1,4),(0.E0,1.E0),(-3.647852089454E-2,0.E0,9.067397220099E-2,1.905023291554E-1,
3.004433655160E-1,4.199281050791E-1,5.421519535848E-1,6.565479585772E-1,
7.653377065324E-1,8.784238754950E-1,1.E0,1.045217077133E0),.UNSPECIFIED.)GEOMETRIC_REPRESENTATION_ITEM()RATIONAL_B_SPLINE_SURFACE(((1.187264457162E0,
1.187264457162E0,1.187264457162E0,1.187264457162E0,1.187264457162E0,
1.187264457162E0,1.187264457162E0,1.187264457162E0,1.187264457162E0,
1.187264457162E0,1.187264457162E0,1.187264457162E0,1.187264457162E0,
1.187264457162E0),(9.375785142792E-1,9.375785142792E-1,9.375785142792E-1,
9.375785142792E-1,9.375785142792E-1,9.375785142792E-1,9.375785142792E-1,
9.375785142792E-1,9.375785142792E-1,9.375785142792E-1,9.375785142792E-1,
9.375785142792E-1,9.375785142792E-1,9.375785142792E-1),(9.375785142792E-1,
9.375785142792E-1,9.375785142792E-1,9.375785142792E-1,9.375785142792E-1,
9.375785142792E-1,9.375785142792E-1,9.375785142792E-1,9.375785142792E-1,
9.375785142792E-1,9.375785142792E-1,9.375785142792E-1,9.375785142792E-1,
9.375785142792E-1),(1.187264457162E0,1.187264457162E0,1.187264457162E0,
1.187264457162E0,1.187264457162E0,1.187264457162E0,1.187264457162E0,
1.187264457162E0,1.187264457162E0,1.187264457162E0,1.187264457162E0,
1.187264457162E0,1.187264457162E0,1.187264457162E0)))REPRESENTATION_ITEM('')SURFACE());
#4675=ORIENTED_EDGE('',*,*,#3468,.F.);
#4677=ORIENTED_EDGE('',*,*,#4676,.T.);
#4679=ORIENTED_EDGE('',*,*,#4678,.T.);
#4680=ORIENTED_EDGE('',*,*,#4552,.F.);
#4681=EDGE_LOOP('',(#4675,#4677,#4679,#4680));
#4682=FACE_OUTER_BOUND('',#4681,.F.);
#4684=FILL_AREA_STYLE_COLOUR('',#15);
#4685=FILL_AREA_STYLE('',(#4684));
#4686=SURFACE_STYLE_FILL_AREA(#4685);
#4687=SURFACE_SIDE_STYLE('',(#4686));
#4688=SURFACE_STYLE_USAGE(.POSITIVE.,#4687);
#4689=PRESENTATION_STYLE_ASSIGNMENT((#4688));
#4690=STYLED_ITEM('',(#4689),#4683);
#4691=CARTESIAN_POINT('',(3.75E0,0.E0,-1.4E0));
#4692=DIRECTION('',(0.E0,0.E0,-1.E0));
#4693=DIRECTION('',(-9.940245449607E-1,-1.091567863934E-1,0.E0));
#4694=AXIS2_PLACEMENT_3D('',#4691,#4692,#4693);
#4695=TOROIDAL_SURFACE('',#4694,1.65E0,1.4E0);
#4696=ORIENTED_EDGE('',*,*,#3780,.T.);
#4698=ORIENTED_EDGE('',*,*,#4697,.T.);
#4700=ORIENTED_EDGE('',*,*,#4699,.T.);
#4702=ORIENTED_EDGE('',*,*,#4701,.T.);
#4703=ORIENTED_EDGE('',*,*,#4676,.F.);
#4704=EDGE_LOOP('',(#4696,#4698,#4700,#4702,#4703));
#4705=FACE_OUTER_BOUND('',#4704,.F.);
#4707=FILL_AREA_STYLE_COLOUR('',#15);
#4708=FILL_AREA_STYLE('',(#4707));
#4709=SURFACE_STYLE_FILL_AREA(#4708);
#4710=SURFACE_SIDE_STYLE('',(#4709));
#4711=SURFACE_STYLE_USAGE(.POSITIVE.,#4710);
#4712=PRESENTATION_STYLE_ASSIGNMENT((#4711));
#4713=STYLED_ITEM('',(#4712),#4706);
#4714=CARTESIAN_POINT('',(3.761960200689E0,-1.693956620894E0,
2.046320152670E-1));
#4715=CARTESIAN_POINT('',(3.726230134066E0,-1.694191360996E0,
2.047369272868E-1));
#4716=CARTESIAN_POINT('',(3.622851272091E0,-1.691840501149E0,
2.039198550004E-1));
#4717=CARTESIAN_POINT('',(3.453744763810E0,-1.673534728991E0,
1.975271156532E-1));
#4718=CARTESIAN_POINT('',(3.263109775252E0,-1.631166112053E0,
1.830460603319E-1));
#4719=CARTESIAN_POINT('',(3.087739155085E0,-1.571680583237E0,
1.634257066804E-1));
#4720=CARTESIAN_POINT('',(2.927940984587E0,-1.498075776504E0,
1.403047901361E-1));
#4721=CARTESIAN_POINT('',(2.778941586980E0,-1.409666835950E0,
1.142513406848E-1));
#4722=CARTESIAN_POINT('',(2.638097976793E0,-1.303791282822E0,
8.565297773242E-2));
#4723=CARTESIAN_POINT('',(2.511046838810E0,-1.182566099852E0,
5.678219426304E-2));
#4724=CARTESIAN_POINT('',(2.404987961418E0,-1.054186187701E0,
3.133926093260E-2));
#4725=CARTESIAN_POINT('',(2.322679998699E0,-9.291032831533E-1,
1.245065858513E-2));
#4726=CARTESIAN_POINT('',(2.261751389110E0,-8.158406514392E-1,
1.556585567422E-3));
#4727=CARTESIAN_POINT('',(2.224099353759E0,-7.360457072053E-1,
-1.119469460044E-3));
#4728=CARTESIAN_POINT('',(2.204766940007E0,-6.946375369679E-1,
-5.231369034381E-4));
#4729=CARTESIAN_POINT('',(2.199340656930E0,-6.830803615155E-1,
-2.020649360881E-4));
#4730=CARTESIAN_POINT('',(3.757602582913E0,-8.328240105450E-1,
2.317075805669E-1));
#4731=CARTESIAN_POINT('',(3.734896706500E0,-8.329922306153E-1,
2.318132522150E-1));
#4732=CARTESIAN_POINT('',(3.669191303953E0,-8.313050180371E-1,
2.309918366033E-1));
#4733=CARTESIAN_POINT('',(3.562193180644E0,-8.181782863077E-1,
2.245648653667E-1));
#4734=CARTESIAN_POINT('',(3.443816926853E0,-7.881391127849E-1,
2.100113443389E-1));
#4735=CARTESIAN_POINT('',(3.338364623893E0,-7.467767618126E-1,
1.903040373747E-1));
#4736=CARTESIAN_POINT('',(3.246635512557E0,-6.969791237342E-1,
1.670985567958E-1));
#4737=CARTESIAN_POINT('',(3.166515283343E0,-6.393450685399E-1,
1.409757721322E-1));
#4738=CARTESIAN_POINT('',(3.097857836105E0,-5.738853640812E-1,
1.123393882615E-1));
#4739=CARTESIAN_POINT('',(3.045138145342E0,-5.047997393687E-1,
8.348424966879E-2));
#4740=CARTESIAN_POINT('',(3.011869336500E0,-4.405425765917E-1,
5.812117969170E-2));
#4741=CARTESIAN_POINT('',(2.996763327852E0,-3.899995515518E-1,
3.935820840094E-2));
#4742=CARTESIAN_POINT('',(2.994303342357E0,-3.593583560795E-1,
2.858948651297E-2));
#4743=CARTESIAN_POINT('',(2.995979724536E0,-3.519097186996E-1,
2.596500651654E-2));
#4744=CARTESIAN_POINT('',(2.995802078738E0,-3.540221909241E-1,
2.654939717193E-2));
#4745=CARTESIAN_POINT('',(2.995583205261E0,-3.551231575620E-1,
2.686253572197E-2));
#4746=CARTESIAN_POINT('',(3.753054055580E0,-2.236137616600E-1,
-3.775003461955E-1));
#4747=CARTESIAN_POINT('',(3.743935624357E0,-2.236899810636E-1,
-3.774117663991E-1));
#4748=CARTESIAN_POINT('',(3.717544588959E0,-2.229244926434E-1,
-3.781354559567E-1));
#4749=CARTESIAN_POINT('',(3.674787439249E0,-2.169734568433E-1,
-3.837921999383E-1));
#4750=CARTESIAN_POINT('',(3.628508525067E0,-2.034932285959E-1,
-3.967152219408E-1));
#4751=CARTESIAN_POINT('',(3.588886176160E0,-1.852630079565E-1,
-4.144660546161E-1));
#4752=CARTESIAN_POINT('',(3.556515871095E0,-1.638896774441E-1,
-4.357688203437E-1));
#4753=CARTESIAN_POINT('',(3.530966706079E0,-1.400841388195E-1,
-4.603315429942E-1));
#4754=CARTESIAN_POINT('',(3.512877581676E0,-1.146252829865E-1,
-4.881124453793E-1));
#4755=CARTESIAN_POINT('',(3.504451800243E0,-9.049814260417E-2,
-5.173195981502E-1));
#4756=CARTESIAN_POINT('',(3.506616992415E0,-7.257479902381E-2,
-5.444796163120E-1));
#4757=CARTESIAN_POINT('',(3.517472463438E0,-6.544432517399E-2,
-5.660693221416E-1));
#4758=CARTESIAN_POINT('',(3.532978740958E0,-7.194249024771E-2,
-5.796584801322E-1));
#4759=CARTESIAN_POINT('',(3.545298975857E0,-8.862993037139E-2,
-5.834434130085E-1));
#4760=CARTESIAN_POINT('',(3.550735431991E0,-1.024094924408E-1,
-5.825903261763E-1));
#4761=CARTESIAN_POINT('',(3.552116597892E0,-1.066933991586E-1,
-5.820986834785E-1));
#4762=CARTESIAN_POINT('',(3.751184369153E0,-2.506879470681E-1,
-1.238631157261E0));
#4763=CARTESIAN_POINT('',(3.747644066304E0,-2.507047301015E-1,
-1.238566737229E0));
#4764=CARTESIAN_POINT('',(3.737404140585E0,-2.505375098201E-1,
-1.239152288538E0));
#4765=CARTESIAN_POINT('',(3.720489728451E0,-2.492315454731E-1,
-1.243720296816E0));
#4766=CARTESIAN_POINT('',(3.700659206683E0,-2.460924179130E-1,
-1.254338567212E0));
#4767=CARTESIAN_POINT('',(3.681245106712E0,-2.414087889823E-1,
-1.269323874001E0));
#4768=CARTESIAN_POINT('',(3.662072780514E0,-2.351434808215E-1,
-1.287937104168E0));
#4769=CARTESIAN_POINT('',(3.642356676480E0,-2.268770499123E-1,
-1.310294639709E0));
#4770=CARTESIAN_POINT('',(3.621313539726E0,-2.157667635440E-1,
-1.336866297380E0));
#4771=CARTESIAN_POINT('',(3.599198278795E0,-2.010518899049E-1,
-1.366571031094E0));
#4772=CARTESIAN_POINT('',(3.577085434396E0,-1.824405673455E-1,
-1.396271080959E0));
#4773=CARTESIAN_POINT('',(3.556282330473E0,-1.602055306702E-1,
-1.421856447546E0));
#4774=CARTESIAN_POINT('',(3.537917260555E0,-1.349290675078E-1,
-1.439432363295E0));
#4775=CARTESIAN_POINT('',(3.525481378785E0,-1.123144557351E-1,
-1.444857625664E0));
#4776=CARTESIAN_POINT('',(3.519449229540E0,-9.854657112769E-2,
-1.443624729991E0));
#4777=CARTESIAN_POINT('',(3.517813570005E0,-9.453003983922E-2,
-1.442880767166E0));
#4778=(BOUNDED_SURFACE()B_SPLINE_SURFACE(3,3,((#4714,#4715,#4716,#4717,#4718,
#4719,#4720,#4721,#4722,#4723,#4724,#4725,#4726,#4727,#4728,#4729),(#4730,#4731,
#4732,#4733,#4734,#4735,#4736,#4737,#4738,#4739,#4740,#4741,#4742,#4743,#4744,
#4745),(#4746,#4747,#4748,#4749,#4750,#4751,#4752,#4753,#4754,#4755,#4756,#4757,
#4758,#4759,#4760,#4761),(#4762,#4763,#4764,#4765,#4766,#4767,#4768,#4769,#4770,
#4771,#4772,#4773,#4774,#4775,#4776,#4777)),.UNSPECIFIED.,.F.,.F.,.F.)B_SPLINE_SURFACE_WITH_KNOTS((4,4),(4,1,1,1,1,1,1,1,1,1,1,1,1,4),(0.E0,1.E0),(
-4.525862495461E-2,0.E0,8.561215988379E-2,1.707828638820E-1,2.532313595965E-1,
3.336022754910E-1,4.161889712642E-1,5.068378691118E-1,6.069493839351E-1,
7.089050767125E-1,8.095761359645E-1,9.081539557507E-1,1.E0,1.036860524828E0),
.UNSPECIFIED.)GEOMETRIC_REPRESENTATION_ITEM()RATIONAL_B_SPLINE_SURFACE(((
1.187267244782E0,1.187267244782E0,1.187267244782E0,1.187267244782E0,
1.187267244782E0,1.187267244782E0,1.187267244782E0,1.187267244782E0,
1.187267244782E0,1.187267244782E0,1.187267244782E0,1.187267244782E0,
1.187267244782E0,1.187267244782E0,1.187267244782E0,1.187267244782E0),(
9.375775850726E-1,9.375775850726E-1,9.375775850726E-1,9.375775850726E-1,
9.375775850726E-1,9.375775850726E-1,9.375775850726E-1,9.375775850726E-1,
9.375775850726E-1,9.375775850726E-1,9.375775850726E-1,9.375775850726E-1,
9.375775850726E-1,9.375775850726E-1,9.375775850726E-1,9.375775850726E-1),(
9.375775850726E-1,9.375775850726E-1,9.375775850726E-1,9.375775850726E-1,
9.375775850726E-1,9.375775850726E-1,9.375775850726E-1,9.375775850726E-1,
9.375775850726E-1,9.375775850726E-1,9.375775850726E-1,9.375775850726E-1,
9.375775850726E-1,9.375775850726E-1,9.375775850726E-1,9.375775850726E-1),(
1.187267244782E0,1.187267244782E0,1.187267244782E0,1.187267244782E0,
1.187267244782E0,1.187267244782E0,1.187267244782E0,1.187267244782E0,
1.187267244782E0,1.187267244782E0,1.187267244782E0,1.187267244782E0,
1.187267244782E0,1.187267244782E0,1.187267244782E0,1.187267244782E0)))REPRESENTATION_ITEM('')SURFACE());
#4779=ORIENTED_EDGE('',*,*,#3805,.F.);
#4781=ORIENTED_EDGE('',*,*,#4780,.T.);
#4783=ORIENTED_EDGE('',*,*,#4782,.T.);
#4784=ORIENTED_EDGE('',*,*,#4697,.F.);
#4785=EDGE_LOOP('',(#4779,#4781,#4783,#4784));
#4786=FACE_OUTER_BOUND('',#4785,.F.);
#4788=FILL_AREA_STYLE_COLOUR('',#15);
#4789=FILL_AREA_STYLE('',(#4788));
#4790=SURFACE_STYLE_FILL_AREA(#4789);
#4791=SURFACE_SIDE_STYLE('',(#4790));
#4792=SURFACE_STYLE_USAGE(.POSITIVE.,#4791);
#4793=PRESENTATION_STYLE_ASSIGNMENT((#4792));
#4794=STYLED_ITEM('',(#4793),#4787);
#4795=CARTESIAN_POINT('',(4.440894468577E0,-1.031536485813E0,
3.993754563852E-1));
#4796=CARTESIAN_POINT('',(4.434745311873E0,-1.033593721281E0,
3.949945772399E-1));
#4797=CARTESIAN_POINT('',(4.376131178194E0,-1.052773441291E0,
3.536347439135E-1));
#4798=CARTESIAN_POINT('',(4.268841033311E0,-1.080538511351E0,
2.851011033974E-1));
#4799=CARTESIAN_POINT('',(4.126945426393E0,-1.101668725398E0,
2.101754666925E-1));
#4800=CARTESIAN_POINT('',(4.001363034268E0,-1.110353154560E0,
1.570739611144E-1));
#4801=CARTESIAN_POINT('',(3.888032041182E0,-1.112156312333E0,
1.217122631253E-1));
#4802=CARTESIAN_POINT('',(3.783160105095E0,-1.110084156080E0,
1.012775527942E-1));
#4803=CARTESIAN_POINT('',(3.705321814021E0,-1.105908487990E0,
9.476346214526E-2));
#4804=CARTESIAN_POINT('',(3.662497515490E0,-1.102323423758E0,
9.387591404323E-2));
#4805=CARTESIAN_POINT('',(3.653199153767E0,-1.101471007879E0,
9.378951440854E-2));
#4806=CARTESIAN_POINT('',(4.012564455349E0,-6.771750951032E-1,
1.919730043166E-1));
#4807=CARTESIAN_POINT('',(4.008829692139E0,-6.765049979715E-1,
1.872633067617E-1));
#4808=CARTESIAN_POINT('',(3.973518249258E0,-6.698674506233E-1,
1.428095211698E-1));
#4809=CARTESIAN_POINT('',(3.913948791935E0,-6.534126589916E-1,
6.916119075443E-2));
#4810=CARTESIAN_POINT('',(3.848013419871E0,-6.245357838516E-1,
-1.152012907350E-2));
#4811=CARTESIAN_POINT('',(3.800300535707E0,-5.976089090567E-1,
-6.879236735581E-2));
#4812=CARTESIAN_POINT('',(3.765003631355E0,-5.766572013964E-1,
-1.069245352593E-1));
#4813=CARTESIAN_POINT('',(3.736221553016E0,-5.635312608939E-1,
-1.288921895571E-1));
#4814=CARTESIAN_POINT('',(3.714769617970E0,-5.586021074556E-1,
-1.358531413262E-1));
#4815=CARTESIAN_POINT('',(3.702160211904E0,-5.570576223226E-1,
-1.367961314726E-1));
#4816=CARTESIAN_POINT('',(3.699377384069E0,-5.567622889887E-1,
-1.368836764682E-1));
#4817=CARTESIAN_POINT('',(3.837212019539E0,-3.297706836677E-1,
-2.559279938033E-1));
#4818=CARTESIAN_POINT('',(3.835457542357E0,-3.290142752818E-1,
-2.613477991335E-1));
#4819=CARTESIAN_POINT('',(3.818935692309E0,-3.216891687590E-1,
-3.124832044169E-1));
#4820=CARTESIAN_POINT('',(3.792238849171E0,-3.062940546008E-1,
-3.971770875157E-1));
#4821=CARTESIAN_POINT('',(3.765922346783E0,-2.831326977293E-1,
-4.902882324974E-1));
#4822=CARTESIAN_POINT('',(3.750079026566E0,-2.630750433661E-1,
-5.565674777966E-1));
#4823=CARTESIAN_POINT('',(3.741212883878E0,-2.481604929731E-1,
-6.006826812308E-1));
#4824=CARTESIAN_POINT('',(3.735724024744E0,-2.392641295792E-1,
-6.259608418699E-1));
#4825=CARTESIAN_POINT('',(3.731587622390E0,-2.363980302202E-1,
-6.338868234144E-1));
#4826=CARTESIAN_POINT('',(3.728747000886E0,-2.358180934191E-1,
-6.349495447732E-1));
#4827=CARTESIAN_POINT('',(3.728098750281E0,-2.357305180686E-1,
-6.350395632607E-1));
#4828=CARTESIAN_POINT('',(3.975546460632E0,-1.095991881351E-1,
-7.892583727817E-1));
#4829=CARTESIAN_POINT('',(3.974652561171E0,-1.114273719215E-1,
-7.955237266830E-1));
#4830=CARTESIAN_POINT('',(3.965902003981E0,-1.287824563582E-1,
-8.546151552332E-1));
#4831=CARTESIAN_POINT('',(3.945848774033E0,-1.593596846814E-1,
-9.524613394507E-1));
#4832=CARTESIAN_POINT('',(3.909093206920E0,-1.956576665917E-1,
-1.060373084091E0));
#4833=CARTESIAN_POINT('',(3.868085848088E0,-2.225715433757E-1,
-1.137377267459E0));
#4834=CARTESIAN_POINT('',(3.824896465708E0,-2.403960303938E-1,
-1.188616667134E0));
#4835=CARTESIAN_POINT('',(3.781839771053E0,-2.495482707273E-1,
-1.217836756032E0));
#4836=CARTESIAN_POINT('',(3.749953214883E0,-2.508475086551E-1,
-1.226911830117E0));
#4837=CARTESIAN_POINT('',(3.733053189456E0,-2.498221502107E-1,
-1.228117119349E0));
#4838=CARTESIAN_POINT('',(3.729419540957E0,-2.495210797589E-1,
-1.228210083105E0));
#4839=(BOUNDED_SURFACE()B_SPLINE_SURFACE(3,3,((#4795,#4796,#4797,#4798,#4799,
#4800,#4801,#4802,#4803,#4804,#4805),(#4806,#4807,#4808,#4809,#4810,#4811,#4812,
#4813,#4814,#4815,#4816),(#4817,#4818,#4819,#4820,#4821,#4822,#4823,#4824,#4825,
#4826,#4827),(#4828,#4829,#4830,#4831,#4832,#4833,#4834,#4835,#4836,#4837,
#4838)),.UNSPECIFIED.,.F.,.F.,.F.)B_SPLINE_SURFACE_WITH_KNOTS((4,4),(4,1,1,1,1,
1,1,1,4),(0.E0,1.E0),(-2.421587829429E-2,0.E0,2.060840017259E-1,
3.908341928783E-1,5.579301104714E-1,7.166535046086E-1,8.654379050154E-1,1.E0,
1.037029118141E0),.UNSPECIFIED.)GEOMETRIC_REPRESENTATION_ITEM()RATIONAL_B_SPLINE_SURFACE(((1.094754576931E0,1.094754576931E0,1.094754576931E0,1.094754576931E0,
1.094754576931E0,1.094754576931E0,1.094754576931E0,1.094754576931E0,
1.094754576931E0,1.094754576931E0,1.094754576931E0),(9.684151410229E-1,
9.684151410229E-1,9.684151410229E-1,9.684151410229E-1,9.684151410229E-1,
9.684151410229E-1,9.684151410229E-1,9.684151410229E-1,9.684151410229E-1,
9.684151410229E-1,9.684151410229E-1),(9.684151410229E-1,9.684151410229E-1,
9.684151410229E-1,9.684151410229E-1,9.684151410229E-1,9.684151410229E-1,
9.684151410229E-1,9.684151410229E-1,9.684151410229E-1,9.684151410229E-1,
9.684151410229E-1),(1.094754576931E0,1.094754576931E0,1.094754576931E0,
1.094754576931E0,1.094754576931E0,1.094754576931E0,1.094754576931E0,
1.094754576931E0,1.094754576931E0,1.094754576931E0,1.094754576931E0)))REPRESENTATION_ITEM('')SURFACE());
#4841=ORIENTED_EDGE('',*,*,#4840,.F.);
#4843=ORIENTED_EDGE('',*,*,#4842,.T.);
#4845=ORIENTED_EDGE('',*,*,#4844,.T.);
#4846=ORIENTED_EDGE('',*,*,#4780,.F.);
#4847=EDGE_LOOP('',(#4841,#4843,#4845,#4846));
#4848=FACE_OUTER_BOUND('',#4847,.F.);
#4850=FILL_AREA_STYLE_COLOUR('',#15);
#4851=FILL_AREA_STYLE('',(#4850));
#4852=SURFACE_STYLE_FILL_AREA(#4851);
#4853=SURFACE_SIDE_STYLE('',(#4852));
#4854=SURFACE_STYLE_USAGE(.POSITIVE.,#4853);
#4855=PRESENTATION_STYLE_ASSIGNMENT((#4854));
#4856=STYLED_ITEM('',(#4855),#4849);
#4857=CARTESIAN_POINT('',(4.499526503999E0,-8.779715212164E-1,
9.151396349936E-1));
#4858=CARTESIAN_POINT('',(4.500459801979E0,-8.781659935835E-1,
8.593836995210E-1));
#4859=CARTESIAN_POINT('',(4.491789894988E0,-8.763688325543E-1,
7.455704983218E-1));
#4860=CARTESIAN_POINT('',(4.446402422057E0,-8.668537393472E-1,
5.786766718783E-1));
#4861=CARTESIAN_POINT('',(4.368228987376E0,-8.501796177127E-1,
4.206767164451E-1));
#4862=CARTESIAN_POINT('',(4.259657137141E0,-8.266682500248E-1,
2.795091106437E-1));
#4863=CARTESIAN_POINT('',(4.125915899011E0,-7.973954949373E-1,
1.628297513519E-1));
#4864=CARTESIAN_POINT('',(4.023669127122E0,-7.748631915140E-1,
1.040980003203E-1));
#4865=CARTESIAN_POINT('',(3.970874607815E0,-7.632030962500E-1,
8.021248213387E-2));
#4866=CARTESIAN_POINT('',(4.512936544560E0,-1.308480302911E0,
9.227987514649E-1));
#4867=CARTESIAN_POINT('',(4.514827957483E0,-1.309139030153E0,
8.388586089540E-1));
#4868=CARTESIAN_POINT('',(4.496983253611E0,-1.302784307119E0,
6.669991566755E-1));
#4869=CARTESIAN_POINT('',(4.408496240861E0,-1.272596501303E0,
4.316342554323E-1));
#4870=CARTESIAN_POINT('',(4.269955887159E0,-1.228988453880E0,
2.359199773275E-1));
#4871=CARTESIAN_POINT('',(4.097411924965E0,-1.179398677920E0,
8.898076942912E-2));
#4872=CARTESIAN_POINT('',(3.906413570230E0,-1.128872673767E0,
-6.941253197310E-3));
#4873=CARTESIAN_POINT('',(3.774168667586E0,-1.096144944925E0,
-3.910536213984E-2));
#4874=CARTESIAN_POINT('',(3.709042734333E0,-1.080424410768E0,
-4.781690771397E-2));
#4875=CARTESIAN_POINT('',(4.208282943522E0,-1.613049637846E0,
9.227975484394E-1));
#4876=CARTESIAN_POINT('',(4.210509416541E0,-1.614036808560E0,
8.388774421701E-1));
#4877=CARTESIAN_POINT('',(4.189362957435E0,-1.604457775854E0,
6.667040517775E-1));
#4878=CARTESIAN_POINT('',(4.086991679416E0,-1.559644776317E0,
4.423591024257E-1));
#4879=CARTESIAN_POINT('',(3.934100015962E0,-1.496981954141E0,
2.757719824752E-1));
#4880=CARTESIAN_POINT('',(3.755326414275E0,-1.428942651013E0,
1.741147843157E-1));
#4881=CARTESIAN_POINT('',(3.571512484133E0,-1.363380744671E0,
1.332244802040E-1));
#4882=CARTESIAN_POINT('',(3.454260266226E0,-1.323440122455E0,
1.398774827710E-1));
#4883=CARTESIAN_POINT('',(3.399053536987E0,-1.304846975181E0,
1.499655591883E-1));
#4884=CARTESIAN_POINT('',(3.777777932530E0,-1.599520459597E0,
9.151367849306E-1));
#4885=CARTESIAN_POINT('',(3.779505014485E0,-1.600493040628E0,
8.594283169054E-1));
#4886=CARTESIAN_POINT('',(3.763012987171E0,-1.591057233963E0,
7.448713713860E-1));
#4887=CARTESIAN_POINT('',(3.684732587357E0,-1.546893895538E0,
6.040846859976E-1));
#4888=CARTESIAN_POINT('',(3.572559760325E0,-1.485077499494E0,
5.150892810349E-1));
#4889=CARTESIAN_POINT('',(3.449229399477E0,-1.417857736986E0,
4.811983518619E-1));
#4890=CARTESIAN_POINT('',(3.332508633677E0,-1.352963735707E0,
4.948935034512E-1));
#4891=CARTESIAN_POINT('',(3.265780722404E0,-1.313343515150E0,
5.281225718062E-1));
#4892=CARTESIAN_POINT('',(3.236485585029E0,-1.294877971317E0,
5.487748508762E-1));
#4893=(BOUNDED_SURFACE()B_SPLINE_SURFACE(3,3,((#4857,#4858,#4859,#4860,#4861,
#4862,#4863,#4864,#4865),(#4866,#4867,#4868,#4869,#4870,#4871,#4872,#4873,
#4874),(#4875,#4876,#4877,#4878,#4879,#4880,#4881,#4882,#4883),(#4884,#4885,
#4886,#4887,#4888,#4889,#4890,#4891,#4892)),.UNSPECIFIED.,.F.,.F.,.F.)B_SPLINE_SURFACE_WITH_KNOTS((4,4),(4,1,1,1,1,1,4),(0.E0,1.E0),(3.375034179615E-3,
1.210522801724E-1,2.427285789637E-1,3.660549716646E-1,4.904470919550E-1,
6.165294606555E-1,7.397021361922E-1),.UNSPECIFIED.)GEOMETRIC_REPRESENTATION_ITEM()RATIONAL_B_SPLINE_SURFACE(((1.187267950901E0,1.187267950901E0,1.187267950901E0,
1.187267950901E0,1.187267950901E0,1.187267950901E0,1.187267950901E0,
1.187267950901E0,1.187267950901E0),(9.375773496997E-1,9.375773496997E-1,
9.375773496997E-1,9.375773496997E-1,9.375773496997E-1,9.375773496997E-1,
9.375773496997E-1,9.375773496997E-1,9.375773496997E-1),(9.375773496997E-1,
9.375773496997E-1,9.375773496997E-1,9.375773496997E-1,9.375773496997E-1,
9.375773496997E-1,9.375773496997E-1,9.375773496997E-1,9.375773496997E-1),(
1.187267950901E0,1.187267950901E0,1.187267950901E0,1.187267950901E0,
1.187267950901E0,1.187267950901E0,1.187267950901E0,1.187267950901E0,
1.187267950901E0)))REPRESENTATION_ITEM('')SURFACE());
#4894=ORIENTED_EDGE('',*,*,#4840,.T.);
#4895=ORIENTED_EDGE('',*,*,#3803,.F.);
#4896=ORIENTED_EDGE('',*,*,#4301,.F.);
#4897=ORIENTED_EDGE('',*,*,#4384,.F.);
#4898=EDGE_LOOP('',(#4894,#4895,#4896,#4897));
#4899=FACE_OUTER_BOUND('',#4898,.F.);
#4901=FILL_AREA_STYLE_COLOUR('',#15);
#4902=FILL_AREA_STYLE('',(#4901));
#4903=SURFACE_STYLE_FILL_AREA(#4902);
#4904=SURFACE_SIDE_STYLE('',(#4903));
#4905=SURFACE_STYLE_USAGE(.POSITIVE.,#4904);
#4906=PRESENTATION_STYLE_ASSIGNMENT((#4905));
#4907=STYLED_ITEM('',(#4906),#4900);
#4908=CARTESIAN_POINT('',(4.593156249778E0,9.921378362464E-2,
6.110259292679E-1));
#4909=CARTESIAN_POINT('',(4.595494602059E0,6.639608307737E-2,
6.135706686696E-1));
#4910=CARTESIAN_POINT('',(4.598267380624E0,-1.131604268199E-2,
6.164715412727E-1));
#4911=CARTESIAN_POINT('',(4.592174728588E0,-1.384855006200E-1,
6.101107184817E-1));
#4912=CARTESIAN_POINT('',(4.570700389366E0,-2.808786805295E-1,
5.878212938393E-1));
#4913=CARTESIAN_POINT('',(4.532008858792E0,-4.239188407052E-1,
5.481198658616E-1));
#4914=CARTESIAN_POINT('',(4.476014766938E0,-5.590140617247E-1,
4.916875628161E-1));
#4915=CARTESIAN_POINT('',(4.404626509496E0,-6.790743688518E-1,
4.213805210016E-1));
#4916=CARTESIAN_POINT('',(4.320908056164E0,-7.797312558273E-1,
3.410671746440E-1));
#4917=CARTESIAN_POINT('',(4.251912609983E0,-8.388069030180E-1,
2.766785001281E-1));
#4918=CARTESIAN_POINT('',(4.211869863813E0,-8.662939630584E-1,
2.399583534497E-1));
#4919=CARTESIAN_POINT('',(4.202666778863E0,-8.722788977717E-1,
2.315628037223E-1));
#4920=CARTESIAN_POINT('',(4.204466753949E0,6.740897953963E-2,
3.384192694659E-1));
#4921=CARTESIAN_POINT('',(4.206128817572E0,4.512743947109E-2,
3.406737300898E-1));
#4922=CARTESIAN_POINT('',(4.208101994278E0,-7.691253645841E-3,
3.432504106278E-1));
#4923=CARTESIAN_POINT('',(4.203765842066E0,-9.412408412978E-2,
3.375999879222E-1));
#4924=CARTESIAN_POINT('',(4.188507659081E0,-1.905010217283E-1,
3.177405880625E-1));
#4925=CARTESIAN_POINT('',(4.161125801979E0,-2.863619550646E-1,
2.821251753470E-1));
#4926=CARTESIAN_POINT('',(4.121768023826E0,-3.753084186683E-1,
2.309412467720E-1));
#4927=CARTESIAN_POINT('',(4.072092791650E0,-4.521205613152E-1,
1.662225826853E-1));
#4928=CARTESIAN_POINT('',(4.014636348102E0,-5.136593465080E-1,
9.096953298743E-2));
#4929=CARTESIAN_POINT('',(3.968142389894E0,-5.471595181625E-1,
2.943776381657E-2));
#4930=CARTESIAN_POINT('',(3.941563134379E0,-5.616316682463E-1,
-6.118318093587E-3));
#4931=CARTESIAN_POINT('',(3.935476604882E0,-5.647143119071E-1,
-1.427370825904E-2));
#4932=CARTESIAN_POINT('',(3.989999496854E0,3.494866673862E-2,
-8.506467143295E-2));
#4933=CARTESIAN_POINT('',(3.990858494780E0,2.339605740392E-2,
-8.326114770435E-2));
#4934=CARTESIAN_POINT('',(3.991878201733E0,-3.987482697119E-3,
-8.118808704631E-2));
#4935=CARTESIAN_POINT('',(3.989637362574E0,-4.879809585461E-2,
-8.573493059508E-2));
#4936=CARTESIAN_POINT('',(3.981751342631E0,-9.877906946031E-2,
-1.018193805978E-1));
#4937=CARTESIAN_POINT('',(3.967595460550E0,-1.485278505819E-1,
-1.310873260610E-1));
#4938=CARTESIAN_POINT('',(3.947238711918E0,-1.947478468486E-1,
-1.741181071461E-1));
#4939=CARTESIAN_POINT('',(3.921527561388E0,-2.347476793222E-1,
-2.301554417852E-1));
#4940=CARTESIAN_POINT('',(3.891760136786E0,-2.669062124584E-1,
-2.975475156245E-1));
#4941=CARTESIAN_POINT('',(3.867640824013E0,-2.845200509485E-1,
-3.546411924348E-1));
#4942=CARTESIAN_POINT('',(3.853837433324E0,-2.921786662313E-1,
-3.883889445857E-1));
#4943=CARTESIAN_POINT('',(3.850675678127E0,-2.938132584529E-1,
-3.961712561264E-1));
#4944=CARTESIAN_POINT('',(4.000072201128E0,9.448595235465E-3,
-5.600692467896E-1));
#4945=CARTESIAN_POINT('',(4.000189769400E0,6.300494437331E-3,
-5.587715204898E-1));
#4946=CARTESIAN_POINT('',(4.000325839178E0,-1.073698469216E-3,
-5.572633496047E-1));
#4947=CARTESIAN_POINT('',(4.000027529671E0,-1.314179548111E-2,
-5.605723536556E-1));
#4948=CARTESIAN_POINT('',(3.998940042799E0,-2.723237788193E-2,
-5.724225971616E-1));
#4949=CARTESIAN_POINT('',(3.996823395119E0,-4.275478873835E-2,
-5.945708488287E-1));
#4950=CARTESIAN_POINT('',(3.993374422130E0,-5.969497492430E-2,
-6.284565786210E-1));
#4951=CARTESIAN_POINT('',(3.988256022181E0,-7.795515529344E-2,
-6.747564219184E-1));
#4952=CARTESIAN_POINT('',(3.981108303618E0,-9.736440066588E-2,
-7.333311614057E-1));
#4953=CARTESIAN_POINT('',(3.973987315485E0,-1.125082565006E-1,
-7.854468119593E-1));
#4954=CARTESIAN_POINT('',(3.969274725250E0,-1.211532850811E-1,
-8.171662347535E-1));
#4955=CARTESIAN_POINT('',(3.968159760633E0,-1.231338033541E-1,
-8.245300792956E-1));
#4956=(BOUNDED_SURFACE()B_SPLINE_SURFACE(3,3,((#4908,#4909,#4910,#4911,#4912,
#4913,#4914,#4915,#4916,#4917,#4918,#4919),(#4920,#4921,#4922,#4923,#4924,#4925,
#4926,#4927,#4928,#4929,#4930,#4931),(#4932,#4933,#4934,#4935,#4936,#4937,#4938,
#4939,#4940,#4941,#4942,#4943),(#4944,#4945,#4946,#4947,#4948,#4949,#4950,#4951,
#4952,#4953,#4954,#4955)),.UNSPECIFIED.,.F.,.F.,.F.)B_SPLINE_SURFACE_WITH_KNOTS(
(4,4),(4,1,1,1,1,1,1,1,1,4),(0.E0,1.E0),(-7.922922380413E-2,0.E0,
1.062591488851E-1,2.241273555757E-1,3.542660403887E-1,4.969148754123E-1,
6.522249403359E-1,8.200469758257E-1,1.E0,1.053812898499E0),.UNSPECIFIED.)GEOMETRIC_REPRESENTATION_ITEM()RATIONAL_B_SPLINE_SURFACE(((1.062309010310E0,
1.062309010310E0,1.062309010310E0,1.062309010310E0,1.062309010310E0,
1.062309010310E0,1.062309010310E0,1.062309010310E0,1.062309010310E0,
1.062309010310E0,1.062309010310E0,1.062309010310E0),(9.792303298965E-1,
9.792303298965E-1,9.792303298965E-1,9.792303298965E-1,9.792303298965E-1,
9.792303298965E-1,9.792303298965E-1,9.792303298965E-1,9.792303298965E-1,
9.792303298965E-1,9.792303298965E-1,9.792303298965E-1),(9.792303298965E-1,
9.792303298965E-1,9.792303298965E-1,9.792303298965E-1,9.792303298965E-1,
9.792303298965E-1,9.792303298965E-1,9.792303298965E-1,9.792303298965E-1,
9.792303298965E-1,9.792303298965E-1,9.792303298965E-1),(1.062309010310E0,
1.062309010310E0,1.062309010310E0,1.062309010310E0,1.062309010310E0,
1.062309010310E0,1.062309010310E0,1.062309010310E0,1.062309010310E0,
1.062309010310E0,1.062309010310E0,1.062309010310E0)))REPRESENTATION_ITEM('')SURFACE());
#4957=ORIENTED_EDGE('',*,*,#4382,.F.);
#4958=ORIENTED_EDGE('',*,*,#4469,.T.);
#4960=ORIENTED_EDGE('',*,*,#4959,.T.);
#4961=ORIENTED_EDGE('',*,*,#4842,.F.);
#4962=EDGE_LOOP('',(#4957,#4958,#4960,#4961));
#4963=FACE_OUTER_BOUND('',#4962,.F.);
#4965=FILL_AREA_STYLE_COLOUR('',#15);
#4966=FILL_AREA_STYLE('',(#4965));
#4967=SURFACE_STYLE_FILL_AREA(#4966);
#4968=SURFACE_SIDE_STYLE('',(#4967));
#4969=SURFACE_STYLE_USAGE(.POSITIVE.,#4968);
#4970=PRESENTATION_STYLE_ASSIGNMENT((#4969));
#4971=STYLED_ITEM('',(#4970),#4964);
#4972=CARTESIAN_POINT('',(3.75E0,0.E0,-5.E0));
#4973=DIRECTION('',(0.E0,0.E0,-1.E0));
#4974=DIRECTION('',(1.E0,0.E0,0.E0));
#4975=AXIS2_PLACEMENT_3D('',#4972,#4973,#4974);
#4976=CYLINDRICAL_SURFACE('',#4975,2.5E-1);
#4977=ORIENTED_EDGE('',*,*,#4844,.F.);
#4978=ORIENTED_EDGE('',*,*,#4959,.F.);
#4980=ORIENTED_EDGE('',*,*,#4979,.F.);
#4982=ORIENTED_EDGE('',*,*,#4981,.T.);
#4984=ORIENTED_EDGE('',*,*,#4983,.T.);
#4985=ORIENTED_EDGE('',*,*,#4699,.F.);
#4986=ORIENTED_EDGE('',*,*,#4782,.F.);
#4987=EDGE_LOOP('',(#4977,#4978,#4980,#4982,#4984,#4985,#4986));
#4988=FACE_OUTER_BOUND('',#4987,.F.);
#4990=FILL_AREA_STYLE_COLOUR('',#26);
#4991=FILL_AREA_STYLE('',(#4990));
#4992=SURFACE_STYLE_FILL_AREA(#4991);
#4993=SURFACE_SIDE_STYLE('',(#4992));
#4994=SURFACE_STYLE_USAGE(.POSITIVE.,#4993);
#4995=PRESENTATION_STYLE_ASSIGNMENT((#4994));
#4996=STYLED_ITEM('',(#4995),#4989);
#4997=CARTESIAN_POINT('',(3.75E0,0.E0,-5.E0));
#4998=DIRECTION('',(0.E0,0.E0,-1.E0));
#4999=DIRECTION('',(1.E0,0.E0,0.E0));
#5000=AXIS2_PLACEMENT_3D('',#4997,#4998,#4999);
#5001=CYLINDRICAL_SURFACE('',#5000,2.5E-1);
#5002=ORIENTED_EDGE('',*,*,#4701,.F.);
#5003=ORIENTED_EDGE('',*,*,#4983,.F.);
#5005=ORIENTED_EDGE('',*,*,#5004,.T.);
#5006=ORIENTED_EDGE('',*,*,#4979,.T.);
#5007=ORIENTED_EDGE('',*,*,#4467,.F.);
#5008=ORIENTED_EDGE('',*,*,#4554,.F.);
#5009=ORIENTED_EDGE('',*,*,#4678,.F.);
#5010=EDGE_LOOP('',(#5002,#5003,#5005,#5006,#5007,#5008,#5009));
#5011=FACE_OUTER_BOUND('',#5010,.F.);
#5013=FILL_AREA_STYLE_COLOUR('',#26);
#5014=FILL_AREA_STYLE('',(#5013));
#5015=SURFACE_STYLE_FILL_AREA(#5014);
#5016=SURFACE_SIDE_STYLE('',(#5015));
#5017=SURFACE_STYLE_USAGE(.POSITIVE.,#5016);
#5018=PRESENTATION_STYLE_ASSIGNMENT((#5017));
#5019=STYLED_ITEM('',(#5018),#5012);
#5020=CARTESIAN_POINT('',(0.E0,0.E0,-5.E0));
#5021=DIRECTION('',(0.E0,0.E0,-1.E0));
#5022=DIRECTION('',(1.E0,0.E0,0.E0));
#5023=AXIS2_PLACEMENT_3D('',#5020,#5021,#5022);
#5024=PLANE('',#5023);
#5025=ORIENTED_EDGE('',*,*,#3733,.F.);
#5026=ORIENTED_EDGE('',*,*,#3707,.F.);
#5027=EDGE_LOOP('',(#5025,#5026));
#5028=FACE_OUTER_BOUND('',#5027,.F.);
#5030=FILL_AREA_STYLE_COLOUR('',#26);
#5031=FILL_AREA_STYLE('',(#5030));
#5032=SURFACE_STYLE_FILL_AREA(#5031);
#5033=SURFACE_SIDE_STYLE('',(#5032));
#5034=SURFACE_STYLE_USAGE(.POSITIVE.,#5033);
#5035=PRESENTATION_STYLE_ASSIGNMENT((#5034));
#5036=STYLED_ITEM('',(#5035),#5029);
#5037=CARTESIAN_POINT('',(0.E0,0.E0,-5.E0));
#5038=DIRECTION('',(0.E0,0.E0,-1.E0));
#5039=DIRECTION('',(1.E0,0.E0,0.E0));
#5040=AXIS2_PLACEMENT_3D('',#5037,#5038,#5039);
#5041=PLANE('',#5040);
#5042=ORIENTED_EDGE('',*,*,#4981,.F.);
#5043=ORIENTED_EDGE('',*,*,#5004,.F.);
#5044=EDGE_LOOP('',(#5042,#5043));
#5045=FACE_OUTER_BOUND('',#5044,.F.);
#5047=FILL_AREA_STYLE_COLOUR('',#26);
#5048=FILL_AREA_STYLE('',(#5047));
#5049=SURFACE_STYLE_FILL_AREA(#5048);
#5050=SURFACE_SIDE_STYLE('',(#5049));
#5051=SURFACE_STYLE_USAGE(.POSITIVE.,#5050);
#5052=PRESENTATION_STYLE_ASSIGNMENT((#5051));
#5053=STYLED_ITEM('',(#5052),#5046);
#5054=CARTESIAN_POINT('',(-2.271206448946E0,-1.6E0,1.881245708284E0));
#5055=DIRECTION('',(0.E0,-1.E0,0.E0));
#5056=DIRECTION('',(1.E0,0.E0,0.E0));
#5057=AXIS2_PLACEMENT_3D('',#5054,#5055,#5056);
#5058=CYLINDRICAL_SURFACE('',#5057,7.496915046188E-2);
#5059=ORIENTED_EDGE('',*,*,#4160,.T.);
#5061=ORIENTED_EDGE('',*,*,#5060,.T.);
#5063=ORIENTED_EDGE('',*,*,#5062,.T.);
#5065=ORIENTED_EDGE('',*,*,#5064,.F.);
#5066=EDGE_LOOP('',(#5059,#5061,#5063,#5065));
#5067=FACE_OUTER_BOUND('',#5066,.F.);
#5069=FILL_AREA_STYLE_COLOUR('',#1);
#5070=FILL_AREA_STYLE('',(#5069));
#5071=SURFACE_STYLE_FILL_AREA(#5070);
#5072=SURFACE_SIDE_STYLE('',(#5071));
#5073=SURFACE_STYLE_USAGE(.POSITIVE.,#5072);
#5074=PRESENTATION_STYLE_ASSIGNMENT((#5073));
#5075=STYLED_ITEM('',(#5074),#5068);
#5076=CARTESIAN_POINT('',(-2.271206448946E0,-1.6E0,1.881245708284E0));
#5077=DIRECTION('',(0.E0,-1.E0,0.E0));
#5078=DIRECTION('',(1.E0,0.E0,0.E0));
#5079=AXIS2_PLACEMENT_3D('',#5076,#5077,#5078);
#5080=CYLINDRICAL_SURFACE('',#5079,7.496915046188E-2);
#5081=ORIENTED_EDGE('',*,*,#4162,.T.);
#5082=ORIENTED_EDGE('',*,*,#5064,.T.);
#5084=ORIENTED_EDGE('',*,*,#5083,.T.);
#5085=ORIENTED_EDGE('',*,*,#5060,.F.);
#5086=EDGE_LOOP('',(#5081,#5082,#5084,#5085));
#5087=FACE_OUTER_BOUND('',#5086,.F.);
#5089=FILL_AREA_STYLE_COLOUR('',#1);
#5090=FILL_AREA_STYLE('',(#5089));
#5091=SURFACE_STYLE_FILL_AREA(#5090);
#5092=SURFACE_SIDE_STYLE('',(#5091));
#5093=SURFACE_STYLE_USAGE(.POSITIVE.,#5092);
#5094=PRESENTATION_STYLE_ASSIGNMENT((#5093));
#5095=STYLED_ITEM('',(#5094),#5088);
#5096=CARTESIAN_POINT('',(0.E0,-1.61E0,0.E0));
#5097=DIRECTION('',(0.E0,-1.E0,0.E0));
#5098=DIRECTION('',(1.E0,0.E0,0.E0));
#5099=AXIS2_PLACEMENT_3D('',#5096,#5097,#5098);
#5100=PLANE('',#5099);
#5102=ORIENTED_EDGE('',*,*,#5101,.F.);
#5104=ORIENTED_EDGE('',*,*,#5103,.F.);
#5106=ORIENTED_EDGE('',*,*,#5105,.F.);
#5108=ORIENTED_EDGE('',*,*,#5107,.F.);
#5110=ORIENTED_EDGE('',*,*,#5109,.F.);
#5112=ORIENTED_EDGE('',*,*,#5111,.F.);
#5113=EDGE_LOOP('',(#5102,#5104,#5106,#5108,#5110,#5112));
#5114=FACE_OUTER_BOUND('',#5113,.F.);
#5116=FILL_AREA_STYLE_COLOUR('',#1);
#5117=FILL_AREA_STYLE('',(#5116));
#5118=SURFACE_STYLE_FILL_AREA(#5117);
#5119=SURFACE_SIDE_STYLE('',(#5118));
#5120=SURFACE_STYLE_USAGE(.POSITIVE.,#5119);
#5121=PRESENTATION_STYLE_ASSIGNMENT((#5120));
#5122=STYLED_ITEM('',(#5121),#5115);
#5123=CARTESIAN_POINT('',(0.E0,-1.61E0,0.E0));
#5124=DIRECTION('',(0.E0,-1.E0,0.E0));
#5125=DIRECTION('',(1.E0,0.E0,0.E0));
#5126=AXIS2_PLACEMENT_3D('',#5123,#5124,#5125);
#5127=PLANE('',#5126);
#5129=ORIENTED_EDGE('',*,*,#5128,.F.);
#5131=ORIENTED_EDGE('',*,*,#5130,.F.);
#5133=ORIENTED_EDGE('',*,*,#5132,.F.);
#5135=ORIENTED_EDGE('',*,*,#5134,.F.);
#5136=EDGE_LOOP('',(#5129,#5131,#5133,#5135));
#5137=FACE_OUTER_BOUND('',#5136,.F.);
#5139=FILL_AREA_STYLE_COLOUR('',#1);
#5140=FILL_AREA_STYLE('',(#5139));
#5141=SURFACE_STYLE_FILL_AREA(#5140);
#5142=SURFACE_SIDE_STYLE('',(#5141));
#5143=SURFACE_STYLE_USAGE(.POSITIVE.,#5142);
#5144=PRESENTATION_STYLE_ASSIGNMENT((#5143));
#5145=STYLED_ITEM('',(#5144),#5138);
#5146=CARTESIAN_POINT('',(0.E0,-1.61E0,0.E0));
#5147=DIRECTION('',(0.E0,-1.E0,0.E0));
#5148=DIRECTION('',(1.E0,0.E0,0.E0));
#5149=AXIS2_PLACEMENT_3D('',#5146,#5147,#5148);
#5150=PLANE('',#5149);
#5152=ORIENTED_EDGE('',*,*,#5151,.F.);
#5154=ORIENTED_EDGE('',*,*,#5153,.F.);
#5156=ORIENTED_EDGE('',*,*,#5155,.F.);
#5158=ORIENTED_EDGE('',*,*,#5157,.F.);
#5160=ORIENTED_EDGE('',*,*,#5159,.F.);
#5162=ORIENTED_EDGE('',*,*,#5161,.F.);
#5164=ORIENTED_EDGE('',*,*,#5163,.F.);
#5166=ORIENTED_EDGE('',*,*,#5165,.F.);
#5168=ORIENTED_EDGE('',*,*,#5167,.F.);
#5170=ORIENTED_EDGE('',*,*,#5169,.F.);
#5172=ORIENTED_EDGE('',*,*,#5171,.F.);
#5174=ORIENTED_EDGE('',*,*,#5173,.F.);
#5175=EDGE_LOOP('',(#5152,#5154,#5156,#5158,#5160,#5162,#5164,#5166,#5168,#5170,
#5172,#5174));
#5176=FACE_OUTER_BOUND('',#5175,.F.);
#5178=FILL_AREA_STYLE_COLOUR('',#1);
#5179=FILL_AREA_STYLE('',(#5178));
#5180=SURFACE_STYLE_FILL_AREA(#5179);
#5181=SURFACE_SIDE_STYLE('',(#5180));
#5182=SURFACE_STYLE_USAGE(.POSITIVE.,#5181);
#5183=PRESENTATION_STYLE_ASSIGNMENT((#5182));
#5184=STYLED_ITEM('',(#5183),#5177);
#5185=CARTESIAN_POINT('',(0.E0,-1.61E0,0.E0));
#5186=DIRECTION('',(0.E0,-1.E0,0.E0));
#5187=DIRECTION('',(1.E0,0.E0,0.E0));
#5188=AXIS2_PLACEMENT_3D('',#5185,#5186,#5187);
#5189=PLANE('',#5188);
#5191=ORIENTED_EDGE('',*,*,#5190,.F.);
#5193=ORIENTED_EDGE('',*,*,#5192,.F.);
#5195=ORIENTED_EDGE('',*,*,#5194,.F.);
#5197=ORIENTED_EDGE('',*,*,#5196,.F.);
#5198=EDGE_LOOP('',(#5191,#5193,#5195,#5197));
#5199=FACE_OUTER_BOUND('',#5198,.F.);
#5201=ORIENTED_EDGE('',*,*,#5200,.F.);
#5203=ORIENTED_EDGE('',*,*,#5202,.F.);
#5205=ORIENTED_EDGE('',*,*,#5204,.F.);
#5207=ORIENTED_EDGE('',*,*,#5206,.F.);
#5208=EDGE_LOOP('',(#5201,#5203,#5205,#5207));
#5209=FACE_BOUND('',#5208,.F.);
#5211=FILL_AREA_STYLE_COLOUR('',#1);
#5212=FILL_AREA_STYLE('',(#5211));
#5213=SURFACE_STYLE_FILL_AREA(#5212);
#5214=SURFACE_SIDE_STYLE('',(#5213));
#5215=SURFACE_STYLE_USAGE(.POSITIVE.,#5214);
#5216=PRESENTATION_STYLE_ASSIGNMENT((#5215));
#5217=STYLED_ITEM('',(#5216),#5210);
#5218=CARTESIAN_POINT('',(0.E0,-1.61E0,0.E0));
#5219=DIRECTION('',(0.E0,-1.E0,0.E0));
#5220=DIRECTION('',(1.E0,0.E0,0.E0));
#5221=AXIS2_PLACEMENT_3D('',#5218,#5219,#5220);
#5222=PLANE('',#5221);
#5224=ORIENTED_EDGE('',*,*,#5223,.F.);
#5226=ORIENTED_EDGE('',*,*,#5225,.F.);
#5228=ORIENTED_EDGE('',*,*,#5227,.F.);
#5230=ORIENTED_EDGE('',*,*,#5229,.F.);
#5232=ORIENTED_EDGE('',*,*,#5231,.F.);
#5234=ORIENTED_EDGE('',*,*,#5233,.F.);
#5236=ORIENTED_EDGE('',*,*,#5235,.F.);
#5238=ORIENTED_EDGE('',*,*,#5237,.F.);
#5239=EDGE_LOOP('',(#5224,#5226,#5228,#5230,#5232,#5234,#5236,#5238));
#5240=FACE_OUTER_BOUND('',#5239,.F.);
#5242=ORIENTED_EDGE('',*,*,#5241,.F.);
#5244=ORIENTED_EDGE('',*,*,#5243,.F.);
#5246=ORIENTED_EDGE('',*,*,#5245,.F.);
#5248=ORIENTED_EDGE('',*,*,#5247,.F.);
#5250=ORIENTED_EDGE('',*,*,#5249,.F.);
#5251=EDGE_LOOP('',(#5242,#5244,#5246,#5248,#5250));
#5252=FACE_BOUND('',#5251,.F.);
#5254=FILL_AREA_STYLE_COLOUR('',#1);
#5255=FILL_AREA_STYLE('',(#5254));
#5256=SURFACE_STYLE_FILL_AREA(#5255);
#5257=SURFACE_SIDE_STYLE('',(#5256));
#5258=SURFACE_STYLE_USAGE(.POSITIVE.,#5257);
#5259=PRESENTATION_STYLE_ASSIGNMENT((#5258));
#5260=STYLED_ITEM('',(#5259),#5253);
#5261=CARTESIAN_POINT('',(0.E0,-1.61E0,0.E0));
#5262=DIRECTION('',(0.E0,-1.E0,0.E0));
#5263=DIRECTION('',(1.E0,0.E0,0.E0));
#5264=AXIS2_PLACEMENT_3D('',#5261,#5262,#5263);
#5265=PLANE('',#5264);
#5267=ORIENTED_EDGE('',*,*,#5266,.F.);
#5269=ORIENTED_EDGE('',*,*,#5268,.F.);
#5271=ORIENTED_EDGE('',*,*,#5270,.F.);
#5273=ORIENTED_EDGE('',*,*,#5272,.F.);
#5275=ORIENTED_EDGE('',*,*,#5274,.F.);
#5277=ORIENTED_EDGE('',*,*,#5276,.F.);
#5279=ORIENTED_EDGE('',*,*,#5278,.F.);
#5281=ORIENTED_EDGE('',*,*,#5280,.F.);
#5283=ORIENTED_EDGE('',*,*,#5282,.F.);
#5285=ORIENTED_EDGE('',*,*,#5284,.F.);
#5287=ORIENTED_EDGE('',*,*,#5286,.F.);
#5289=ORIENTED_EDGE('',*,*,#5288,.F.);
#5290=EDGE_LOOP('',(#5267,#5269,#5271,#5273,#5275,#5277,#5279,#5281,#5283,#5285,
#5287,#5289));
#5291=FACE_OUTER_BOUND('',#5290,.F.);
#5293=FILL_AREA_STYLE_COLOUR('',#1);
#5294=FILL_AREA_STYLE('',(#5293));
#5295=SURFACE_STYLE_FILL_AREA(#5294);
#5296=SURFACE_SIDE_STYLE('',(#5295));
#5297=SURFACE_STYLE_USAGE(.POSITIVE.,#5296);
#5298=PRESENTATION_STYLE_ASSIGNMENT((#5297));
#5299=STYLED_ITEM('',(#5298),#5292);
#5300=CARTESIAN_POINT('',(0.E0,-1.61E0,0.E0));
#5301=DIRECTION('',(0.E0,-1.E0,0.E0));
#5302=DIRECTION('',(1.E0,0.E0,0.E0));
#5303=AXIS2_PLACEMENT_3D('',#5300,#5301,#5302);
#5304=PLANE('',#5303);
#5306=ORIENTED_EDGE('',*,*,#5305,.F.);
#5308=ORIENTED_EDGE('',*,*,#5307,.F.);
#5310=ORIENTED_EDGE('',*,*,#5309,.F.);
#5312=ORIENTED_EDGE('',*,*,#5311,.F.);
#5314=ORIENTED_EDGE('',*,*,#5313,.F.);
#5316=ORIENTED_EDGE('',*,*,#5315,.F.);
#5318=ORIENTED_EDGE('',*,*,#5317,.F.);
#5320=ORIENTED_EDGE('',*,*,#5319,.F.);
#5321=EDGE_LOOP('',(#5306,#5308,#5310,#5312,#5314,#5316,#5318,#5320));
#5322=FACE_OUTER_BOUND('',#5321,.F.);
#5324=ORIENTED_EDGE('',*,*,#5323,.F.);
#5326=ORIENTED_EDGE('',*,*,#5325,.F.);
#5328=ORIENTED_EDGE('',*,*,#5327,.F.);
#5329=EDGE_LOOP('',(#5324,#5326,#5328));
#5330=FACE_BOUND('',#5329,.F.);
#5332=FILL_AREA_STYLE_COLOUR('',#1);
#5333=FILL_AREA_STYLE('',(#5332));
#5334=SURFACE_STYLE_FILL_AREA(#5333);
#5335=SURFACE_SIDE_STYLE('',(#5334));
#5336=SURFACE_STYLE_USAGE(.POSITIVE.,#5335);
#5337=PRESENTATION_STYLE_ASSIGNMENT((#5336));
#5338=STYLED_ITEM('',(#5337),#5331);
#5339=CARTESIAN_POINT('',(0.E0,-1.61E0,0.E0));
#5340=DIRECTION('',(0.E0,-1.E0,0.E0));
#5341=DIRECTION('',(1.E0,0.E0,0.E0));
#5342=AXIS2_PLACEMENT_3D('',#5339,#5340,#5341);
#5343=PLANE('',#5342);
#5345=ORIENTED_EDGE('',*,*,#5344,.F.);
#5347=ORIENTED_EDGE('',*,*,#5346,.F.);
#5349=ORIENTED_EDGE('',*,*,#5348,.F.);
#5351=ORIENTED_EDGE('',*,*,#5350,.F.);
#5352=EDGE_LOOP('',(#5345,#5347,#5349,#5351));
#5353=FACE_OUTER_BOUND('',#5352,.F.);
#5355=FILL_AREA_STYLE_COLOUR('',#1);
#5356=FILL_AREA_STYLE('',(#5355));
#5357=SURFACE_STYLE_FILL_AREA(#5356);
#5358=SURFACE_SIDE_STYLE('',(#5357));
#5359=SURFACE_STYLE_USAGE(.POSITIVE.,#5358);
#5360=PRESENTATION_STYLE_ASSIGNMENT((#5359));
#5361=STYLED_ITEM('',(#5360),#5354);
#5362=CARTESIAN_POINT('',(0.E0,-1.61E0,0.E0));
#5363=DIRECTION('',(0.E0,-1.E0,0.E0));
#5364=DIRECTION('',(1.E0,0.E0,0.E0));
#5365=AXIS2_PLACEMENT_3D('',#5362,#5363,#5364);
#5366=PLANE('',#5365);
#5368=ORIENTED_EDGE('',*,*,#5367,.F.);
#5370=ORIENTED_EDGE('',*,*,#5369,.F.);
#5372=ORIENTED_EDGE('',*,*,#5371,.F.);
#5374=ORIENTED_EDGE('',*,*,#5373,.F.);
#5376=ORIENTED_EDGE('',*,*,#5375,.F.);
#5378=ORIENTED_EDGE('',*,*,#5377,.F.);
#5380=ORIENTED_EDGE('',*,*,#5379,.F.);
#5382=ORIENTED_EDGE('',*,*,#5381,.F.);
#5384=ORIENTED_EDGE('',*,*,#5383,.F.);
#5386=ORIENTED_EDGE('',*,*,#5385,.F.);
#5388=ORIENTED_EDGE('',*,*,#5387,.F.);
#5390=ORIENTED_EDGE('',*,*,#5389,.F.);
#5391=EDGE_LOOP('',(#5368,#5370,#5372,#5374,#5376,#5378,#5380,#5382,#5384,#5386,
#5388,#5390));
#5392=FACE_OUTER_BOUND('',#5391,.F.);
#5394=FILL_AREA_STYLE_COLOUR('',#1);
#5395=FILL_AREA_STYLE('',(#5394));
#5396=SURFACE_STYLE_FILL_AREA(#5395);
#5397=SURFACE_SIDE_STYLE('',(#5396));
#5398=SURFACE_STYLE_USAGE(.POSITIVE.,#5397);
#5399=PRESENTATION_STYLE_ASSIGNMENT((#5398));
#5400=STYLED_ITEM('',(#5399),#5393);
#5401=CARTESIAN_POINT('',(0.E0,-1.61E0,0.E0));
#5402=DIRECTION('',(0.E0,-1.E0,0.E0));
#5403=DIRECTION('',(1.E0,0.E0,0.E0));
#5404=AXIS2_PLACEMENT_3D('',#5401,#5402,#5403);
#5405=PLANE('',#5404);
#5407=ORIENTED_EDGE('',*,*,#5406,.F.);
#5409=ORIENTED_EDGE('',*,*,#5408,.F.);
#5411=ORIENTED_EDGE('',*,*,#5410,.F.);
#5413=ORIENTED_EDGE('',*,*,#5412,.F.);
#5415=ORIENTED_EDGE('',*,*,#5414,.F.);
#5417=ORIENTED_EDGE('',*,*,#5416,.F.);
#5419=ORIENTED_EDGE('',*,*,#5418,.F.);
#5421=ORIENTED_EDGE('',*,*,#5420,.F.);
#5423=ORIENTED_EDGE('',*,*,#5422,.F.);
#5425=ORIENTED_EDGE('',*,*,#5424,.F.);
#5427=ORIENTED_EDGE('',*,*,#5426,.F.);
#5429=ORIENTED_EDGE('',*,*,#5428,.F.);
#5430=EDGE_LOOP('',(#5407,#5409,#5411,#5413,#5415,#5417,#5419,#5421,#5423,#5425,
#5427,#5429));
#5431=FACE_OUTER_BOUND('',#5430,.F.);
#5433=FILL_AREA_STYLE_COLOUR('',#1);
#5434=FILL_AREA_STYLE('',(#5433));
#5435=SURFACE_STYLE_FILL_AREA(#5434);
#5436=SURFACE_SIDE_STYLE('',(#5435));
#5437=SURFACE_STYLE_USAGE(.POSITIVE.,#5436);
#5438=PRESENTATION_STYLE_ASSIGNMENT((#5437));
#5439=STYLED_ITEM('',(#5438),#5432);
#5440=CARTESIAN_POINT('',(0.E0,-1.61E0,0.E0));
#5441=DIRECTION('',(0.E0,-1.E0,0.E0));
#5442=DIRECTION('',(1.E0,0.E0,0.E0));
#5443=AXIS2_PLACEMENT_3D('',#5440,#5441,#5442);
#5444=PLANE('',#5443);
#5446=ORIENTED_EDGE('',*,*,#5445,.F.);
#5448=ORIENTED_EDGE('',*,*,#5447,.F.);
#5450=ORIENTED_EDGE('',*,*,#5449,.F.);
#5452=ORIENTED_EDGE('',*,*,#5451,.F.);
#5453=EDGE_LOOP('',(#5446,#5448,#5450,#5452));
#5454=FACE_OUTER_BOUND('',#5453,.F.);
#5456=ORIENTED_EDGE('',*,*,#5455,.F.);
#5458=ORIENTED_EDGE('',*,*,#5457,.F.);
#5460=ORIENTED_EDGE('',*,*,#5459,.F.);
#5462=ORIENTED_EDGE('',*,*,#5461,.F.);
#5463=EDGE_LOOP('',(#5456,#5458,#5460,#5462));
#5464=FACE_BOUND('',#5463,.F.);
#5466=FILL_AREA_STYLE_COLOUR('',#1);
#5467=FILL_AREA_STYLE('',(#5466));
#5468=SURFACE_STYLE_FILL_AREA(#5467);
#5469=SURFACE_SIDE_STYLE('',(#5468));
#5470=SURFACE_STYLE_USAGE(.POSITIVE.,#5469);
#5471=PRESENTATION_STYLE_ASSIGNMENT((#5470));
#5472=STYLED_ITEM('',(#5471),#5465);
#5473=CARTESIAN_POINT('',(0.E0,-1.61E0,0.E0));
#5474=DIRECTION('',(0.E0,-1.E0,0.E0));
#5475=DIRECTION('',(1.E0,0.E0,0.E0));
#5476=AXIS2_PLACEMENT_3D('',#5473,#5474,#5475);
#5477=PLANE('',#5476);
#5479=ORIENTED_EDGE('',*,*,#5478,.F.);
#5481=ORIENTED_EDGE('',*,*,#5480,.F.);
#5483=ORIENTED_EDGE('',*,*,#5482,.F.);
#5485=ORIENTED_EDGE('',*,*,#5484,.F.);
#5487=ORIENTED_EDGE('',*,*,#5486,.F.);
#5489=ORIENTED_EDGE('',*,*,#5488,.F.);
#5491=ORIENTED_EDGE('',*,*,#5490,.F.);
#5493=ORIENTED_EDGE('',*,*,#5492,.F.);
#5494=EDGE_LOOP('',(#5479,#5481,#5483,#5485,#5487,#5489,#5491,#5493));
#5495=FACE_OUTER_BOUND('',#5494,.F.);
#5497=ORIENTED_EDGE('',*,*,#5496,.F.);
#5499=ORIENTED_EDGE('',*,*,#5498,.F.);
#5501=ORIENTED_EDGE('',*,*,#5500,.F.);
#5503=ORIENTED_EDGE('',*,*,#5502,.F.);
#5505=ORIENTED_EDGE('',*,*,#5504,.F.);
#5506=EDGE_LOOP('',(#5497,#5499,#5501,#5503,#5505));
#5507=FACE_BOUND('',#5506,.F.);
#5509=FILL_AREA_STYLE_COLOUR('',#1);
#5510=FILL_AREA_STYLE('',(#5509));
#5511=SURFACE_STYLE_FILL_AREA(#5510);
#5512=SURFACE_SIDE_STYLE('',(#5511));
#5513=SURFACE_STYLE_USAGE(.POSITIVE.,#5512);
#5514=PRESENTATION_STYLE_ASSIGNMENT((#5513));
#5515=STYLED_ITEM('',(#5514),#5508);
#5516=CARTESIAN_POINT('',(0.E0,-1.61E0,0.E0));
#5517=DIRECTION('',(0.E0,-1.E0,0.E0));
#5518=DIRECTION('',(1.E0,0.E0,0.E0));
#5519=AXIS2_PLACEMENT_3D('',#5516,#5517,#5518);
#5520=PLANE('',#5519);
#5522=ORIENTED_EDGE('',*,*,#5521,.F.);
#5524=ORIENTED_EDGE('',*,*,#5523,.F.);
#5526=ORIENTED_EDGE('',*,*,#5525,.F.);
#5528=ORIENTED_EDGE('',*,*,#5527,.F.);
#5530=ORIENTED_EDGE('',*,*,#5529,.F.);
#5532=ORIENTED_EDGE('',*,*,#5531,.F.);
#5534=ORIENTED_EDGE('',*,*,#5533,.F.);
#5536=ORIENTED_EDGE('',*,*,#5535,.F.);
#5538=ORIENTED_EDGE('',*,*,#5537,.F.);
#5540=ORIENTED_EDGE('',*,*,#5539,.F.);
#5542=ORIENTED_EDGE('',*,*,#5541,.F.);
#5544=ORIENTED_EDGE('',*,*,#5543,.F.);
#5546=ORIENTED_EDGE('',*,*,#5545,.F.);
#5548=ORIENTED_EDGE('',*,*,#5547,.F.);
#5550=ORIENTED_EDGE('',*,*,#5549,.F.);
#5552=ORIENTED_EDGE('',*,*,#5551,.F.);
#5553=EDGE_LOOP('',(#5522,#5524,#5526,#5528,#5530,#5532,#5534,#5536,#5538,#5540,
#5542,#5544,#5546,#5548,#5550,#5552));
#5554=FACE_OUTER_BOUND('',#5553,.F.);
#5555=ORIENTED_EDGE('',*,*,#5062,.F.);
#5556=ORIENTED_EDGE('',*,*,#5083,.F.);
#5557=EDGE_LOOP('',(#5555,#5556));
#5558=FACE_BOUND('',#5557,.F.);
#5560=FILL_AREA_STYLE_COLOUR('',#1);
#5561=FILL_AREA_STYLE('',(#5560));
#5562=SURFACE_STYLE_FILL_AREA(#5561);
#5563=SURFACE_SIDE_STYLE('',(#5562));
#5564=SURFACE_STYLE_USAGE(.POSITIVE.,#5563);
#5565=PRESENTATION_STYLE_ASSIGNMENT((#5564));
#5566=STYLED_ITEM('',(#5565),#5559);
#5567=CARTESIAN_POINT('',(-1.095997359894E0,-1.6E0,2.247659351408E0));
#5568=DIRECTION('',(1.E0,0.E0,0.E0));
#5569=DIRECTION('',(0.E0,0.E0,1.E0));
#5570=AXIS2_PLACEMENT_3D('',#5567,#5568,#5569);
#5571=PLANE('',#5570);
#5572=ORIENTED_EDGE('',*,*,#3901,.F.);
#5574=ORIENTED_EDGE('',*,*,#5573,.T.);
#5575=ORIENTED_EDGE('',*,*,#5101,.T.);
#5577=ORIENTED_EDGE('',*,*,#5576,.F.);
#5578=EDGE_LOOP('',(#5572,#5574,#5575,#5577));
#5579=FACE_OUTER_BOUND('',#5578,.F.);
#5581=FILL_AREA_STYLE_COLOUR('',#1);
#5582=FILL_AREA_STYLE('',(#5581));
#5583=SURFACE_STYLE_FILL_AREA(#5582);
#5584=SURFACE_SIDE_STYLE('',(#5583));
#5585=SURFACE_STYLE_USAGE(.POSITIVE.,#5584);
#5586=PRESENTATION_STYLE_ASSIGNMENT((#5585));
#5587=STYLED_ITEM('',(#5586),#5580);
#5588=CARTESIAN_POINT('',(-1.238576157191E0,-1.6E0,2.247659351408E0));
#5589=DIRECTION('',(0.E0,0.E0,-1.E0));
#5590=DIRECTION('',(1.E0,0.E0,0.E0));
#5591=AXIS2_PLACEMENT_3D('',#5588,#5589,#5590);
#5592=PLANE('',#5591);
#5593=ORIENTED_EDGE('',*,*,#3911,.F.);
#5595=ORIENTED_EDGE('',*,*,#5594,.T.);
#5596=ORIENTED_EDGE('',*,*,#5103,.T.);
#5597=ORIENTED_EDGE('',*,*,#5573,.F.);
#5598=EDGE_LOOP('',(#5593,#5595,#5596,#5597));
#5599=FACE_OUTER_BOUND('',#5598,.F.);
#5601=FILL_AREA_STYLE_COLOUR('',#1);
#5602=FILL_AREA_STYLE('',(#5601));
#5603=SURFACE_STYLE_FILL_AREA(#5602);
#5604=SURFACE_SIDE_STYLE('',(#5603));
#5605=SURFACE_STYLE_USAGE(.POSITIVE.,#5604);
#5606=PRESENTATION_STYLE_ASSIGNMENT((#5605));
#5607=STYLED_ITEM('',(#5606),#5600);
#5608=CARTESIAN_POINT('',(-1.238576157191E0,-1.6E0,2.518026901104E0));
#5609=DIRECTION('',(-1.E0,0.E0,0.E0));
#5610=DIRECTION('',(0.E0,0.E0,-1.E0));
#5611=AXIS2_PLACEMENT_3D('',#5608,#5609,#5610);
#5612=PLANE('',#5611);
#5613=ORIENTED_EDGE('',*,*,#3909,.F.);
#5615=ORIENTED_EDGE('',*,*,#5614,.T.);
#5616=ORIENTED_EDGE('',*,*,#5105,.T.);
#5617=ORIENTED_EDGE('',*,*,#5594,.F.);
#5618=EDGE_LOOP('',(#5613,#5615,#5616,#5617));
#5619=FACE_OUTER_BOUND('',#5618,.F.);
#5621=FILL_AREA_STYLE_COLOUR('',#1);
#5622=FILL_AREA_STYLE('',(#5621));
#5623=SURFACE_STYLE_FILL_AREA(#5622);
#5624=SURFACE_SIDE_STYLE('',(#5623));
#5625=SURFACE_STYLE_USAGE(.POSITIVE.,#5624);
#5626=PRESENTATION_STYLE_ASSIGNMENT((#5625));
#5627=STYLED_ITEM('',(#5626),#5620);
#5628=CARTESIAN_POINT('',(-1.203674415730E0,-1.6E0,2.518026901104E0));
#5629=DIRECTION('',(0.E0,0.E0,1.E0));
#5630=DIRECTION('',(-1.E0,0.E0,0.E0));
#5631=AXIS2_PLACEMENT_3D('',#5628,#5629,#5630);
#5632=PLANE('',#5631);
#5633=ORIENTED_EDGE('',*,*,#3907,.F.);
#5635=ORIENTED_EDGE('',*,*,#5634,.T.);
#5636=ORIENTED_EDGE('',*,*,#5107,.T.);
#5637=ORIENTED_EDGE('',*,*,#5614,.F.);
#5638=EDGE_LOOP('',(#5633,#5635,#5636,#5637));
#5639=FACE_OUTER_BOUND('',#5638,.F.);
#5641=FILL_AREA_STYLE_COLOUR('',#1);
#5642=FILL_AREA_STYLE('',(#5641));
#5643=SURFACE_STYLE_FILL_AREA(#5642);
#5644=SURFACE_SIDE_STYLE('',(#5643));
#5645=SURFACE_STYLE_USAGE(.POSITIVE.,#5644);
#5646=PRESENTATION_STYLE_ASSIGNMENT((#5645));
#5647=STYLED_ITEM('',(#5646),#5640);
#5648=CARTESIAN_POINT('',(-1.203674415730E0,-1.6E0,2.278483463670E0));
#5649=DIRECTION('',(1.E0,0.E0,0.E0));
#5650=DIRECTION('',(0.E0,0.E0,1.E0));
#5651=AXIS2_PLACEMENT_3D('',#5648,#5649,#5650);
#5652=PLANE('',#5651);
#5653=ORIENTED_EDGE('',*,*,#3905,.F.);
#5655=ORIENTED_EDGE('',*,*,#5654,.T.);
#5656=ORIENTED_EDGE('',*,*,#5109,.T.);
#5657=ORIENTED_EDGE('',*,*,#5634,.F.);
#5658=EDGE_LOOP('',(#5653,#5655,#5656,#5657));
#5659=FACE_OUTER_BOUND('',#5658,.F.);
#5661=FILL_AREA_STYLE_COLOUR('',#1);
#5662=FILL_AREA_STYLE('',(#5661));
#5663=SURFACE_STYLE_FILL_AREA(#5662);
#5664=SURFACE_SIDE_STYLE('',(#5663));
#5665=SURFACE_STYLE_USAGE(.POSITIVE.,#5664);
#5666=PRESENTATION_STYLE_ASSIGNMENT((#5665));
#5667=STYLED_ITEM('',(#5666),#5660);
#5668=CARTESIAN_POINT('',(-1.095997359894E0,-1.6E0,2.278483463670E0));
#5669=DIRECTION('',(0.E0,0.E0,1.E0));
#5670=DIRECTION('',(-1.E0,0.E0,0.E0));
#5671=AXIS2_PLACEMENT_3D('',#5668,#5669,#5670);
#5672=PLANE('',#5671);
#5673=ORIENTED_EDGE('',*,*,#3903,.F.);
#5674=ORIENTED_EDGE('',*,*,#5576,.T.);
#5675=ORIENTED_EDGE('',*,*,#5111,.T.);
#5676=ORIENTED_EDGE('',*,*,#5654,.F.);
#5677=EDGE_LOOP('',(#5673,#5674,#5675,#5676));
#5678=FACE_OUTER_BOUND('',#5677,.F.);
#5680=FILL_AREA_STYLE_COLOUR('',#1);
#5681=FILL_AREA_STYLE('',(#5680));
#5682=SURFACE_STYLE_FILL_AREA(#5681);
#5683=SURFACE_SIDE_STYLE('',(#5682));
#5684=SURFACE_STYLE_USAGE(.POSITIVE.,#5683);
#5685=PRESENTATION_STYLE_ASSIGNMENT((#5684));
#5686=STYLED_ITEM('',(#5685),#5679);
#5687=CARTESIAN_POINT('',(-8.825092819257E-1,-1.6E0,2.313758418389E0));
#5688=CARTESIAN_POINT('',(-8.825092819257E-1,-1.6E0,2.306607590771E0));
#5689=CARTESIAN_POINT('',(-8.825092819257E-1,-1.6E0,2.288306635848E0));
#5690=CARTESIAN_POINT('',(-8.825092819257E-1,-1.6E0,2.262854853307E0));
#5691=CARTESIAN_POINT('',(-8.825092819257E-1,-1.6E0,2.244553898385E0));
#5692=CARTESIAN_POINT('',(-8.825092819257E-1,-1.6E0,2.237403070767E0));
#5694=DRAUGHTING_PRE_DEFINED_CURVE_FONT('continuous');
#5695=CURVE_STYLE('',#5694,POSITIVE_LENGTH_MEASURE(2.E-2),#1);
#5696=PRESENTATION_STYLE_ASSIGNMENT((#5695));
#5697=STYLED_ITEM('',(#5696),#5693);
#5698=DIRECTION('',(0.E0,-1.E0,0.E0));
#5699=VECTOR('',#5698,1.E0);
#5700=SURFACE_OF_LINEAR_EXTRUSION('',#5693,#5699);
#5701=ORIENTED_EDGE('',*,*,#3915,.F.);
#5703=ORIENTED_EDGE('',*,*,#5702,.T.);
#5704=ORIENTED_EDGE('',*,*,#5128,.T.);
#5706=ORIENTED_EDGE('',*,*,#5705,.F.);
#5707=EDGE_LOOP('',(#5701,#5703,#5704,#5706));
#5708=FACE_OUTER_BOUND('',#5707,.F.);
#5710=FILL_AREA_STYLE_COLOUR('',#1);
#5711=FILL_AREA_STYLE('',(#5710));
#5712=SURFACE_STYLE_FILL_AREA(#5711);
#5713=SURFACE_SIDE_STYLE('',(#5712));
#5714=SURFACE_STYLE_USAGE(.POSITIVE.,#5713);
#5715=PRESENTATION_STYLE_ASSIGNMENT((#5714));
#5716=STYLED_ITEM('',(#5715),#5709);
#5717=CARTESIAN_POINT('',(-8.730554242139E-1,-1.6E0,2.264383861235E0));
#5718=CARTESIAN_POINT('',(-8.761325051913E-1,-1.6E0,2.262398425782E0));
#5719=CARTESIAN_POINT('',(-9.013552127621E-1,-1.6E0,2.247668192122E0));
#5720=CARTESIAN_POINT('',(-9.648195511596E-1,-1.6E0,2.235441818921E0));
#5721=CARTESIAN_POINT('',(-1.063801178624E0,-1.6E0,2.268910059565E0));
#5722=CARTESIAN_POINT('',(-1.096634775088E0,-1.6E0,2.380915414157E0));
#5723=CARTESIAN_POINT('',(-1.060096901209E0,-1.6E0,2.494019039794E0));
#5724=CARTESIAN_POINT('',(-9.603990451264E-1,-1.6E0,2.529061749380E0));
#5725=CARTESIAN_POINT('',(-8.986875675197E-1,-1.6E0,2.519598185664E0));
#5726=CARTESIAN_POINT('',(-8.758621032248E-1,-1.6E0,2.508467278932E0));
#5727=CARTESIAN_POINT('',(-8.726342367596E-1,-1.6E0,2.506706075688E0));
#5729=CURVE_STYLE('',#5694,POSITIVE_LENGTH_MEASURE(2.E-2),#1);
#5730=PRESENTATION_STYLE_ASSIGNMENT((#5729));
#5731=STYLED_ITEM('',(#5730),#5728);
#5732=DIRECTION('',(0.E0,-1.E0,0.E0));
#5733=VECTOR('',#5732,1.E0);
#5734=SURFACE_OF_LINEAR_EXTRUSION('',#5728,#5733);
#5735=ORIENTED_EDGE('',*,*,#3921,.T.);
#5737=ORIENTED_EDGE('',*,*,#5736,.T.);
#5738=ORIENTED_EDGE('',*,*,#5130,.T.);
#5739=ORIENTED_EDGE('',*,*,#5702,.F.);
#5740=EDGE_LOOP('',(#5735,#5737,#5738,#5739));
#5741=FACE_OUTER_BOUND('',#5740,.F.);
#5743=FILL_AREA_STYLE_COLOUR('',#1);
#5744=FILL_AREA_STYLE('',(#5743));
#5745=SURFACE_STYLE_FILL_AREA(#5744);
#5746=SURFACE_SIDE_STYLE('',(#5745));
#5747=SURFACE_STYLE_USAGE(.POSITIVE.,#5746);
#5748=PRESENTATION_STYLE_ASSIGNMENT((#5747));
#5749=STYLED_ITEM('',(#5748),#5742);
#5750=CARTESIAN_POINT('',(-8.825092819257E-1,-1.6E0,2.532982822181E0));
#5751=CARTESIAN_POINT('',(-8.825092819257E-1,-1.6E0,2.525831994563E0));
#5752=CARTESIAN_POINT('',(-8.825092819257E-1,-1.6E0,2.506517391704E0));
#5753=CARTESIAN_POINT('',(-8.825092819257E-1,-1.6E0,2.480051961227E0));
#5754=CARTESIAN_POINT('',(-8.825092819257E-1,-1.6E0,2.460737358367E0));
#5755=CARTESIAN_POINT('',(-8.825092819257E-1,-1.6E0,2.453586530749E0));
#5757=CURVE_STYLE('',#5694,POSITIVE_LENGTH_MEASURE(2.E-2),#1);
#5758=PRESENTATION_STYLE_ASSIGNMENT((#5757));
#5759=STYLED_ITEM('',(#5758),#5756);
#5760=DIRECTION('',(0.E0,-1.E0,0.E0));
#5761=VECTOR('',#5760,1.E0);
#5762=SURFACE_OF_LINEAR_EXTRUSION('',#5756,#5761);
#5763=ORIENTED_EDGE('',*,*,#3919,.F.);
#5765=ORIENTED_EDGE('',*,*,#5764,.T.);
#5766=ORIENTED_EDGE('',*,*,#5132,.T.);
#5767=ORIENTED_EDGE('',*,*,#5736,.F.);
#5768=EDGE_LOOP('',(#5763,#5765,#5766,#5767));
#5769=FACE_OUTER_BOUND('',#5768,.F.);
#5771=FILL_AREA_STYLE_COLOUR('',#1);
#5772=FILL_AREA_STYLE('',(#5771));
#5773=SURFACE_STYLE_FILL_AREA(#5772);
#5774=SURFACE_SIDE_STYLE('',(#5773));
#5775=SURFACE_STYLE_USAGE(.POSITIVE.,#5774);
#5776=PRESENTATION_STYLE_ASSIGNMENT((#5775));
#5777=STYLED_ITEM('',(#5776),#5770);
#5778=CARTESIAN_POINT('',(-8.731778015925E-1,-1.6E0,2.469315251078E0));
#5779=CARTESIAN_POINT('',(-8.761995428294E-1,-1.6E0,2.471347786877E0));
#5780=CARTESIAN_POINT('',(-8.979607706132E-1,-1.6E0,2.484700330785E0));
#5781=CARTESIAN_POINT('',(-9.503780452002E-1,-1.6E0,2.498918741341E0));
#5782=CARTESIAN_POINT('',(-1.031858208854E0,-1.6E0,2.468711452608E0));
#5783=CARTESIAN_POINT('',(-1.056498179301E0,-1.6E0,2.381499927910E0));
#5784=CARTESIAN_POINT('',(-1.033257027059E0,-1.6E0,2.295319597306E0));
#5785=CARTESIAN_POINT('',(-9.528481187075E-1,-1.6E0,2.266131030055E0));
#5786=CARTESIAN_POINT('',(-8.993462916574E-1,-1.6E0,2.280828145698E0));
#5787=CARTESIAN_POINT('',(-8.763721956620E-1,-1.6E0,2.296226788703E0));
#5788=CARTESIAN_POINT('',(-8.734487408259E-1,-1.6E0,2.298379831071E0));
#5790=CURVE_STYLE('',#5694,POSITIVE_LENGTH_MEASURE(2.E-2),#1);
#5791=PRESENTATION_STYLE_ASSIGNMENT((#5790));
#5792=STYLED_ITEM('',(#5791),#5789);
#5793=DIRECTION('',(0.E0,-1.E0,0.E0));
#5794=VECTOR('',#5793,1.E0);
#5795=SURFACE_OF_LINEAR_EXTRUSION('',#5789,#5794);
#5796=ORIENTED_EDGE('',*,*,#3917,.T.);
#5797=ORIENTED_EDGE('',*,*,#5705,.T.);
#5798=ORIENTED_EDGE('',*,*,#5134,.T.);
#5799=ORIENTED_EDGE('',*,*,#5764,.F.);
#5800=EDGE_LOOP('',(#5796,#5797,#5798,#5799));
#5801=FACE_OUTER_BOUND('',#5800,.F.);
#5803=FILL_AREA_STYLE_COLOUR('',#1);
#5804=FILL_AREA_STYLE('',(#5803));
#5805=SURFACE_STYLE_FILL_AREA(#5804);
#5806=SURFACE_SIDE_STYLE('',(#5805));
#5807=SURFACE_STYLE_USAGE(.POSITIVE.,#5806);
#5808=PRESENTATION_STYLE_ASSIGNMENT((#5807));
#5809=STYLED_ITEM('',(#5808),#5802);
#5810=CARTESIAN_POINT('',(-6.829819005419E-1,-1.6E0,2.247659351408E0));
#5811=DIRECTION('',(1.E0,0.E0,0.E0));
#5812=DIRECTION('',(0.E0,0.E0,1.E0));
#5813=AXIS2_PLACEMENT_3D('',#5810,#5811,#5812);
#5814=PLANE('',#5813);
#5815=ORIENTED_EDGE('',*,*,#3925,.F.);
#5817=ORIENTED_EDGE('',*,*,#5816,.T.);
#5818=ORIENTED_EDGE('',*,*,#5151,.T.);
#5820=ORIENTED_EDGE('',*,*,#5819,.F.);
#5821=EDGE_LOOP('',(#5815,#5817,#5818,#5820));
#5822=FACE_OUTER_BOUND('',#5821,.F.);
#5824=FILL_AREA_STYLE_COLOUR('',#1);
#5825=FILL_AREA_STYLE('',(#5824));
#5826=SURFACE_STYLE_FILL_AREA(#5825);
#5827=SURFACE_SIDE_STYLE('',(#5826));
#5828=SURFACE_STYLE_USAGE(.POSITIVE.,#5827);
#5829=PRESENTATION_STYLE_ASSIGNMENT((#5828));
#5830=STYLED_ITEM('',(#5829),#5823);
#5831=CARTESIAN_POINT('',(-8.283943045708E-1,-1.6E0,2.247659351408E0));
#5832=DIRECTION('',(0.E0,0.E0,-1.E0));
#5833=DIRECTION('',(1.E0,0.E0,0.E0));
#5834=AXIS2_PLACEMENT_3D('',#5831,#5832,#5833);
#5835=PLANE('',#5834);
#5836=ORIENTED_EDGE('',*,*,#3947,.F.);
#5838=ORIENTED_EDGE('',*,*,#5837,.T.);
#5839=ORIENTED_EDGE('',*,*,#5153,.T.);
#5840=ORIENTED_EDGE('',*,*,#5816,.F.);
#5841=EDGE_LOOP('',(#5836,#5838,#5839,#5840));
#5842=FACE_OUTER_BOUND('',#5841,.F.);
#5844=FILL_AREA_STYLE_COLOUR('',#1);
#5845=FILL_AREA_STYLE('',(#5844));
#5846=SURFACE_STYLE_FILL_AREA(#5845);
#5847=SURFACE_SIDE_STYLE('',(#5846));
#5848=SURFACE_STYLE_USAGE(.POSITIVE.,#5847);
#5849=PRESENTATION_STYLE_ASSIGNMENT((#5848));
#5850=STYLED_ITEM('',(#5849),#5843);
#5851=CARTESIAN_POINT('',(-8.283943045708E-1,-1.6E0,2.518026901104E0));
#5852=DIRECTION('',(-1.E0,0.E0,0.E0));
#5853=DIRECTION('',(0.E0,0.E0,-1.E0));
#5854=AXIS2_PLACEMENT_3D('',#5851,#5852,#5853);
#5855=PLANE('',#5854);
#5856=ORIENTED_EDGE('',*,*,#3945,.F.);
#5858=ORIENTED_EDGE('',*,*,#5857,.T.);
#5859=ORIENTED_EDGE('',*,*,#5155,.T.);
#5860=ORIENTED_EDGE('',*,*,#5837,.F.);
#5861=EDGE_LOOP('',(#5856,#5858,#5859,#5860));
#5862=FACE_OUTER_BOUND('',#5861,.F.);
#5864=FILL_AREA_STYLE_COLOUR('',#1);
#5865=FILL_AREA_STYLE('',(#5864));
#5866=SURFACE_STYLE_FILL_AREA(#5865);
#5867=SURFACE_SIDE_STYLE('',(#5866));
#5868=SURFACE_STYLE_USAGE(.POSITIVE.,#5867);
#5869=PRESENTATION_STYLE_ASSIGNMENT((#5868));
#5870=STYLED_ITEM('',(#5869),#5863);
#5871=CARTESIAN_POINT('',(-6.891329005234E-1,-1.6E0,2.518026901104E0));
#5872=DIRECTION('',(0.E0,0.E0,1.E0));
#5873=DIRECTION('',(-1.E0,0.E0,0.E0));
#5874=AXIS2_PLACEMENT_3D('',#5871,#5872,#5873);
#5875=PLANE('',#5874);
#5876=ORIENTED_EDGE('',*,*,#3943,.F.);
#5878=ORIENTED_EDGE('',*,*,#5877,.T.);
#5879=ORIENTED_EDGE('',*,*,#5157,.T.);
#5880=ORIENTED_EDGE('',*,*,#5857,.F.);
#5881=EDGE_LOOP('',(#5876,#5878,#5879,#5880));
#5882=FACE_OUTER_BOUND('',#5881,.F.);
#5884=FILL_AREA_STYLE_COLOUR('',#1);
#5885=FILL_AREA_STYLE('',(#5884));
#5886=SURFACE_STYLE_FILL_AREA(#5885);
#5887=SURFACE_SIDE_STYLE('',(#5886));
#5888=SURFACE_STYLE_USAGE(.POSITIVE.,#5887);
#5889=PRESENTATION_STYLE_ASSIGNMENT((#5888));
#5890=STYLED_ITEM('',(#5889),#5883);
#5891=CARTESIAN_POINT('',(-6.891329005234E-1,-1.6E0,2.486926339407E0));
#5892=DIRECTION('',(1.E0,0.E0,0.E0));
#5893=DIRECTION('',(0.E0,0.E0,1.E0));
#5894=AXIS2_PLACEMENT_3D('',#5891,#5892,#5893);
#5895=PLANE('',#5894);
#5896=ORIENTED_EDGE('',*,*,#3941,.F.);
#5898=ORIENTED_EDGE('',*,*,#5897,.T.);
#5899=ORIENTED_EDGE('',*,*,#5159,.T.);
#5900=ORIENTED_EDGE('',*,*,#5877,.F.);
#5901=EDGE_LOOP('',(#5896,#5898,#5899,#5900));
#5902=FACE_OUTER_BOUND('',#5901,.F.);
#5904=FILL_AREA_STYLE_COLOUR('',#1);
#5905=FILL_AREA_STYLE('',(#5904));
#5906=SURFACE_STYLE_FILL_AREA(#5905);
#5907=SURFACE_SIDE_STYLE('',(#5906));
#5908=SURFACE_STYLE_USAGE(.POSITIVE.,#5907);
#5909=PRESENTATION_STYLE_ASSIGNMENT((#5908));
#5910=STYLED_ITEM('',(#5909),#5903);
#5911=CARTESIAN_POINT('',(-7.934925631097E-1,-1.6E0,2.486926339407E0));
#5912=DIRECTION('',(0.E0,0.E0,-1.E0));
#5913=DIRECTION('',(1.E0,0.E0,0.E0));
#5914=AXIS2_PLACEMENT_3D('',#5911,#5912,#5913);
#5915=PLANE('',#5914);
#5916=ORIENTED_EDGE('',*,*,#3939,.F.);
#5918=ORIENTED_EDGE('',*,*,#5917,.T.);
#5919=ORIENTED_EDGE('',*,*,#5161,.T.);
#5920=ORIENTED_EDGE('',*,*,#5897,.F.);
#5921=EDGE_LOOP('',(#5916,#5918,#5919,#5920));
#5922=FACE_OUTER_BOUND('',#5921,.F.);
#5924=FILL_AREA_STYLE_COLOUR('',#1);
#5925=FILL_AREA_STYLE('',(#5924));
#5926=SURFACE_STYLE_FILL_AREA(#5925);
#5927=SURFACE_SIDE_STYLE('',(#5926));
#5928=SURFACE_STYLE_USAGE(.POSITIVE.,#5927);
#5929=PRESENTATION_STYLE_ASSIGNMENT((#5928));
#5930=STYLED_ITEM('',(#5929),#5923);
#5931=CARTESIAN_POINT('',(-7.934925631097E-1,-1.6E0,2.400397665526E0));
#5932=DIRECTION('',(1.E0,0.E0,0.E0));
#5933=DIRECTION('',(0.E0,0.E0,1.E0));
#5934=AXIS2_PLACEMENT_3D('',#5931,#5932,#5933);
#5935=PLANE('',#5934);
#5936=ORIENTED_EDGE('',*,*,#3937,.F.);
#5938=ORIENTED_EDGE('',*,*,#5937,.T.);
#5939=ORIENTED_EDGE('',*,*,#5163,.T.);
#5940=ORIENTED_EDGE('',*,*,#5917,.F.);
#5941=EDGE_LOOP('',(#5936,#5938,#5939,#5940));
#5942=FACE_OUTER_BOUND('',#5941,.F.);
#5944=FILL_AREA_STYLE_COLOUR('',#1);
#5945=FILL_AREA_STYLE('',(#5944));
#5946=SURFACE_STYLE_FILL_AREA(#5945);
#5947=SURFACE_SIDE_STYLE('',(#5946));
#5948=SURFACE_STYLE_USAGE(.POSITIVE.,#5947);
#5949=PRESENTATION_STYLE_ASSIGNMENT((#5948));
#5950=STYLED_ITEM('',(#5949),#5943);
#5951=CARTESIAN_POINT('',(-6.968043724090E-1,-1.6E0,2.400397665526E0));
#5952=DIRECTION('',(0.E0,0.E0,1.E0));
#5953=DIRECTION('',(-1.E0,0.E0,0.E0));
#5954=AXIS2_PLACEMENT_3D('',#5951,#5952,#5953);
#5955=PLANE('',#5954);
#5956=ORIENTED_EDGE('',*,*,#3935,.F.);
#5958=ORIENTED_EDGE('',*,*,#5957,.T.);
#5959=ORIENTED_EDGE('',*,*,#5165,.T.);
#5960=ORIENTED_EDGE('',*,*,#5937,.F.);
#5961=EDGE_LOOP('',(#5956,#5958,#5959,#5960));
#5962=FACE_OUTER_BOUND('',#5961,.F.);
#5964=FILL_AREA_STYLE_COLOUR('',#1);
#5965=FILL_AREA_STYLE('',(#5964));
#5966=SURFACE_STYLE_FILL_AREA(#5965);
#5967=SURFACE_SIDE_STYLE('',(#5966));
#5968=SURFACE_STYLE_USAGE(.POSITIVE.,#5967);
#5969=PRESENTATION_STYLE_ASSIGNMENT((#5968));
#5970=STYLED_ITEM('',(#5969),#5963);
#5971=CARTESIAN_POINT('',(-6.968043724090E-1,-1.6E0,2.369435328546E0));
#5972=DIRECTION('',(1.E0,0.E0,0.E0));
#5973=DIRECTION('',(0.E0,0.E0,1.E0));
#5974=AXIS2_PLACEMENT_3D('',#5971,#5972,#5973);
#5975=PLANE('',#5974);
#5976=ORIENTED_EDGE('',*,*,#3933,.F.);
#5978=ORIENTED_EDGE('',*,*,#5977,.T.);
#5979=ORIENTED_EDGE('',*,*,#5167,.T.);
#5980=ORIENTED_EDGE('',*,*,#5957,.F.);
#5981=EDGE_LOOP('',(#5976,#5978,#5979,#5980));
#5982=FACE_OUTER_BOUND('',#5981,.F.);
#5984=FILL_AREA_STYLE_COLOUR('',#1);
#5985=FILL_AREA_STYLE('',(#5984));
#5986=SURFACE_STYLE_FILL_AREA(#5985);
#5987=SURFACE_SIDE_STYLE('',(#5986));
#5988=SURFACE_STYLE_USAGE(.POSITIVE.,#5987);
#5989=PRESENTATION_STYLE_ASSIGNMENT((#5988));
#5990=STYLED_ITEM('',(#5989),#5983);
#5991=CARTESIAN_POINT('',(-7.934925631097E-1,-1.6E0,2.369435328546E0));
#5992=DIRECTION('',(0.E0,0.E0,-1.E0));
#5993=DIRECTION('',(1.E0,0.E0,0.E0));
#5994=AXIS2_PLACEMENT_3D('',#5991,#5992,#5993);
#5995=PLANE('',#5994);
#5996=ORIENTED_EDGE('',*,*,#3931,.F.);
#5998=ORIENTED_EDGE('',*,*,#5997,.T.);
#5999=ORIENTED_EDGE('',*,*,#5169,.T.);
#6000=ORIENTED_EDGE('',*,*,#5977,.F.);
#6001=EDGE_LOOP('',(#5996,#5998,#5999,#6000));
#6002=FACE_OUTER_BOUND('',#6001,.F.);
#6004=FILL_AREA_STYLE_COLOUR('',#1);
#6005=FILL_AREA_STYLE('',(#6004));
#6006=SURFACE_STYLE_FILL_AREA(#6005);
#6007=SURFACE_SIDE_STYLE('',(#6006));
#6008=SURFACE_STYLE_USAGE(.POSITIVE.,#6007);
#6009=PRESENTATION_STYLE_ASSIGNMENT((#6008));
#6010=STYLED_ITEM('',(#6009),#6003);
#6011=CARTESIAN_POINT('',(-7.934925631097E-1,-1.6E0,2.278483463670E0));
#6012=DIRECTION('',(1.E0,0.E0,0.E0));
#6013=DIRECTION('',(0.E0,0.E0,1.E0));
#6014=AXIS2_PLACEMENT_3D('',#6011,#6012,#6013);
#6015=PLANE('',#6014);
#6016=ORIENTED_EDGE('',*,*,#3929,.F.);
#6018=ORIENTED_EDGE('',*,*,#6017,.T.);
#6019=ORIENTED_EDGE('',*,*,#5171,.T.);
#6020=ORIENTED_EDGE('',*,*,#5997,.F.);
#6021=EDGE_LOOP('',(#6016,#6018,#6019,#6020));
#6022=FACE_OUTER_BOUND('',#6021,.F.);
#6024=FILL_AREA_STYLE_COLOUR('',#1);
#6025=FILL_AREA_STYLE('',(#6024));
#6026=SURFACE_STYLE_FILL_AREA(#6025);
#6027=SURFACE_SIDE_STYLE('',(#6026));
#6028=SURFACE_STYLE_USAGE(.POSITIVE.,#6027);
#6029=PRESENTATION_STYLE_ASSIGNMENT((#6028));
#6030=STYLED_ITEM('',(#6029),#6023);
#6031=CARTESIAN_POINT('',(-6.829819005419E-1,-1.6E0,2.278483463670E0));
#6032=DIRECTION('',(0.E0,0.E0,1.E0));
#6033=DIRECTION('',(-1.E0,0.E0,0.E0));
#6034=AXIS2_PLACEMENT_3D('',#6031,#6032,#6033);
#6035=PLANE('',#6034);
#6036=ORIENTED_EDGE('',*,*,#3927,.F.);
#6037=ORIENTED_EDGE('',*,*,#5819,.T.);
#6038=ORIENTED_EDGE('',*,*,#5173,.T.);
#6039=ORIENTED_EDGE('',*,*,#6017,.F.);
#6040=EDGE_LOOP('',(#6036,#6037,#6038,#6039));
#6041=FACE_OUTER_BOUND('',#6040,.F.);
#6043=FILL_AREA_STYLE_COLOUR('',#1);
#6044=FILL_AREA_STYLE('',(#6043));
#6045=SURFACE_STYLE_FILL_AREA(#6044);
#6046=SURFACE_SIDE_STYLE('',(#6045));
#6047=SURFACE_STYLE_USAGE(.POSITIVE.,#6046);
#6048=PRESENTATION_STYLE_ASSIGNMENT((#6047));
#6049=STYLED_ITEM('',(#6048),#6042);
#6050=CARTESIAN_POINT('',(-5.347082383217E-1,-1.6E0,2.486926339407E0));
#6051=CARTESIAN_POINT('',(-5.418590659396E-1,-1.6E0,2.486926339407E0));
#6052=CARTESIAN_POINT('',(-5.626250283446E-1,-1.6E0,2.486926339407E0));
#6053=CARTESIAN_POINT('',(-5.905418183675E-1,-1.6E0,2.486926339407E0));
#6054=CARTESIAN_POINT('',(-6.113077807726E-1,-1.6E0,2.486926339407E0));
#6055=CARTESIAN_POINT('',(-6.184586083905E-1,-1.6E0,2.486926339407E0));
#6057=CURVE_STYLE('',#5694,POSITIVE_LENGTH_MEASURE(2.E-2),#1);
#6058=PRESENTATION_STYLE_ASSIGNMENT((#6057));
#6059=STYLED_ITEM('',(#6058),#6056);
#6060=DIRECTION('',(0.E0,-1.E0,0.E0));
#6061=VECTOR('',#6060,1.E0);
#6062=SURFACE_OF_LINEAR_EXTRUSION('',#6056,#6061);
#6063=ORIENTED_EDGE('',*,*,#4179,.F.);
#6065=ORIENTED_EDGE('',*,*,#6064,.T.);
#6066=ORIENTED_EDGE('',*,*,#5200,.T.);
#6068=ORIENTED_EDGE('',*,*,#6067,.F.);
#6069=EDGE_LOOP('',(#6063,#6065,#6066,#6068));
#6070=FACE_OUTER_BOUND('',#6069,.F.);
#6072=FILL_AREA_STYLE_COLOUR('',#1);
#6073=FILL_AREA_STYLE('',(#6072));
#6074=SURFACE_STYLE_FILL_AREA(#6073);
#6075=SURFACE_SIDE_STYLE('',(#6074));
#6076=SURFACE_STYLE_USAGE(.POSITIVE.,#6075);
#6077=PRESENTATION_STYLE_ASSIGNMENT((#6076));
#6078=STYLED_ITEM('',(#6077),#6071);
#6079=CARTESIAN_POINT('',(-5.970061255370E-1,-1.6E0,2.508378822261E0));
#6080=CARTESIAN_POINT('',(-5.970061255369E-1,-1.6E0,2.501227994643E0));
#6081=CARTESIAN_POINT('',(-5.970061255362E-1,-1.6E0,2.424596208446E0));
#6082=CARTESIAN_POINT('',(-5.970061255355E-1,-1.6E0,2.340813594631E0));
#6083=CARTESIAN_POINT('',(-5.970061255348E-1,-1.6E0,2.264181808434E0));
#6084=CARTESIAN_POINT('',(-5.970061255348E-1,-1.6E0,2.257030980816E0));
#6086=CURVE_STYLE('',#5694,POSITIVE_LENGTH_MEASURE(2.E-2),#1);
#6087=PRESENTATION_STYLE_ASSIGNMENT((#6086));
#6088=STYLED_ITEM('',(#6087),#6085);
#6089=DIRECTION('',(0.E0,-1.E0,0.E0));
#6090=VECTOR('',#6089,1.E0);
#6091=SURFACE_OF_LINEAR_EXTRUSION('',#6085,#6090);
#6092=ORIENTED_EDGE('',*,*,#4185,.F.);
#6094=ORIENTED_EDGE('',*,*,#6093,.T.);
#6095=ORIENTED_EDGE('',*,*,#5202,.T.);
#6096=ORIENTED_EDGE('',*,*,#6064,.F.);
#6097=EDGE_LOOP('',(#6092,#6094,#6095,#6096));
#6098=FACE_OUTER_BOUND('',#6097,.F.);
#6100=FILL_AREA_STYLE_COLOUR('',#1);
#6101=FILL_AREA_STYLE('',(#6100));
#6102=SURFACE_STYLE_FILL_AREA(#6101);
#6103=SURFACE_SIDE_STYLE('',(#6102));
#6104=SURFACE_STYLE_USAGE(.POSITIVE.,#6103);
#6105=PRESENTATION_STYLE_ASSIGNMENT((#6104));
#6106=STYLED_ITEM('',(#6105),#6099);
#6107=CARTESIAN_POINT('',(-6.184586083886E-1,-1.6E0,2.278483463670E0));
#6108=CARTESIAN_POINT('',(-6.113077807707E-1,-1.6E0,2.278483463670E0));
#6109=CARTESIAN_POINT('',(-5.910716797867E-1,-1.6E0,2.278483463670E0));
#6110=CARTESIAN_POINT('',(-5.636847511847E-1,-1.6E0,2.278483463670E0));
#6111=CARTESIAN_POINT('',(-5.434486502006E-1,-1.6E0,2.278483463670E0));
#6112=CARTESIAN_POINT('',(-5.362978225827E-1,-1.6E0,2.278483463670E0));
#6114=CURVE_STYLE('',#5694,POSITIVE_LENGTH_MEASURE(2.E-2),#1);
#6115=PRESENTATION_STYLE_ASSIGNMENT((#6114));
#6116=STYLED_ITEM('',(#6115),#6113);
#6117=DIRECTION('',(0.E0,-1.E0,0.E0));
#6118=VECTOR('',#6117,1.E0);
#6119=SURFACE_OF_LINEAR_EXTRUSION('',#6113,#6118);
#6120=ORIENTED_EDGE('',*,*,#4183,.F.);
#6122=ORIENTED_EDGE('',*,*,#6121,.T.);
#6123=ORIENTED_EDGE('',*,*,#5204,.T.);
#6124=ORIENTED_EDGE('',*,*,#6093,.F.);
#6125=EDGE_LOOP('',(#6120,#6122,#6123,#6124));
#6126=FACE_OUTER_BOUND('',#6125,.F.);
#6128=FILL_AREA_STYLE_COLOUR('',#1);
#6129=FILL_AREA_STYLE('',(#6128));
#6130=SURFACE_STYLE_FILL_AREA(#6129);
#6131=SURFACE_SIDE_STYLE('',(#6130));
#6132=SURFACE_STYLE_USAGE(.POSITIVE.,#6131);
#6133=PRESENTATION_STYLE_ASSIGNMENT((#6132));
#6134=STYLED_ITEM('',(#6133),#6127);
#6135=CARTESIAN_POINT('',(-5.687145963385E-1,-1.6E0,2.278925286727E0));
#6136=CARTESIAN_POINT('',(-5.651366646498E-1,-1.6E0,2.278632375449E0));
#6137=CARTESIAN_POINT('',(-5.334986180943E-1,-1.6E0,2.277347106039E0));
#6138=CARTESIAN_POINT('',(-4.666614632904E-1,-1.6E0,2.295684957173E0));
#6139=CARTESIAN_POINT('',(-4.391907599166E-1,-1.6E0,2.384577453099E0));
#6140=CARTESIAN_POINT('',(-4.676225043531E-1,-1.6E0,2.472505994084E0));
#6141=CARTESIAN_POINT('',(-5.328478799003E-1,-1.6E0,2.487879314606E0));
#6142=CARTESIAN_POINT('',(-5.633197718999E-1,-1.6E0,2.486800643822E0));
#6143=CARTESIAN_POINT('',(-5.667812508037E-1,-1.6E0,2.486557876112E0));
#6145=CURVE_STYLE('',#5694,POSITIVE_LENGTH_MEASURE(2.E-2),#1);
#6146=PRESENTATION_STYLE_ASSIGNMENT((#6145));
#6147=STYLED_ITEM('',(#6146),#6144);
#6148=DIRECTION('',(0.E0,-1.E0,0.E0));
#6149=VECTOR('',#6148,1.E0);
#6150=SURFACE_OF_LINEAR_EXTRUSION('',#6144,#6149);
#6151=ORIENTED_EDGE('',*,*,#4181,.T.);
#6152=ORIENTED_EDGE('',*,*,#6067,.T.);
#6153=ORIENTED_EDGE('',*,*,#5206,.T.);
#6154=ORIENTED_EDGE('',*,*,#6121,.F.);
#6155=EDGE_LOOP('',(#6151,#6152,#6153,#6154));
#6156=FACE_OUTER_BOUND('',#6155,.F.);
#6158=FILL_AREA_STYLE_COLOUR('',#1);
#6159=FILL_AREA_STYLE('',(#6158));
#6160=SURFACE_STYLE_FILL_AREA(#6159);
#6161=SURFACE_SIDE_STYLE('',(#6160));
#6162=SURFACE_STYLE_USAGE(.POSITIVE.,#6161);
#6163=PRESENTATION_STYLE_ASSIGNMENT((#6162));
#6164=STYLED_ITEM('',(#6163),#6157);
#6165=CARTESIAN_POINT('',(-5.360904855043E-1,-1.6E0,2.247659351408E0));
#6166=CARTESIAN_POINT('',(-5.432413131222E-1,-1.6E0,2.247659351408E0));
#6167=CARTESIAN_POINT('',(-5.751804402864E-1,-1.6E0,2.247659351408E0));
#6168=CARTESIAN_POINT('',(-6.142703950685E-1,-1.6E0,2.247659351408E0));
#6169=CARTESIAN_POINT('',(-6.462095222328E-1,-1.6E0,2.247659351408E0));
#6170=CARTESIAN_POINT('',(-6.533603498506E-1,-1.6E0,2.247659351408E0));
#6172=CURVE_STYLE('',#5694,POSITIVE_LENGTH_MEASURE(2.E-2),#1);
#6173=PRESENTATION_STYLE_ASSIGNMENT((#6172));
#6174=STYLED_ITEM('',(#6173),#6171);
#6175=DIRECTION('',(0.E0,-1.E0,0.E0));
#6176=VECTOR('',#6175,1.E0);
#6177=SURFACE_OF_LINEAR_EXTRUSION('',#6171,#6176);
#6178=ORIENTED_EDGE('',*,*,#3951,.F.);
#6180=ORIENTED_EDGE('',*,*,#6179,.T.);
#6181=ORIENTED_EDGE('',*,*,#5190,.T.);
#6183=ORIENTED_EDGE('',*,*,#6182,.F.);
#6184=EDGE_LOOP('',(#6178,#6180,#6181,#6183));
#6185=FACE_OUTER_BOUND('',#6184,.F.);
#6187=FILL_AREA_STYLE_COLOUR('',#1);
#6188=FILL_AREA_STYLE('',(#6187));
#6189=SURFACE_STYLE_FILL_AREA(#6188);
#6190=SURFACE_SIDE_STYLE('',(#6189));
#6191=SURFACE_STYLE_USAGE(.POSITIVE.,#6190);
#6192=PRESENTATION_STYLE_ASSIGNMENT((#6191));
#6193=STYLED_ITEM('',(#6192),#6186);
#6194=CARTESIAN_POINT('',(-6.319078669968E-1,-1.6E0,2.226206868555E0));
#6195=CARTESIAN_POINT('',(-6.319078669969E-1,-1.6E0,2.233357696172E0));
#6196=CARTESIAN_POINT('',(-6.319078669975E-1,-1.6E0,2.330631040356E0));
#6197=CARTESIAN_POINT('',(-6.319078669982E-1,-1.6E0,2.435055212157E0));
#6198=CARTESIAN_POINT('',(-6.319078669989E-1,-1.6E0,2.532328556340E0));
#6199=CARTESIAN_POINT('',(-6.319078669989E-1,-1.6E0,2.539479383958E0));
#6201=CURVE_STYLE('',#5694,POSITIVE_LENGTH_MEASURE(2.E-2),#1);
#6202=PRESENTATION_STYLE_ASSIGNMENT((#6201));
#6203=STYLED_ITEM('',(#6202),#6200);
#6204=DIRECTION('',(0.E0,-1.E0,0.E0));
#6205=VECTOR('',#6204,1.E0);
#6206=SURFACE_OF_LINEAR_EXTRUSION('',#6200,#6205);
#6207=ORIENTED_EDGE('',*,*,#3957,.F.);
#6209=ORIENTED_EDGE('',*,*,#6208,.T.);
#6210=ORIENTED_EDGE('',*,*,#5192,.T.);
#6211=ORIENTED_EDGE('',*,*,#6179,.F.);
#6212=EDGE_LOOP('',(#6207,#6209,#6210,#6211));
#6213=FACE_OUTER_BOUND('',#6212,.F.);
#6215=FILL_AREA_STYLE_COLOUR('',#1);
#6216=FILL_AREA_STYLE('',(#6215));
#6217=SURFACE_STYLE_FILL_AREA(#6216);
#6218=SURFACE_SIDE_STYLE('',(#6217));
#6219=SURFACE_STYLE_USAGE(.POSITIVE.,#6218);
#6220=PRESENTATION_STYLE_ASSIGNMENT((#6219));
#6221=STYLED_ITEM('',(#6220),#6214);
#6222=CARTESIAN_POINT('',(-6.533603498525E-1,-1.6E0,2.518026901104E0));
#6223=CARTESIAN_POINT('',(-6.462095222346E-1,-1.6E0,2.518026901104E0));
#6224=CARTESIAN_POINT('',(-6.133488969458E-1,-1.6E0,2.518026901104E0));
#6225=CARTESIAN_POINT('',(-5.733374440392E-1,-1.6E0,2.518026901104E0));
#6226=CARTESIAN_POINT('',(-5.404768187505E-1,-1.6E0,2.518026901104E0));
#6227=CARTESIAN_POINT('',(-5.333259911326E-1,-1.6E0,2.518026901104E0));
#6229=CURVE_STYLE('',#5694,POSITIVE_LENGTH_MEASURE(2.E-2),#1);
#6230=PRESENTATION_STYLE_ASSIGNMENT((#6229));
#6231=STYLED_ITEM('',(#6230),#6228);
#6232=DIRECTION('',(0.E0,-1.E0,0.E0));
#6233=VECTOR('',#6232,1.E0);
#6234=SURFACE_OF_LINEAR_EXTRUSION('',#6228,#6233);
#6235=ORIENTED_EDGE('',*,*,#3955,.F.);
#6237=ORIENTED_EDGE('',*,*,#6236,.T.);
#6238=ORIENTED_EDGE('',*,*,#5194,.T.);
#6239=ORIENTED_EDGE('',*,*,#6208,.F.);
#6240=EDGE_LOOP('',(#6235,#6237,#6238,#6239));
#6241=FACE_OUTER_BOUND('',#6240,.F.);
#6243=FILL_AREA_STYLE_COLOUR('',#1);
#6244=FILL_AREA_STYLE('',(#6243));
#6245=SURFACE_STYLE_FILL_AREA(#6244);
#6246=SURFACE_SIDE_STYLE('',(#6245));
#6247=SURFACE_STYLE_USAGE(.POSITIVE.,#6246);
#6248=PRESENTATION_STYLE_ASSIGNMENT((#6247));
#6249=STYLED_ITEM('',(#6248),#6242);
#6250=CARTESIAN_POINT('',(-5.657597248866E-1,-1.6E0,2.517676088844E0));
#6251=CARTESIAN_POINT('',(-5.621434292606E-1,-1.6E0,2.517909188627E0));
#6252=CARTESIAN_POINT('',(-5.226977552657E-1,-1.6E0,2.519175766058E0));
#6253=CARTESIAN_POINT('',(-4.416623862585E-1,-1.6E0,2.496022640724E0));
#6254=CARTESIAN_POINT('',(-3.972836093744E-1,-1.6E0,2.384914956983E0));
#6255=CARTESIAN_POINT('',(-4.407604146854E-1,-1.6E0,2.271636833504E0));
#6256=CARTESIAN_POINT('',(-5.242819921610E-1,-1.6E0,2.246472088303E0));
#6257=CARTESIAN_POINT('',(-5.647857048608E-1,-1.6E0,2.247775399773E0));
#6258=CARTESIAN_POINT('',(-5.683475551284E-1,-1.6E0,2.248006157591E0));
#6260=CURVE_STYLE('',#5694,POSITIVE_LENGTH_MEASURE(2.E-2),#1);
#6261=PRESENTATION_STYLE_ASSIGNMENT((#6260));
#6262=STYLED_ITEM('',(#6261),#6259);
#6263=DIRECTION('',(0.E0,-1.E0,0.E0));
#6264=VECTOR('',#6263,1.E0);
#6265=SURFACE_OF_LINEAR_EXTRUSION('',#6259,#6264);
#6266=ORIENTED_EDGE('',*,*,#3953,.T.);
#6267=ORIENTED_EDGE('',*,*,#6182,.T.);
#6268=ORIENTED_EDGE('',*,*,#5196,.T.);
#6269=ORIENTED_EDGE('',*,*,#6236,.F.);
#6270=EDGE_LOOP('',(#6266,#6267,#6268,#6269));
#6271=FACE_OUTER_BOUND('',#6270,.F.);
#6273=FILL_AREA_STYLE_COLOUR('',#1);
#6274=FILL_AREA_STYLE('',(#6273));
#6275=SURFACE_STYLE_FILL_AREA(#6274);
#6276=SURFACE_SIDE_STYLE('',(#6275));
#6277=SURFACE_STYLE_USAGE(.POSITIVE.,#6276);
#6278=PRESENTATION_STYLE_ASSIGNMENT((#6277));
#6279=STYLED_ITEM('',(#6278),#6272);
#6280=CARTESIAN_POINT('',(-2.711492494435E-1,-1.6E0,2.464166536889E0));
#6281=CARTESIAN_POINT('',(-2.711930065321E-1,-1.6E0,2.464288892220E0));
#6282=CARTESIAN_POINT('',(-2.734084917473E-1,-1.6E0,2.470534696414E0));
#6283=CARTESIAN_POINT('',(-2.748392272431E-1,-1.6E0,2.477192738272E0));
#6284=CARTESIAN_POINT('',(-2.759390564027E-1,-1.6E0,2.483726963961E0));
#6285=CARTESIAN_POINT('',(-2.759605089488E-1,-1.6E0,2.483855085505E0));
#6287=CURVE_STYLE('',#5694,POSITIVE_LENGTH_MEASURE(2.E-2),#1);
#6288=PRESENTATION_STYLE_ASSIGNMENT((#6287));
#6289=STYLED_ITEM('',(#6288),#6286);
#6290=DIRECTION('',(0.E0,-1.E0,0.E0));
#6291=VECTOR('',#6290,1.E0);
#6292=SURFACE_OF_LINEAR_EXTRUSION('',#6286,#6291);
#6293=ORIENTED_EDGE('',*,*,#4202,.T.);
#6295=ORIENTED_EDGE('',*,*,#6294,.T.);
#6296=ORIENTED_EDGE('',*,*,#5241,.T.);
#6298=ORIENTED_EDGE('',*,*,#6297,.F.);
#6299=EDGE_LOOP('',(#6293,#6295,#6296,#6298));
#6300=FACE_OUTER_BOUND('',#6299,.F.);
#6302=FILL_AREA_STYLE_COLOUR('',#1);
#6303=FILL_AREA_STYLE('',(#6302));
#6304=SURFACE_STYLE_FILL_AREA(#6303);
#6305=SURFACE_SIDE_STYLE('',(#6304));
#6306=SURFACE_STYLE_USAGE(.POSITIVE.,#6305);
#6307=PRESENTATION_STYLE_ASSIGNMENT((#6306));
#6308=STYLED_ITEM('',(#6307),#6301);
#6309=CARTESIAN_POINT('',(-2.758342456028E-1,-1.6E0,2.483856755631E0));
#6310=CARTESIAN_POINT('',(-2.758545712559E-1,-1.6E0,2.483728066552E0));
#6311=CARTESIAN_POINT('',(-2.769011161132E-1,-1.6E0,2.477165448632E0));
#6312=CARTESIAN_POINT('',(-2.784905520057E-1,-1.6E0,2.470507180199E0));
#6313=CARTESIAN_POINT('',(-2.808397924493E-1,-1.6E0,2.464290003786E0));
#6314=CARTESIAN_POINT('',(-2.808861619972E-1,-1.6E0,2.464168220881E0));
#6316=CURVE_STYLE('',#5694,POSITIVE_LENGTH_MEASURE(2.E-2),#1);
#6317=PRESENTATION_STYLE_ASSIGNMENT((#6316));
#6318=STYLED_ITEM('',(#6317),#6315);
#6319=DIRECTION('',(0.E0,-1.E0,0.E0));
#6320=VECTOR('',#6319,1.E0);
#6321=SURFACE_OF_LINEAR_EXTRUSION('',#6315,#6320);
#6322=ORIENTED_EDGE('',*,*,#4210,.T.);
#6324=ORIENTED_EDGE('',*,*,#6323,.T.);
#6325=ORIENTED_EDGE('',*,*,#5243,.T.);
#6326=ORIENTED_EDGE('',*,*,#6294,.F.);
#6327=EDGE_LOOP('',(#6322,#6324,#6325,#6326));
#6328=FACE_OUTER_BOUND('',#6327,.F.);
#6330=FILL_AREA_STYLE_COLOUR('',#1);
#6331=FILL_AREA_STYLE('',(#6330));
#6332=SURFACE_STYLE_FILL_AREA(#6331);
#6333=SURFACE_SIDE_STYLE('',(#6332));
#6334=SURFACE_STYLE_USAGE(.POSITIVE.,#6333);
#6335=PRESENTATION_STYLE_ASSIGNMENT((#6334));
#6336=STYLED_ITEM('',(#6335),#6329);
#6337=CARTESIAN_POINT('',(-2.734855522258E-1,-1.6E0,2.484719729979E0));
#6338=CARTESIAN_POINT('',(-2.759063578988E-1,-1.6E0,2.477991131647E0));
#6339=CARTESIAN_POINT('',(-2.918040736413E-1,-1.6E0,2.433803634559E0));
#6340=CARTESIAN_POINT('',(-3.101225950568E-1,-1.6E0,2.382887539138E0));
#6341=CARTESIAN_POINT('',(-3.260203107993E-1,-1.6E0,2.338700042050E0));
#6342=CARTESIAN_POINT('',(-3.284411164723E-1,-1.6E0,2.331971443718E0));
#6344=CURVE_STYLE('',#5694,POSITIVE_LENGTH_MEASURE(2.E-2),#1);
#6345=PRESENTATION_STYLE_ASSIGNMENT((#6344));
#6346=STYLED_ITEM('',(#6345),#6343);
#6347=DIRECTION('',(0.E0,-1.E0,0.E0));
#6348=VECTOR('',#6347,1.E0);
#6349=SURFACE_OF_LINEAR_EXTRUSION('',#6343,#6348);
#6350=ORIENTED_EDGE('',*,*,#4208,.F.);
#6352=ORIENTED_EDGE('',*,*,#6351,.T.);
#6353=ORIENTED_EDGE('',*,*,#5245,.T.);
#6354=ORIENTED_EDGE('',*,*,#6323,.F.);
#6355=EDGE_LOOP('',(#6350,#6352,#6353,#6354));
#6356=FACE_OUTER_BOUND('',#6355,.F.);
#6358=FILL_AREA_STYLE_COLOUR('',#1);
#6359=FILL_AREA_STYLE('',(#6358));
#6360=SURFACE_STYLE_FILL_AREA(#6359);
#6361=SURFACE_SIDE_STYLE('',(#6360));
#6362=SURFACE_STYLE_USAGE(.POSITIVE.,#6361);
#6363=PRESENTATION_STYLE_ASSIGNMENT((#6362));
#6364=STYLED_ITEM('',(#6363),#6357);
#6365=CARTESIAN_POINT('',(-3.426311823069E-1,-1.6E0,2.352157238714E0));
#6366=CARTESIAN_POINT('',(-3.354803546890E-1,-1.6E0,2.352157238714E0));
#6367=CARTESIAN_POINT('',(-2.980813511377E-1,-1.6E0,2.352157238714E0));
#6368=CARTESIAN_POINT('',(-2.535315199684E-1,-1.6E0,2.352157238714E0));
#6369=CARTESIAN_POINT('',(-2.161325164171E-1,-1.6E0,2.352157238714E0));
#6370=CARTESIAN_POINT('',(-2.089816887992E-1,-1.6E0,2.352157238714E0));
#6372=CURVE_STYLE('',#5694,POSITIVE_LENGTH_MEASURE(2.E-2),#1);
#6373=PRESENTATION_STYLE_ASSIGNMENT((#6372));
#6374=STYLED_ITEM('',(#6373),#6371);
#6375=DIRECTION('',(0.E0,-1.E0,0.E0));
#6376=VECTOR('',#6375,1.E0);
#6377=SURFACE_OF_LINEAR_EXTRUSION('',#6371,#6376);
#6378=ORIENTED_EDGE('',*,*,#4206,.F.);
#6380=ORIENTED_EDGE('',*,*,#6379,.T.);
#6381=ORIENTED_EDGE('',*,*,#5247,.T.);
#6382=ORIENTED_EDGE('',*,*,#6351,.F.);
#6383=EDGE_LOOP('',(#6378,#6380,#6381,#6382));
#6384=FACE_OUTER_BOUND('',#6383,.F.);
#6386=FILL_AREA_STYLE_COLOUR('',#1);
#6387=FILL_AREA_STYLE('',(#6386));
#6388=SURFACE_STYLE_FILL_AREA(#6387);
#6389=SURFACE_SIDE_STYLE('',(#6388));
#6390=SURFACE_STYLE_USAGE(.POSITIVE.,#6389);
#6391=PRESENTATION_STYLE_ASSIGNMENT((#6390));
#6392=STYLED_ITEM('',(#6391),#6385);
#6393=CARTESIAN_POINT('',(-2.231059213324E-1,-1.6E0,2.331995250523E0));
#6394=CARTESIAN_POINT('',(-2.255486714392E-1,-1.6E0,2.338715913253E0));
#6395=CARTESIAN_POINT('',(-2.416065563338E-1,-1.6E0,2.382895474740E0));
#6396=CARTESIAN_POINT('',(-2.601071913352E-1,-1.6E0,2.433795698957E0));
#6397=CARTESIAN_POINT('',(-2.761650762298E-1,-1.6E0,2.477975260444E0));
#6398=CARTESIAN_POINT('',(-2.786078263366E-1,-1.6E0,2.484695923174E0));
#6400=CURVE_STYLE('',#5694,POSITIVE_LENGTH_MEASURE(2.E-2),#1);
#6401=PRESENTATION_STYLE_ASSIGNMENT((#6400));
#6402=STYLED_ITEM('',(#6401),#6399);
#6403=DIRECTION('',(0.E0,-1.E0,0.E0));
#6404=VECTOR('',#6403,1.E0);
#6405=SURFACE_OF_LINEAR_EXTRUSION('',#6399,#6404);
#6406=ORIENTED_EDGE('',*,*,#4204,.F.);
#6407=ORIENTED_EDGE('',*,*,#6297,.T.);
#6408=ORIENTED_EDGE('',*,*,#5249,.T.);
#6409=ORIENTED_EDGE('',*,*,#6379,.F.);
#6410=EDGE_LOOP('',(#6406,#6407,#6408,#6409));
#6411=FACE_OUTER_BOUND('',#6410,.F.);
#6413=FILL_AREA_STYLE_COLOUR('',#1);
#6414=FILL_AREA_STYLE('',(#6413));
#6415=SURFACE_STYLE_FILL_AREA(#6414);
#6416=SURFACE_SIDE_STYLE('',(#6415));
#6417=SURFACE_STYLE_USAGE(.POSITIVE.,#6416);
#6418=PRESENTATION_STYLE_ASSIGNMENT((#6417));
#6419=STYLED_ITEM('',(#6418),#6412);
#6420=CARTESIAN_POINT('',(-1.535121157166E-1,-1.6E0,2.247659351408E0));
#6421=DIRECTION('',(9.345104387434E-1,0.E0,3.559357243655E-1));
#6422=DIRECTION('',(-3.559357243655E-1,0.E0,9.345104387434E-1));
#6423=AXIS2_PLACEMENT_3D('',#6420,#6421,#6422);
#6424=PLANE('',#6423);
#6425=ORIENTED_EDGE('',*,*,#3961,.F.);
#6427=ORIENTED_EDGE('',*,*,#6426,.T.);
#6428=ORIENTED_EDGE('',*,*,#5223,.T.);
#6430=ORIENTED_EDGE('',*,*,#6429,.F.);
#6431=EDGE_LOOP('',(#6425,#6427,#6428,#6430));
#6432=FACE_OUTER_BOUND('',#6431,.F.);
#6434=FILL_AREA_STYLE_COLOUR('',#1);
#6435=FILL_AREA_STYLE('',(#6434));
#6436=SURFACE_STYLE_FILL_AREA(#6435);
#6437=SURFACE_SIDE_STYLE('',(#6436));
#6438=SURFACE_STYLE_USAGE(.POSITIVE.,#6437);
#6439=PRESENTATION_STYLE_ASSIGNMENT((#6438));
#6440=STYLED_ITEM('',(#6439),#6433);
#6441=CARTESIAN_POINT('',(-1.920768122210E-1,-1.6E0,2.247659351408E0));
#6442=DIRECTION('',(0.E0,0.E0,-1.E0));
#6443=DIRECTION('',(1.E0,0.E0,0.E0));
#6444=AXIS2_PLACEMENT_3D('',#6441,#6442,#6443);
#6445=PLANE('',#6444);
#6446=ORIENTED_EDGE('',*,*,#3975,.F.);
#6448=ORIENTED_EDGE('',*,*,#6447,.T.);
#6449=ORIENTED_EDGE('',*,*,#5225,.T.);
#6450=ORIENTED_EDGE('',*,*,#6426,.F.);
#6451=EDGE_LOOP('',(#6446,#6448,#6449,#6450));
#6452=FACE_OUTER_BOUND('',#6451,.F.);
#6454=FILL_AREA_STYLE_COLOUR('',#1);
#6455=FILL_AREA_STYLE('',(#6454));
#6456=SURFACE_STYLE_FILL_AREA(#6455);
#6457=SURFACE_SIDE_STYLE('',(#6456));
#6458=SURFACE_STYLE_USAGE(.POSITIVE.,#6457);
#6459=PRESENTATION_STYLE_ASSIGNMENT((#6458));
#6460=STYLED_ITEM('',(#6459),#6453);
#6461=CARTESIAN_POINT('',(-2.196526435961E-1,-1.6E0,2.321609575891E0));
#6462=DIRECTION('',(-9.369753459432E-1,0.E0,-3.493954794995E-1));
#6463=DIRECTION('',(3.493954794995E-1,0.E0,-9.369753459432E-1));
#6464=AXIS2_PLACEMENT_3D('',#6461,#6462,#6463);
#6465=PLANE('',#6464);
#6466=ORIENTED_EDGE('',*,*,#3973,.F.);
#6468=ORIENTED_EDGE('',*,*,#6467,.T.);
#6469=ORIENTED_EDGE('',*,*,#5227,.T.);
#6470=ORIENTED_EDGE('',*,*,#6447,.F.);
#6471=EDGE_LOOP('',(#6466,#6468,#6469,#6470));
#6472=FACE_OUTER_BOUND('',#6471,.F.);
#6474=FILL_AREA_STYLE_COLOUR('',#1);
#6475=FILL_AREA_STYLE('',(#6474));
#6476=SURFACE_STYLE_FILL_AREA(#6475);
#6477=SURFACE_SIDE_STYLE('',(#6476));
#6478=SURFACE_STYLE_USAGE(.POSITIVE.,#6477);
#6479=PRESENTATION_STYLE_ASSIGNMENT((#6478));
#6480=STYLED_ITEM('',(#6479),#6473);
#6481=CARTESIAN_POINT('',(-3.322366769434E-1,-1.6E0,2.321609575891E0));
#6482=DIRECTION('',(0.E0,0.E0,-1.E0));
#6483=DIRECTION('',(1.E0,0.E0,0.E0));
#6484=AXIS2_PLACEMENT_3D('',#6481,#6482,#6483);
#6485=PLANE('',#6484);
#6486=ORIENTED_EDGE('',*,*,#3971,.F.);
#6488=ORIENTED_EDGE('',*,*,#6487,.T.);
#6489=ORIENTED_EDGE('',*,*,#5229,.T.);
#6490=ORIENTED_EDGE('',*,*,#6467,.F.);
#6491=EDGE_LOOP('',(#6486,#6488,#6489,#6490));
#6492=FACE_OUTER_BOUND('',#6491,.F.);
#6494=FILL_AREA_STYLE_COLOUR('',#1);
#6495=FILL_AREA_STYLE('',(#6494));
#6496=SURFACE_STYLE_FILL_AREA(#6495);
#6497=SURFACE_SIDE_STYLE('',(#6496));
#6498=SURFACE_STYLE_USAGE(.POSITIVE.,#6497);
#6499=PRESENTATION_STYLE_ASSIGNMENT((#6498));
#6500=STYLED_ITEM('',(#6499),#6493);
#6501=CARTESIAN_POINT('',(-3.582229240503E-1,-1.6E0,2.247659351408E0));
#6502=DIRECTION('',(9.434452330860E-1,0.E0,-3.315284183405E-1));
#6503=DIRECTION('',(3.315284183405E-1,0.E0,9.434452330860E-1));
#6504=AXIS2_PLACEMENT_3D('',#6501,#6502,#6503);
#6505=PLANE('',#6504);
#6506=ORIENTED_EDGE('',*,*,#3969,.F.);
#6508=ORIENTED_EDGE('',*,*,#6507,.T.);
#6509=ORIENTED_EDGE('',*,*,#5231,.T.);
#6510=ORIENTED_EDGE('',*,*,#6487,.F.);
#6511=EDGE_LOOP('',(#6506,#6508,#6509,#6510));
#6512=FACE_OUTER_BOUND('',#6511,.F.);
#6514=FILL_AREA_STYLE_COLOUR('',#1);
#6515=FILL_AREA_STYLE('',(#6514));
#6516=SURFACE_STYLE_FILL_AREA(#6515);
#6517=SURFACE_SIDE_STYLE('',(#6516));
#6518=SURFACE_STYLE_USAGE(.POSITIVE.,#6517);
#6519=PRESENTATION_STYLE_ASSIGNMENT((#6518));
#6520=STYLED_ITEM('',(#6519),#6513);
#6521=CARTESIAN_POINT('',(-3.967876205547E-1,-1.6E0,2.247659351408E0));
#6522=DIRECTION('',(0.E0,0.E0,-1.E0));
#6523=DIRECTION('',(1.E0,0.E0,0.E0));
#6524=AXIS2_PLACEMENT_3D('',#6521,#6522,#6523);
#6525=PLANE('',#6524);
#6526=ORIENTED_EDGE('',*,*,#3967,.F.);
#6528=ORIENTED_EDGE('',*,*,#6527,.T.);
#6529=ORIENTED_EDGE('',*,*,#5233,.T.);
#6530=ORIENTED_EDGE('',*,*,#6507,.F.);
#6531=EDGE_LOOP('',(#6526,#6528,#6529,#6530));
#6532=FACE_OUTER_BOUND('',#6531,.F.);
#6534=FILL_AREA_STYLE_COLOUR('',#1);
#6535=FILL_AREA_STYLE('',(#6534));
#6536=SURFACE_STYLE_FILL_AREA(#6535);
#6537=SURFACE_SIDE_STYLE('',(#6536));
#6538=SURFACE_STYLE_USAGE(.POSITIVE.,#6537);
#6539=PRESENTATION_STYLE_ASSIGNMENT((#6538));
#6540=STYLED_ITEM('',(#6539),#6533);
#6541=CARTESIAN_POINT('',(-2.938102051541E-1,-1.6E0,2.518026901104E0));
#6542=DIRECTION('',(-9.345104387426E-1,0.E0,3.559357243675E-1));
#6543=DIRECTION('',(-3.559357243675E-1,0.E0,-9.345104387426E-1));
#6544=AXIS2_PLACEMENT_3D('',#6541,#6542,#6543);
#6545=PLANE('',#6544);
#6546=ORIENTED_EDGE('',*,*,#3965,.F.);
#6548=ORIENTED_EDGE('',*,*,#6547,.T.);
#6549=ORIENTED_EDGE('',*,*,#5235,.T.);
#6550=ORIENTED_EDGE('',*,*,#6527,.F.);
#6551=EDGE_LOOP('',(#6546,#6548,#6549,#6550));
#6552=FACE_OUTER_BOUND('',#6551,.F.);
#6554=FILL_AREA_STYLE_COLOUR('',#1);
#6555=FILL_AREA_STYLE('',(#6554));
#6556=SURFACE_STYLE_FILL_AREA(#6555);
#6557=SURFACE_SIDE_STYLE('',(#6556));
#6558=SURFACE_STYLE_USAGE(.POSITIVE.,#6557);
#6559=PRESENTATION_STYLE_ASSIGNMENT((#6558));
#6560=STYLED_ITEM('',(#6559),#6553);
#6561=CARTESIAN_POINT('',(-2.564895311165E-1,-1.6E0,2.518026901104E0));
#6562=DIRECTION('',(0.E0,0.E0,1.E0));
#6563=DIRECTION('',(-1.E0,0.E0,0.E0));
#6564=AXIS2_PLACEMENT_3D('',#6561,#6562,#6563);
#6565=PLANE('',#6564);
#6566=ORIENTED_EDGE('',*,*,#3963,.F.);
#6567=ORIENTED_EDGE('',*,*,#6429,.T.);
#6568=ORIENTED_EDGE('',*,*,#5237,.T.);
#6569=ORIENTED_EDGE('',*,*,#6547,.F.);
#6570=EDGE_LOOP('',(#6566,#6567,#6568,#6569));
#6571=FACE_OUTER_BOUND('',#6570,.F.);
#6573=FILL_AREA_STYLE_COLOUR('',#1);
#6574=FILL_AREA_STYLE('',(#6573));
#6575=SURFACE_STYLE_FILL_AREA(#6574);
#6576=SURFACE_SIDE_STYLE('',(#6575));
#6577=SURFACE_STYLE_USAGE(.POSITIVE.,#6576);
#6578=PRESENTATION_STYLE_ASSIGNMENT((#6577));
#6579=STYLED_ITEM('',(#6578),#6572);
#6580=CARTESIAN_POINT('',(-1.093163753162E0,-1.6E0,1.818748049410E0));
#6581=DIRECTION('',(1.E0,0.E0,0.E0));
#6582=DIRECTION('',(0.E0,0.E0,1.E0));
#6583=AXIS2_PLACEMENT_3D('',#6580,#6581,#6582);
#6584=PLANE('',#6583);
#6585=ORIENTED_EDGE('',*,*,#3979,.F.);
#6587=ORIENTED_EDGE('',*,*,#6586,.T.);
#6588=ORIENTED_EDGE('',*,*,#5266,.T.);
#6590=ORIENTED_EDGE('',*,*,#6589,.F.);
#6591=EDGE_LOOP('',(#6585,#6587,#6588,#6590));
#6592=FACE_OUTER_BOUND('',#6591,.F.);
#6594=FILL_AREA_STYLE_COLOUR('',#1);
#6595=FILL_AREA_STYLE('',(#6594));
#6596=SURFACE_STYLE_FILL_AREA(#6595);
#6597=SURFACE_SIDE_STYLE('',(#6596));
#6598=SURFACE_STYLE_USAGE(.POSITIVE.,#6597);
#6599=PRESENTATION_STYLE_ASSIGNMENT((#6598));
#6600=STYLED_ITEM('',(#6599),#6593);
#6601=CARTESIAN_POINT('',(-1.238576157191E0,-1.6E0,1.818748049410E0));
#6602=DIRECTION('',(0.E0,0.E0,-1.E0));
#6603=DIRECTION('',(1.E0,0.E0,0.E0));
#6604=AXIS2_PLACEMENT_3D('',#6601,#6602,#6603);
#6605=PLANE('',#6604);
#6606=ORIENTED_EDGE('',*,*,#4001,.F.);
#6608=ORIENTED_EDGE('',*,*,#6607,.T.);
#6609=ORIENTED_EDGE('',*,*,#5268,.T.);
#6610=ORIENTED_EDGE('',*,*,#6586,.F.);
#6611=EDGE_LOOP('',(#6606,#6608,#6609,#6610));
#6612=FACE_OUTER_BOUND('',#6611,.F.);
#6614=FILL_AREA_STYLE_COLOUR('',#1);
#6615=FILL_AREA_STYLE('',(#6614));
#6616=SURFACE_STYLE_FILL_AREA(#6615);
#6617=SURFACE_SIDE_STYLE('',(#6616));
#6618=SURFACE_STYLE_USAGE(.POSITIVE.,#6617);
#6619=PRESENTATION_STYLE_ASSIGNMENT((#6618));
#6620=STYLED_ITEM('',(#6619),#6613);
#6621=CARTESIAN_POINT('',(-1.238576157191E0,-1.6E0,2.089115599106E0));
#6622=DIRECTION('',(-1.E0,0.E0,0.E0));
#6623=DIRECTION('',(0.E0,0.E0,-1.E0));
#6624=AXIS2_PLACEMENT_3D('',#6621,#6622,#6623);
#6625=PLANE('',#6624);
#6626=ORIENTED_EDGE('',*,*,#3999,.F.);
#6628=ORIENTED_EDGE('',*,*,#6627,.T.);
#6629=ORIENTED_EDGE('',*,*,#5270,.T.);
#6630=ORIENTED_EDGE('',*,*,#6607,.F.);
#6631=EDGE_LOOP('',(#6626,#6628,#6629,#6630));
#6632=FACE_OUTER_BOUND('',#6631,.F.);
#6634=FILL_AREA_STYLE_COLOUR('',#1);
#6635=FILL_AREA_STYLE('',(#6634));
#6636=SURFACE_STYLE_FILL_AREA(#6635);
#6637=SURFACE_SIDE_STYLE('',(#6636));
#6638=SURFACE_STYLE_USAGE(.POSITIVE.,#6637);
#6639=PRESENTATION_STYLE_ASSIGNMENT((#6638));
#6640=STYLED_ITEM('',(#6639),#6633);
#6641=CARTESIAN_POINT('',(-1.099314753143E0,-1.6E0,2.089115599106E0));
#6642=DIRECTION('',(0.E0,0.E0,1.E0));
#6643=DIRECTION('',(-1.E0,0.E0,0.E0));
#6644=AXIS2_PLACEMENT_3D('',#6641,#6642,#6643);
#6645=PLANE('',#6644);
#6646=ORIENTED_EDGE('',*,*,#3997,.F.);
#6648=ORIENTED_EDGE('',*,*,#6647,.T.);
#6649=ORIENTED_EDGE('',*,*,#5272,.T.);
#6650=ORIENTED_EDGE('',*,*,#6627,.F.);
#6651=EDGE_LOOP('',(#6646,#6648,#6649,#6650));
#6652=FACE_OUTER_BOUND('',#6651,.F.);
#6654=FILL_AREA_STYLE_COLOUR('',#1);
#6655=FILL_AREA_STYLE('',(#6654));
#6656=SURFACE_STYLE_FILL_AREA(#6655);
#6657=SURFACE_SIDE_STYLE('',(#6656));
#6658=SURFACE_STYLE_USAGE(.POSITIVE.,#6657);
#6659=PRESENTATION_STYLE_ASSIGNMENT((#6658));
#6660=STYLED_ITEM('',(#6659),#6653);
#6661=CARTESIAN_POINT('',(-1.099314753143E0,-1.6E0,2.058015037409E0));
#6662=DIRECTION('',(1.E0,0.E0,0.E0));
#6663=DIRECTION('',(0.E0,0.E0,1.E0));
#6664=AXIS2_PLACEMENT_3D('',#6661,#6662,#6663);
#6665=PLANE('',#6664);
#6666=ORIENTED_EDGE('',*,*,#3995,.F.);
#6668=ORIENTED_EDGE('',*,*,#6667,.T.);
#6669=ORIENTED_EDGE('',*,*,#5274,.T.);
#6670=ORIENTED_EDGE('',*,*,#6647,.F.);
#6671=EDGE_LOOP('',(#6666,#6668,#6669,#6670));
#6672=FACE_OUTER_BOUND('',#6671,.F.);
#6674=FILL_AREA_STYLE_COLOUR('',#1);
#6675=FILL_AREA_STYLE('',(#6674));
#6676=SURFACE_STYLE_FILL_AREA(#6675);
#6677=SURFACE_SIDE_STYLE('',(#6676));
#6678=SURFACE_STYLE_USAGE(.POSITIVE.,#6677);
#6679=PRESENTATION_STYLE_ASSIGNMENT((#6678));
#6680=STYLED_ITEM('',(#6679),#6673);
#6681=CARTESIAN_POINT('',(-1.203674415730E0,-1.6E0,2.058015037409E0));
#6682=DIRECTION('',(0.E0,0.E0,-1.E0));
#6683=DIRECTION('',(1.E0,0.E0,0.E0));
#6684=AXIS2_PLACEMENT_3D('',#6681,#6682,#6683);
#6685=PLANE('',#6684);
#6686=ORIENTED_EDGE('',*,*,#3993,.F.);
#6688=ORIENTED_EDGE('',*,*,#6687,.T.);
#6689=ORIENTED_EDGE('',*,*,#5276,.T.);
#6690=ORIENTED_EDGE('',*,*,#6667,.F.);
#6691=EDGE_LOOP('',(#6686,#6688,#6689,#6690));
#6692=FACE_OUTER_BOUND('',#6691,.F.);
#6694=FILL_AREA_STYLE_COLOUR('',#1);
#6695=FILL_AREA_STYLE('',(#6694));
#6696=SURFACE_STYLE_FILL_AREA(#6695);
#6697=SURFACE_SIDE_STYLE('',(#6696));
#6698=SURFACE_STYLE_USAGE(.POSITIVE.,#6697);
#6699=PRESENTATION_STYLE_ASSIGNMENT((#6698));
#6700=STYLED_ITEM('',(#6699),#6693);
#6701=CARTESIAN_POINT('',(-1.203674415730E0,-1.6E0,1.971486363528E0));
#6702=DIRECTION('',(1.E0,0.E0,0.E0));
#6703=DIRECTION('',(0.E0,0.E0,1.E0));
#6704=AXIS2_PLACEMENT_3D('',#6701,#6702,#6703);
#6705=PLANE('',#6704);
#6706=ORIENTED_EDGE('',*,*,#3991,.F.);
#6708=ORIENTED_EDGE('',*,*,#6707,.T.);
#6709=ORIENTED_EDGE('',*,*,#5278,.T.);
#6710=ORIENTED_EDGE('',*,*,#6687,.F.);
#6711=EDGE_LOOP('',(#6706,#6708,#6709,#6710));
#6712=FACE_OUTER_BOUND('',#6711,.F.);
#6714=FILL_AREA_STYLE_COLOUR('',#1);
#6715=FILL_AREA_STYLE('',(#6714));
#6716=SURFACE_STYLE_FILL_AREA(#6715);
#6717=SURFACE_SIDE_STYLE('',(#6716));
#6718=SURFACE_STYLE_USAGE(.POSITIVE.,#6717);
#6719=PRESENTATION_STYLE_ASSIGNMENT((#6718));
#6720=STYLED_ITEM('',(#6719),#6713);
#6721=CARTESIAN_POINT('',(-1.106986225029E0,-1.6E0,1.971486363528E0));
#6722=DIRECTION('',(0.E0,0.E0,1.E0));
#6723=DIRECTION('',(-1.E0,0.E0,0.E0));
#6724=AXIS2_PLACEMENT_3D('',#6721,#6722,#6723);
#6725=PLANE('',#6724);
#6726=ORIENTED_EDGE('',*,*,#3989,.F.);
#6728=ORIENTED_EDGE('',*,*,#6727,.T.);
#6729=ORIENTED_EDGE('',*,*,#5280,.T.);
#6730=ORIENTED_EDGE('',*,*,#6707,.F.);
#6731=EDGE_LOOP('',(#6726,#6728,#6729,#6730));
#6732=FACE_OUTER_BOUND('',#6731,.F.);
#6734=FILL_AREA_STYLE_COLOUR('',#1);
#6735=FILL_AREA_STYLE('',(#6734));
#6736=SURFACE_STYLE_FILL_AREA(#6735);
#6737=SURFACE_SIDE_STYLE('',(#6736));
#6738=SURFACE_STYLE_USAGE(.POSITIVE.,#6737);
#6739=PRESENTATION_STYLE_ASSIGNMENT((#6738));
#6740=STYLED_ITEM('',(#6739),#6733);
#6741=CARTESIAN_POINT('',(-1.106986225029E0,-1.6E0,1.940524026548E0));
#6742=DIRECTION('',(1.E0,0.E0,0.E0));
#6743=DIRECTION('',(0.E0,0.E0,1.E0));
#6744=AXIS2_PLACEMENT_3D('',#6741,#6742,#6743);
#6745=PLANE('',#6744);
#6746=ORIENTED_EDGE('',*,*,#3987,.F.);
#6748=ORIENTED_EDGE('',*,*,#6747,.T.);
#6749=ORIENTED_EDGE('',*,*,#5282,.T.);
#6750=ORIENTED_EDGE('',*,*,#6727,.F.);
#6751=EDGE_LOOP('',(#6746,#6748,#6749,#6750));
#6752=FACE_OUTER_BOUND('',#6751,.F.);
#6754=FILL_AREA_STYLE_COLOUR('',#1);
#6755=FILL_AREA_STYLE('',(#6754));
#6756=SURFACE_STYLE_FILL_AREA(#6755);
#6757=SURFACE_SIDE_STYLE('',(#6756));
#6758=SURFACE_STYLE_USAGE(.POSITIVE.,#6757);
#6759=PRESENTATION_STYLE_ASSIGNMENT((#6758));
#6760=STYLED_ITEM('',(#6759),#6753);
#6761=CARTESIAN_POINT('',(-1.203674415730E0,-1.6E0,1.940524026548E0));
#6762=DIRECTION('',(0.E0,0.E0,-1.E0));
#6763=DIRECTION('',(1.E0,0.E0,0.E0));
#6764=AXIS2_PLACEMENT_3D('',#6761,#6762,#6763);
#6765=PLANE('',#6764);
#6766=ORIENTED_EDGE('',*,*,#3985,.F.);
#6768=ORIENTED_EDGE('',*,*,#6767,.T.);
#6769=ORIENTED_EDGE('',*,*,#5284,.T.);
#6770=ORIENTED_EDGE('',*,*,#6747,.F.);
#6771=EDGE_LOOP('',(#6766,#6768,#6769,#6770));
#6772=FACE_OUTER_BOUND('',#6771,.F.);
#6774=FILL_AREA_STYLE_COLOUR('',#1);
#6775=FILL_AREA_STYLE('',(#6774));
#6776=SURFACE_STYLE_FILL_AREA(#6775);
#6777=SURFACE_SIDE_STYLE('',(#6776));
#6778=SURFACE_STYLE_USAGE(.POSITIVE.,#6777);
#6779=PRESENTATION_STYLE_ASSIGNMENT((#6778));
#6780=STYLED_ITEM('',(#6779),#6773);
#6781=CARTESIAN_POINT('',(-1.203674415730E0,-1.6E0,1.849572161672E0));
#6782=DIRECTION('',(1.E0,0.E0,0.E0));
#6783=DIRECTION('',(0.E0,0.E0,1.E0));
#6784=AXIS2_PLACEMENT_3D('',#6781,#6782,#6783);
#6785=PLANE('',#6784);
#6786=ORIENTED_EDGE('',*,*,#3983,.F.);
#6788=ORIENTED_EDGE('',*,*,#6787,.T.);
#6789=ORIENTED_EDGE('',*,*,#5286,.T.);
#6790=ORIENTED_EDGE('',*,*,#6767,.F.);
#6791=EDGE_LOOP('',(#6786,#6788,#6789,#6790));
#6792=FACE_OUTER_BOUND('',#6791,.F.);
#6794=FILL_AREA_STYLE_COLOUR('',#1);
#6795=FILL_AREA_STYLE('',(#6794));
#6796=SURFACE_STYLE_FILL_AREA(#6795);
#6797=SURFACE_SIDE_STYLE('',(#6796));
#6798=SURFACE_STYLE_USAGE(.POSITIVE.,#6797);
#6799=PRESENTATION_STYLE_ASSIGNMENT((#6798));
#6800=STYLED_ITEM('',(#6799),#6793);
#6801=CARTESIAN_POINT('',(-1.093163753162E0,-1.6E0,1.849572161672E0));
#6802=DIRECTION('',(0.E0,0.E0,1.E0));
#6803=DIRECTION('',(-1.E0,0.E0,0.E0));
#6804=AXIS2_PLACEMENT_3D('',#6801,#6802,#6803);
#6805=PLANE('',#6804);
#6806=ORIENTED_EDGE('',*,*,#3981,.F.);
#6807=ORIENTED_EDGE('',*,*,#6589,.T.);
#6808=ORIENTED_EDGE('',*,*,#5288,.T.);
#6809=ORIENTED_EDGE('',*,*,#6787,.F.);
#6810=EDGE_LOOP('',(#6806,#6807,#6808,#6809));
#6811=FACE_OUTER_BOUND('',#6810,.F.);
#6813=FILL_AREA_STYLE_COLOUR('',#1);
#6814=FILL_AREA_STYLE('',(#6813));
#6815=SURFACE_STYLE_FILL_AREA(#6814);
#6816=SURFACE_SIDE_STYLE('',(#6815));
#6817=SURFACE_STYLE_USAGE(.POSITIVE.,#6816);
#6818=PRESENTATION_STYLE_ASSIGNMENT((#6817));
#6819=STYLED_ITEM('',(#6818),#6812);
#6820=CARTESIAN_POINT('',(-9.181969888791E-1,-1.6E0,1.918504367998E0));
#6821=CARTESIAN_POINT('',(-9.252839479241E-1,-1.6E0,1.917550771062E0));
#6822=CARTESIAN_POINT('',(-9.474374013026E-1,-1.6E0,1.914569878252E0));
#6823=CARTESIAN_POINT('',(-9.766778137261E-1,-1.6E0,1.910635388507E0));
#6824=CARTESIAN_POINT('',(-9.988312671046E-1,-1.6E0,1.907654495697E0));
#6825=CARTESIAN_POINT('',(-1.005918226150E0,-1.6E0,1.906700898761E0));
#6827=CURVE_STYLE('',#5694,POSITIVE_LENGTH_MEASURE(2.E-2),#1);
#6828=PRESENTATION_STYLE_ASSIGNMENT((#6827));
#6829=STYLED_ITEM('',(#6828),#6826);
#6830=DIRECTION('',(0.E0,-1.E0,0.E0));
#6831=VECTOR('',#6830,1.E0);
#6832=SURFACE_OF_LINEAR_EXTRUSION('',#6826,#6831);
#6833=ORIENTED_EDGE('',*,*,#4227,.F.);
#6835=ORIENTED_EDGE('',*,*,#6834,.T.);
#6836=ORIENTED_EDGE('',*,*,#5323,.T.);
#6838=ORIENTED_EDGE('',*,*,#6837,.F.);
#6839=EDGE_LOOP('',(#6833,#6835,#6836,#6838));
#6840=FACE_OUTER_BOUND('',#6839,.F.);
#6842=FILL_AREA_STYLE_COLOUR('',#1);
#6843=FILL_AREA_STYLE('',(#6842));
#6844=SURFACE_STYLE_FILL_AREA(#6843);
#6845=SURFACE_SIDE_STYLE('',(#6844));
#6846=SURFACE_STYLE_USAGE(.POSITIVE.,#6845);
#6847=PRESENTATION_STYLE_ASSIGNMENT((#6846));
#6848=STYLED_ITEM('',(#6847),#6841);
#6849=CARTESIAN_POINT('',(-9.740051366763E-1,-1.6E0,1.911153487439E0));
#6850=CARTESIAN_POINT('',(-9.772146499307E-1,-1.6E0,1.910561040302E0));
#6851=CARTESIAN_POINT('',(-9.918085009056E-1,-1.6E0,1.908685192397E0));
#6852=CARTESIAN_POINT('',(-1.019132395049E0,-1.6E0,1.904096339409E0));
#6853=CARTESIAN_POINT('',(-1.029807288847E0,-1.6E0,1.873532626973E0));
#6854=CARTESIAN_POINT('',(-1.018674198979E0,-1.6E0,1.846884717087E0));
#6855=CARTESIAN_POINT('',(-9.860493184764E-1,-1.6E0,1.838099825405E0));
#6856=CARTESIAN_POINT('',(-9.489172108909E-1,-1.6E0,1.853861477717E0));
#6857=CARTESIAN_POINT('',(-9.382132670126E-1,-1.6E0,1.886977882237E0));
#6858=CARTESIAN_POINT('',(-9.397776537313E-1,-1.6E0,1.904247305010E0));
#6859=CARTESIAN_POINT('',(-9.404175373754E-1,-1.6E0,1.907617572479E0));
#6861=CURVE_STYLE('',#5694,POSITIVE_LENGTH_MEASURE(2.E-2),#1);
#6862=PRESENTATION_STYLE_ASSIGNMENT((#6861));
#6863=STYLED_ITEM('',(#6862),#6860);
#6864=DIRECTION('',(0.E0,-1.E0,0.E0));
#6865=VECTOR('',#6864,1.E0);
#6866=SURFACE_OF_LINEAR_EXTRUSION('',#6860,#6865);
#6867=ORIENTED_EDGE('',*,*,#4231,.T.);
#6869=ORIENTED_EDGE('',*,*,#6868,.T.);
#6870=ORIENTED_EDGE('',*,*,#5325,.T.);
#6871=ORIENTED_EDGE('',*,*,#6834,.F.);
#6872=EDGE_LOOP('',(#6867,#6869,#6870,#6871));
#6873=FACE_OUTER_BOUND('',#6872,.F.);
#6875=FILL_AREA_STYLE_COLOUR('',#1);
#6876=FILL_AREA_STYLE('',(#6875));
#6877=SURFACE_STYLE_FILL_AREA(#6876);
#6878=SURFACE_SIDE_STYLE('',(#6877));
#6879=SURFACE_STYLE_USAGE(.POSITIVE.,#6878);
#6880=PRESENTATION_STYLE_ASSIGNMENT((#6879));
#6881=STYLED_ITEM('',(#6880),#6874);
#6882=CARTESIAN_POINT('',(-9.394578660140E-1,-1.6E0,1.896751022644E0));
#6883=CARTESIAN_POINT('',(-9.394578660140E-1,-1.6E0,1.896874503392E0));
#6884=CARTESIAN_POINT('',(-9.394578660140E-1,-1.6E0,1.903172021574E0));
#6885=CARTESIAN_POINT('',(-9.394578660140E-1,-1.6E0,1.909593020505E0));
#6886=CARTESIAN_POINT('',(-9.394578660140E-1,-1.6E0,1.915890538688E0));
#6887=CARTESIAN_POINT('',(-9.394578660140E-1,-1.6E0,1.916014019436E0));
#6889=CURVE_STYLE('',#5694,POSITIVE_LENGTH_MEASURE(2.E-2),#1);
#6890=PRESENTATION_STYLE_ASSIGNMENT((#6889));
#6891=STYLED_ITEM('',(#6890),#6888);
#6892=DIRECTION('',(0.E0,-1.E0,0.E0));
#6893=VECTOR('',#6892,1.E0);
#6894=SURFACE_OF_LINEAR_EXTRUSION('',#6888,#6893);
#6895=ORIENTED_EDGE('',*,*,#4229,.F.);
#6896=ORIENTED_EDGE('',*,*,#6837,.T.);
#6897=ORIENTED_EDGE('',*,*,#5327,.T.);
#6898=ORIENTED_EDGE('',*,*,#6868,.F.);
#6899=EDGE_LOOP('',(#6895,#6896,#6897,#6898));
#6900=FACE_OUTER_BOUND('',#6899,.F.);
#6902=FILL_AREA_STYLE_COLOUR('',#1);
#6903=FILL_AREA_STYLE('',(#6902));
#6904=SURFACE_STYLE_FILL_AREA(#6903);
#6905=SURFACE_SIDE_STYLE('',(#6904));
#6906=SURFACE_STYLE_USAGE(.POSITIVE.,#6905);
#6907=PRESENTATION_STYLE_ASSIGNMENT((#6906));
#6908=STYLED_ITEM('',(#6907),#6901);
#6909=CARTESIAN_POINT('',(-9.394578660140E-1,-1.6E0,1.797295566557E0));
#6910=CARTESIAN_POINT('',(-9.394578660140E-1,-1.6E0,1.804446394174E0));
#6911=CARTESIAN_POINT('',(-9.394578660140E-1,-1.6E0,1.821549401536E0));
#6912=CARTESIAN_POINT('',(-9.394578660140E-1,-1.6E0,1.845803236515E0));
#6913=CARTESIAN_POINT('',(-9.394578660140E-1,-1.6E0,1.862906243877E0));
#6914=CARTESIAN_POINT('',(-9.394578660140E-1,-1.6E0,1.870057071494E0));
#6916=CURVE_STYLE('',#5694,POSITIVE_LENGTH_MEASURE(2.E-2),#1);
#6917=PRESENTATION_STYLE_ASSIGNMENT((#6916));
#6918=STYLED_ITEM('',(#6917),#6915);
#6919=DIRECTION('',(0.E0,-1.E0,0.E0));
#6920=VECTOR('',#6919,1.E0);
#6921=SURFACE_OF_LINEAR_EXTRUSION('',#6915,#6920);
#6922=ORIENTED_EDGE('',*,*,#4005,.F.);
#6924=ORIENTED_EDGE('',*,*,#6923,.T.);
#6925=ORIENTED_EDGE('',*,*,#5305,.T.);
#6927=ORIENTED_EDGE('',*,*,#6926,.F.);
#6928=EDGE_LOOP('',(#6922,#6924,#6925,#6927));
#6929=FACE_OUTER_BOUND('',#6928,.F.);
#6931=FILL_AREA_STYLE_COLOUR('',#1);
#6932=FILL_AREA_STYLE('',(#6931));
#6933=SURFACE_STYLE_FILL_AREA(#6932);
#6934=SURFACE_SIDE_STYLE('',(#6933));
#6935=SURFACE_STYLE_USAGE(.POSITIVE.,#6934);
#6936=PRESENTATION_STYLE_ASSIGNMENT((#6935));
#6937=STYLED_ITEM('',(#6936),#6930);
#6938=CARTESIAN_POINT('',(-9.348482797699E-1,-1.6E0,1.858859098555E0));
#6939=CARTESIAN_POINT('',(-9.360128023438E-1,-1.6E0,1.855282736987E0));
#6940=CARTESIAN_POINT('',(-9.471052984586E-1,-1.6E0,1.830836656662E0));
#6941=CARTESIAN_POINT('',(-9.917852889934E-1,-1.6E0,1.806168742346E0));
#6942=CARTESIAN_POINT('',(-1.048058725054E0,-1.6E0,1.823046472321E0));
#6943=CARTESIAN_POINT('',(-1.074992451924E0,-1.6E0,1.887123143934E0));
#6944=CARTESIAN_POINT('',(-1.022383767223E0,-1.6E0,1.932793008850E0));
#6945=CARTESIAN_POINT('',(-9.894932297896E-1,-1.6E0,1.934122234086E0));
#6946=CARTESIAN_POINT('',(-9.860242736838E-1,-1.6E0,1.933868261372E0));
#6948=CURVE_STYLE('',#5694,POSITIVE_LENGTH_MEASURE(2.E-2),#1);
#6949=PRESENTATION_STYLE_ASSIGNMENT((#6948));
#6950=STYLED_ITEM('',(#6949),#6947);
#6951=DIRECTION('',(0.E0,-1.E0,0.E0));
#6952=VECTOR('',#6951,1.E0);
#6953=SURFACE_OF_LINEAR_EXTRUSION('',#6947,#6952);
#6954=ORIENTED_EDGE('',*,*,#4019,.T.);
#6956=ORIENTED_EDGE('',*,*,#6955,.T.);
#6957=ORIENTED_EDGE('',*,*,#5307,.T.);
#6958=ORIENTED_EDGE('',*,*,#6923,.F.);
#6959=EDGE_LOOP('',(#6954,#6956,#6957,#6958));
#6960=FACE_OUTER_BOUND('',#6959,.F.);
#6962=FILL_AREA_STYLE_COLOUR('',#1);
#6963=FILL_AREA_STYLE('',(#6962));
#6964=SURFACE_STYLE_FILL_AREA(#6963);
#6965=SURFACE_SIDE_STYLE('',(#6964));
#6966=SURFACE_STYLE_USAGE(.POSITIVE.,#6965);
#6967=PRESENTATION_STYLE_ASSIGNMENT((#6966));
#6968=STYLED_ITEM('',(#6967),#6961);
#6969=CARTESIAN_POINT('',(-1.017927906936E0,-1.6E0,1.930498212206E0));
#6970=CARTESIAN_POINT('',(-1.010846237804E0,-1.6E0,1.931490330103E0));
#6971=CARTESIAN_POINT('',(-9.846895574969E-1,-1.6E0,1.935154792561E0));
#6972=CARTESIAN_POINT('',(-9.514512080576E-1,-1.6E0,1.939811372917E0));
#6973=CARTESIAN_POINT('',(-9.252945277505E-1,-1.6E0,1.943475835375E0));
#6974=CARTESIAN_POINT('',(-9.182128586183E-1,-1.6E0,1.944467953272E0));
#6976=CURVE_STYLE('',#5694,POSITIVE_LENGTH_MEASURE(2.E-2),#1);
#6977=PRESENTATION_STYLE_ASSIGNMENT((#6976));
#6978=STYLED_ITEM('',(#6977),#6975);
#6979=DIRECTION('',(0.E0,-1.E0,0.E0));
#6980=VECTOR('',#6979,1.E0);
#6981=SURFACE_OF_LINEAR_EXTRUSION('',#6975,#6980);
#6982=ORIENTED_EDGE('',*,*,#4017,.F.);
#6984=ORIENTED_EDGE('',*,*,#6983,.T.);
#6985=ORIENTED_EDGE('',*,*,#5309,.T.);
#6986=ORIENTED_EDGE('',*,*,#6955,.F.);
#6987=EDGE_LOOP('',(#6982,#6984,#6985,#6986));
#6988=FACE_OUTER_BOUND('',#6987,.F.);
#6990=FILL_AREA_STYLE_COLOUR('',#1);
#6991=FILL_AREA_STYLE('',(#6990));
#6992=SURFACE_STYLE_FILL_AREA(#6991);
#6993=SURFACE_SIDE_STYLE('',(#6992));
#6994=SURFACE_STYLE_USAGE(.POSITIVE.,#6993);
#6995=PRESENTATION_STYLE_ASSIGNMENT((#6994));
#6996=STYLED_ITEM('',(#6995),#6989);
#6997=CARTESIAN_POINT('',(-9.415337983051E-1,-1.6E0,1.930345282878E0));
#6998=CARTESIAN_POINT('',(-9.401119478116E-1,-1.6E0,1.933937407422E0));
#6999=CARTESIAN_POINT('',(-9.359374512494E-1,-1.6E0,1.957896909894E0));
#7000=CARTESIAN_POINT('',(-9.792431837437E-1,-1.6E0,2.007688219131E0));
#7001=CARTESIAN_POINT('',(-1.028225807817E0,-1.6E0,1.977209198515E0));
#7002=CARTESIAN_POINT('',(-1.047344247543E0,-1.6E0,1.960855584342E0));
#7003=CARTESIAN_POINT('',(-1.049802416427E0,-1.6E0,1.958689201289E0));
#7005=CURVE_STYLE('',#5694,POSITIVE_LENGTH_MEASURE(2.E-2),#1);
#7006=PRESENTATION_STYLE_ASSIGNMENT((#7005));
#7007=STYLED_ITEM('',(#7006),#7004);
#7008=DIRECTION('',(0.E0,-1.E0,0.E0));
#7009=VECTOR('',#7008,1.E0);
#7010=SURFACE_OF_LINEAR_EXTRUSION('',#7004,#7009);
#7011=ORIENTED_EDGE('',*,*,#4015,.T.);
#7013=ORIENTED_EDGE('',*,*,#7012,.T.);
#7014=ORIENTED_EDGE('',*,*,#5311,.T.);
#7015=ORIENTED_EDGE('',*,*,#6983,.F.);
#7016=EDGE_LOOP('',(#7011,#7013,#7014,#7015));
#7017=FACE_OUTER_BOUND('',#7016,.F.);
#7019=FILL_AREA_STYLE_COLOUR('',#1);
#7020=FILL_AREA_STYLE('',(#7019));
#7021=SURFACE_STYLE_FILL_AREA(#7020);
#7022=SURFACE_SIDE_STYLE('',(#7021));
#7023=SURFACE_STYLE_USAGE(.POSITIVE.,#7022);
#7024=PRESENTATION_STYLE_ASSIGNMENT((#7023));
#7025=STYLED_ITEM('',(#7024),#7018);
#7026=CARTESIAN_POINT('',(-1.041882382541E0,-1.6E0,1.943951993052E0));
#7027=CARTESIAN_POINT('',(-1.041882382541E0,-1.6E0,1.951102820670E0));
#7028=CARTESIAN_POINT('',(-1.041882382541E0,-1.6E0,1.969219475969E0));
#7029=CARTESIAN_POINT('',(-1.041882382541E0,-1.6E0,1.994486958885E0));
#7030=CARTESIAN_POINT('',(-1.041882382541E0,-1.6E0,2.012603614184E0));
#7031=CARTESIAN_POINT('',(-1.041882382541E0,-1.6E0,2.019754441802E0));
#7033=CURVE_STYLE('',#5694,POSITIVE_LENGTH_MEASURE(2.E-2),#1);
#7034=PRESENTATION_STYLE_ASSIGNMENT((#7033));
#7035=STYLED_ITEM('',(#7034),#7032);
#7036=DIRECTION('',(0.E0,-1.E0,0.E0));
#7037=VECTOR('',#7036,1.E0);
#7038=SURFACE_OF_LINEAR_EXTRUSION('',#7032,#7037);
#7039=ORIENTED_EDGE('',*,*,#4013,.F.);
#7041=ORIENTED_EDGE('',*,*,#7040,.T.);
#7042=ORIENTED_EDGE('',*,*,#5313,.T.);
#7043=ORIENTED_EDGE('',*,*,#7012,.F.);
#7044=EDGE_LOOP('',(#7039,#7041,#7042,#7043));
#7045=FACE_OUTER_BOUND('',#7044,.F.);
#7047=FILL_AREA_STYLE_COLOUR('',#1);
#7048=FILL_AREA_STYLE('',(#7047));
#7049=SURFACE_STYLE_FILL_AREA(#7048);
#7050=SURFACE_SIDE_STYLE('',(#7049));
#7051=SURFACE_STYLE_USAGE(.POSITIVE.,#7050);
#7052=PRESENTATION_STYLE_ASSIGNMENT((#7051));
#7053=STYLED_ITEM('',(#7052),#7046);
#7054=CARTESIAN_POINT('',(-1.051237663291E0,-1.6E0,1.992028799705E0));
#7055=CARTESIAN_POINT('',(-1.048241362733E0,-1.6E0,1.994162853058E0));
#7056=CARTESIAN_POINT('',(-1.026340874870E0,-1.6E0,2.008933850246E0));
#7057=CARTESIAN_POINT('',(-9.645895898753E-1,-1.6E0,2.033953085120E0));
#7058=CARTESIAN_POINT('',(-9.016769229397E-1,-1.6E0,1.972944724507E0));
#7059=CARTESIAN_POINT('',(-9.060296279407E-1,-1.6E0,1.935490770763E0));
#7060=CARTESIAN_POINT('',(-9.069525532827E-1,-1.6E0,1.931776005795E0));
#7062=CURVE_STYLE('',#5694,POSITIVE_LENGTH_MEASURE(2.E-2),#1);
#7063=PRESENTATION_STYLE_ASSIGNMENT((#7062));
#7064=STYLED_ITEM('',(#7063),#7061);
#7065=DIRECTION('',(0.E0,-1.E0,0.E0));
#7066=VECTOR('',#7065,1.E0);
#7067=SURFACE_OF_LINEAR_EXTRUSION('',#7061,#7066);
#7068=ORIENTED_EDGE('',*,*,#4011,.T.);
#7070=ORIENTED_EDGE('',*,*,#7069,.T.);
#7071=ORIENTED_EDGE('',*,*,#5315,.T.);
#7072=ORIENTED_EDGE('',*,*,#7040,.F.);
#7073=EDGE_LOOP('',(#7068,#7070,#7071,#7072));
#7074=FACE_OUTER_BOUND('',#7073,.F.);
#7076=FILL_AREA_STYLE_COLOUR('',#1);
#7077=FILL_AREA_STYLE('',(#7076));
#7078=SURFACE_STYLE_FILL_AREA(#7077);
#7079=SURFACE_SIDE_STYLE('',(#7078));
#7080=SURFACE_STYLE_USAGE(.POSITIVE.,#7079);
#7081=PRESENTATION_STYLE_ASSIGNMENT((#7080));
#7082=STYLED_ITEM('',(#7081),#7075);
#7083=CARTESIAN_POINT('',(-9.055928099433E-1,-1.6E0,1.964464554337E0));
#7084=CARTESIAN_POINT('',(-9.055928099432E-1,-1.6E0,1.957313726719E0));
#7085=CARTESIAN_POINT('',(-9.055928099429E-1,-1.6E0,1.908741558410E0));
#7086=CARTESIAN_POINT('',(-9.055928099424E-1,-1.6E0,1.853018562483E0));
#7087=CARTESIAN_POINT('',(-9.055928099421E-1,-1.6E0,1.804446394174E0));
#7088=CARTESIAN_POINT('',(-9.055928099420E-1,-1.6E0,1.797295566557E0));
#7090=CURVE_STYLE('',#5694,POSITIVE_LENGTH_MEASURE(2.E-2),#1);
#7091=PRESENTATION_STYLE_ASSIGNMENT((#7090));
#7092=STYLED_ITEM('',(#7091),#7089);
#7093=DIRECTION('',(0.E0,-1.E0,0.E0));
#7094=VECTOR('',#7093,1.E0);
#7095=SURFACE_OF_LINEAR_EXTRUSION('',#7089,#7094);
#7096=ORIENTED_EDGE('',*,*,#4009,.F.);
#7098=ORIENTED_EDGE('',*,*,#7097,.T.);
#7099=ORIENTED_EDGE('',*,*,#5317,.T.);
#7100=ORIENTED_EDGE('',*,*,#7069,.F.);
#7101=EDGE_LOOP('',(#7096,#7098,#7099,#7100));
#7102=FACE_OUTER_BOUND('',#7101,.F.);
#7104=FILL_AREA_STYLE_COLOUR('',#1);
#7105=FILL_AREA_STYLE('',(#7104));
#7106=SURFACE_STYLE_FILL_AREA(#7105);
#7107=SURFACE_SIDE_STYLE('',(#7106));
#7108=SURFACE_STYLE_USAGE(.POSITIVE.,#7107);
#7109=PRESENTATION_STYLE_ASSIGNMENT((#7108));
#7110=STYLED_ITEM('',(#7109),#7103);
#7111=CARTESIAN_POINT('',(-8.841403270885E-1,-1.6E0,1.818748049410E0));
#7112=CARTESIAN_POINT('',(-8.912911547064E-1,-1.6E0,1.818748049410E0));
#7113=CARTESIAN_POINT('',(-9.097303343482E-1,-1.6E0,1.818748049410E0));
#7114=CARTESIAN_POINT('',(-9.353203416079E-1,-1.6E0,1.818748049410E0));
#7115=CARTESIAN_POINT('',(-9.537595212498E-1,-1.6E0,1.818748049410E0));
#7116=CARTESIAN_POINT('',(-9.609103488677E-1,-1.6E0,1.818748049410E0));
#7118=CURVE_STYLE('',#5694,POSITIVE_LENGTH_MEASURE(2.E-2),#1);
#7119=PRESENTATION_STYLE_ASSIGNMENT((#7118));
#7120=STYLED_ITEM('',(#7119),#7117);
#7121=DIRECTION('',(0.E0,-1.E0,0.E0));
#7122=VECTOR('',#7121,1.E0);
#7123=SURFACE_OF_LINEAR_EXTRUSION('',#7117,#7122);
#7124=ORIENTED_EDGE('',*,*,#4007,.F.);
#7125=ORIENTED_EDGE('',*,*,#6926,.T.);
#7126=ORIENTED_EDGE('',*,*,#5319,.T.);
#7127=ORIENTED_EDGE('',*,*,#7097,.F.);
#7128=EDGE_LOOP('',(#7124,#7125,#7126,#7127));
#7129=FACE_OUTER_BOUND('',#7128,.F.);
#7131=FILL_AREA_STYLE_COLOUR('',#1);
#7132=FILL_AREA_STYLE('',(#7131));
#7133=SURFACE_STYLE_FILL_AREA(#7132);
#7134=SURFACE_SIDE_STYLE('',(#7133));
#7135=SURFACE_STYLE_USAGE(.POSITIVE.,#7134);
#7136=PRESENTATION_STYLE_ASSIGNMENT((#7135));
#7137=STYLED_ITEM('',(#7136),#7130);
#7138=CARTESIAN_POINT('',(-8.597022033474E-1,-1.6E0,1.804068577771E0));
#7139=CARTESIAN_POINT('',(-8.597022033474E-1,-1.6E0,1.811219405388E0));
#7140=CARTESIAN_POINT('',(-8.597022033474E-1,-1.6E0,1.830027184280E0));
#7141=CARTESIAN_POINT('',(-8.597022033474E-1,-1.6E0,1.855985790789E0));
#7142=CARTESIAN_POINT('',(-8.597022033474E-1,-1.6E0,1.874793569681E0));
#7143=CARTESIAN_POINT('',(-8.597022033474E-1,-1.6E0,1.881944397299E0));
#7145=CURVE_STYLE('',#5694,POSITIVE_LENGTH_MEASURE(2.E-2),#1);
#7146=PRESENTATION_STYLE_ASSIGNMENT((#7145));
#7147=STYLED_ITEM('',(#7146),#7144);
#7148=DIRECTION('',(0.E0,-1.E0,0.E0));
#7149=VECTOR('',#7148,1.E0);
#7150=SURFACE_OF_LINEAR_EXTRUSION('',#7144,#7149);
#7151=ORIENTED_EDGE('',*,*,#4023,.F.);
#7153=ORIENTED_EDGE('',*,*,#7152,.T.);
#7154=ORIENTED_EDGE('',*,*,#5344,.T.);
#7156=ORIENTED_EDGE('',*,*,#7155,.F.);
#7157=EDGE_LOOP('',(#7151,#7153,#7154,#7156));
#7158=FACE_OUTER_BOUND('',#7157,.F.);
#7160=FILL_AREA_STYLE_COLOUR('',#1);
#7161=FILL_AREA_STYLE('',(#7160));
#7162=SURFACE_STYLE_FILL_AREA(#7161);
#7163=SURFACE_SIDE_STYLE('',(#7162));
#7164=SURFACE_STYLE_USAGE(.POSITIVE.,#7163);
#7165=PRESENTATION_STYLE_ASSIGNMENT((#7164));
#7166=STYLED_ITEM('',(#7165),#7159);
#7167=CARTESIAN_POINT('',(-8.685083830777E-1,-1.6E0,1.867059326148E0));
#7168=CARTESIAN_POINT('',(-8.656082106820E-1,-1.6E0,1.864847595545E0));
#7169=CARTESIAN_POINT('',(-8.470625629890E-1,-1.6E0,1.850839944723E0));
#7170=CARTESIAN_POINT('',(-8.123626372163E-1,-1.6E0,1.831739768298E0));
#7171=CARTESIAN_POINT('',(-7.549072191076E-1,-1.6E0,1.857616006548E0));
#7172=CARTESIAN_POINT('',(-7.754333080110E-1,-1.6E0,1.894817442149E0));
#7173=CARTESIAN_POINT('',(-8.114392931827E-1,-1.6E0,1.903075058233E0));
#7174=CARTESIAN_POINT('',(-8.506756442047E-1,-1.6E0,1.920840932205E0));
#7175=CARTESIAN_POINT('',(-8.651033195804E-1,-1.6E0,1.964933360512E0));
#7176=CARTESIAN_POINT('',(-8.395280529509E-1,-1.6E0,2.009629441895E0));
#7177=CARTESIAN_POINT('',(-7.868690157727E-1,-1.6E0,2.019365820805E0));
#7178=CARTESIAN_POINT('',(-7.492261890205E-1,-1.6E0,2.012987182106E0));
#7179=CARTESIAN_POINT('',(-7.318071147190E-1,-1.6E0,2.004714638650E0));
#7180=CARTESIAN_POINT('',(-7.285405012041E-1,-1.6E0,2.002934814549E0));
#7182=CURVE_STYLE('',#5694,POSITIVE_LENGTH_MEASURE(2.E-2),#1);
#7183=PRESENTATION_STYLE_ASSIGNMENT((#7182));
#7184=STYLED_ITEM('',(#7183),#7181);
#7185=DIRECTION('',(0.E0,-1.E0,0.E0));
#7186=VECTOR('',#7185,1.E0);
#7187=SURFACE_OF_LINEAR_EXTRUSION('',#7181,#7186);
#7188=ORIENTED_EDGE('',*,*,#4029,.T.);
#7190=ORIENTED_EDGE('',*,*,#7189,.T.);
#7191=ORIENTED_EDGE('',*,*,#5346,.T.);
#7192=ORIENTED_EDGE('',*,*,#7152,.F.);
#7193=EDGE_LOOP('',(#7188,#7190,#7191,#7192));
#7194=FACE_OUTER_BOUND('',#7193,.F.);
#7196=FILL_AREA_STYLE_COLOUR('',#1);
#7197=FILL_AREA_STYLE('',(#7196));
#7198=SURFACE_STYLE_FILL_AREA(#7197);
#7199=SURFACE_SIDE_STYLE('',(#7198));
#7200=SURFACE_STYLE_USAGE(.POSITIVE.,#7199);
#7201=PRESENTATION_STYLE_ASSIGNMENT((#7200));
#7202=STYLED_ITEM('',(#7201),#7195);
#7203=CARTESIAN_POINT('',(-7.385482374420E-1,-1.6E0,2.029153722669E0));
#7204=CARTESIAN_POINT('',(-7.385482374420E-1,-1.6E0,2.022002895051E0));
#7205=CARTESIAN_POINT('',(-7.385482374420E-1,-1.6E0,2.003886239753E0));
#7206=CARTESIAN_POINT('',(-7.385482374420E-1,-1.6E0,1.978618756837E0));
#7207=CARTESIAN_POINT('',(-7.385482374420E-1,-1.6E0,1.960502101539E0));
#7208=CARTESIAN_POINT('',(-7.385482374420E-1,-1.6E0,1.953351273921E0));
#7210=CURVE_STYLE('',#5694,POSITIVE_LENGTH_MEASURE(2.E-2),#1);
#7211=PRESENTATION_STYLE_ASSIGNMENT((#7210));
#7212=STYLED_ITEM('',(#7211),#7209);
#7213=DIRECTION('',(0.E0,-1.E0,0.E0));
#7214=VECTOR('',#7213,1.E0);
#7215=SURFACE_OF_LINEAR_EXTRUSION('',#7209,#7214);
#7216=ORIENTED_EDGE('',*,*,#4027,.F.);
#7218=ORIENTED_EDGE('',*,*,#7217,.T.);
#7219=ORIENTED_EDGE('',*,*,#5348,.T.);
#7220=ORIENTED_EDGE('',*,*,#7189,.F.);
#7221=EDGE_LOOP('',(#7216,#7218,#7219,#7220));
#7222=FACE_OUTER_BOUND('',#7221,.F.);
#7224=FILL_AREA_STYLE_COLOUR('',#1);
#7225=FILL_AREA_STYLE('',(#7224));
#7226=SURFACE_STYLE_FILL_AREA(#7225);
#7227=SURFACE_SIDE_STYLE('',(#7226));
#7228=SURFACE_STYLE_USAGE(.POSITIVE.,#7227);
#7229=PRESENTATION_STYLE_ASSIGNMENT((#7228));
#7230=STYLED_ITEM('',(#7229),#7223);
#7231=CARTESIAN_POINT('',(-7.297610531417E-1,-1.6E0,1.968309438534E0));
#7232=CARTESIAN_POINT('',(-7.325476612777E-1,-1.6E0,1.970673136625E0));
#7233=CARTESIAN_POINT('',(-7.492030340654E-1,-1.6E0,1.982958934022E0));
#7234=CARTESIAN_POINT('',(-7.792325555385E-1,-1.6E0,1.991353626543E0));
#7235=CARTESIAN_POINT('',(-8.144318901412E-1,-1.6E0,1.986274855028E0));
#7236=CARTESIAN_POINT('',(-8.283299899919E-1,-1.6E0,1.963500041965E0));
#7237=CARTESIAN_POINT('',(-8.154591277340E-1,-1.6E0,1.937275501608E0));
#7238=CARTESIAN_POINT('',(-7.796105776857E-1,-1.6E0,1.927636172857E0));
#7239=CARTESIAN_POINT('',(-7.400887741125E-1,-1.6E0,1.911758814592E0));
#7240=CARTESIAN_POINT('',(-7.229937376407E-1,-1.6E0,1.866619771970E0));
#7241=CARTESIAN_POINT('',(-7.497981559821E-1,-1.6E0,1.819882414650E0));
#7242=CARTESIAN_POINT('',(-8.062610083978E-1,-1.6E0,1.810963512900E0));
#7243=CARTESIAN_POINT('',(-8.473957221169E-1,-1.6E0,1.818175007857E0));
#7244=CARTESIAN_POINT('',(-8.661641845717E-1,-1.6E0,1.828996291396E0));
#7245=CARTESIAN_POINT('',(-8.692594734678E-1,-1.6E0,1.831054883648E0));
#7247=CURVE_STYLE('',#5694,POSITIVE_LENGTH_MEASURE(2.E-2),#1);
#7248=PRESENTATION_STYLE_ASSIGNMENT((#7247));
#7249=STYLED_ITEM('',(#7248),#7246);
#7250=DIRECTION('',(0.E0,-1.E0,0.E0));
#7251=VECTOR('',#7250,1.E0);
#7252=SURFACE_OF_LINEAR_EXTRUSION('',#7246,#7251);
#7253=ORIENTED_EDGE('',*,*,#4025,.T.);
#7254=ORIENTED_EDGE('',*,*,#7155,.T.);
#7255=ORIENTED_EDGE('',*,*,#5350,.T.);
#7256=ORIENTED_EDGE('',*,*,#7217,.F.);
#7257=EDGE_LOOP('',(#7253,#7254,#7255,#7256));
#7258=FACE_OUTER_BOUND('',#7257,.F.);
#7260=FILL_AREA_STYLE_COLOUR('',#1);
#7261=FILL_AREA_STYLE('',(#7260));
#7262=SURFACE_STYLE_FILL_AREA(#7261);
#7263=SURFACE_SIDE_STYLE('',(#7262));
#7264=SURFACE_STYLE_USAGE(.POSITIVE.,#7263);
#7265=PRESENTATION_STYLE_ASSIGNMENT((#7264));
#7266=STYLED_ITEM('',(#7265),#7259);
#7267=CARTESIAN_POINT('',(-6.234295202191E-1,-1.6E0,1.867029943637E0));
#7268=CARTESIAN_POINT('',(-6.233989916263E-1,-1.6E0,1.866923971353E0));
#7269=CARTESIAN_POINT('',(-6.218420333947E-1,-1.6E0,1.861519384854E0));
#7270=CARTESIAN_POINT('',(-6.202545465703E-1,-1.6E0,1.856008826070E0));
#7271=CARTESIAN_POINT('',(-6.186975883387E-1,-1.6E0,1.850604239570E0));
#7272=CARTESIAN_POINT('',(-6.186670597460E-1,-1.6E0,1.850498267286E0));
#7274=CURVE_STYLE('',#5694,POSITIVE_LENGTH_MEASURE(2.E-2),#1);
#7275=PRESENTATION_STYLE_ASSIGNMENT((#7274));
#7276=STYLED_ITEM('',(#7275),#7273);
#7277=DIRECTION('',(0.E0,-1.E0,0.E0));
#7278=VECTOR('',#7277,1.E0);
#7279=SURFACE_OF_LINEAR_EXTRUSION('',#7273,#7278);
#7280=ORIENTED_EDGE('',*,*,#4033,.F.);
#7282=ORIENTED_EDGE('',*,*,#7281,.T.);
#7283=ORIENTED_EDGE('',*,*,#5367,.T.);
#7285=ORIENTED_EDGE('',*,*,#7284,.F.);
#7286=EDGE_LOOP('',(#7280,#7282,#7283,#7285));
#7287=FACE_OUTER_BOUND('',#7286,.F.);
#7289=FILL_AREA_STYLE_COLOUR('',#1);
#7290=FILL_AREA_STYLE('',(#7289));
#7291=SURFACE_STYLE_FILL_AREA(#7290);
#7292=SURFACE_SIDE_STYLE('',(#7291));
#7293=SURFACE_STYLE_USAGE(.POSITIVE.,#7292);
#7294=PRESENTATION_STYLE_ASSIGNMENT((#7293));
#7295=STYLED_ITEM('',(#7294),#7288);
#7296=CARTESIAN_POINT('',(-6.188189789868E-1,-1.6E0,1.850496036958E0));
#7297=CARTESIAN_POINT('',(-6.187992644743E-1,-1.6E0,1.850602847917E0));
#7298=CARTESIAN_POINT('',(-6.177734075945E-1,-1.6E0,1.856045305476E0));
#7299=CARTESIAN_POINT('',(-6.156950959929E-1,-1.6E0,1.861346553025E0));
#7300=CARTESIAN_POINT('',(-6.140825914557E-1,-1.6E0,1.866643253650E0));
#7301=CARTESIAN_POINT('',(-6.140511485010E-1,-1.6E0,1.866747150591E0));
#7303=CURVE_STYLE('',#5694,POSITIVE_LENGTH_MEASURE(2.E-2),#1);
#7304=PRESENTATION_STYLE_ASSIGNMENT((#7303));
#7305=STYLED_ITEM('',(#7304),#7302);
#7306=DIRECTION('',(0.E0,-1.E0,0.E0));
#7307=VECTOR('',#7306,1.E0);
#7308=SURFACE_OF_LINEAR_EXTRUSION('',#7302,#7307);
#7309=ORIENTED_EDGE('',*,*,#4055,.T.);
#7311=ORIENTED_EDGE('',*,*,#7310,.T.);
#7312=ORIENTED_EDGE('',*,*,#5369,.T.);
#7313=ORIENTED_EDGE('',*,*,#7281,.F.);
#7314=EDGE_LOOP('',(#7309,#7311,#7312,#7313));
#7315=FACE_OUTER_BOUND('',#7314,.F.);
#7317=FILL_AREA_STYLE_COLOUR('',#1);
#7318=FILL_AREA_STYLE('',(#7317));
#7319=SURFACE_STYLE_FILL_AREA(#7318);
#7320=SURFACE_SIDE_STYLE('',(#7319));
#7321=SURFACE_STYLE_USAGE(.POSITIVE.,#7320);
#7322=PRESENTATION_STYLE_ASSIGNMENT((#7321));
#7323=STYLED_ITEM('',(#7322),#7316);
#7324=CARTESIAN_POINT('',(-6.214595238272E-1,-1.6E0,1.846268246016E0));
#7325=CARTESIAN_POINT('',(-6.190216794346E-1,-1.6E0,1.852990689793E0));
#7326=CARTESIAN_POINT('',(-5.990062583187E-1,-1.6E0,1.908183934913E0));
#7327=CARTESIAN_POINT('',(-5.765529928103E-1,-1.6E0,1.970099623810E0));
#7328=CARTESIAN_POINT('',(-5.565375716944E-1,-1.6E0,2.025292868931E0));
#7329=CARTESIAN_POINT('',(-5.540997273018E-1,-1.6E0,2.032015312708E0));
#7331=CURVE_STYLE('',#5694,POSITIVE_LENGTH_MEASURE(2.E-2),#1);
#7332=PRESENTATION_STYLE_ASSIGNMENT((#7331));
#7333=STYLED_ITEM('',(#7332),#7330);
#7334=DIRECTION('',(0.E0,-1.E0,0.E0));
#7335=VECTOR('',#7334,1.E0);
#7336=SURFACE_OF_LINEAR_EXTRUSION('',#7330,#7335);
#7337=ORIENTED_EDGE('',*,*,#4053,.F.);
#7339=ORIENTED_EDGE('',*,*,#7338,.T.);
#7340=ORIENTED_EDGE('',*,*,#5371,.T.);
#7341=ORIENTED_EDGE('',*,*,#7310,.F.);
#7342=EDGE_LOOP('',(#7337,#7339,#7340,#7341));
#7343=FACE_OUTER_BOUND('',#7342,.F.);
#7345=FILL_AREA_STYLE_COLOUR('',#1);
#7346=FILL_AREA_STYLE('',(#7345));
#7347=SURFACE_STYLE_FILL_AREA(#7346);
#7348=SURFACE_SIDE_STYLE('',(#7347));
#7349=SURFACE_STYLE_USAGE(.POSITIVE.,#7348);
#7350=PRESENTATION_STYLE_ASSIGNMENT((#7349));
#7351=STYLED_ITEM('',(#7350),#7344);
#7352=CARTESIAN_POINT('',(-5.828657433334E-1,-1.6E0,2.011847981376E0));
#7353=CARTESIAN_POINT('',(-5.757149157156E-1,-1.6E0,2.011847981376E0));
#7354=CARTESIAN_POINT('',(-5.568610619184E-1,-1.6E0,2.011847981376E0));
#7355=CARTESIAN_POINT('',(-5.308563805034E-1,-1.6E0,2.011847981376E0));
#7356=CARTESIAN_POINT('',(-5.120025267063E-1,-1.6E0,2.011847981376E0));
#7357=CARTESIAN_POINT('',(-5.048516990884E-1,-1.6E0,2.011847981376E0));
#7359=CURVE_STYLE('',#5694,POSITIVE_LENGTH_MEASURE(2.E-2),#1);
#7360=PRESENTATION_STYLE_ASSIGNMENT((#7359));
#7361=STYLED_ITEM('',(#7360),#7358);
#7362=DIRECTION('',(0.E0,-1.E0,0.E0));
#7363=VECTOR('',#7362,1.E0);
#7364=SURFACE_OF_LINEAR_EXTRUSION('',#7358,#7363);
#7365=ORIENTED_EDGE('',*,*,#4051,.F.);
#7367=ORIENTED_EDGE('',*,*,#7366,.T.);
#7368=ORIENTED_EDGE('',*,*,#5373,.T.);
#7369=ORIENTED_EDGE('',*,*,#7338,.F.);
#7370=EDGE_LOOP('',(#7365,#7367,#7368,#7369));
#7371=FACE_OUTER_BOUND('',#7370,.F.);
#7373=FILL_AREA_STYLE_COLOUR('',#1);
#7374=FILL_AREA_STYLE('',(#7373));
#7375=SURFACE_STYLE_FILL_AREA(#7374);
#7376=SURFACE_SIDE_STYLE('',(#7375));
#7377=SURFACE_STYLE_USAGE(.POSITIVE.,#7376);
#7378=PRESENTATION_STYLE_ASSIGNMENT((#7377));
#7379=STYLED_ITEM('',(#7378),#7372);
#7380=CARTESIAN_POINT('',(-5.184354610237E-1,-1.6E0,2.031805242002E0));
#7381=CARTESIAN_POINT('',(-5.210583679965E-1,-1.6E0,2.025152821793E0));
#7382=CARTESIAN_POINT('',(-5.528927655122E-1,-1.6E0,1.944411952384E0));
#7383=CARTESIAN_POINT('',(-5.873500700007E-1,-1.6E0,1.857018662766E0));
#7384=CARTESIAN_POINT('',(-6.191844675165E-1,-1.6E0,1.776277793356E0));
#7385=CARTESIAN_POINT('',(-6.218073744893E-1,-1.6E0,1.769625373148E0));
#7387=CURVE_STYLE('',#5694,POSITIVE_LENGTH_MEASURE(2.E-2),#1);
#7388=PRESENTATION_STYLE_ASSIGNMENT((#7387));
#7389=STYLED_ITEM('',(#7388),#7386);
#7390=DIRECTION('',(0.E0,-1.E0,0.E0));
#7391=VECTOR('',#7390,1.E0);
#7392=SURFACE_OF_LINEAR_EXTRUSION('',#7386,#7391);
#7393=ORIENTED_EDGE('',*,*,#4049,.F.);
#7395=ORIENTED_EDGE('',*,*,#7394,.T.);
#7396=ORIENTED_EDGE('',*,*,#5375,.T.);
#7397=ORIENTED_EDGE('',*,*,#7366,.F.);
#7398=EDGE_LOOP('',(#7393,#7395,#7396,#7397));
#7399=FACE_OUTER_BOUND('',#7398,.F.);
#7401=FILL_AREA_STYLE_COLOUR('',#1);
#7402=FILL_AREA_STYLE('',(#7401));
#7403=SURFACE_STYLE_FILL_AREA(#7402);
#7404=SURFACE_SIDE_STYLE('',(#7403));
#7405=SURFACE_STYLE_USAGE(.POSITIVE.,#7404);
#7406=PRESENTATION_STYLE_ASSIGNMENT((#7405));
#7407=STYLED_ITEM('',(#7406),#7400);
#7408=CARTESIAN_POINT('',(-6.104389443957E-1,-1.6E0,1.800131030073E0));
#7409=CARTESIAN_POINT('',(-6.113497050979E-1,-1.6E0,1.796692033411E0));
#7410=CARTESIAN_POINT('',(-6.219491286830E-1,-1.6E0,1.764767361198E0));
#7411=CARTESIAN_POINT('',(-6.585582758339E-1,-1.6E0,1.722464758439E0));
#7412=CARTESIAN_POINT('',(-7.014124276397E-1,-1.6E0,1.729036112016E0));
#7413=CARTESIAN_POINT('',(-7.116005248222E-1,-1.6E0,1.732901763790E0));
#7414=CARTESIAN_POINT('',(-7.147909304608E-1,-1.6E0,1.734342316395E0));
#7416=CURVE_STYLE('',#5694,POSITIVE_LENGTH_MEASURE(2.E-2),#1);
#7417=PRESENTATION_STYLE_ASSIGNMENT((#7416));
#7418=STYLED_ITEM('',(#7417),#7415);
#7419=DIRECTION('',(0.E0,-1.E0,0.E0));
#7420=VECTOR('',#7419,1.E0);
#7421=SURFACE_OF_LINEAR_EXTRUSION('',#7415,#7420);
#7422=ORIENTED_EDGE('',*,*,#4047,.T.);
#7424=ORIENTED_EDGE('',*,*,#7423,.T.);
#7425=ORIENTED_EDGE('',*,*,#5377,.T.);
#7426=ORIENTED_EDGE('',*,*,#7394,.F.);
#7427=EDGE_LOOP('',(#7422,#7424,#7425,#7426));
#7428=FACE_OUTER_BOUND('',#7427,.F.);
#7430=FILL_AREA_STYLE_COLOUR('',#1);
#7431=FILL_AREA_STYLE('',(#7430));
#7432=SURFACE_STYLE_FILL_AREA(#7431);
#7433=SURFACE_SIDE_STYLE('',(#7432));
#7434=SURFACE_STYLE_USAGE(.POSITIVE.,#7433);
#7435=PRESENTATION_STYLE_ASSIGNMENT((#7434));
#7436=STYLED_ITEM('',(#7435),#7429);
#7437=CARTESIAN_POINT('',(-7.046831813702E-1,-1.6E0,1.709108196051E0));
#7438=CARTESIAN_POINT('',(-7.046831813702E-1,-1.6E0,1.716259023669E0));
#7439=CARTESIAN_POINT('',(-7.046831813702E-1,-1.6E0,1.733454180844E0));
#7440=CARTESIAN_POINT('',(-7.046831813702E-1,-1.6E0,1.757800165636E0));
#7441=CARTESIAN_POINT('',(-7.046831813702E-1,-1.6E0,1.774995322810E0));
#7442=CARTESIAN_POINT('',(-7.046831813702E-1,-1.6E0,1.782146150428E0));
#7444=CURVE_STYLE('',#5694,POSITIVE_LENGTH_MEASURE(2.E-2),#1);
#7445=PRESENTATION_STYLE_ASSIGNMENT((#7444));
#7446=STYLED_ITEM('',(#7445),#7443);
#7447=DIRECTION('',(0.E0,-1.E0,0.E0));
#7448=VECTOR('',#7447,1.E0);
#7449=SURFACE_OF_LINEAR_EXTRUSION('',#7443,#7448);
#7450=ORIENTED_EDGE('',*,*,#4045,.F.);
#7452=ORIENTED_EDGE('',*,*,#7451,.T.);
#7453=ORIENTED_EDGE('',*,*,#5379,.T.);
#7454=ORIENTED_EDGE('',*,*,#7423,.F.);
#7455=EDGE_LOOP('',(#7450,#7452,#7453,#7454));
#7456=FACE_OUTER_BOUND('',#7455,.F.);
#7458=FILL_AREA_STYLE_COLOUR('',#1);
#7459=FILL_AREA_STYLE('',(#7458));
#7460=SURFACE_STYLE_FILL_AREA(#7459);
#7461=SURFACE_SIDE_STYLE('',(#7460));
#7462=SURFACE_STYLE_USAGE(.POSITIVE.,#7461);
#7463=PRESENTATION_STYLE_ASSIGNMENT((#7462));
#7464=STYLED_ITEM('',(#7463),#7457);
#7465=CARTESIAN_POINT('',(-7.146346214388E-1,-1.6E0,1.765058275340E0));
#7466=CARTESIAN_POINT('',(-7.115792735589E-1,-1.6E0,1.763668513877E0));
#7467=CARTESIAN_POINT('',(-7.024583294908E-1,-1.6E0,1.759392179666E0));
#7468=CARTESIAN_POINT('',(-6.771295020227E-1,-1.6E0,1.752134974916E0));
#7469=CARTESIAN_POINT('',(-6.530188696337E-1,-1.6E0,1.773573248137E0));
#7470=CARTESIAN_POINT('',(-6.485245110633E-1,-1.6E0,1.790650349858E0));
#7471=CARTESIAN_POINT('',(-6.482678064300E-1,-1.6E0,1.793868015211E0));
#7473=CURVE_STYLE('',#5694,POSITIVE_LENGTH_MEASURE(2.E-2),#1);
#7474=PRESENTATION_STYLE_ASSIGNMENT((#7473));
#7475=STYLED_ITEM('',(#7474),#7472);
#7476=DIRECTION('',(0.E0,-1.E0,0.E0));
#7477=VECTOR('',#7476,1.E0);
#7478=SURFACE_OF_LINEAR_EXTRUSION('',#7472,#7477);
#7479=ORIENTED_EDGE('',*,*,#4043,.T.);
#7481=ORIENTED_EDGE('',*,*,#7480,.T.);
#7482=ORIENTED_EDGE('',*,*,#5381,.T.);
#7483=ORIENTED_EDGE('',*,*,#7451,.F.);
#7484=EDGE_LOOP('',(#7479,#7481,#7482,#7483));
#7485=FACE_OUTER_BOUND('',#7484,.F.);
#7487=FILL_AREA_STYLE_COLOUR('',#1);
#7488=FILL_AREA_STYLE('',(#7487));
#7489=SURFACE_STYLE_FILL_AREA(#7488);
#7490=SURFACE_SIDE_STYLE('',(#7489));
#7491=SURFACE_STYLE_USAGE(.POSITIVE.,#7490);
#7492=PRESENTATION_STYLE_ASSIGNMENT((#7491));
#7493=STYLED_ITEM('',(#7492),#7486);
#7494=CARTESIAN_POINT('',(-6.591368235929E-1,-1.6E0,1.764297684519E0));
#7495=CARTESIAN_POINT('',(-6.563497294268E-1,-1.6E0,1.770883004688E0));
#7496=CARTESIAN_POINT('',(-6.486095828420E-1,-1.6E0,1.789171351038E0));
#7497=CARTESIAN_POINT('',(-6.380823420910E-1,-1.6E0,1.814045017556E0));
#7498=CARTESIAN_POINT('',(-6.303421955061E-1,-1.6E0,1.832333363905E0));
#7499=CARTESIAN_POINT('',(-6.275551013400E-1,-1.6E0,1.838918684074E0));
#7501=CURVE_STYLE('',#5694,POSITIVE_LENGTH_MEASURE(2.E-2),#1);
#7502=PRESENTATION_STYLE_ASSIGNMENT((#7501));
#7503=STYLED_ITEM('',(#7502),#7500);
#7504=DIRECTION('',(0.E0,-1.E0,0.E0));
#7505=VECTOR('',#7504,1.E0);
#7506=SURFACE_OF_LINEAR_EXTRUSION('',#7500,#7505);
#7507=ORIENTED_EDGE('',*,*,#4041,.F.);
#7509=ORIENTED_EDGE('',*,*,#7508,.T.);
#7510=ORIENTED_EDGE('',*,*,#5383,.T.);
#7511=ORIENTED_EDGE('',*,*,#7480,.F.);
#7512=EDGE_LOOP('',(#7507,#7509,#7510,#7511));
#7513=FACE_OUTER_BOUND('',#7512,.F.);
#7515=FILL_AREA_STYLE_COLOUR('',#1);
#7516=FILL_AREA_STYLE('',(#7515));
#7517=SURFACE_STYLE_FILL_AREA(#7516);
#7518=SURFACE_SIDE_STYLE('',(#7517));
#7519=SURFACE_STYLE_USAGE(.POSITIVE.,#7518);
#7520=PRESENTATION_STYLE_ASSIGNMENT((#7519));
#7521=STYLED_ITEM('',(#7520),#7514);
#7522=CARTESIAN_POINT('',(-6.280678015943E-1,-1.6E0,1.799197534428E0));
#7523=CARTESIAN_POINT('',(-6.306839956756E-1,-1.6E0,1.805852597475E0));
#7524=CARTESIAN_POINT('',(-6.585492383651E-1,-1.6E0,1.876736079790E0));
#7525=CARTESIAN_POINT('',(-6.890306751358E-1,-1.6E0,1.954274625153E0));
#7526=CARTESIAN_POINT('',(-7.168959178253E-1,-1.6E0,2.025158107469E0));
#7527=CARTESIAN_POINT('',(-7.195121119066E-1,-1.6E0,2.031813170515E0));
#7529=CURVE_STYLE('',#5694,POSITIVE_LENGTH_MEASURE(2.E-2),#1);
#7530=PRESENTATION_STYLE_ASSIGNMENT((#7529));
#7531=STYLED_ITEM('',(#7530),#7528);
#7532=DIRECTION('',(0.E0,-1.E0,0.E0));
#7533=VECTOR('',#7532,1.E0);
#7534=SURFACE_OF_LINEAR_EXTRUSION('',#7528,#7533);
#7535=ORIENTED_EDGE('',*,*,#4039,.F.);
#7537=ORIENTED_EDGE('',*,*,#7536,.T.);
#7538=ORIENTED_EDGE('',*,*,#5385,.T.);
#7539=ORIENTED_EDGE('',*,*,#7508,.F.);
#7540=EDGE_LOOP('',(#7535,#7537,#7538,#7539));
#7541=FACE_OUTER_BOUND('',#7540,.F.);
#7543=FILL_AREA_STYLE_COLOUR('',#1);
#7544=FILL_AREA_STYLE('',(#7543));
#7545=SURFACE_STYLE_FILL_AREA(#7544);
#7546=SURFACE_SIDE_STYLE('',(#7545));
#7547=SURFACE_STYLE_USAGE(.POSITIVE.,#7546);
#7548=PRESENTATION_STYLE_ASSIGNMENT((#7547));
#7549=STYLED_ITEM('',(#7548),#7542);
#7550=CARTESIAN_POINT('',(-7.331160125163E-1,-1.6E0,2.011847981376E0));
#7551=CARTESIAN_POINT('',(-7.259651848984E-1,-1.6E0,2.011847981376E0));
#7552=CARTESIAN_POINT('',(-7.061898329765E-1,-1.6E0,2.011847981376E0));
#7553=CARTESIAN_POINT('',(-6.792636534366E-1,-1.6E0,2.011847981376E0));
#7554=CARTESIAN_POINT('',(-6.594883015147E-1,-1.6E0,2.011847981376E0));
#7555=CARTESIAN_POINT('',(-6.523374738968E-1,-1.6E0,2.011847981376E0));
#7557=CURVE_STYLE('',#5694,POSITIVE_LENGTH_MEASURE(2.E-2),#1);
#7558=PRESENTATION_STYLE_ASSIGNMENT((#7557));
#7559=STYLED_ITEM('',(#7558),#7556);
#7560=DIRECTION('',(0.E0,-1.E0,0.E0));
#7561=VECTOR('',#7560,1.E0);
#7562=SURFACE_OF_LINEAR_EXTRUSION('',#7556,#7561);
#7563=ORIENTED_EDGE('',*,*,#4037,.F.);
#7565=ORIENTED_EDGE('',*,*,#7564,.T.);
#7566=ORIENTED_EDGE('',*,*,#5387,.T.);
#7567=ORIENTED_EDGE('',*,*,#7536,.F.);
#7568=EDGE_LOOP('',(#7563,#7565,#7566,#7567));
#7569=FACE_OUTER_BOUND('',#7568,.F.);
#7571=FILL_AREA_STYLE_COLOUR('',#1);
#7572=FILL_AREA_STYLE('',(#7571));
#7573=SURFACE_STYLE_FILL_AREA(#7572);
#7574=SURFACE_SIDE_STYLE('',(#7573));
#7575=SURFACE_STYLE_USAGE(.POSITIVE.,#7574);
#7576=PRESENTATION_STYLE_ASSIGNMENT((#7575));
#7577=STYLED_ITEM('',(#7576),#7570);
#7578=CARTESIAN_POINT('',(-6.808337972212E-1,-1.6E0,2.032111084100E0));
#7579=CARTESIAN_POINT('',(-6.784858503976E-1,-1.6E0,2.025356716526E0));
#7580=CARTESIAN_POINT('',(-6.593205628041E-1,-1.6E0,1.970223697420E0));
#7581=CARTESIAN_POINT('',(-6.378073283871E-1,-1.6E0,1.908336310740E0));
#7582=CARTESIAN_POINT('',(-6.186420407936E-1,-1.6E0,1.853203291635E0));
#7583=CARTESIAN_POINT('',(-6.162940939700E-1,-1.6E0,1.846448924060E0));
#7585=CURVE_STYLE('',#5694,POSITIVE_LENGTH_MEASURE(2.E-2),#1);
#7586=PRESENTATION_STYLE_ASSIGNMENT((#7585));
#7587=STYLED_ITEM('',(#7586),#7584);
#7588=DIRECTION('',(0.E0,-1.E0,0.E0));
#7589=VECTOR('',#7588,1.E0);
#7590=SURFACE_OF_LINEAR_EXTRUSION('',#7584,#7589);
#7591=ORIENTED_EDGE('',*,*,#4035,.F.);
#7592=ORIENTED_EDGE('',*,*,#7284,.T.);
#7593=ORIENTED_EDGE('',*,*,#5389,.T.);
#7594=ORIENTED_EDGE('',*,*,#7564,.F.);
#7595=EDGE_LOOP('',(#7591,#7592,#7593,#7594));
#7596=FACE_OUTER_BOUND('',#7595,.F.);
#7598=FILL_AREA_STYLE_COLOUR('',#1);
#7599=FILL_AREA_STYLE('',(#7598));
#7600=SURFACE_STYLE_FILL_AREA(#7599);
#7601=SURFACE_SIDE_STYLE('',(#7600));
#7602=SURFACE_STYLE_USAGE(.POSITIVE.,#7601);
#7603=PRESENTATION_STYLE_ASSIGNMENT((#7602));
#7604=STYLED_ITEM('',(#7603),#7597);
#7605=CARTESIAN_POINT('',(-3.444004521865E-1,-1.6E0,1.818748049410E0));
#7606=DIRECTION('',(1.E0,0.E0,0.E0));
#7607=DIRECTION('',(0.E0,0.E0,1.E0));
#7608=AXIS2_PLACEMENT_3D('',#7605,#7606,#7607);
#7609=PLANE('',#7608);
#7610=ORIENTED_EDGE('',*,*,#4059,.F.);
#7612=ORIENTED_EDGE('',*,*,#7611,.T.);
#7613=ORIENTED_EDGE('',*,*,#5406,.T.);
#7615=ORIENTED_EDGE('',*,*,#7614,.F.);
#7616=EDGE_LOOP('',(#7610,#7612,#7613,#7615));
#7617=FACE_OUTER_BOUND('',#7616,.F.);
#7619=FILL_AREA_STYLE_COLOUR('',#1);
#7620=FILL_AREA_STYLE('',(#7619));
#7621=SURFACE_STYLE_FILL_AREA(#7620);
#7622=SURFACE_SIDE_STYLE('',(#7621));
#7623=SURFACE_STYLE_USAGE(.POSITIVE.,#7622);
#7624=PRESENTATION_STYLE_ASSIGNMENT((#7623));
#7625=STYLED_ITEM('',(#7624),#7618);
#7626=CARTESIAN_POINT('',(-4.898128562153E-1,-1.6E0,1.818748049410E0));
#7627=DIRECTION('',(0.E0,0.E0,-1.E0));
#7628=DIRECTION('',(1.E0,0.E0,0.E0));
#7629=AXIS2_PLACEMENT_3D('',#7626,#7627,#7628);
#7630=PLANE('',#7629);
#7631=ORIENTED_EDGE('',*,*,#4081,.F.);
#7633=ORIENTED_EDGE('',*,*,#7632,.T.);
#7634=ORIENTED_EDGE('',*,*,#5408,.T.);
#7635=ORIENTED_EDGE('',*,*,#7611,.F.);
#7636=EDGE_LOOP('',(#7631,#7633,#7634,#7635));
#7637=FACE_OUTER_BOUND('',#7636,.F.);
#7639=FILL_AREA_STYLE_COLOUR('',#1);
#7640=FILL_AREA_STYLE('',(#7639));
#7641=SURFACE_STYLE_FILL_AREA(#7640);
#7642=SURFACE_SIDE_STYLE('',(#7641));
#7643=SURFACE_STYLE_USAGE(.POSITIVE.,#7642);
#7644=PRESENTATION_STYLE_ASSIGNMENT((#7643));
#7645=STYLED_ITEM('',(#7644),#7638);
#7646=CARTESIAN_POINT('',(-4.898128562153E-1,-1.6E0,2.089115599106E0));
#7647=DIRECTION('',(-1.E0,0.E0,0.E0));
#7648=DIRECTION('',(0.E0,0.E0,-1.E0));
#7649=AXIS2_PLACEMENT_3D('',#7646,#7647,#7648);
#7650=PLANE('',#7649);
#7651=ORIENTED_EDGE('',*,*,#4079,.F.);
#7653=ORIENTED_EDGE('',*,*,#7652,.T.);
#7654=ORIENTED_EDGE('',*,*,#5410,.T.);
#7655=ORIENTED_EDGE('',*,*,#7632,.F.);
#7656=EDGE_LOOP('',(#7651,#7653,#7654,#7655));
#7657=FACE_OUTER_BOUND('',#7656,.F.);
#7659=FILL_AREA_STYLE_COLOUR('',#1);
#7660=FILL_AREA_STYLE('',(#7659));
#7661=SURFACE_STYLE_FILL_AREA(#7660);
#7662=SURFACE_SIDE_STYLE('',(#7661));
#7663=SURFACE_STYLE_USAGE(.POSITIVE.,#7662);
#7664=PRESENTATION_STYLE_ASSIGNMENT((#7663));
#7665=STYLED_ITEM('',(#7664),#7658);
#7666=CARTESIAN_POINT('',(-3.505514521680E-1,-1.6E0,2.089115599106E0));
#7667=DIRECTION('',(0.E0,0.E0,1.E0));
#7668=DIRECTION('',(-1.E0,0.E0,0.E0));
#7669=AXIS2_PLACEMENT_3D('',#7666,#7667,#7668);
#7670=PLANE('',#7669);
#7671=ORIENTED_EDGE('',*,*,#4077,.F.);
#7673=ORIENTED_EDGE('',*,*,#7672,.T.);
#7674=ORIENTED_EDGE('',*,*,#5412,.T.);
#7675=ORIENTED_EDGE('',*,*,#7652,.F.);
#7676=EDGE_LOOP('',(#7671,#7673,#7674,#7675));
#7677=FACE_OUTER_BOUND('',#7676,.F.);
#7679=FILL_AREA_STYLE_COLOUR('',#1);
#7680=FILL_AREA_STYLE('',(#7679));
#7681=SURFACE_STYLE_FILL_AREA(#7680);
#7682=SURFACE_SIDE_STYLE('',(#7681));
#7683=SURFACE_STYLE_USAGE(.POSITIVE.,#7682);
#7684=PRESENTATION_STYLE_ASSIGNMENT((#7683));
#7685=STYLED_ITEM('',(#7684),#7678);
#7686=CARTESIAN_POINT('',(-3.505514521680E-1,-1.6E0,2.058015037409E0));
#7687=DIRECTION('',(1.E0,0.E0,0.E0));
#7688=DIRECTION('',(0.E0,0.E0,1.E0));
#7689=AXIS2_PLACEMENT_3D('',#7686,#7687,#7688);
#7690=PLANE('',#7689);
#7691=ORIENTED_EDGE('',*,*,#4075,.F.);
#7693=ORIENTED_EDGE('',*,*,#7692,.T.);
#7694=ORIENTED_EDGE('',*,*,#5414,.T.);
#7695=ORIENTED_EDGE('',*,*,#7672,.F.);
#7696=EDGE_LOOP('',(#7691,#7693,#7694,#7695));
#7697=FACE_OUTER_BOUND('',#7696,.F.);
#7699=FILL_AREA_STYLE_COLOUR('',#1);
#7700=FILL_AREA_STYLE('',(#7699));
#7701=SURFACE_STYLE_FILL_AREA(#7700);
#7702=SURFACE_SIDE_STYLE('',(#7701));
#7703=SURFACE_STYLE_USAGE(.POSITIVE.,#7702);
#7704=PRESENTATION_STYLE_ASSIGNMENT((#7703));
#7705=STYLED_ITEM('',(#7704),#7698);
#7706=CARTESIAN_POINT('',(-4.549111147542E-1,-1.6E0,2.058015037409E0));
#7707=DIRECTION('',(0.E0,0.E0,-1.E0));
#7708=DIRECTION('',(1.E0,0.E0,0.E0));
#7709=AXIS2_PLACEMENT_3D('',#7706,#7707,#7708);
#7710=PLANE('',#7709);
#7711=ORIENTED_EDGE('',*,*,#4073,.F.);
#7713=ORIENTED_EDGE('',*,*,#7712,.T.);
#7714=ORIENTED_EDGE('',*,*,#5416,.T.);
#7715=ORIENTED_EDGE('',*,*,#7692,.F.);
#7716=EDGE_LOOP('',(#7711,#7713,#7714,#7715));
#7717=FACE_OUTER_BOUND('',#7716,.F.);
#7719=FILL_AREA_STYLE_COLOUR('',#1);
#7720=FILL_AREA_STYLE('',(#7719));
#7721=SURFACE_STYLE_FILL_AREA(#7720);
#7722=SURFACE_SIDE_STYLE('',(#7721));
#7723=SURFACE_STYLE_USAGE(.POSITIVE.,#7722);
#7724=PRESENTATION_STYLE_ASSIGNMENT((#7723));
#7725=STYLED_ITEM('',(#7724),#7718);
#7726=CARTESIAN_POINT('',(-4.549111147542E-1,-1.6E0,1.971486363528E0));
#7727=DIRECTION('',(1.E0,0.E0,0.E0));
#7728=DIRECTION('',(0.E0,0.E0,1.E0));
#7729=AXIS2_PLACEMENT_3D('',#7726,#7727,#7728);
#7730=PLANE('',#7729);
#7731=ORIENTED_EDGE('',*,*,#4071,.F.);
#7733=ORIENTED_EDGE('',*,*,#7732,.T.);
#7734=ORIENTED_EDGE('',*,*,#5418,.T.);
#7735=ORIENTED_EDGE('',*,*,#7712,.F.);
#7736=EDGE_LOOP('',(#7731,#7733,#7734,#7735));
#7737=FACE_OUTER_BOUND('',#7736,.F.);
#7739=FILL_AREA_STYLE_COLOUR('',#1);
#7740=FILL_AREA_STYLE('',(#7739));
#7741=SURFACE_STYLE_FILL_AREA(#7740);
#7742=SURFACE_SIDE_STYLE('',(#7741));
#7743=SURFACE_STYLE_USAGE(.POSITIVE.,#7742);
#7744=PRESENTATION_STYLE_ASSIGNMENT((#7743));
#7745=STYLED_ITEM('',(#7744),#7738);
#7746=CARTESIAN_POINT('',(-3.582229240536E-1,-1.6E0,1.971486363528E0));
#7747=DIRECTION('',(0.E0,0.E0,1.E0));
#7748=DIRECTION('',(-1.E0,0.E0,0.E0));
#7749=AXIS2_PLACEMENT_3D('',#7746,#7747,#7748);
#7750=PLANE('',#7749);
#7751=ORIENTED_EDGE('',*,*,#4069,.F.);
#7753=ORIENTED_EDGE('',*,*,#7752,.T.);
#7754=ORIENTED_EDGE('',*,*,#5420,.T.);
#7755=ORIENTED_EDGE('',*,*,#7732,.F.);
#7756=EDGE_LOOP('',(#7751,#7753,#7754,#7755));
#7757=FACE_OUTER_BOUND('',#7756,.F.);
#7759=FILL_AREA_STYLE_COLOUR('',#1);
#7760=FILL_AREA_STYLE('',(#7759));
#7761=SURFACE_STYLE_FILL_AREA(#7760);
#7762=SURFACE_SIDE_STYLE('',(#7761));
#7763=SURFACE_STYLE_USAGE(.POSITIVE.,#7762);
#7764=PRESENTATION_STYLE_ASSIGNMENT((#7763));
#7765=STYLED_ITEM('',(#7764),#7758);
#7766=CARTESIAN_POINT('',(-3.582229240536E-1,-1.6E0,1.940524026548E0));
#7767=DIRECTION('',(1.E0,0.E0,0.E0));
#7768=DIRECTION('',(0.E0,0.E0,1.E0));
#7769=AXIS2_PLACEMENT_3D('',#7766,#7767,#7768);
#7770=PLANE('',#7769);
#7771=ORIENTED_EDGE('',*,*,#4067,.F.);
#7773=ORIENTED_EDGE('',*,*,#7772,.T.);
#7774=ORIENTED_EDGE('',*,*,#5422,.T.);
#7775=ORIENTED_EDGE('',*,*,#7752,.F.);
#7776=EDGE_LOOP('',(#7771,#7773,#7774,#7775));
#7777=FACE_OUTER_BOUND('',#7776,.F.);
#7779=FILL_AREA_STYLE_COLOUR('',#1);
#7780=FILL_AREA_STYLE('',(#7779));
#7781=SURFACE_STYLE_FILL_AREA(#7780);
#7782=SURFACE_SIDE_STYLE('',(#7781));
#7783=SURFACE_STYLE_USAGE(.POSITIVE.,#7782);
#7784=PRESENTATION_STYLE_ASSIGNMENT((#7783));
#7785=STYLED_ITEM('',(#7784),#7778);
#7786=CARTESIAN_POINT('',(-4.549111147542E-1,-1.6E0,1.940524026548E0));
#7787=DIRECTION('',(0.E0,0.E0,-1.E0));
#7788=DIRECTION('',(1.E0,0.E0,0.E0));
#7789=AXIS2_PLACEMENT_3D('',#7786,#7787,#7788);
#7790=PLANE('',#7789);
#7791=ORIENTED_EDGE('',*,*,#4065,.F.);
#7793=ORIENTED_EDGE('',*,*,#7792,.T.);
#7794=ORIENTED_EDGE('',*,*,#5424,.T.);
#7795=ORIENTED_EDGE('',*,*,#7772,.F.);
#7796=EDGE_LOOP('',(#7791,#7793,#7794,#7795));
#7797=FACE_OUTER_BOUND('',#7796,.F.);
#7799=FILL_AREA_STYLE_COLOUR('',#1);
#7800=FILL_AREA_STYLE('',(#7799));
#7801=SURFACE_STYLE_FILL_AREA(#7800);
#7802=SURFACE_SIDE_STYLE('',(#7801));
#7803=SURFACE_STYLE_USAGE(.POSITIVE.,#7802);
#7804=PRESENTATION_STYLE_ASSIGNMENT((#7803));
#7805=STYLED_ITEM('',(#7804),#7798);
#7806=CARTESIAN_POINT('',(-4.549111147542E-1,-1.6E0,1.849572161672E0));
#7807=DIRECTION('',(1.E0,0.E0,0.E0));
#7808=DIRECTION('',(0.E0,0.E0,1.E0));
#7809=AXIS2_PLACEMENT_3D('',#7806,#7807,#7808);
#7810=PLANE('',#7809);
#7811=ORIENTED_EDGE('',*,*,#4063,.F.);
#7813=ORIENTED_EDGE('',*,*,#7812,.T.);
#7814=ORIENTED_EDGE('',*,*,#5426,.T.);
#7815=ORIENTED_EDGE('',*,*,#7792,.F.);
#7816=EDGE_LOOP('',(#7811,#7813,#7814,#7815));
#7817=FACE_OUTER_BOUND('',#7816,.F.);
#7819=FILL_AREA_STYLE_COLOUR('',#1);
#7820=FILL_AREA_STYLE('',(#7819));
#7821=SURFACE_STYLE_FILL_AREA(#7820);
#7822=SURFACE_SIDE_STYLE('',(#7821));
#7823=SURFACE_STYLE_USAGE(.POSITIVE.,#7822);
#7824=PRESENTATION_STYLE_ASSIGNMENT((#7823));
#7825=STYLED_ITEM('',(#7824),#7818);
#7826=CARTESIAN_POINT('',(-3.444004521865E-1,-1.6E0,1.849572161672E0));
#7827=DIRECTION('',(0.E0,0.E0,1.E0));
#7828=DIRECTION('',(-1.E0,0.E0,0.E0));
#7829=AXIS2_PLACEMENT_3D('',#7826,#7827,#7828);
#7830=PLANE('',#7829);
#7831=ORIENTED_EDGE('',*,*,#4061,.F.);
#7832=ORIENTED_EDGE('',*,*,#7614,.T.);
#7833=ORIENTED_EDGE('',*,*,#5428,.T.);
#7834=ORIENTED_EDGE('',*,*,#7812,.F.);
#7835=EDGE_LOOP('',(#7831,#7832,#7833,#7834));
#7836=FACE_OUTER_BOUND('',#7835,.F.);
#7838=FILL_AREA_STYLE_COLOUR('',#1);
#7839=FILL_AREA_STYLE('',(#7838));
#7840=SURFACE_STYLE_FILL_AREA(#7839);
#7841=SURFACE_SIDE_STYLE('',(#7840));
#7842=SURFACE_STYLE_USAGE(.POSITIVE.,#7841);
#7843=PRESENTATION_STYLE_ASSIGNMENT((#7842));
#7844=STYLED_ITEM('',(#7843),#7837);
#7845=CARTESIAN_POINT('',(-1.961267899653E-1,-1.6E0,2.058015037409E0));
#7846=CARTESIAN_POINT('',(-2.032776175832E-1,-1.6E0,2.058015037409E0));
#7847=CARTESIAN_POINT('',(-2.240435799889E-1,-1.6E0,2.058015037409E0));
#7848=CARTESIAN_POINT('',(-2.519603700124E-1,-1.6E0,2.058015037409E0));
#7849=CARTESIAN_POINT('',(-2.727263324181E-1,-1.6E0,2.058015037409E0));
#7850=CARTESIAN_POINT('',(-2.798771600360E-1,-1.6E0,2.058015037409E0));
#7852=CURVE_STYLE('',#5694,POSITIVE_LENGTH_MEASURE(2.E-2),#1);
#7853=PRESENTATION_STYLE_ASSIGNMENT((#7852));
#7854=STYLED_ITEM('',(#7853),#7851);
#7855=DIRECTION('',(0.E0,-1.E0,0.E0));
#7856=VECTOR('',#7855,1.E0);
#7857=SURFACE_OF_LINEAR_EXTRUSION('',#7851,#7856);
#7858=ORIENTED_EDGE('',*,*,#4248,.F.);
#7860=ORIENTED_EDGE('',*,*,#7859,.T.);
#7861=ORIENTED_EDGE('',*,*,#5455,.T.);
#7863=ORIENTED_EDGE('',*,*,#7862,.F.);
#7864=EDGE_LOOP('',(#7858,#7860,#7861,#7863));
#7865=FACE_OUTER_BOUND('',#7864,.F.);
#7867=FILL_AREA_STYLE_COLOUR('',#1);
#7868=FILL_AREA_STYLE('',(#7867));
#7869=SURFACE_STYLE_FILL_AREA(#7868);
#7870=SURFACE_SIDE_STYLE('',(#7869));
#7871=SURFACE_STYLE_USAGE(.POSITIVE.,#7870);
#7872=PRESENTATION_STYLE_ASSIGNMENT((#7871));
#7873=STYLED_ITEM('',(#7872),#7866);
#7874=CARTESIAN_POINT('',(-2.584246771824E-1,-1.6E0,2.079467520263E0));
#7875=CARTESIAN_POINT('',(-2.584246771823E-1,-1.6E0,2.072316692645E0));
#7876=CARTESIAN_POINT('',(-2.584246771820E-1,-1.6E0,1.995684906448E0));
#7877=CARTESIAN_POINT('',(-2.584246771816E-1,-1.6E0,1.911902292633E0));
#7878=CARTESIAN_POINT('',(-2.584246771813E-1,-1.6E0,1.835270506436E0));
#7879=CARTESIAN_POINT('',(-2.584246771812E-1,-1.6E0,1.828119678818E0));
#7881=CURVE_STYLE('',#5694,POSITIVE_LENGTH_MEASURE(2.E-2),#1);
#7882=PRESENTATION_STYLE_ASSIGNMENT((#7881));
#7883=STYLED_ITEM('',(#7882),#7880);
#7884=DIRECTION('',(0.E0,-1.E0,0.E0));
#7885=VECTOR('',#7884,1.E0);
#7886=SURFACE_OF_LINEAR_EXTRUSION('',#7880,#7885);
#7887=ORIENTED_EDGE('',*,*,#4254,.F.);
#7889=ORIENTED_EDGE('',*,*,#7888,.T.);
#7890=ORIENTED_EDGE('',*,*,#5457,.T.);
#7891=ORIENTED_EDGE('',*,*,#7859,.F.);
#7892=EDGE_LOOP('',(#7887,#7889,#7890,#7891));
#7893=FACE_OUTER_BOUND('',#7892,.F.);
#7895=FILL_AREA_STYLE_COLOUR('',#1);
#7896=FILL_AREA_STYLE('',(#7895));
#7897=SURFACE_STYLE_FILL_AREA(#7896);
#7898=SURFACE_SIDE_STYLE('',(#7897));
#7899=SURFACE_STYLE_USAGE(.POSITIVE.,#7898);
#7900=PRESENTATION_STYLE_ASSIGNMENT((#7899));
#7901=STYLED_ITEM('',(#7900),#7894);
#7902=CARTESIAN_POINT('',(-2.798771600350E-1,-1.6E0,1.849572161672E0));
#7903=CARTESIAN_POINT('',(-2.727263324171E-1,-1.6E0,1.849572161672E0));
#7904=CARTESIAN_POINT('',(-2.524902314331E-1,-1.6E0,1.849572161672E0));
#7905=CARTESIAN_POINT('',(-2.251033028311E-1,-1.6E0,1.849572161672E0));
#7906=CARTESIAN_POINT('',(-2.048672018470E-1,-1.6E0,1.849572161672E0));
#7907=CARTESIAN_POINT('',(-1.977163742291E-1,-1.6E0,1.849572161672E0));
#7909=CURVE_STYLE('',#5694,POSITIVE_LENGTH_MEASURE(2.E-2),#1);
#7910=PRESENTATION_STYLE_ASSIGNMENT((#7909));
#7911=STYLED_ITEM('',(#7910),#7908);
#7912=DIRECTION('',(0.E0,-1.E0,0.E0));
#7913=VECTOR('',#7912,1.E0);
#7914=SURFACE_OF_LINEAR_EXTRUSION('',#7908,#7913);
#7915=ORIENTED_EDGE('',*,*,#4252,.F.);
#7917=ORIENTED_EDGE('',*,*,#7916,.T.);
#7918=ORIENTED_EDGE('',*,*,#5459,.T.);
#7919=ORIENTED_EDGE('',*,*,#7888,.F.);
#7920=EDGE_LOOP('',(#7915,#7917,#7918,#7919));
#7921=FACE_OUTER_BOUND('',#7920,.F.);
#7923=FILL_AREA_STYLE_COLOUR('',#1);
#7924=FILL_AREA_STYLE('',(#7923));
#7925=SURFACE_STYLE_FILL_AREA(#7924);
#7926=SURFACE_SIDE_STYLE('',(#7925));
#7927=SURFACE_STYLE_USAGE(.POSITIVE.,#7926);
#7928=PRESENTATION_STYLE_ASSIGNMENT((#7927));
#7929=STYLED_ITEM('',(#7928),#7922);
#7930=CARTESIAN_POINT('',(-2.301331479849E-1,-1.6E0,1.850013984729E0));
#7931=CARTESIAN_POINT('',(-2.265552162962E-1,-1.6E0,1.849721073451E0));
#7932=CARTESIAN_POINT('',(-1.949171697408E-1,-1.6E0,1.848435804041E0));
#7933=CARTESIAN_POINT('',(-1.280800149354E-1,-1.6E0,1.866773655174E0));
#7934=CARTESIAN_POINT('',(-1.006093115656E-1,-1.6E0,1.955666151102E0));
#7935=CARTESIAN_POINT('',(-1.290410559984E-1,-1.6E0,2.043594692085E0));
#7936=CARTESIAN_POINT('',(-1.942664315446E-1,-1.6E0,2.058968012608E0));
#7937=CARTESIAN_POINT('',(-2.247383235435E-1,-1.6E0,2.057889341824E0));
#7938=CARTESIAN_POINT('',(-2.281998024473E-1,-1.6E0,2.057646574114E0));
#7940=CURVE_STYLE('',#5694,POSITIVE_LENGTH_MEASURE(2.E-2),#1);
#7941=PRESENTATION_STYLE_ASSIGNMENT((#7940));
#7942=STYLED_ITEM('',(#7941),#7939);
#7943=DIRECTION('',(0.E0,-1.E0,0.E0));
#7944=VECTOR('',#7943,1.E0);
#7945=SURFACE_OF_LINEAR_EXTRUSION('',#7939,#7944);
#7946=ORIENTED_EDGE('',*,*,#4250,.T.);
#7947=ORIENTED_EDGE('',*,*,#7862,.T.);
#7948=ORIENTED_EDGE('',*,*,#5461,.T.);
#7949=ORIENTED_EDGE('',*,*,#7916,.F.);
#7950=EDGE_LOOP('',(#7946,#7947,#7948,#7949));
#7951=FACE_OUTER_BOUND('',#7950,.F.);
#7953=FILL_AREA_STYLE_COLOUR('',#1);
#7954=FILL_AREA_STYLE('',(#7953));
#7955=SURFACE_STYLE_FILL_AREA(#7954);
#7956=SURFACE_SIDE_STYLE('',(#7955));
#7957=SURFACE_STYLE_USAGE(.POSITIVE.,#7956);
#7958=PRESENTATION_STYLE_ASSIGNMENT((#7957));
#7959=STYLED_ITEM('',(#7958),#7952);
#7960=CARTESIAN_POINT('',(-1.975090371489E-1,-1.6E0,1.818748049410E0));
#7961=CARTESIAN_POINT('',(-2.046598647668E-1,-1.6E0,1.818748049410E0));
#7962=CARTESIAN_POINT('',(-2.365989919310E-1,-1.6E0,1.818748049410E0));
#7963=CARTESIAN_POINT('',(-2.756889467131E-1,-1.6E0,1.818748049410E0));
#7964=CARTESIAN_POINT('',(-3.076280738773E-1,-1.6E0,1.818748049410E0));
#7965=CARTESIAN_POINT('',(-3.147789014952E-1,-1.6E0,1.818748049410E0));
#7967=CURVE_STYLE('',#5694,POSITIVE_LENGTH_MEASURE(2.E-2),#1);
#7968=PRESENTATION_STYLE_ASSIGNMENT((#7967));
#7969=STYLED_ITEM('',(#7968),#7966);
#7970=DIRECTION('',(0.E0,-1.E0,0.E0));
#7971=VECTOR('',#7970,1.E0);
#7972=SURFACE_OF_LINEAR_EXTRUSION('',#7966,#7971);
#7973=ORIENTED_EDGE('',*,*,#4085,.F.);
#7975=ORIENTED_EDGE('',*,*,#7974,.T.);
#7976=ORIENTED_EDGE('',*,*,#5445,.T.);
#7978=ORIENTED_EDGE('',*,*,#7977,.F.);
#7979=EDGE_LOOP('',(#7973,#7975,#7976,#7978));
#7980=FACE_OUTER_BOUND('',#7979,.F.);
#7982=FILL_AREA_STYLE_COLOUR('',#1);
#7983=FILL_AREA_STYLE('',(#7982));
#7984=SURFACE_STYLE_FILL_AREA(#7983);
#7985=SURFACE_SIDE_STYLE('',(#7984));
#7986=SURFACE_STYLE_USAGE(.POSITIVE.,#7985);
#7987=PRESENTATION_STYLE_ASSIGNMENT((#7986));
#7988=STYLED_ITEM('',(#7987),#7981);
#7989=CARTESIAN_POINT('',(-2.933264186414E-1,-1.6E0,1.797295566557E0));
#7990=CARTESIAN_POINT('',(-2.933264186415E-1,-1.6E0,1.804446394174E0));
#7991=CARTESIAN_POINT('',(-2.933264186418E-1,-1.6E0,1.901719738358E0));
#7992=CARTESIAN_POINT('',(-2.933264186422E-1,-1.6E0,2.006143910159E0));
#7993=CARTESIAN_POINT('',(-2.933264186425E-1,-1.6E0,2.103417254342E0));
#7994=CARTESIAN_POINT('',(-2.933264186425E-1,-1.6E0,2.110568081960E0));
#7996=CURVE_STYLE('',#5694,POSITIVE_LENGTH_MEASURE(2.E-2),#1);
#7997=PRESENTATION_STYLE_ASSIGNMENT((#7996));
#7998=STYLED_ITEM('',(#7997),#7995);
#7999=DIRECTION('',(0.E0,-1.E0,0.E0));
#8000=VECTOR('',#7999,1.E0);
#8001=SURFACE_OF_LINEAR_EXTRUSION('',#7995,#8000);
#8002=ORIENTED_EDGE('',*,*,#4091,.F.);
#8004=ORIENTED_EDGE('',*,*,#8003,.T.);
#8005=ORIENTED_EDGE('',*,*,#5447,.T.);
#8006=ORIENTED_EDGE('',*,*,#7974,.F.);
#8007=EDGE_LOOP('',(#8002,#8004,#8005,#8006));
#8008=FACE_OUTER_BOUND('',#8007,.F.);
#8010=FILL_AREA_STYLE_COLOUR('',#1);
#8011=FILL_AREA_STYLE('',(#8010));
#8012=SURFACE_STYLE_FILL_AREA(#8011);
#8013=SURFACE_SIDE_STYLE('',(#8012));
#8014=SURFACE_STYLE_USAGE(.POSITIVE.,#8013);
#8015=PRESENTATION_STYLE_ASSIGNMENT((#8014));
#8016=STYLED_ITEM('',(#8015),#8009);
#8017=CARTESIAN_POINT('',(-3.147789014961E-1,-1.6E0,2.089115599106E0));
#8018=CARTESIAN_POINT('',(-3.076280738782E-1,-1.6E0,2.089115599106E0));
#8019=CARTESIAN_POINT('',(-2.747674485901E-1,-1.6E0,2.089115599106E0));
#8020=CARTESIAN_POINT('',(-2.347559956841E-1,-1.6E0,2.089115599106E0));
#8021=CARTESIAN_POINT('',(-2.018953703959E-1,-1.6E0,2.089115599106E0));
#8022=CARTESIAN_POINT('',(-1.947445427780E-1,-1.6E0,2.089115599106E0));
#8024=CURVE_STYLE('',#5694,POSITIVE_LENGTH_MEASURE(2.E-2),#1);
#8025=PRESENTATION_STYLE_ASSIGNMENT((#8024));
#8026=STYLED_ITEM('',(#8025),#8023);
#8027=DIRECTION('',(0.E0,-1.E0,0.E0));
#8028=VECTOR('',#8027,1.E0);
#8029=SURFACE_OF_LINEAR_EXTRUSION('',#8023,#8028);
#8030=ORIENTED_EDGE('',*,*,#4089,.F.);
#8032=ORIENTED_EDGE('',*,*,#8031,.T.);
#8033=ORIENTED_EDGE('',*,*,#5449,.T.);
#8034=ORIENTED_EDGE('',*,*,#8003,.F.);
#8035=EDGE_LOOP('',(#8030,#8032,#8033,#8034));
#8036=FACE_OUTER_BOUND('',#8035,.F.);
#8038=FILL_AREA_STYLE_COLOUR('',#1);
#8039=FILL_AREA_STYLE('',(#8038));
#8040=SURFACE_STYLE_FILL_AREA(#8039);
#8041=SURFACE_SIDE_STYLE('',(#8040));
#8042=SURFACE_STYLE_USAGE(.POSITIVE.,#8041);
#8043=PRESENTATION_STYLE_ASSIGNMENT((#8042));
#8044=STYLED_ITEM('',(#8043),#8037);
#8045=CARTESIAN_POINT('',(-2.271782765321E-1,-1.6E0,2.088764786846E0));
#8046=CARTESIAN_POINT('',(-2.235619809060E-1,-1.6E0,2.088997886629E0));
#8047=CARTESIAN_POINT('',(-1.841163069114E-1,-1.6E0,2.090264464060E0));
#8048=CARTESIAN_POINT('',(-1.030809379037E-1,-1.6E0,2.067111338728E0));
#8049=CARTESIAN_POINT('',(-5.870216101727E-2,-1.6E0,1.956003654985E0));
#8050=CARTESIAN_POINT('',(-1.021789663331E-1,-1.6E0,1.842725531509E0));
#8051=CARTESIAN_POINT('',(-1.857005438058E-1,-1.6E0,1.817560786305E0));
#8052=CARTESIAN_POINT('',(-2.262042565054E-1,-1.6E0,1.818864097775E0));
#8053=CARTESIAN_POINT('',(-2.297661067730E-1,-1.6E0,1.819094855593E0));
#8055=CURVE_STYLE('',#5694,POSITIVE_LENGTH_MEASURE(2.E-2),#1);
#8056=PRESENTATION_STYLE_ASSIGNMENT((#8055));
#8057=STYLED_ITEM('',(#8056),#8054);
#8058=DIRECTION('',(0.E0,-1.E0,0.E0));
#8059=VECTOR('',#8058,1.E0);
#8060=SURFACE_OF_LINEAR_EXTRUSION('',#8054,#8059);
#8061=ORIENTED_EDGE('',*,*,#4087,.T.);
#8062=ORIENTED_EDGE('',*,*,#7977,.T.);
#8063=ORIENTED_EDGE('',*,*,#5451,.T.);
#8064=ORIENTED_EDGE('',*,*,#8031,.F.);
#8065=EDGE_LOOP('',(#8061,#8062,#8063,#8064));
#8066=FACE_OUTER_BOUND('',#8065,.F.);
#8068=FILL_AREA_STYLE_COLOUR('',#1);
#8069=FILL_AREA_STYLE('',(#8068));
#8070=SURFACE_STYLE_FILL_AREA(#8069);
#8071=SURFACE_SIDE_STYLE('',(#8070));
#8072=SURFACE_STYLE_USAGE(.POSITIVE.,#8071);
#8073=PRESENTATION_STYLE_ASSIGNMENT((#8072));
#8074=STYLED_ITEM('',(#8073),#8067);
#8075=CARTESIAN_POINT('',(6.743220640106E-2,-1.6E0,2.035255153737E0));
#8076=CARTESIAN_POINT('',(6.738845336906E-2,-1.6E0,2.035377537714E0));
#8077=CARTESIAN_POINT('',(6.517283643646E-2,-1.6E0,2.041624720486E0));
#8078=CARTESIAN_POINT('',(6.372504117968E-2,-1.6E0,2.048280052580E0));
#8079=CARTESIAN_POINT('',(6.262531220640E-2,-1.6E0,2.054815716800E0));
#8080=CARTESIAN_POINT('',(6.260386835312E-2,-1.6E0,2.054943868187E0));
#8082=CURVE_STYLE('',#5694,POSITIVE_LENGTH_MEASURE(2.E-2),#1);
#8083=PRESENTATION_STYLE_ASSIGNMENT((#8082));
#8084=STYLED_ITEM('',(#8083),#8081);
#8085=DIRECTION('',(0.E0,-1.E0,0.E0));
#8086=VECTOR('',#8085,1.E0);
#8087=SURFACE_OF_LINEAR_EXTRUSION('',#8081,#8086);
#8088=ORIENTED_EDGE('',*,*,#4271,.T.);
#8090=ORIENTED_EDGE('',*,*,#8089,.T.);
#8091=ORIENTED_EDGE('',*,*,#5496,.T.);
#8093=ORIENTED_EDGE('',*,*,#8092,.F.);
#8094=EDGE_LOOP('',(#8088,#8090,#8091,#8093));
#8095=FACE_OUTER_BOUND('',#8094,.F.);
#8097=FILL_AREA_STYLE_COLOUR('',#1);
#8098=FILL_AREA_STYLE('',(#8097));
#8099=SURFACE_STYLE_FILL_AREA(#8098);
#8100=SURFACE_SIDE_STYLE('',(#8099));
#8101=SURFACE_STYLE_USAGE(.POSITIVE.,#8100);
#8102=PRESENTATION_STYLE_ASSIGNMENT((#8101));
#8103=STYLED_ITEM('',(#8102),#8096);
#8104=CARTESIAN_POINT('',(6.273013171046E-2,-1.6E0,2.054945365080E0));
#8105=CARTESIAN_POINT('',(6.270979737944E-2,-1.6E0,2.054816707204E0));
#8106=CARTESIAN_POINT('',(6.166315212432E-2,-1.6E0,2.048255593546E0));
#8107=CARTESIAN_POINT('',(6.009072821766E-2,-1.6E0,2.041594503163E0));
#8108=CARTESIAN_POINT('',(5.774166937070E-2,-1.6E0,2.035378756235E0));
#8109=CARTESIAN_POINT('',(5.769529678257E-2,-1.6E0,2.035257003038E0));
#8111=CURVE_STYLE('',#5694,POSITIVE_LENGTH_MEASURE(2.E-2),#1);
#8112=PRESENTATION_STYLE_ASSIGNMENT((#8111));
#8113=STYLED_ITEM('',(#8112),#8110);
#8114=DIRECTION('',(0.E0,-1.E0,0.E0));
#8115=VECTOR('',#8114,1.E0);
#8116=SURFACE_OF_LINEAR_EXTRUSION('',#8110,#8115);
#8117=ORIENTED_EDGE('',*,*,#4279,.T.);
#8119=ORIENTED_EDGE('',*,*,#8118,.T.);
#8120=ORIENTED_EDGE('',*,*,#5498,.T.);
#8121=ORIENTED_EDGE('',*,*,#8089,.F.);
#8122=EDGE_LOOP('',(#8117,#8119,#8120,#8121));
#8123=FACE_OUTER_BOUND('',#8122,.F.);
#8125=FILL_AREA_STYLE_COLOUR('',#1);
#8126=FILL_AREA_STYLE('',(#8125));
#8127=SURFACE_STYLE_FILL_AREA(#8126);
#8128=SURFACE_SIDE_STYLE('',(#8127));
#8129=SURFACE_STYLE_USAGE(.POSITIVE.,#8128);
#8130=PRESENTATION_STYLE_ASSIGNMENT((#8129));
#8131=STYLED_ITEM('',(#8130),#8124);
#8132=CARTESIAN_POINT('',(6.509589612734E-2,-1.6E0,2.055808427983E0));
#8133=CARTESIAN_POINT('',(6.267509045446E-2,-1.6E0,2.049079829651E0));
#8134=CARTESIAN_POINT('',(4.677737471307E-2,-1.6E0,2.004892332563E0));
#8135=CARTESIAN_POINT('',(2.845885329880E-2,-1.6E0,1.953976237142E0));
#8136=CARTESIAN_POINT('',(1.256113755741E-2,-1.6E0,1.909788740054E0));
#8137=CARTESIAN_POINT('',(1.014033188453E-2,-1.6E0,1.903060141722E0));
#8139=CURVE_STYLE('',#5694,POSITIVE_LENGTH_MEASURE(2.E-2),#1);
#8140=PRESENTATION_STYLE_ASSIGNMENT((#8139));
#8141=STYLED_ITEM('',(#8140),#8138);
#8142=DIRECTION('',(0.E0,-1.E0,0.E0));
#8143=VECTOR('',#8142,1.E0);
#8144=SURFACE_OF_LINEAR_EXTRUSION('',#8138,#8143);
#8145=ORIENTED_EDGE('',*,*,#4277,.F.);
#8147=ORIENTED_EDGE('',*,*,#8146,.T.);
#8148=ORIENTED_EDGE('',*,*,#5500,.T.);
#8149=ORIENTED_EDGE('',*,*,#8118,.F.);
#8150=EDGE_LOOP('',(#8145,#8147,#8148,#8149));
#8151=FACE_OUTER_BOUND('',#8150,.F.);
#8153=FILL_AREA_STYLE_COLOUR('',#1);
#8154=FILL_AREA_STYLE('',(#8153));
#8155=SURFACE_STYLE_FILL_AREA(#8154);
#8156=SURFACE_SIDE_STYLE('',(#8155));
#8157=SURFACE_STYLE_USAGE(.POSITIVE.,#8156);
#8158=PRESENTATION_STYLE_ASSIGNMENT((#8157));
#8159=STYLED_ITEM('',(#8158),#8152);
#8160=CARTESIAN_POINT('',(-4.049733950517E-3,-1.6E0,1.923245936718E0));
#8161=CARTESIAN_POINT('',(3.101093667379E-3,-1.6E0,1.923245936718E0));
#8162=CARTESIAN_POINT('',(4.050009721840E-2,-1.6E0,1.923245936718E0));
#8163=CARTESIAN_POINT('',(8.504992838733E-2,-1.6E0,1.923245936718E0));
#8164=CARTESIAN_POINT('',(1.224489319384E-1,-1.6E0,1.923245936718E0));
#8165=CARTESIAN_POINT('',(1.295997595562E-1,-1.6E0,1.923245936718E0));
#8167=CURVE_STYLE('',#5694,POSITIVE_LENGTH_MEASURE(2.E-2),#1);
#8168=PRESENTATION_STYLE_ASSIGNMENT((#8167));
#8169=STYLED_ITEM('',(#8168),#8166);
#8170=DIRECTION('',(0.E0,-1.E0,0.E0));
#8171=VECTOR('',#8170,1.E0);
#8172=SURFACE_OF_LINEAR_EXTRUSION('',#8166,#8171);
#8173=ORIENTED_EDGE('',*,*,#4275,.F.);
#8175=ORIENTED_EDGE('',*,*,#8174,.T.);
#8176=ORIENTED_EDGE('',*,*,#5502,.T.);
#8177=ORIENTED_EDGE('',*,*,#8146,.F.);
#8178=EDGE_LOOP('',(#8173,#8175,#8176,#8177));
#8179=FACE_OUTER_BOUND('',#8178,.F.);
#8181=FILL_AREA_STYLE_COLOUR('',#1);
#8182=FILL_AREA_STYLE('',(#8181));
#8183=SURFACE_STYLE_FILL_AREA(#8182);
#8184=SURFACE_SIDE_STYLE('',(#8183));
#8185=SURFACE_STYLE_USAGE(.POSITIVE.,#8184);
#8186=PRESENTATION_STYLE_ASSIGNMENT((#8185));
#8187=STYLED_ITEM('',(#8186),#8180);
#8188=CARTESIAN_POINT('',(1.154755270233E-1,-1.6E0,1.903083948527E0));
#8189=CARTESIAN_POINT('',(1.130327769164E-1,-1.6E0,1.909804611257E0));
#8190=CARTESIAN_POINT('',(9.697489202110E-2,-1.6E0,1.953984172744E0));
#8191=CARTESIAN_POINT('',(7.847425701890E-2,-1.6E0,2.004884396961E0));
#8192=CARTESIAN_POINT('',(6.241637212361E-2,-1.6E0,2.049063958448E0));
#8193=CARTESIAN_POINT('',(5.997362201670E-2,-1.6E0,2.055784621178E0));
#8195=CURVE_STYLE('',#5694,POSITIVE_LENGTH_MEASURE(2.E-2),#1);
#8196=PRESENTATION_STYLE_ASSIGNMENT((#8195));
#8197=STYLED_ITEM('',(#8196),#8194);
#8198=DIRECTION('',(0.E0,-1.E0,0.E0));
#8199=VECTOR('',#8198,1.E0);
#8200=SURFACE_OF_LINEAR_EXTRUSION('',#8194,#8199);
#8201=ORIENTED_EDGE('',*,*,#4273,.F.);
#8202=ORIENTED_EDGE('',*,*,#8092,.T.);
#8203=ORIENTED_EDGE('',*,*,#5504,.T.);
#8204=ORIENTED_EDGE('',*,*,#8174,.F.);
#8205=EDGE_LOOP('',(#8201,#8202,#8203,#8204));
#8206=FACE_OUTER_BOUND('',#8205,.F.);
#8208=FILL_AREA_STYLE_COLOUR('',#1);
#8209=FILL_AREA_STYLE('',(#8208));
#8210=SURFACE_STYLE_FILL_AREA(#8209);
#8211=SURFACE_SIDE_STYLE('',(#8210));
#8212=SURFACE_STYLE_USAGE(.POSITIVE.,#8211);
#8213=PRESENTATION_STYLE_ASSIGNMENT((#8212));
#8214=STYLED_ITEM('',(#8213),#8207);
#8215=CARTESIAN_POINT('',(1.850693326356E-1,-1.6E0,1.818748049410E0));
#8216=DIRECTION('',(9.345104387434E-1,0.E0,3.559357243655E-1));
#8217=DIRECTION('',(-3.559357243655E-1,0.E0,9.345104387434E-1));
#8218=AXIS2_PLACEMENT_3D('',#8215,#8216,#8217);
#8219=PLANE('',#8218);
#8220=ORIENTED_EDGE('',*,*,#4095,.F.);
#8222=ORIENTED_EDGE('',*,*,#8221,.T.);
#8223=ORIENTED_EDGE('',*,*,#5478,.T.);
#8225=ORIENTED_EDGE('',*,*,#8224,.F.);
#8226=EDGE_LOOP('',(#8220,#8222,#8223,#8225));
#8227=FACE_OUTER_BOUND('',#8226,.F.);
#8229=FILL_AREA_STYLE_COLOUR('',#1);
#8230=FILL_AREA_STYLE('',(#8229));
#8231=SURFACE_STYLE_FILL_AREA(#8230);
#8232=SURFACE_SIDE_STYLE('',(#8231));
#8233=SURFACE_STYLE_USAGE(.POSITIVE.,#8232);
#8234=PRESENTATION_STYLE_ASSIGNMENT((#8233));
#8235=STYLED_ITEM('',(#8234),#8228);
#8236=CARTESIAN_POINT('',(1.465046361311E-1,-1.6E0,1.818748049410E0));
#8237=DIRECTION('',(0.E0,0.E0,-1.E0));
#8238=DIRECTION('',(1.E0,0.E0,0.E0));
#8239=AXIS2_PLACEMENT_3D('',#8236,#8237,#8238);
#8240=PLANE('',#8239);
#8241=ORIENTED_EDGE('',*,*,#4109,.F.);
#8243=ORIENTED_EDGE('',*,*,#8242,.T.);
#8244=ORIENTED_EDGE('',*,*,#5480,.T.);
#8245=ORIENTED_EDGE('',*,*,#8221,.F.);
#8246=EDGE_LOOP('',(#8241,#8243,#8244,#8245));
#8247=FACE_OUTER_BOUND('',#8246,.F.);
#8249=FILL_AREA_STYLE_COLOUR('',#1);
#8250=FILL_AREA_STYLE('',(#8249));
#8251=SURFACE_STYLE_FILL_AREA(#8250);
#8252=SURFACE_SIDE_STYLE('',(#8251));
#8253=SURFACE_STYLE_USAGE(.POSITIVE.,#8252);
#8254=PRESENTATION_STYLE_ASSIGNMENT((#8253));
#8255=STYLED_ITEM('',(#8254),#8248);
#8256=CARTESIAN_POINT('',(1.189288047560E-1,-1.6E0,1.892698273893E0));
#8257=DIRECTION('',(-9.369753459431E-1,0.E0,-3.493954794996E-1));
#8258=DIRECTION('',(3.493954794996E-1,0.E0,-9.369753459431E-1));
#8259=AXIS2_PLACEMENT_3D('',#8256,#8257,#8258);
#8260=PLANE('',#8259);
#8261=ORIENTED_EDGE('',*,*,#4107,.F.);
#8263=ORIENTED_EDGE('',*,*,#8262,.T.);
#8264=ORIENTED_EDGE('',*,*,#5482,.T.);
#8265=ORIENTED_EDGE('',*,*,#8242,.F.);
#8266=EDGE_LOOP('',(#8261,#8263,#8264,#8265));
#8267=FACE_OUTER_BOUND('',#8266,.F.);
#8269=FILL_AREA_STYLE_COLOUR('',#1);
#8270=FILL_AREA_STYLE('',(#8269));
#8271=SURFACE_STYLE_FILL_AREA(#8270);
#8272=SURFACE_SIDE_STYLE('',(#8271));
#8273=SURFACE_STYLE_USAGE(.POSITIVE.,#8272);
#8274=PRESENTATION_STYLE_ASSIGNMENT((#8273));
#8275=STYLED_ITEM('',(#8274),#8268);
#8276=CARTESIAN_POINT('',(6.344771408750E-3,-1.6E0,1.892698273893E0));
#8277=DIRECTION('',(0.E0,0.E0,-1.E0));
#8278=DIRECTION('',(1.E0,0.E0,0.E0));
#8279=AXIS2_PLACEMENT_3D('',#8276,#8277,#8278);
#8280=PLANE('',#8279);
#8281=ORIENTED_EDGE('',*,*,#4105,.F.);
#8283=ORIENTED_EDGE('',*,*,#8282,.T.);
#8284=ORIENTED_EDGE('',*,*,#5484,.T.);
#8285=ORIENTED_EDGE('',*,*,#8262,.F.);
#8286=EDGE_LOOP('',(#8281,#8283,#8284,#8285));
#8287=FACE_OUTER_BOUND('',#8286,.F.);
#8289=FILL_AREA_STYLE_COLOUR('',#1);
#8290=FILL_AREA_STYLE('',(#8289));
#8291=SURFACE_STYLE_FILL_AREA(#8290);
#8292=SURFACE_SIDE_STYLE('',(#8291));
#8293=SURFACE_STYLE_USAGE(.POSITIVE.,#8292);
#8294=PRESENTATION_STYLE_ASSIGNMENT((#8293));
#8295=STYLED_ITEM('',(#8294),#8288);
#8296=CARTESIAN_POINT('',(-1.964147569814E-2,-1.6E0,1.818748049410E0));
#8297=DIRECTION('',(9.434452330860E-1,0.E0,-3.315284183405E-1));
#8298=DIRECTION('',(3.315284183405E-1,0.E0,9.434452330860E-1));
#8299=AXIS2_PLACEMENT_3D('',#8296,#8297,#8298);
#8300=PLANE('',#8299);
#8301=ORIENTED_EDGE('',*,*,#4103,.F.);
#8303=ORIENTED_EDGE('',*,*,#8302,.T.);
#8304=ORIENTED_EDGE('',*,*,#5486,.T.);
#8305=ORIENTED_EDGE('',*,*,#8282,.F.);
#8306=EDGE_LOOP('',(#8301,#8303,#8304,#8305));
#8307=FACE_OUTER_BOUND('',#8306,.F.);
#8309=FILL_AREA_STYLE_COLOUR('',#1);
#8310=FILL_AREA_STYLE('',(#8309));
#8311=SURFACE_STYLE_FILL_AREA(#8310);
#8312=SURFACE_SIDE_STYLE('',(#8311));
#8313=SURFACE_STYLE_USAGE(.POSITIVE.,#8312);
#8314=PRESENTATION_STYLE_ASSIGNMENT((#8313));
#8315=STYLED_ITEM('',(#8314),#8308);
#8316=CARTESIAN_POINT('',(-5.820617220257E-2,-1.6E0,1.818748049410E0));
#8317=DIRECTION('',(0.E0,0.E0,-1.E0));
#8318=DIRECTION('',(1.E0,0.E0,0.E0));
#8319=AXIS2_PLACEMENT_3D('',#8316,#8317,#8318);
#8320=PLANE('',#8319);
#8321=ORIENTED_EDGE('',*,*,#4101,.F.);
#8323=ORIENTED_EDGE('',*,*,#8322,.T.);
#8324=ORIENTED_EDGE('',*,*,#5488,.T.);
#8325=ORIENTED_EDGE('',*,*,#8302,.F.);
#8326=EDGE_LOOP('',(#8321,#8323,#8324,#8325));
#8327=FACE_OUTER_BOUND('',#8326,.F.);
#8329=FILL_AREA_STYLE_COLOUR('',#1);
#8330=FILL_AREA_STYLE('',(#8329));
#8331=SURFACE_STYLE_FILL_AREA(#8330);
#8332=SURFACE_SIDE_STYLE('',(#8331));
#8333=SURFACE_STYLE_USAGE(.POSITIVE.,#8332);
#8334=PRESENTATION_STYLE_ASSIGNMENT((#8333));
#8335=STYLED_ITEM('',(#8334),#8328);
#8336=CARTESIAN_POINT('',(4.477124319801E-2,-1.6E0,2.089115599106E0));
#8337=DIRECTION('',(-9.345104387426E-1,0.E0,3.559357243675E-1));
#8338=DIRECTION('',(-3.559357243675E-1,0.E0,-9.345104387426E-1));
#8339=AXIS2_PLACEMENT_3D('',#8336,#8337,#8338);
#8340=PLANE('',#8339);
#8341=ORIENTED_EDGE('',*,*,#4099,.F.);
#8343=ORIENTED_EDGE('',*,*,#8342,.T.);
#8344=ORIENTED_EDGE('',*,*,#5490,.T.);
#8345=ORIENTED_EDGE('',*,*,#8322,.F.);
#8346=EDGE_LOOP('',(#8341,#8343,#8344,#8345));
#8347=FACE_OUTER_BOUND('',#8346,.F.);
#8349=FILL_AREA_STYLE_COLOUR('',#1);
#8350=FILL_AREA_STYLE('',(#8349));
#8351=SURFACE_STYLE_FILL_AREA(#8350);
#8352=SURFACE_SIDE_STYLE('',(#8351));
#8353=SURFACE_STYLE_USAGE(.POSITIVE.,#8352);
#8354=PRESENTATION_STYLE_ASSIGNMENT((#8353));
#8355=STYLED_ITEM('',(#8354),#8348);
#8356=CARTESIAN_POINT('',(8.209191723566E-2,-1.6E0,2.089115599106E0));
#8357=DIRECTION('',(0.E0,0.E0,1.E0));
#8358=DIRECTION('',(-1.E0,0.E0,0.E0));
#8359=AXIS2_PLACEMENT_3D('',#8356,#8357,#8358);
#8360=PLANE('',#8359);
#8361=ORIENTED_EDGE('',*,*,#4097,.F.);
#8362=ORIENTED_EDGE('',*,*,#8224,.T.);
#8363=ORIENTED_EDGE('',*,*,#5492,.T.);
#8364=ORIENTED_EDGE('',*,*,#8342,.F.);
#8365=EDGE_LOOP('',(#8361,#8362,#8363,#8364));
#8366=FACE_OUTER_BOUND('',#8365,.F.);
#8368=FILL_AREA_STYLE_COLOUR('',#1);
#8369=FILL_AREA_STYLE('',(#8368));
#8370=SURFACE_STYLE_FILL_AREA(#8369);
#8371=SURFACE_SIDE_STYLE('',(#8370));
#8372=SURFACE_STYLE_USAGE(.POSITIVE.,#8371);
#8373=PRESENTATION_STYLE_ASSIGNMENT((#8372));
#8374=STYLED_ITEM('',(#8373),#8367);
#8375=CARTESIAN_POINT('',(-1.646716078822E0,-1.6E0,2.328472222138E0));
#8376=CARTESIAN_POINT('',(-1.647860243068E0,-1.6E0,2.331913630969E0));
#8377=CARTESIAN_POINT('',(-1.669278494689E0,-1.6E0,2.393186771493E0));
#8378=CARTESIAN_POINT('',(-1.762433239788E0,-1.6E0,2.529612087089E0));
#8379=CARTESIAN_POINT('',(-2.002762417342E0,-1.6E0,2.621921538323E0));
#8380=CARTESIAN_POINT('',(-2.221532935741E0,-1.6E0,2.550683566406E0));
#8381=CARTESIAN_POINT('',(-2.309132250003E0,-1.6E0,2.460048229799E0));
#8382=CARTESIAN_POINT('',(-2.335171575292E0,-1.6E0,2.425235723299E0));
#8383=CARTESIAN_POINT('',(-2.337310953989E0,-1.6E0,2.422313429752E0));
#8385=CURVE_STYLE('',#5694,POSITIVE_LENGTH_MEASURE(2.E-2),#1);
#8386=PRESENTATION_STYLE_ASSIGNMENT((#8385));
#8387=STYLED_ITEM('',(#8386),#8384);
#8388=DIRECTION('',(0.E0,-1.E0,0.E0));
#8389=VECTOR('',#8388,1.E0);
#8390=SURFACE_OF_LINEAR_EXTRUSION('',#8384,#8389);
#8391=ORIENTED_EDGE('',*,*,#4113,.F.);
#8393=ORIENTED_EDGE('',*,*,#8392,.T.);
#8394=ORIENTED_EDGE('',*,*,#5521,.T.);
#8396=ORIENTED_EDGE('',*,*,#8395,.F.);
#8397=EDGE_LOOP('',(#8391,#8393,#8394,#8396));
#8398=FACE_OUTER_BOUND('',#8397,.F.);
#8400=FILL_AREA_STYLE_COLOUR('',#1);
#8401=FILL_AREA_STYLE('',(#8400));
#8402=SURFACE_STYLE_FILL_AREA(#8401);
#8403=SURFACE_SIDE_STYLE('',(#8402));
#8404=SURFACE_STYLE_USAGE(.POSITIVE.,#8403);
#8405=PRESENTATION_STYLE_ASSIGNMENT((#8404));
#8406=STYLED_ITEM('',(#8405),#8399);
#8407=CARTESIAN_POINT('',(-1.717178398792E0,-1.6E0,1.817118861898E0));
#8408=CARTESIAN_POINT('',(-1.713470312221E0,-1.6E0,1.817261546127E0));
#8409=CARTESIAN_POINT('',(-1.644909778660E0,-1.6E0,1.821533377579E0));
#8410=CARTESIAN_POINT('',(-1.512744326462E0,-1.6E0,1.887574556446E0));
#8411=CARTESIAN_POINT('',(-1.411997361766E0,-1.6E0,2.126094726366E0));
#8412=CARTESIAN_POINT('',(-1.552974466056E0,-1.6E0,2.310996440764E0));
#8413=CARTESIAN_POINT('',(-1.657389947650E0,-1.6E0,2.340881039197E0));
#8414=CARTESIAN_POINT('',(-1.660956253387E0,-1.6E0,2.341794468761E0));
#8416=CURVE_STYLE('',#5694,POSITIVE_LENGTH_MEASURE(2.E-2),#1);
#8417=PRESENTATION_STYLE_ASSIGNMENT((#8416));
#8418=STYLED_ITEM('',(#8417),#8415);
#8419=DIRECTION('',(0.E0,-1.E0,0.E0));
#8420=VECTOR('',#8419,1.E0);
#8421=SURFACE_OF_LINEAR_EXTRUSION('',#8415,#8420);
#8422=ORIENTED_EDGE('',*,*,#4143,.F.);
#8424=ORIENTED_EDGE('',*,*,#8423,.T.);
#8425=ORIENTED_EDGE('',*,*,#5523,.T.);
#8426=ORIENTED_EDGE('',*,*,#8392,.F.);
#8427=EDGE_LOOP('',(#8422,#8424,#8425,#8426));
#8428=FACE_OUTER_BOUND('',#8427,.F.);
#8430=FILL_AREA_STYLE_COLOUR('',#1);
#8431=FILL_AREA_STYLE('',(#8430));
#8432=SURFACE_STYLE_FILL_AREA(#8431);
#8433=SURFACE_SIDE_STYLE('',(#8432));
#8434=SURFACE_STYLE_USAGE(.POSITIVE.,#8433);
#8435=PRESENTATION_STYLE_ASSIGNMENT((#8434));
#8436=STYLED_ITEM('',(#8435),#8429);
#8437=CARTESIAN_POINT('',(-1.711936660925E0,-1.6E0,1.817810370579E0));
#8438=CARTESIAN_POINT('',(-1.711898215310E0,-1.6E0,1.817810370579E0));
#8439=CARTESIAN_POINT('',(-1.709937488956E0,-1.6E0,1.817810370579E0));
#8440=CARTESIAN_POINT('',(-1.707938316988E0,-1.6E0,1.817810370579E0));
#8441=CARTESIAN_POINT('',(-1.705977590634E0,-1.6E0,1.817810370579E0));
#8442=CARTESIAN_POINT('',(-1.705939145019E0,-1.6E0,1.817810370579E0));
#8444=CURVE_STYLE('',#5694,POSITIVE_LENGTH_MEASURE(2.E-2),#1);
#8445=PRESENTATION_STYLE_ASSIGNMENT((#8444));
#8446=STYLED_ITEM('',(#8445),#8443);
#8447=DIRECTION('',(0.E0,-1.E0,0.E0));
#8448=VECTOR('',#8447,1.E0);
#8449=SURFACE_OF_LINEAR_EXTRUSION('',#8443,#8448);
#8450=ORIENTED_EDGE('',*,*,#4141,.F.);
#8452=ORIENTED_EDGE('',*,*,#8451,.T.);
#8453=ORIENTED_EDGE('',*,*,#5525,.T.);
#8454=ORIENTED_EDGE('',*,*,#8423,.F.);
#8455=EDGE_LOOP('',(#8450,#8452,#8453,#8454));
#8456=FACE_OUTER_BOUND('',#8455,.F.);
#8458=FILL_AREA_STYLE_COLOUR('',#1);
#8459=FILL_AREA_STYLE('',(#8458));
#8460=SURFACE_STYLE_FILL_AREA(#8459);
#8461=SURFACE_SIDE_STYLE('',(#8460));
#8462=SURFACE_STYLE_USAGE(.POSITIVE.,#8461);
#8463=PRESENTATION_STYLE_ASSIGNMENT((#8462));
#8464=STYLED_ITEM('',(#8463),#8457);
#8465=CARTESIAN_POINT('',(-1.717703503140E0,-1.6E0,1.817810370579E0));
#8466=CARTESIAN_POINT('',(-1.717665057526E0,-1.6E0,1.817810370579E0));
#8467=CARTESIAN_POINT('',(-1.715704331172E0,-1.6E0,1.817810370579E0));
#8468=CARTESIAN_POINT('',(-1.713705159204E0,-1.6E0,1.817810370579E0));
#8469=CARTESIAN_POINT('',(-1.711744432851E0,-1.6E0,1.817810370579E0));
#8470=CARTESIAN_POINT('',(-1.711705987236E0,-1.6E0,1.817810370579E0));
#8472=CURVE_STYLE('',#5694,POSITIVE_LENGTH_MEASURE(2.E-2),#1);
#8473=PRESENTATION_STYLE_ASSIGNMENT((#8472));
#8474=STYLED_ITEM('',(#8473),#8471);
#8475=DIRECTION('',(0.E0,-1.E0,0.E0));
#8476=VECTOR('',#8475,1.E0);
#8477=SURFACE_OF_LINEAR_EXTRUSION('',#8471,#8476);
#8478=ORIENTED_EDGE('',*,*,#4139,.F.);
#8480=ORIENTED_EDGE('',*,*,#8479,.T.);
#8481=ORIENTED_EDGE('',*,*,#5527,.T.);
#8482=ORIENTED_EDGE('',*,*,#8451,.F.);
#8483=EDGE_LOOP('',(#8478,#8480,#8481,#8482));
#8484=FACE_OUTER_BOUND('',#8483,.F.);
#8486=FILL_AREA_STYLE_COLOUR('',#1);
#8487=FILL_AREA_STYLE('',(#8486));
#8488=SURFACE_STYLE_FILL_AREA(#8487);
#8489=SURFACE_SIDE_STYLE('',(#8488));
#8490=SURFACE_STYLE_USAGE(.POSITIVE.,#8489);
#8491=PRESENTATION_STYLE_ASSIGNMENT((#8490));
#8492=STYLED_ITEM('',(#8491),#8485);
#8493=CARTESIAN_POINT('',(-1.840921772728E0,-1.6E0,1.817810370579E0));
#8494=CARTESIAN_POINT('',(-1.833770945111E0,-1.6E0,1.817810370579E0));
#8495=CARTESIAN_POINT('',(-1.792659742966E0,-1.6E0,1.817810370579E0));
#8496=CARTESIAN_POINT('',(-1.744397713204E0,-1.6E0,1.817810370579E0));
#8497=CARTESIAN_POINT('',(-1.703286511060E0,-1.6E0,1.817810370579E0));
#8498=CARTESIAN_POINT('',(-1.696135683442E0,-1.6E0,1.817810370579E0));
#8500=CURVE_STYLE('',#5694,POSITIVE_LENGTH_MEASURE(2.E-2),#1);
#8501=PRESENTATION_STYLE_ASSIGNMENT((#8500));
#8502=STYLED_ITEM('',(#8501),#8499);
#8503=DIRECTION('',(0.E0,-1.E0,0.E0));
#8504=VECTOR('',#8503,1.E0);
#8505=SURFACE_OF_LINEAR_EXTRUSION('',#8499,#8504);
#8506=ORIENTED_EDGE('',*,*,#4137,.F.);
#8508=ORIENTED_EDGE('',*,*,#8507,.T.);
#8509=ORIENTED_EDGE('',*,*,#5529,.T.);
#8510=ORIENTED_EDGE('',*,*,#8479,.F.);
#8511=EDGE_LOOP('',(#8506,#8508,#8509,#8510));
#8512=FACE_OUTER_BOUND('',#8511,.F.);
#8514=FILL_AREA_STYLE_COLOUR('',#1);
#8515=FILL_AREA_STYLE('',(#8514));
#8516=SURFACE_STYLE_FILL_AREA(#8515);
#8517=SURFACE_SIDE_STYLE('',(#8516));
#8518=SURFACE_STYLE_USAGE(.POSITIVE.,#8517);
#8519=PRESENTATION_STYLE_ASSIGNMENT((#8518));
#8520=STYLED_ITEM('',(#8519),#8513);
#8521=CARTESIAN_POINT('',(-1.792204778423E0,-1.6E0,1.940709538181E0));
#8522=CARTESIAN_POINT('',(-1.796391240036E0,-1.6E0,1.936321963125E0));
#8523=CARTESIAN_POINT('',(-1.804305716284E0,-1.6E0,1.933783801761E0));
#8524=CARTESIAN_POINT('',(-1.839031215518E0,-1.6E0,1.945908724601E0));
#8525=CARTESIAN_POINT('',(-1.905386398043E0,-1.6E0,1.876346978404E0));
#8526=CARTESIAN_POINT('',(-1.842538321868E0,-1.6E0,1.815562650521E0));
#8527=CARTESIAN_POINT('',(-1.811845409060E0,-1.6E0,1.817854339901E0));
#8528=CARTESIAN_POINT('',(-1.808173101891E0,-1.6E0,1.818728492002E0));
#8530=CURVE_STYLE('',#5694,POSITIVE_LENGTH_MEASURE(2.E-2),#1);
#8531=PRESENTATION_STYLE_ASSIGNMENT((#8530));
#8532=STYLED_ITEM('',(#8531),#8529);
#8533=DIRECTION('',(0.E0,-1.E0,0.E0));
#8534=VECTOR('',#8533,1.E0);
#8535=SURFACE_OF_LINEAR_EXTRUSION('',#8529,#8534);
#8536=ORIENTED_EDGE('',*,*,#4135,.F.);
#8538=ORIENTED_EDGE('',*,*,#8537,.T.);
#8539=ORIENTED_EDGE('',*,*,#5531,.T.);
#8540=ORIENTED_EDGE('',*,*,#8507,.F.);
#8541=EDGE_LOOP('',(#8536,#8538,#8539,#8540));
#8542=FACE_OUTER_BOUND('',#8541,.F.);
#8544=FILL_AREA_STYLE_COLOUR('',#1);
#8545=FILL_AREA_STYLE('',(#8544));
#8546=SURFACE_STYLE_FILL_AREA(#8545);
#8547=SURFACE_SIDE_STYLE('',(#8546));
#8548=SURFACE_STYLE_USAGE(.POSITIVE.,#8547);
#8549=PRESENTATION_STYLE_ASSIGNMENT((#8548));
#8550=STYLED_ITEM('',(#8549),#8543);
#8551=CARTESIAN_POINT('',(-1.696135756771E0,-1.6E0,1.935069764511E0));
#8552=CARTESIAN_POINT('',(-1.703286584389E0,-1.6E0,1.935069764511E0));
#8553=CARTESIAN_POINT('',(-1.739271696416E0,-1.6E0,1.935069764511E0));
#8554=CARTESIAN_POINT('',(-1.782407636060E0,-1.6E0,1.935069764511E0));
#8555=CARTESIAN_POINT('',(-1.818392748087E0,-1.6E0,1.935069764511E0));
#8556=CARTESIAN_POINT('',(-1.825543575705E0,-1.6E0,1.935069764511E0));
#8558=CURVE_STYLE('',#5694,POSITIVE_LENGTH_MEASURE(2.E-2),#1);
#8559=PRESENTATION_STYLE_ASSIGNMENT((#8558));
#8560=STYLED_ITEM('',(#8559),#8557);
#8561=DIRECTION('',(0.E0,-1.E0,0.E0));
#8562=VECTOR('',#8561,1.E0);
#8563=SURFACE_OF_LINEAR_EXTRUSION('',#8557,#8562);
#8564=ORIENTED_EDGE('',*,*,#4133,.F.);
#8566=ORIENTED_EDGE('',*,*,#8565,.T.);
#8567=ORIENTED_EDGE('',*,*,#5533,.T.);
#8568=ORIENTED_EDGE('',*,*,#8537,.F.);
#8569=EDGE_LOOP('',(#8564,#8566,#8567,#8568));
#8570=FACE_OUTER_BOUND('',#8569,.F.);
#8572=FILL_AREA_STYLE_COLOUR('',#1);
#8573=FILL_AREA_STYLE('',(#8572));
#8574=SURFACE_STYLE_FILL_AREA(#8573);
#8575=SURFACE_SIDE_STYLE('',(#8574));
#8576=SURFACE_STYLE_USAGE(.POSITIVE.,#8575);
#8577=PRESENTATION_STYLE_ASSIGNMENT((#8576));
#8578=STYLED_ITEM('',(#8577),#8571);
#8579=CARTESIAN_POINT('',(-1.756136638453E0,-1.6E0,2.235497555737E0));
#8580=CARTESIAN_POINT('',(-1.752230332810E0,-1.6E0,2.235051119978E0));
#8581=CARTESIAN_POINT('',(-1.743219117498E0,-1.6E0,2.234807067561E0));
#8582=CARTESIAN_POINT('',(-1.663852626779E0,-1.6E0,2.237680877446E0));
#8583=CARTESIAN_POINT('',(-1.504511089709E0,-1.6E0,2.089418039018E0));
#8584=CARTESIAN_POINT('',(-1.653777329848E0,-1.6E0,1.935893382918E0));
#8585=CARTESIAN_POINT('',(-1.725244600265E0,-1.6E0,1.934726861629E0));
#8586=CARTESIAN_POINT('',(-1.729042957409E0,-1.6E0,1.934895177610E0));
#8588=CURVE_STYLE('',#5694,POSITIVE_LENGTH_MEASURE(2.E-2),#1);
#8589=PRESENTATION_STYLE_ASSIGNMENT((#8588));
#8590=STYLED_ITEM('',(#8589),#8587);
#8591=DIRECTION('',(0.E0,-1.E0,0.E0));
#8592=VECTOR('',#8591,1.E0);
#8593=SURFACE_OF_LINEAR_EXTRUSION('',#8587,#8592);
#8594=ORIENTED_EDGE('',*,*,#4131,.F.);
#8596=ORIENTED_EDGE('',*,*,#8595,.T.);
#8597=ORIENTED_EDGE('',*,*,#5535,.T.);
#8598=ORIENTED_EDGE('',*,*,#8565,.F.);
#8599=EDGE_LOOP('',(#8594,#8596,#8597,#8598));
#8600=FACE_OUTER_BOUND('',#8599,.F.);
#8602=FILL_AREA_STYLE_COLOUR('',#1);
#8603=FILL_AREA_STYLE('',(#8602));
#8604=SURFACE_STYLE_FILL_AREA(#8603);
#8605=SURFACE_SIDE_STYLE('',(#8604));
#8606=SURFACE_STYLE_USAGE(.POSITIVE.,#8605);
#8607=PRESENTATION_STYLE_ASSIGNMENT((#8606));
#8608=STYLED_ITEM('',(#8607),#8601);
#8609=CARTESIAN_POINT('',(-2.274600131516E0,-1.6E0,2.279719462169E0));
#8610=CARTESIAN_POINT('',(-2.273574394222E0,-1.6E0,2.283392251358E0));
#8611=CARTESIAN_POINT('',(-2.241335248914E0,-1.6E0,2.387554170395E0));
#8612=CARTESIAN_POINT('',(-1.998483473589E0,-1.6E0,2.576396518403E0));
#8613=CARTESIAN_POINT('',(-1.754094170973E0,-1.6E0,2.350677906667E0));
#8614=CARTESIAN_POINT('',(-1.743748512522E0,-1.6E0,2.227360240260E0));
#8615=CARTESIAN_POINT('',(-1.743549056667E0,-1.6E0,2.223568892171E0));
#8617=CURVE_STYLE('',#5694,POSITIVE_LENGTH_MEASURE(2.E-2),#1);
#8618=PRESENTATION_STYLE_ASSIGNMENT((#8617));
#8619=STYLED_ITEM('',(#8618),#8616);
#8620=DIRECTION('',(0.E0,-1.E0,0.E0));
#8621=VECTOR('',#8620,1.E0);
#8622=SURFACE_OF_LINEAR_EXTRUSION('',#8616,#8621);
#8623=ORIENTED_EDGE('',*,*,#4129,.F.);
#8625=ORIENTED_EDGE('',*,*,#8624,.T.);
#8626=ORIENTED_EDGE('',*,*,#5537,.T.);
#8627=ORIENTED_EDGE('',*,*,#8595,.F.);
#8628=EDGE_LOOP('',(#8623,#8625,#8626,#8627));
#8629=FACE_OUTER_BOUND('',#8628,.F.);
#8631=FILL_AREA_STYLE_COLOUR('',#1);
#8632=FILL_AREA_STYLE('',(#8631));
#8633=SURFACE_STYLE_FILL_AREA(#8632);
#8634=SURFACE_SIDE_STYLE('',(#8633));
#8635=SURFACE_STYLE_USAGE(.POSITIVE.,#8634);
#8636=PRESENTATION_STYLE_ASSIGNMENT((#8635));
#8637=STYLED_ITEM('',(#8636),#8630);
#8638=CARTESIAN_POINT('',(-2.439470712539E0,-1.6E0,1.946085773063E0));
#8639=CARTESIAN_POINT('',(-2.442998683179E0,-1.6E0,1.947402971673E0));
#8640=CARTESIAN_POINT('',(-2.511066661770E0,-1.6E0,1.975687522563E0));
#8641=CARTESIAN_POINT('',(-2.637024649089E0,-1.6E0,2.149145963114E0));
#8642=CARTESIAN_POINT('',(-2.428205199547E0,-1.6E0,2.352231850171E0));
#8643=CARTESIAN_POINT('',(-2.297669193802E0,-1.6E0,2.307550090457E0));
#8644=CARTESIAN_POINT('',(-2.264788900293E0,-1.6E0,2.286737321808E0));
#8645=CARTESIAN_POINT('',(-2.261676265106E0,-1.6E0,2.284665957980E0));
#8647=CURVE_STYLE('',#5694,POSITIVE_LENGTH_MEASURE(2.E-2),#1);
#8648=PRESENTATION_STYLE_ASSIGNMENT((#8647));
#8649=STYLED_ITEM('',(#8648),#8646);
#8650=DIRECTION('',(0.E0,-1.E0,0.E0));
#8651=VECTOR('',#8650,1.E0);
#8652=SURFACE_OF_LINEAR_EXTRUSION('',#8646,#8651);
#8653=ORIENTED_EDGE('',*,*,#4127,.F.);
#8655=ORIENTED_EDGE('',*,*,#8654,.T.);
#8656=ORIENTED_EDGE('',*,*,#5539,.T.);
#8657=ORIENTED_EDGE('',*,*,#8624,.F.);
#8658=EDGE_LOOP('',(#8653,#8655,#8656,#8657));
#8659=FACE_OUTER_BOUND('',#8658,.F.);
#8661=FILL_AREA_STYLE_COLOUR('',#1);
#8662=FILL_AREA_STYLE('',(#8661));
#8663=SURFACE_STYLE_FILL_AREA(#8662);
#8664=SURFACE_SIDE_STYLE('',(#8663));
#8665=SURFACE_STYLE_USAGE(.POSITIVE.,#8664);
#8666=PRESENTATION_STYLE_ASSIGNMENT((#8665));
#8667=STYLED_ITEM('',(#8666),#8660);
#8668=CARTESIAN_POINT('',(-2.118097223853E0,-1.6E0,2.003209501504E0));
#8669=CARTESIAN_POINT('',(-2.120328361309E0,-1.6E0,2.006191546959E0));
#8670=CARTESIAN_POINT('',(-2.155565693701E0,-1.6E0,2.050131605522E0));
#8671=CARTESIAN_POINT('',(-2.290226306274E0,-1.6E0,2.115684685802E0));
#8672=CARTESIAN_POINT('',(-2.428495155089E0,-1.6E0,2.016671345882E0));
#8673=CARTESIAN_POINT('',(-2.452418791347E0,-1.6E0,1.943425425064E0));
#8674=CARTESIAN_POINT('',(-2.453428957727E0,-1.6E0,1.939869326744E0));
#8676=CURVE_STYLE('',#5694,POSITIVE_LENGTH_MEASURE(2.E-2),#1);
#8677=PRESENTATION_STYLE_ASSIGNMENT((#8676));
#8678=STYLED_ITEM('',(#8677),#8675);
#8679=DIRECTION('',(0.E0,-1.E0,0.E0));
#8680=VECTOR('',#8679,1.E0);
#8681=SURFACE_OF_LINEAR_EXTRUSION('',#8675,#8680);
#8682=ORIENTED_EDGE('',*,*,#4125,.F.);
#8684=ORIENTED_EDGE('',*,*,#8683,.T.);
#8685=ORIENTED_EDGE('',*,*,#5541,.T.);
#8686=ORIENTED_EDGE('',*,*,#8654,.F.);
#8687=EDGE_LOOP('',(#8682,#8684,#8685,#8686));
#8688=FACE_OUTER_BOUND('',#8687,.F.);
#8690=FILL_AREA_STYLE_COLOUR('',#1);
#8691=FILL_AREA_STYLE('',(#8690));
#8692=SURFACE_STYLE_FILL_AREA(#8691);
#8693=SURFACE_SIDE_STYLE('',(#8692));
#8694=SURFACE_STYLE_USAGE(.POSITIVE.,#8693);
#8695=PRESENTATION_STYLE_ASSIGNMENT((#8694));
#8696=STYLED_ITEM('',(#8695),#8689);
#8697=CARTESIAN_POINT('',(-1.848512047204E0,-1.6E0,2.156454143946E0));
#8698=CARTESIAN_POINT('',(-1.854850174988E0,-1.6E0,2.153143181577E0));
#8699=CARTESIAN_POINT('',(-1.947050391679E0,-1.6E0,2.104978887905E0));
#8700=CARTESIAN_POINT('',(-2.045588736153E0,-1.6E0,2.053503631864E0));
#8701=CARTESIAN_POINT('',(-2.137788952844E0,-1.6E0,2.005339338192E0));
#8702=CARTESIAN_POINT('',(-2.144127080628E0,-1.6E0,2.002028375822E0));
#8704=CURVE_STYLE('',#5694,POSITIVE_LENGTH_MEASURE(2.E-2),#1);
#8705=PRESENTATION_STYLE_ASSIGNMENT((#8704));
#8706=STYLED_ITEM('',(#8705),#8703);
#8707=DIRECTION('',(0.E0,-1.E0,0.E0));
#8708=VECTOR('',#8707,1.E0);
#8709=SURFACE_OF_LINEAR_EXTRUSION('',#8703,#8708);
#8710=ORIENTED_EDGE('',*,*,#4123,.F.);
#8712=ORIENTED_EDGE('',*,*,#8711,.T.);
#8713=ORIENTED_EDGE('',*,*,#5543,.T.);
#8714=ORIENTED_EDGE('',*,*,#8683,.F.);
#8715=EDGE_LOOP('',(#8710,#8712,#8713,#8714));
#8716=FACE_OUTER_BOUND('',#8715,.F.);
#8718=FILL_AREA_STYLE_COLOUR('',#1);
#8719=FILL_AREA_STYLE('',(#8718));
#8720=SURFACE_STYLE_FILL_AREA(#8719);
#8721=SURFACE_SIDE_STYLE('',(#8720));
#8722=SURFACE_STYLE_USAGE(.POSITIVE.,#8721);
#8723=PRESENTATION_STYLE_ASSIGNMENT((#8722));
#8724=STYLED_ITEM('',(#8723),#8717);
#8725=CARTESIAN_POINT('',(-1.797104610498E0,-1.6E0,2.026122575996E0));
#8726=CARTESIAN_POINT('',(-1.800714942146E0,-1.6E0,2.032295082862E0));
#8727=CARTESIAN_POINT('',(-1.824188882166E0,-1.6E0,2.072427976476E0));
#8728=CARTESIAN_POINT('',(-1.851273153833E0,-1.6E0,2.118733376956E0));
#8729=CARTESIAN_POINT('',(-1.874747093853E0,-1.6E0,2.158866270570E0));
#8730=CARTESIAN_POINT('',(-1.878357425501E0,-1.6E0,2.165038777436E0));
#8732=CURVE_STYLE('',#5694,POSITIVE_LENGTH_MEASURE(2.E-2),#1);
#8733=PRESENTATION_STYLE_ASSIGNMENT((#8732));
#8734=STYLED_ITEM('',(#8733),#8731);
#8735=DIRECTION('',(0.E0,-1.E0,0.E0));
#8736=VECTOR('',#8735,1.E0);
#8737=SURFACE_OF_LINEAR_EXTRUSION('',#8731,#8736);
#8738=ORIENTED_EDGE('',*,*,#4121,.F.);
#8740=ORIENTED_EDGE('',*,*,#8739,.T.);
#8741=ORIENTED_EDGE('',*,*,#5545,.T.);
#8742=ORIENTED_EDGE('',*,*,#8711,.F.);
#8743=EDGE_LOOP('',(#8738,#8740,#8741,#8742));
#8744=FACE_OUTER_BOUND('',#8743,.F.);
#8746=FILL_AREA_STYLE_COLOUR('',#1);
#8747=FILL_AREA_STYLE('',(#8746));
#8748=SURFACE_STYLE_FILL_AREA(#8747);
#8749=SURFACE_SIDE_STYLE('',(#8748));
#8750=SURFACE_STYLE_USAGE(.POSITIVE.,#8749);
#8751=PRESENTATION_STYLE_ASSIGNMENT((#8750));
#8752=STYLED_ITEM('',(#8751),#8745);
#8753=CARTESIAN_POINT('',(-2.096021625020E0,-1.6E0,1.892366065526E0));
#8754=CARTESIAN_POINT('',(-2.089699614433E0,-1.6E0,1.895707699521E0));
#8755=CARTESIAN_POINT('',(-1.993670941240E0,-1.6E0,1.946465709877E0));
#8756=CARTESIAN_POINT('',(-1.891320257461E0,-1.6E0,2.000565354229E0));
#8757=CARTESIAN_POINT('',(-1.795291584268E0,-1.6E0,2.051323364585E0));
#8758=CARTESIAN_POINT('',(-1.788969573681E0,-1.6E0,2.054664998580E0));
#8760=CURVE_STYLE('',#5694,POSITIVE_LENGTH_MEASURE(2.E-2),#1);
#8761=PRESENTATION_STYLE_ASSIGNMENT((#8760));
#8762=STYLED_ITEM('',(#8761),#8759);
#8763=DIRECTION('',(0.E0,-1.E0,0.E0));
#8764=VECTOR('',#8763,1.E0);
#8765=SURFACE_OF_LINEAR_EXTRUSION('',#8759,#8764);
#8766=ORIENTED_EDGE('',*,*,#4119,.F.);
#8768=ORIENTED_EDGE('',*,*,#8767,.T.);
#8769=ORIENTED_EDGE('',*,*,#5547,.T.);
#8770=ORIENTED_EDGE('',*,*,#8739,.F.);
#8771=EDGE_LOOP('',(#8766,#8768,#8769,#8770));
#8772=FACE_OUTER_BOUND('',#8771,.F.);
#8774=FILL_AREA_STYLE_COLOUR('',#1);
#8775=FILL_AREA_STYLE('',(#8774));
#8776=SURFACE_STYLE_FILL_AREA(#8775);
#8777=SURFACE_SIDE_STYLE('',(#8776));
#8778=SURFACE_STYLE_USAGE(.POSITIVE.,#8777);
#8779=PRESENTATION_STYLE_ASSIGNMENT((#8778));
#8780=STYLED_ITEM('',(#8779),#8773);
#8781=CARTESIAN_POINT('',(-2.455014623003E0,-1.6E0,1.832730690260E0));
#8782=CARTESIAN_POINT('',(-2.454134666351E0,-1.6E0,1.829019869982E0));
#8783=CARTESIAN_POINT('',(-2.432912936679E0,-1.6E0,1.753665850036E0));
#8784=CARTESIAN_POINT('',(-2.250842298261E0,-1.6E0,1.613049788706E0));
#8785=CARTESIAN_POINT('',(-2.073639874045E0,-1.6E0,1.799233952835E0));
#8786=CARTESIAN_POINT('',(-2.077190838133E0,-1.6E0,1.899814126144E0));
#8787=CARTESIAN_POINT('',(-2.076974507123E0,-1.6E0,1.910080893209E0));
#8788=CARTESIAN_POINT('',(-2.076666489149E0,-1.6E0,1.913947440327E0));
#8790=CURVE_STYLE('',#5694,POSITIVE_LENGTH_MEASURE(2.E-2),#1);
#8791=PRESENTATION_STYLE_ASSIGNMENT((#8790));
#8792=STYLED_ITEM('',(#8791),#8789);
#8793=DIRECTION('',(0.E0,-1.E0,0.E0));
#8794=VECTOR('',#8793,1.E0);
#8795=SURFACE_OF_LINEAR_EXTRUSION('',#8789,#8794);
#8796=ORIENTED_EDGE('',*,*,#4117,.F.);
#8798=ORIENTED_EDGE('',*,*,#8797,.T.);
#8799=ORIENTED_EDGE('',*,*,#5549,.T.);
#8800=ORIENTED_EDGE('',*,*,#8767,.F.);
#8801=EDGE_LOOP('',(#8796,#8798,#8799,#8800));
#8802=FACE_OUTER_BOUND('',#8801,.F.);
#8804=FILL_AREA_STYLE_COLOUR('',#1);
#8805=FILL_AREA_STYLE('',(#8804));
#8806=SURFACE_STYLE_FILL_AREA(#8805);
#8807=SURFACE_SIDE_STYLE('',(#8806));
#8808=SURFACE_STYLE_USAGE(.POSITIVE.,#8807);
#8809=PRESENTATION_STYLE_ASSIGNMENT((#8808));
#8810=STYLED_ITEM('',(#8809),#8803);
#8811=CARTESIAN_POINT('',(-2.319925969347E0,-1.6E0,2.429642535038E0));
#8812=CARTESIAN_POINT('',(-2.323548279436E0,-1.6E0,2.430101716635E0));
#8813=CARTESIAN_POINT('',(-2.341841854569E0,-1.6E0,2.432446878676E0));
#8814=CARTESIAN_POINT('',(-2.439613625834E0,-1.6E0,2.443407327068E0));
#8815=CARTESIAN_POINT('',(-2.620234609180E0,-1.6E0,2.365941524939E0));
#8816=CARTESIAN_POINT('',(-2.717551787059E0,-1.6E0,2.127907483927E0));
#8817=CARTESIAN_POINT('',(-2.633465670585E0,-1.6E0,1.909187782580E0));
#8818=CARTESIAN_POINT('',(-2.506433927550E0,-1.6E0,1.834625755363E0));
#8819=CARTESIAN_POINT('',(-2.444826398340E0,-1.6E0,1.819896423786E0));
#8820=CARTESIAN_POINT('',(-2.441274877916E0,-1.6E0,1.819114765799E0));
#8822=CURVE_STYLE('',#5694,POSITIVE_LENGTH_MEASURE(2.E-2),#1);
#8823=PRESENTATION_STYLE_ASSIGNMENT((#8822));
#8824=STYLED_ITEM('',(#8823),#8821);
#8825=DIRECTION('',(0.E0,-1.E0,0.E0));
#8826=VECTOR('',#8825,1.E0);
#8827=SURFACE_OF_LINEAR_EXTRUSION('',#8821,#8826);
#8828=ORIENTED_EDGE('',*,*,#4115,.F.);
#8829=ORIENTED_EDGE('',*,*,#8395,.T.);
#8830=ORIENTED_EDGE('',*,*,#5551,.T.);
#8831=ORIENTED_EDGE('',*,*,#8797,.F.);
#8832=EDGE_LOOP('',(#8828,#8829,#8830,#8831));
#8833=FACE_OUTER_BOUND('',#8832,.F.);
#8835=FILL_AREA_STYLE_COLOUR('',#1);
#8836=FILL_AREA_STYLE('',(#8835));
#8837=SURFACE_STYLE_FILL_AREA(#8836);
#8838=SURFACE_SIDE_STYLE('',(#8837));
#8839=SURFACE_STYLE_USAGE(.POSITIVE.,#8838);
#8840=PRESENTATION_STYLE_ASSIGNMENT((#8839));
#8841=STYLED_ITEM('',(#8840),#8834);
#8846=PLANE_ANGLE_MEASURE_WITH_UNIT(PLANE_ANGLE_MEASURE(1.745329251994E-2),
#8845);
#8847=(CONVERSION_BASED_UNIT('DEGREE',#8846)NAMED_UNIT(*)PLANE_ANGLE_UNIT());
#8849=UNCERTAINTY_MEASURE_WITH_UNIT(LENGTH_MEASURE(1.787635396198E-3),#8844,
'distance_accuracy_value',
'Maximum model space distance between geometric entities at asserted connectivities');
#8852=MECHANICAL_DESIGN_GEOMETRIC_PRESENTATION_REPRESENTATION('',(#3062,#3086,
#3152,#3233,#3319,#3372,#3393,#3414,#3436,#3458,#3484,#3566,#3627,#3679,#3698,
#3724,#3749,#3771,#3792,#3817,#3888,#4154,#4173,#4196,#4221,#4242,#4265,#4290,
#4312,#4333,#4354,#4374,#4398,#4480,#4566,#4617,#4690,#4713,#4794,#4856,#4907,
#4971,#4996,#5019,#5036,#5053,#5075,#5095,#5122,#5145,#5184,#5217,#5260,#5299,
#5338,#5361,#5400,#5439,#5472,#5515,#5566,#5587,#5607,#5627,#5647,#5667,#5686,
#5697,#5716,#5731,#5749,#5759,#5777,#5792,#5809,#5830,#5850,#5870,#5890,#5910,
#5930,#5950,#5970,#5990,#6010,#6030,#6049,#6059,#6078,#6088,#6106,#6116,#6134,
#6147,#6164,#6174,#6193,#6203,#6221,#6231,#6249,#6262,#6279,#6289,#6308,#6318,
#6336,#6346,#6364,#6374,#6392,#6402,#6419,#6440,#6460,#6480,#6500,#6520,#6540,
#6560,#6579,#6600,#6620,#6640,#6660,#6680,#6700,#6720,#6740,#6760,#6780,#6800,
#6819,#6829,#6848,#6863,#6881,#6891,#6908,#6918,#6937,#6950,#6968,#6978,#6996,
#7007,#7025,#7035,#7053,#7064,#7082,#7092,#7110,#7120,#7137,#7147,#7166,#7184,
#7202,#7212,#7230,#7249,#7266,#7276,#7295,#7305,#7323,#7333,#7351,#7361,#7379,
#7389,#7407,#7418,#7436,#7446,#7464,#7475,#7493,#7503,#7521,#7531,#7549,#7559,
#7577,#7587,#7604,#7625,#7645,#7665,#7685,#7705,#7725,#7745,#7765,#7785,#7805,
#7825,#7844,#7854,#7873,#7883,#7901,#7911,#7929,#7942,#7959,#7969,#7988,#7998,
#8016,#8026,#8044,#8057,#8074,#8084,#8103,#8113,#8131,#8141,#8159,#8169,#8187,
#8197,#8214,#8235,#8255,#8275,#8295,#8315,#8335,#8355,#8374,#8387,#8406,#8418,
#8436,#8446,#8464,#8474,#8492,#8502,#8520,#8532,#8550,#8560,#8578,#8590,#8608,
#8619,#8637,#8649,#8667,#8678,#8696,#8706,#8724,#8734,#8752,#8762,#8780,#8792,
#8810,#8824,#8841),#8850);
#8853=APPLICATION_CONTEXT('automotive_design');
#8854=APPLICATION_PROTOCOL_DEFINITION('international standard',
'automotive_design',2001,#8853);
#8855=PRODUCT_DEFINITION_CONTEXT('part definition',#8853,'design');
#8856=PRODUCT_CONTEXT('',#8853,'mechanical');
#8857=PRODUCT('CAP-TH_L9','CAP-TH_L9','NOT SPECIFIED',(#8856));
#8858=PRODUCT_DEFINITION_FORMATION('2','LAST_VERSION',#8857);
#8866=DERIVED_UNIT_ELEMENT(#8865,2.E0);
#8867=DERIVED_UNIT((#8866));
#8868=MEASURE_REPRESENTATION_ITEM('surface area measure',AREA_MEASURE(
2.803427683596E2),#8867);
#8873=DERIVED_UNIT_ELEMENT(#8872,3.E0);
#8874=DERIVED_UNIT((#8873));
#8875=MEASURE_REPRESENTATION_ITEM('volume measure',VOLUME_MEASURE(
2.731680511757E2),#8874);
#8879=CARTESIAN_POINT('centre point',(-3.652141353014E-5,-3.743320565380E-5,
4.813600937594E0));
#8884=DERIVED_UNIT_ELEMENT(#8883,2.E0);
#8885=DERIVED_UNIT((#8884));
#8886=MEASURE_REPRESENTATION_ITEM('surface area measure',AREA_MEASURE(
2.803427683596E2),#8885);
#8891=DERIVED_UNIT_ELEMENT(#8890,3.E0);
#8892=DERIVED_UNIT((#8891));
#8893=MEASURE_REPRESENTATION_ITEM('volume measure',VOLUME_MEASURE(
2.731680511757E2),#8892);
#8897=CARTESIAN_POINT('centre point',(-3.652141353014E-5,-3.743320565380E-5,
4.813600937594E0));
#8902=PRODUCT_RELATED_PRODUCT_CATEGORY('part','',(#8857));
#1=DRAUGHTING_PRE_DEFINED_COLOUR('black');
#2=DRAUGHTING_PRE_DEFINED_COLOUR('green');
#3=COLOUR_RGB('',1.1E-2,1.2E-2,1.E0);
#4=COLOUR_RGB('',2.156862745098E-1,5.176470588235E-1,1.E0);
#5=COLOUR_RGB('',2.352941176471E-1,1.E0,6.509803921569E-1);
#6=COLOUR_RGB('',2.588235294118E-1,2.588235294118E-1,2.588235294118E-1);
#7=COLOUR_RGB('',2.588235294118E-1,3.411764705882E-1,8.627450980392E-1);
#8=COLOUR_RGB('',2.705882352941E-1,7.294117647059E-1,1.E0);
#9=COLOUR_RGB('',3.333333333333E-1,8.156862745098E-1,4.392156862745E-1);
#10=COLOUR_RGB('',3.450980392157E-1,8.156862745098E-1,5.490196078431E-1);
#11=COLOUR_RGB('',4.1E-1,2.61589E-1,1.12848E-1);
#12=COLOUR_RGB('',4.470588235294E-1,1.E0,3.960784313725E-1);
#13=COLOUR_RGB('',4.509803921569E-1,1.E0,6.196078431373E-1);
#14=COLOUR_RGB('',5.04854E-1,1.5455E-2,1.5455E-2);
#15=COLOUR_RGB('',5.048543689320E-1,1.416451502226E-1,1.179968552095E-1);
#16=COLOUR_RGB('',5.450980392157E-1,2.627450980392E-1,1.764705882353E-1);
#17=COLOUR_RGB('',6.313725490196E-1,5.725490196078E-1,5.176470588235E-1);
#18=COLOUR_RGB('',6.35294E-1,6.86275E-1,7.4902E-1);
#19=COLOUR_RGB('',6.69062E-1,6.69903E-1,6.55217E-1);
#20=COLOUR_RGB('',6.862745098039E-1,4.078431372549E-1,2.431372549020E-1);
#21=COLOUR_RGB('',6.862745098039E-1,5.372549019608E-1,4.352941176471E-1);
#22=COLOUR_RGB('',6.901960784314E-1,1.921568627451E-1,1.607843137255E-1);
#23=COLOUR_RGB('',7.529411764706E-1,7.529411764706E-1,7.529411764706E-1);
#24=COLOUR_RGB('',7.960784313725E-1,8.117647058824E-1,9.411764705882E-1);
#25=COLOUR_RGB('',8.039215686275E-1,4.980392156863E-1,1.960784313725E-1);
#26=COLOUR_RGB('',8.15534E-1,8.15534E-1,8.15534E-1);
#27=COLOUR_RGB('',8.745098039216E-1,8.745098039216E-1,7.529411764706E-1);
#28=COLOUR_RGB('',8.823529411765E-1,8.823529411765E-1,8.823529411765E-1);
#29=COLOUR_RGB('',8.901960784314E-1,7.490196078431E-1,6.196078431373E-1);
#30=COLOUR_RGB('',9.21569E-1,7.05882E-1,4.70588E-1);
#31=COLOUR_RGB('',9.647058823529E-1,9.176470588235E-1,6.705882352941E-1);
#32=DRAUGHTING_PRE_DEFINED_COLOUR('red');
#33=COLOUR_RGB('',1.E0,2.980392156863E-1,5.490196078431E-2);
#34=DRAUGHTING_PRE_DEFINED_COLOUR('yellow');
#35=COLOUR_RGB('',1.E0,1.E0,5.3E-1);
#36=COLOUR_RGB('',1.E0,1.E0,9.49E-1);
#37=DRAUGHTING_PRE_DEFINED_COLOUR('white');
#50=CIRCLE('',#49,9.E-1);
#65=B_SPLINE_CURVE_WITH_KNOTS('',3,(#55,#56,#57,#58,#59,#60,#61,#62,#63,#64),
.UNSPECIFIED.,.F.,.F.,(4,1,1,1,1,1,1,4),(0.E0,1.428571428571E-1,
2.857142857143E-1,4.285714285714E-1,5.714285714286E-1,7.142857142857E-1,
8.571428571429E-1,1.E0),.UNSPECIFIED.);
#80=B_SPLINE_CURVE_WITH_KNOTS('',3,(#66,#67,#68,#69,#70,#71,#72,#73,#74,#75,#76,
#77,#78,#79),.UNSPECIFIED.,.F.,.F.,(4,1,1,1,1,1,1,1,1,1,1,4),(0.E0,
9.090909090909E-2,1.818181818182E-1,2.727272727273E-1,3.636363636364E-1,
4.545454545455E-1,5.454545454545E-1,6.363636363636E-1,7.272727272727E-1,
8.181818181818E-1,9.090909090909E-1,1.E0),.UNSPECIFIED.);
#85=CIRCLE('',#84,1.400000000005E0);
#90=CIRCLE('',#89,1.399999989923E0);
#95=CIRCLE('',#94,1.400000001589E0);
#111=B_SPLINE_CURVE_WITH_KNOTS('',3,(#96,#97,#98,#99,#100,#101,#102,#103,#104,
#105,#106,#107,#108,#109,#110),.UNSPECIFIED.,.F.,.F.,(4,1,1,1,1,1,1,1,1,1,1,1,
4),(0.E0,8.333333333333E-2,1.666666666667E-1,2.5E-1,3.333333333333E-1,
4.166666666667E-1,5.E-1,5.833333333333E-1,6.666666666667E-1,7.5E-1,
8.333333333333E-1,9.166666666667E-1,1.E0),.UNSPECIFIED.);
#120=B_SPLINE_CURVE_WITH_KNOTS('',3,(#112,#113,#114,#115,#116,#117,#118,#119),
.UNSPECIFIED.,.F.,.F.,(4,1,1,1,1,4),(0.E0,2.E-1,4.E-1,6.E-1,8.E-1,1.E0),
.UNSPECIFIED.);
#130=B_SPLINE_CURVE_WITH_KNOTS('',3,(#121,#122,#123,#124,#125,#126,#127,#128,
#129),.UNSPECIFIED.,.F.,.F.,(4,1,1,1,1,1,4),(0.E0,1.666666666667E-1,
3.333333333333E-1,5.E-1,6.666666666667E-1,8.333333333333E-1,1.E0),
.UNSPECIFIED.);
#135=CIRCLE('',#134,7.E-1);
#140=CIRCLE('',#139,7.E-1);
#145=CIRCLE('',#144,7.E-1);
#150=CIRCLE('',#149,1.6E0);
#155=CIRCLE('',#154,1.6E0);
#186=B_SPLINE_CURVE_WITH_KNOTS('',3,(#172,#173,#174,#175,#176,#177,#178,#179,
#180,#181,#182,#183,#184,#185),.UNSPECIFIED.,.F.,.F.,(4,1,1,1,1,1,1,1,1,1,1,4),(
0.E0,9.090909090909E-2,1.818181818182E-1,2.727272727273E-1,3.636363636364E-1,
4.545454545455E-1,5.454545454545E-1,6.363636363636E-1,7.272727272727E-1,
8.181818181818E-1,9.090909090909E-1,1.E0),.UNSPECIFIED.);
#199=B_SPLINE_CURVE_WITH_KNOTS('',3,(#187,#188,#189,#190,#191,#192,#193,#194,
#195,#196,#197,#198),.UNSPECIFIED.,.F.,.F.,(4,1,1,1,1,1,1,1,1,4),(0.E0,
1.111111111111E-1,2.222222222222E-1,3.333333333333E-1,4.444444444444E-1,
5.555555555556E-1,6.666666666667E-1,7.777777777778E-1,8.888888888889E-1,1.E0),
.UNSPECIFIED.);
#204=CIRCLE('',#203,1.400000004331E0);
#209=CIRCLE('',#208,1.399999995594E0);
#219=B_SPLINE_CURVE_WITH_KNOTS('',3,(#210,#211,#212,#213,#214,#215,#216,#217,
#218),.UNSPECIFIED.,.F.,.F.,(4,1,1,1,1,1,4),(0.E0,1.666666666667E-1,
3.333333333333E-1,5.E-1,6.666666666667E-1,8.333333333333E-1,1.E0),
.UNSPECIFIED.);
#229=B_SPLINE_CURVE_WITH_KNOTS('',3,(#220,#221,#222,#223,#224,#225,#226,#227,
#228),.UNSPECIFIED.,.F.,.F.,(4,1,1,1,1,1,4),(0.E0,1.666666666667E-1,
3.333333333333E-1,5.E-1,6.666666666667E-1,8.333333333333E-1,1.E0),
.UNSPECIFIED.);
#238=B_SPLINE_CURVE_WITH_KNOTS('',3,(#230,#231,#232,#233,#234,#235,#236,#237),
.UNSPECIFIED.,.F.,.F.,(4,1,1,1,1,4),(0.E0,2.E-1,4.E-1,6.E-1,8.E-1,1.E0),
.UNSPECIFIED.);
#243=CIRCLE('',#242,7.E-1);
#254=B_SPLINE_CURVE_WITH_KNOTS('',3,(#244,#245,#246,#247,#248,#249,#250,#251,
#252,#253),.UNSPECIFIED.,.F.,.F.,(4,1,1,1,1,1,1,4),(0.E0,1.428571428571E-1,
2.857142857143E-1,4.285714285714E-1,5.714285714286E-1,7.142857142857E-1,
8.571428571429E-1,1.E0),.UNSPECIFIED.);
#263=CIRCLE('',#262,2.5E-1);
#278=B_SPLINE_CURVE_WITH_KNOTS('',3,(#264,#265,#266,#267,#268,#269,#270,#271,
#272,#273,#274,#275,#276,#277),.UNSPECIFIED.,.F.,.F.,(4,1,1,1,1,1,1,1,1,1,1,4),(
0.E0,9.090909090909E-2,1.818181818182E-1,2.727272727273E-1,3.636363636364E-1,
4.545454545455E-1,5.454545454545E-1,6.363636363636E-1,7.272727272727E-1,
8.181818181818E-1,9.090909090909E-1,1.E0),.UNSPECIFIED.);
#288=B_SPLINE_CURVE_WITH_KNOTS('',3,(#279,#280,#281,#282,#283,#284,#285,#286,
#287),.UNSPECIFIED.,.F.,.F.,(4,1,1,1,1,1,4),(0.E0,1.666666666667E-1,
3.333333333333E-1,5.E-1,6.666666666667E-1,8.333333333333E-1,1.E0),
.UNSPECIFIED.);
#293=CIRCLE('',#292,2.5E-1);
#312=B_SPLINE_CURVE_WITH_KNOTS('',3,(#298,#299,#300,#301,#302,#303,#304,#305,
#306,#307,#308,#309,#310,#311),.UNSPECIFIED.,.F.,.F.,(4,1,1,1,1,1,1,1,1,1,1,4),(
0.E0,9.090909090909E-2,1.818181818182E-1,2.727272727273E-1,3.636363636364E-1,
4.545454545455E-1,5.454545454545E-1,6.363636363636E-1,7.272727272727E-1,
8.181818181818E-1,9.090909090909E-1,1.E0),.UNSPECIFIED.);
#328=B_SPLINE_CURVE_WITH_KNOTS('',3,(#313,#314,#315,#316,#317,#318,#319,#320,
#321,#322,#323,#324,#325,#326,#327),.UNSPECIFIED.,.F.,.F.,(4,1,1,1,1,1,1,1,1,1,
1,1,4),(0.E0,8.333333333333E-2,1.666666666667E-1,2.5E-1,3.333333333333E-1,
4.166666666667E-1,5.E-1,5.833333333333E-1,6.666666666667E-1,7.5E-1,
8.333333333333E-1,9.166666666667E-1,1.E0),.UNSPECIFIED.);
#341=B_SPLINE_CURVE_WITH_KNOTS('',3,(#329,#330,#331,#332,#333,#334,#335,#336,
#337,#338,#339,#340),.UNSPECIFIED.,.F.,.F.,(4,1,1,1,1,1,1,1,1,4),(0.E0,
1.111111111111E-1,2.222222222222E-1,3.333333333333E-1,4.444444444444E-1,
5.555555555556E-1,6.666666666667E-1,7.777777777778E-1,8.888888888889E-1,1.E0),
.UNSPECIFIED.);
#346=CIRCLE('',#345,1.65E0);
#351=CIRCLE('',#350,1.4E0);
#372=B_SPLINE_CURVE_WITH_KNOTS('',3,(#360,#361,#362,#363,#364,#365,#366,#367,
#368,#369,#370,#371),.UNSPECIFIED.,.F.,.F.,(4,1,1,1,1,1,1,1,1,4),(0.E0,
1.111111111111E-1,2.222222222222E-1,3.333333333333E-1,4.444444444444E-1,
5.555555555556E-1,6.666666666667E-1,7.777777777778E-1,8.888888888889E-1,1.E0),
.UNSPECIFIED.);
#387=B_SPLINE_CURVE_WITH_KNOTS('',3,(#373,#374,#375,#376,#377,#378,#379,#380,
#381,#382,#383,#384,#385,#386),.UNSPECIFIED.,.F.,.F.,(4,1,1,1,1,1,1,1,1,1,1,4),(
0.E0,9.090909090909E-2,1.818181818182E-1,2.727272727273E-1,3.636363636364E-1,
4.545454545455E-1,5.454545454545E-1,6.363636363636E-1,7.272727272727E-1,
8.181818181818E-1,9.090909090909E-1,1.E0),.UNSPECIFIED.);
#392=CIRCLE('',#391,1.399999999578E0);
#413=CIRCLE('',#412,7.496915046188E-2);
#418=CIRCLE('',#417,7.496915046188E-2);
#447=B_SPLINE_CURVE_WITH_KNOTS('',3,(#443,#444,#445,#446),.UNSPECIFIED.,.F.,.F.,
(4,4),(0.E0,1.E0),.UNSPECIFIED.);
#457=B_SPLINE_CURVE_WITH_KNOTS('',3,(#448,#449,#450,#451,#452,#453,#454,#455,
#456),.UNSPECIFIED.,.F.,.F.,(4,1,1,1,1,1,4),(0.E0,1.428123809713E-1,
3.157002335176E-1,5.028266890791E-1,6.801090736562E-1,8.432647676470E-1,1.E0),
.UNSPECIFIED.);
#462=B_SPLINE_CURVE_WITH_KNOTS('',3,(#458,#459,#460,#461),.UNSPECIFIED.,.F.,.F.,
(4,4),(0.E0,1.E0),.UNSPECIFIED.);
#472=B_SPLINE_CURVE_WITH_KNOTS('',3,(#463,#464,#465,#466,#467,#468,#469,#470,
#471),.UNSPECIFIED.,.F.,.F.,(4,1,1,1,1,1,4),(0.E0,1.355656425280E-1,
3.127119931457E-1,4.965056153384E-1,6.951384388364E-1,8.847719214979E-1,1.E0),
.UNSPECIFIED.);
#525=B_SPLINE_CURVE_WITH_KNOTS('',3,(#521,#522,#523,#524),.UNSPECIFIED.,.F.,.F.,
(4,4),(0.E0,1.E0),.UNSPECIFIED.);
#533=B_SPLINE_CURVE_WITH_KNOTS('',3,(#526,#527,#528,#529,#530,#531,#532),
.UNSPECIFIED.,.F.,.F.,(4,1,1,1,4),(0.E0,2.559769024855E-1,5.077686946022E-1,
7.533752025714E-1,1.E0),.UNSPECIFIED.);
#538=B_SPLINE_CURVE_WITH_KNOTS('',3,(#534,#535,#536,#537),.UNSPECIFIED.,.F.,.F.,
(4,4),(0.E0,1.E0),.UNSPECIFIED.);
#543=B_SPLINE_CURVE_WITH_KNOTS('',3,(#539,#540,#541,#542),.UNSPECIFIED.,.F.,.F.,
(4,4),(0.E0,1.E0),.UNSPECIFIED.);
#548=B_SPLINE_CURVE_WITH_KNOTS('',3,(#544,#545,#546,#547),.UNSPECIFIED.,.F.,.F.,
(4,4),(0.E0,1.E0),.UNSPECIFIED.);
#556=B_SPLINE_CURVE_WITH_KNOTS('',3,(#549,#550,#551,#552,#553,#554,#555),
.UNSPECIFIED.,.F.,.F.,(4,1,1,1,4),(0.E0,2.502152773835E-1,4.910267303209E-1,
7.421623589777E-1,1.E0),.UNSPECIFIED.);
#561=B_SPLINE_CURVE_WITH_KNOTS('',3,(#557,#558,#559,#560),.UNSPECIFIED.,.F.,.F.,
(4,4),(0.E0,1.E0),.UNSPECIFIED.);
#566=B_SPLINE_CURVE_WITH_KNOTS('',3,(#562,#563,#564,#565),.UNSPECIFIED.,.F.,.F.,
(4,4),(0.E0,1.E0),.UNSPECIFIED.);
#571=B_SPLINE_CURVE_WITH_KNOTS('',3,(#567,#568,#569,#570),.UNSPECIFIED.,.F.,.F.,
(4,4),(0.E0,1.E0),.UNSPECIFIED.);
#576=B_SPLINE_CURVE_WITH_KNOTS('',3,(#572,#573,#574,#575),.UNSPECIFIED.,.F.,.F.,
(4,4),(0.E0,1.E0),.UNSPECIFIED.);
#581=B_SPLINE_CURVE_WITH_KNOTS('',3,(#577,#578,#579,#580),.UNSPECIFIED.,.F.,.F.,
(4,4),(0.E0,1.E0),.UNSPECIFIED.);
#586=B_SPLINE_CURVE_WITH_KNOTS('',3,(#582,#583,#584,#585),.UNSPECIFIED.,.F.,.F.,
(4,4),(0.E0,1.E0),.UNSPECIFIED.);
#591=B_SPLINE_CURVE_WITH_KNOTS('',3,(#587,#588,#589,#590),.UNSPECIFIED.,.F.,.F.,
(4,4),(0.E0,1.E0),.UNSPECIFIED.);
#676=B_SPLINE_CURVE_WITH_KNOTS('',3,(#672,#673,#674,#675),.UNSPECIFIED.,.F.,.F.,
(4,4),(0.E0,1.E0),.UNSPECIFIED.);
#681=B_SPLINE_CURVE_WITH_KNOTS('',3,(#677,#678,#679,#680),.UNSPECIFIED.,.F.,.F.,
(4,4),(0.E0,1.E0),.UNSPECIFIED.);
#691=B_SPLINE_CURVE_WITH_KNOTS('',3,(#682,#683,#684,#685,#686,#687,#688,#689,
#690),.UNSPECIFIED.,.F.,.F.,(4,1,1,1,1,1,4),(0.E0,1.789457703317E-1,
3.127767465800E-1,4.389666650841E-1,5.790218632447E-1,7.844263875846E-1,1.E0),
.UNSPECIFIED.);
#696=B_SPLINE_CURVE_WITH_KNOTS('',3,(#692,#693,#694,#695),.UNSPECIFIED.,.F.,.F.,
(4,4),(0.E0,1.E0),.UNSPECIFIED.);
#701=B_SPLINE_CURVE_WITH_KNOTS('',3,(#697,#698,#699,#700),.UNSPECIFIED.,.F.,.F.,
(4,4),(0.E0,1.E0),.UNSPECIFIED.);
#706=B_SPLINE_CURVE_WITH_KNOTS('',3,(#702,#703,#704,#705),.UNSPECIFIED.,.F.,.F.,
(4,4),(0.E0,1.E0),.UNSPECIFIED.);
#712=B_SPLINE_CURVE_WITH_KNOTS('',3,(#707,#708,#709,#710,#711),.UNSPECIFIED.,
.F.,.F.,(4,1,4),(0.E0,4.049801273211E-1,1.E0),.UNSPECIFIED.);
#717=B_SPLINE_CURVE_WITH_KNOTS('',3,(#713,#714,#715,#716),.UNSPECIFIED.,.F.,.F.,
(4,4),(0.E0,1.E0),.UNSPECIFIED.);
#723=B_SPLINE_CURVE_WITH_KNOTS('',3,(#718,#719,#720,#721,#722),.UNSPECIFIED.,
.F.,.F.,(4,1,4),(0.E0,4.762475716500E-1,1.E0),.UNSPECIFIED.);
#728=B_SPLINE_CURVE_WITH_KNOTS('',3,(#724,#725,#726,#727),.UNSPECIFIED.,.F.,.F.,
(4,4),(0.E0,1.E0),.UNSPECIFIED.);
#736=B_SPLINE_CURVE_WITH_KNOTS('',3,(#729,#730,#731,#732,#733,#734,#735),
.UNSPECIFIED.,.F.,.F.,(4,1,1,1,4),(0.E0,2.762921365359E-1,4.645455754548E-1,
6.412734532372E-1,1.E0),.UNSPECIFIED.);
#741=B_SPLINE_CURVE_WITH_KNOTS('',3,(#737,#738,#739,#740),.UNSPECIFIED.,.F.,.F.,
(4,4),(0.E0,1.E0),.UNSPECIFIED.);
#755=B_SPLINE_CURVE_WITH_KNOTS('',3,(#742,#743,#744,#745,#746,#747,#748,#749,
#750,#751,#752,#753,#754),.UNSPECIFIED.,.F.,.F.,(4,1,1,1,1,1,1,1,1,1,4),(0.E0,
1.276819283975E-1,1.968290535356E-1,2.504732951503E-1,2.991047906893E-1,
3.913116296472E-1,5.172908831455E-1,6.020882689472E-1,7.199160264533E-1,
8.658555187811E-1,1.E0),.UNSPECIFIED.);
#760=B_SPLINE_CURVE_WITH_KNOTS('',3,(#756,#757,#758,#759),.UNSPECIFIED.,.F.,.F.,
(4,4),(0.E0,1.E0),.UNSPECIFIED.);
#773=B_SPLINE_CURVE_WITH_KNOTS('',3,(#761,#762,#763,#764,#765,#766,#767,#768,
#769,#770,#771,#772),.UNSPECIFIED.,.F.,.F.,(4,1,1,1,1,1,1,1,1,4),(0.E0,
1.483757450376E-1,2.689286802329E-1,3.203061056882E-1,4.199203346453E-1,
5.434124167720E-1,6.242910899825E-1,7.418812970803E-1,8.824346707196E-1,1.E0),
.UNSPECIFIED.);
#778=B_SPLINE_CURVE_WITH_KNOTS('',3,(#774,#775,#776,#777),.UNSPECIFIED.,.F.,.F.,
(4,4),(0.E0,1.E0),.UNSPECIFIED.);
#783=B_SPLINE_CURVE_WITH_KNOTS('',3,(#779,#780,#781,#782),.UNSPECIFIED.,.F.,.F.,
(4,4),(0.E0,1.E0),.UNSPECIFIED.);
#788=B_SPLINE_CURVE_WITH_KNOTS('',3,(#784,#785,#786,#787),.UNSPECIFIED.,.F.,.F.,
(4,4),(0.E0,1.E0),.UNSPECIFIED.);
#793=B_SPLINE_CURVE_WITH_KNOTS('',3,(#789,#790,#791,#792),.UNSPECIFIED.,.F.,.F.,
(4,4),(0.E0,1.E0),.UNSPECIFIED.);
#798=B_SPLINE_CURVE_WITH_KNOTS('',3,(#794,#795,#796,#797),.UNSPECIFIED.,.F.,.F.,
(4,4),(0.E0,1.E0),.UNSPECIFIED.);
#804=B_SPLINE_CURVE_WITH_KNOTS('',3,(#799,#800,#801,#802,#803),.UNSPECIFIED.,
.F.,.F.,(4,1,4),(0.E0,3.076625543478E-1,1.E0),.UNSPECIFIED.);
#809=B_SPLINE_CURVE_WITH_KNOTS('',3,(#805,#806,#807,#808),.UNSPECIFIED.,.F.,.F.,
(4,4),(0.E0,1.E0),.UNSPECIFIED.);
#815=B_SPLINE_CURVE_WITH_KNOTS('',3,(#810,#811,#812,#813,#814),.UNSPECIFIED.,
.F.,.F.,(4,1,4),(0.E0,8.078466422658E-1,1.E0),.UNSPECIFIED.);
#820=B_SPLINE_CURVE_WITH_KNOTS('',3,(#816,#817,#818,#819),.UNSPECIFIED.,.F.,.F.,
(4,4),(0.E0,1.E0),.UNSPECIFIED.);
#825=B_SPLINE_CURVE_WITH_KNOTS('',3,(#821,#822,#823,#824),.UNSPECIFIED.,.F.,.F.,
(4,4),(0.E0,1.E0),.UNSPECIFIED.);
#830=B_SPLINE_CURVE_WITH_KNOTS('',3,(#826,#827,#828,#829),.UNSPECIFIED.,.F.,.F.,
(4,4),(0.E0,1.E0),.UNSPECIFIED.);
#835=B_SPLINE_CURVE_WITH_KNOTS('',3,(#831,#832,#833,#834),.UNSPECIFIED.,.F.,.F.,
(4,4),(0.E0,1.E0),.UNSPECIFIED.);
#888=B_SPLINE_CURVE_WITH_KNOTS('',3,(#884,#885,#886,#887),.UNSPECIFIED.,.F.,.F.,
(4,4),(0.E0,1.E0),.UNSPECIFIED.);
#896=B_SPLINE_CURVE_WITH_KNOTS('',3,(#889,#890,#891,#892,#893,#894,#895),
.UNSPECIFIED.,.F.,.F.,(4,1,1,1,4),(0.E0,2.559769024879E-1,5.077686946101E-1,
7.533752025744E-1,1.E0),.UNSPECIFIED.);
#901=B_SPLINE_CURVE_WITH_KNOTS('',3,(#897,#898,#899,#900),.UNSPECIFIED.,.F.,.F.,
(4,4),(0.E0,1.E0),.UNSPECIFIED.);
#906=B_SPLINE_CURVE_WITH_KNOTS('',3,(#902,#903,#904,#905),.UNSPECIFIED.,.F.,.F.,
(4,4),(0.E0,1.E0),.UNSPECIFIED.);
#911=B_SPLINE_CURVE_WITH_KNOTS('',3,(#907,#908,#909,#910),.UNSPECIFIED.,.F.,.F.,
(4,4),(0.E0,1.E0),.UNSPECIFIED.);
#919=B_SPLINE_CURVE_WITH_KNOTS('',3,(#912,#913,#914,#915,#916,#917,#918),
.UNSPECIFIED.,.F.,.F.,(4,1,1,1,4),(0.E0,2.502152773823E-1,4.910267303254E-1,
7.421623589801E-1,1.E0),.UNSPECIFIED.);
#924=B_SPLINE_CURVE_WITH_KNOTS('',3,(#920,#921,#922,#923),.UNSPECIFIED.,.F.,.F.,
(4,4),(0.E0,1.E0),.UNSPECIFIED.);
#929=B_SPLINE_CURVE_WITH_KNOTS('',3,(#925,#926,#927,#928),.UNSPECIFIED.,.F.,.F.,
(4,4),(0.E0,1.E0),.UNSPECIFIED.);
#934=B_SPLINE_CURVE_WITH_KNOTS('',3,(#930,#931,#932,#933),.UNSPECIFIED.,.F.,.F.,
(4,4),(0.E0,1.E0),.UNSPECIFIED.);
#939=B_SPLINE_CURVE_WITH_KNOTS('',3,(#935,#936,#937,#938),.UNSPECIFIED.,.F.,.F.,
(4,4),(0.E0,1.E0),.UNSPECIFIED.);
#944=B_SPLINE_CURVE_WITH_KNOTS('',3,(#940,#941,#942,#943),.UNSPECIFIED.,.F.,.F.,
(4,4),(0.E0,1.E0),.UNSPECIFIED.);
#949=B_SPLINE_CURVE_WITH_KNOTS('',3,(#945,#946,#947,#948),.UNSPECIFIED.,.F.,.F.,
(4,4),(0.E0,1.E0),.UNSPECIFIED.);
#954=B_SPLINE_CURVE_WITH_KNOTS('',3,(#950,#951,#952,#953),.UNSPECIFIED.,.F.,.F.,
(4,4),(0.E0,1.E0),.UNSPECIFIED.);
#994=B_SPLINE_CURVE_WITH_KNOTS('',3,(#987,#988,#989,#990,#991,#992,#993),
.UNSPECIFIED.,.F.,.F.,(4,1,1,1,4),(0.E0,2.226963329829E-1,5.615438495888E-1,
8.551881585072E-1,1.E0),.UNSPECIFIED.);
#1003=B_SPLINE_CURVE_WITH_KNOTS('',3,(#995,#996,#997,#998,#999,#1000,#1001,
#1002),.UNSPECIFIED.,.F.,.F.,(4,1,1,1,1,4),(0.E0,4.798572530125E-2,
3.069980039736E-1,5.632939930434E-1,8.060865076554E-1,1.E0),.UNSPECIFIED.);
#1010=B_SPLINE_CURVE_WITH_KNOTS('',3,(#1004,#1005,#1006,#1007,#1008,#1009),
.UNSPECIFIED.,.F.,.F.,(4,1,1,4),(0.E0,4.355221245185E-1,9.627213829328E-1,1.E0),
.UNSPECIFIED.);
#1015=B_SPLINE_CURVE_WITH_KNOTS('',3,(#1011,#1012,#1013,#1014),.UNSPECIFIED.,
.F.,.F.,(4,4),(0.E0,1.E0),.UNSPECIFIED.);
#1020=B_SPLINE_CURVE_WITH_KNOTS('',3,(#1016,#1017,#1018,#1019),.UNSPECIFIED.,
.F.,.F.,(4,4),(0.E0,1.E0),.UNSPECIFIED.);
#1025=B_SPLINE_CURVE_WITH_KNOTS('',3,(#1021,#1022,#1023,#1024),.UNSPECIFIED.,
.F.,.F.,(4,4),(0.E0,1.E0),.UNSPECIFIED.);
#1031=B_SPLINE_CURVE_WITH_KNOTS('',3,(#1026,#1027,#1028,#1029,#1030),
.UNSPECIFIED.,.F.,.F.,(4,1,4),(0.E0,4.175733561965E-1,1.E0),.UNSPECIFIED.);
#1038=B_SPLINE_CURVE_WITH_KNOTS('',3,(#1032,#1033,#1034,#1035,#1036,#1037),
.UNSPECIFIED.,.F.,.F.,(4,1,1,4),(0.E0,3.585443611440E-1,8.201936862644E-1,1.E0),
.UNSPECIFIED.);
#1044=B_SPLINE_CURVE_WITH_KNOTS('',3,(#1039,#1040,#1041,#1042,#1043),
.UNSPECIFIED.,.F.,.F.,(4,1,4),(0.E0,4.675992636402E-1,1.E0),.UNSPECIFIED.);
#1051=B_SPLINE_CURVE_WITH_KNOTS('',3,(#1045,#1046,#1047,#1048,#1049,#1050),
.UNSPECIFIED.,.F.,.F.,(4,1,1,4),(0.E0,3.564114353987E-2,5.270824027251E-1,1.E0),
.UNSPECIFIED.);
#1056=B_SPLINE_CURVE_WITH_KNOTS('',3,(#1052,#1053,#1054,#1055),.UNSPECIFIED.,
.F.,.F.,(4,4),(0.E0,1.E0),.UNSPECIFIED.);
#1063=B_SPLINE_CURVE_WITH_KNOTS('',3,(#1057,#1058,#1059,#1060,#1061,#1062),
.UNSPECIFIED.,.F.,.F.,(4,1,1,4),(0.E0,6.584959150851E-2,5.404520185202E-1,1.E0),
.UNSPECIFIED.);
#1068=B_SPLINE_CURVE_WITH_KNOTS('',3,(#1064,#1065,#1066,#1067),.UNSPECIFIED.,
.F.,.F.,(4,4),(0.E0,1.E0),.UNSPECIFIED.);
#1073=B_SPLINE_CURVE_WITH_KNOTS('',3,(#1069,#1070,#1071,#1072),.UNSPECIFIED.,
.F.,.F.,(4,4),(0.E0,1.E0),.UNSPECIFIED.);
#1078=B_SPLINE_CURVE_WITH_KNOTS('',3,(#1074,#1075,#1076,#1077),.UNSPECIFIED.,
.F.,.F.,(4,4),(0.E0,1.E0),.UNSPECIFIED.);
#1085=B_SPLINE_CURVE_WITH_KNOTS('',3,(#1079,#1080,#1081,#1082,#1083,#1084),
.UNSPECIFIED.,.F.,.F.,(4,1,1,4),(0.E0,2.761126116402E-1,5.534015859397E-1,1.E0),
.UNSPECIFIED.);
#1090=CIRCLE('',#1089,7.E-1);
#1095=CIRCLE('',#1094,7.E-1);
#1100=CIRCLE('',#1099,7.E-1);
#1105=CIRCLE('',#1104,7.E-1);
#1118=CIRCLE('',#1117,9.E-1);
#1137=B_SPLINE_CURVE_WITH_KNOTS('',3,(#1123,#1124,#1125,#1126,#1127,#1128,#1129,
#1130,#1131,#1132,#1133,#1134,#1135,#1136),.UNSPECIFIED.,.F.,.F.,(4,1,1,1,1,1,1,
1,1,1,1,4),(0.E0,9.090909090909E-2,1.818181818182E-1,2.727272727273E-1,
3.636363636364E-1,4.545454545455E-1,5.454545454545E-1,6.363636363636E-1,
7.272727272727E-1,8.181818181818E-1,9.090909090909E-1,1.E0),.UNSPECIFIED.);
#1148=B_SPLINE_CURVE_WITH_KNOTS('',3,(#1138,#1139,#1140,#1141,#1142,#1143,#1144,
#1145,#1146,#1147),.UNSPECIFIED.,.F.,.F.,(4,1,1,1,1,1,1,4),(0.E0,
1.428571428571E-1,2.857142857143E-1,4.285714285714E-1,5.714285714286E-1,
7.142857142857E-1,8.571428571429E-1,1.E0),.UNSPECIFIED.);
#1153=CIRCLE('',#1152,1.399999989923E0);
#1158=CIRCLE('',#1157,1.400000001589E0);
#1174=B_SPLINE_CURVE_WITH_KNOTS('',3,(#1159,#1160,#1161,#1162,#1163,#1164,#1165,
#1166,#1167,#1168,#1169,#1170,#1171,#1172,#1173),.UNSPECIFIED.,.F.,.F.,(4,1,1,1,
1,1,1,1,1,1,1,1,4),(0.E0,8.333333333333E-2,1.666666666667E-1,2.5E-1,
3.333333333333E-1,4.166666666667E-1,5.E-1,5.833333333333E-1,6.666666666667E-1,
7.5E-1,8.333333333333E-1,9.166666666667E-1,1.E0),.UNSPECIFIED.);
#1183=B_SPLINE_CURVE_WITH_KNOTS('',3,(#1175,#1176,#1177,#1178,#1179,#1180,#1181,
#1182),.UNSPECIFIED.,.F.,.F.,(4,1,1,1,1,4),(0.E0,2.E-1,4.E-1,6.E-1,8.E-1,1.E0),
.UNSPECIFIED.);
#1193=B_SPLINE_CURVE_WITH_KNOTS('',3,(#1184,#1185,#1186,#1187,#1188,#1189,#1190,
#1191,#1192),.UNSPECIFIED.,.F.,.F.,(4,1,1,1,1,1,4),(0.E0,1.666666666667E-1,
3.333333333333E-1,5.E-1,6.666666666667E-1,8.333333333333E-1,1.E0),
.UNSPECIFIED.);
#1198=CIRCLE('',#1197,1.399999999578E0);
#1203=CIRCLE('',#1202,1.65E0);
#1208=CIRCLE('',#1207,1.4E0);
#1213=CIRCLE('',#1212,1.400000004331E0);
#1218=CIRCLE('',#1217,1.399999995594E0);
#1228=B_SPLINE_CURVE_WITH_KNOTS('',3,(#1219,#1220,#1221,#1222,#1223,#1224,#1225,
#1226,#1227),.UNSPECIFIED.,.F.,.F.,(4,1,1,1,1,1,4),(0.E0,1.666666666667E-1,
3.333333333333E-1,5.E-1,6.666666666667E-1,8.333333333333E-1,1.E0),
.UNSPECIFIED.);
#1238=B_SPLINE_CURVE_WITH_KNOTS('',3,(#1229,#1230,#1231,#1232,#1233,#1234,#1235,
#1236,#1237),.UNSPECIFIED.,.F.,.F.,(4,1,1,1,1,1,4),(0.E0,1.666666666667E-1,
3.333333333333E-1,5.E-1,6.666666666667E-1,8.333333333333E-1,1.E0),
.UNSPECIFIED.);
#1247=B_SPLINE_CURVE_WITH_KNOTS('',3,(#1239,#1240,#1241,#1242,#1243,#1244,#1245,
#1246),.UNSPECIFIED.,.F.,.F.,(4,1,1,1,1,4),(0.E0,2.E-1,4.E-1,6.E-1,8.E-1,1.E0),
.UNSPECIFIED.);
#1252=CIRCLE('',#1251,1.400000000005E0);
#1262=B_SPLINE_CURVE_WITH_KNOTS('',3,(#1253,#1254,#1255,#1256,#1257,#1258,#1259,
#1260,#1261),.UNSPECIFIED.,.F.,.F.,(4,1,1,1,1,1,4),(0.E0,1.666666666667E-1,
3.333333333333E-1,5.E-1,6.666666666667E-1,8.333333333333E-1,1.E0),
.UNSPECIFIED.);
#1273=B_SPLINE_CURVE_WITH_KNOTS('',3,(#1263,#1264,#1265,#1266,#1267,#1268,#1269,
#1270,#1271,#1272),.UNSPECIFIED.,.F.,.F.,(4,1,1,1,1,1,1,4),(0.E0,
1.428571428571E-1,2.857142857143E-1,4.285714285714E-1,5.714285714286E-1,
7.142857142857E-1,8.571428571429E-1,1.E0),.UNSPECIFIED.);
#1282=CIRCLE('',#1281,2.5E-1);
#1297=B_SPLINE_CURVE_WITH_KNOTS('',3,(#1283,#1284,#1285,#1286,#1287,#1288,#1289,
#1290,#1291,#1292,#1293,#1294,#1295,#1296),.UNSPECIFIED.,.F.,.F.,(4,1,1,1,1,1,1,
1,1,1,1,4),(0.E0,9.090909090909E-2,1.818181818182E-1,2.727272727273E-1,
3.636363636364E-1,4.545454545455E-1,5.454545454545E-1,6.363636363636E-1,
7.272727272727E-1,8.181818181818E-1,9.090909090909E-1,1.E0),.UNSPECIFIED.);
#1302=CIRCLE('',#1301,2.5E-1);
#1321=B_SPLINE_CURVE_WITH_KNOTS('',3,(#1307,#1308,#1309,#1310,#1311,#1312,#1313,
#1314,#1315,#1316,#1317,#1318,#1319,#1320),.UNSPECIFIED.,.F.,.F.,(4,1,1,1,1,1,1,
1,1,1,1,4),(0.E0,9.090909090909E-2,1.818181818182E-1,2.727272727273E-1,
3.636363636364E-1,4.545454545455E-1,5.454545454545E-1,6.363636363636E-1,
7.272727272727E-1,8.181818181818E-1,9.090909090909E-1,1.E0),.UNSPECIFIED.);
#1337=B_SPLINE_CURVE_WITH_KNOTS('',3,(#1322,#1323,#1324,#1325,#1326,#1327,#1328,
#1329,#1330,#1331,#1332,#1333,#1334,#1335,#1336),.UNSPECIFIED.,.F.,.F.,(4,1,1,1,
1,1,1,1,1,1,1,1,4),(0.E0,8.333333333333E-2,1.666666666667E-1,2.5E-1,
3.333333333333E-1,4.166666666667E-1,5.E-1,5.833333333333E-1,6.666666666667E-1,
7.5E-1,8.333333333333E-1,9.166666666667E-1,1.E0),.UNSPECIFIED.);
#1350=B_SPLINE_CURVE_WITH_KNOTS('',3,(#1338,#1339,#1340,#1341,#1342,#1343,#1344,
#1345,#1346,#1347,#1348,#1349),.UNSPECIFIED.,.F.,.F.,(4,1,1,1,1,1,1,1,1,4),
(0.E0,1.111111111111E-1,2.222222222222E-1,3.333333333333E-1,4.444444444444E-1,
5.555555555556E-1,6.666666666667E-1,7.777777777778E-1,8.888888888889E-1,1.E0),
.UNSPECIFIED.);
#1355=CIRCLE('',#1354,2.5E-1);
#1360=CIRCLE('',#1359,2.5E-1);
#1365=CIRCLE('',#1364,2.5E-1);
#1370=CIRCLE('',#1369,2.5E-1);
#1383=CIRCLE('',#1382,7.496915046188E-2);
#1388=CIRCLE('',#1387,7.496915046188E-2);
#1417=B_SPLINE_CURVE_WITH_KNOTS('',3,(#1413,#1414,#1415,#1416),.UNSPECIFIED.,
.F.,.F.,(4,4),(0.E0,1.E0),.UNSPECIFIED.);
#1427=B_SPLINE_CURVE_WITH_KNOTS('',3,(#1418,#1419,#1420,#1421,#1422,#1423,#1424,
#1425,#1426),.UNSPECIFIED.,.F.,.F.,(4,1,1,1,1,1,4),(0.E0,1.152280785021E-1,
3.048615611636E-1,5.034943846616E-1,6.872880068543E-1,8.644343574720E-1,1.E0),
.UNSPECIFIED.);
#1432=B_SPLINE_CURVE_WITH_KNOTS('',3,(#1428,#1429,#1430,#1431),.UNSPECIFIED.,
.F.,.F.,(4,4),(0.E0,1.E0),.UNSPECIFIED.);
#1442=B_SPLINE_CURVE_WITH_KNOTS('',3,(#1433,#1434,#1435,#1436,#1437,#1438,#1439,
#1440,#1441),.UNSPECIFIED.,.F.,.F.,(4,1,1,1,1,1,4),(0.E0,1.567352323530E-1,
3.198909263438E-1,4.971733109209E-1,6.842997664824E-1,8.571876190287E-1,1.E0),
.UNSPECIFIED.);
#1495=B_SPLINE_CURVE_WITH_KNOTS('',3,(#1491,#1492,#1493,#1494),.UNSPECIFIED.,
.F.,.F.,(4,4),(0.E0,1.E0),.UNSPECIFIED.);
#1500=B_SPLINE_CURVE_WITH_KNOTS('',3,(#1496,#1497,#1498,#1499),.UNSPECIFIED.,
.F.,.F.,(4,4),(0.E0,1.E0),.UNSPECIFIED.);
#1505=B_SPLINE_CURVE_WITH_KNOTS('',3,(#1501,#1502,#1503,#1504),.UNSPECIFIED.,
.F.,.F.,(4,4),(0.E0,1.E0),.UNSPECIFIED.);
#1513=B_SPLINE_CURVE_WITH_KNOTS('',3,(#1506,#1507,#1508,#1509,#1510,#1511,
#1512),.UNSPECIFIED.,.F.,.F.,(4,1,1,1,4),(0.E0,2.466247974286E-1,
4.922313053978E-1,7.440230975145E-1,1.E0),.UNSPECIFIED.);
#1518=B_SPLINE_CURVE_WITH_KNOTS('',3,(#1514,#1515,#1516,#1517),.UNSPECIFIED.,
.F.,.F.,(4,4),(0.E0,1.E0),.UNSPECIFIED.);
#1523=B_SPLINE_CURVE_WITH_KNOTS('',3,(#1519,#1520,#1521,#1522),.UNSPECIFIED.,
.F.,.F.,(4,4),(0.E0,1.E0),.UNSPECIFIED.);
#1528=B_SPLINE_CURVE_WITH_KNOTS('',3,(#1524,#1525,#1526,#1527),.UNSPECIFIED.,
.F.,.F.,(4,4),(0.E0,1.E0),.UNSPECIFIED.);
#1536=B_SPLINE_CURVE_WITH_KNOTS('',3,(#1529,#1530,#1531,#1532,#1533,#1534,
#1535),.UNSPECIFIED.,.F.,.F.,(4,1,1,1,4),(0.E0,2.578376410223E-1,
5.089732696791E-1,7.497847226165E-1,1.E0),.UNSPECIFIED.);
#1541=B_SPLINE_CURVE_WITH_KNOTS('',3,(#1537,#1538,#1539,#1540),.UNSPECIFIED.,
.F.,.F.,(4,4),(0.E0,1.E0),.UNSPECIFIED.);
#1546=B_SPLINE_CURVE_WITH_KNOTS('',3,(#1542,#1543,#1544,#1545),.UNSPECIFIED.,
.F.,.F.,(4,4),(0.E0,1.E0),.UNSPECIFIED.);
#1551=B_SPLINE_CURVE_WITH_KNOTS('',3,(#1547,#1548,#1549,#1550),.UNSPECIFIED.,
.F.,.F.,(4,4),(0.E0,1.E0),.UNSPECIFIED.);
#1556=B_SPLINE_CURVE_WITH_KNOTS('',3,(#1552,#1553,#1554,#1555),.UNSPECIFIED.,
.F.,.F.,(4,4),(0.E0,1.E0),.UNSPECIFIED.);
#1561=B_SPLINE_CURVE_WITH_KNOTS('',3,(#1557,#1558,#1559,#1560),.UNSPECIFIED.,
.F.,.F.,(4,4),(0.E0,1.E0),.UNSPECIFIED.);
#1646=B_SPLINE_CURVE_WITH_KNOTS('',3,(#1642,#1643,#1644,#1645),.UNSPECIFIED.,
.F.,.F.,(4,4),(0.E0,1.E0),.UNSPECIFIED.);
#1656=B_SPLINE_CURVE_WITH_KNOTS('',3,(#1647,#1648,#1649,#1650,#1651,#1652,#1653,
#1654,#1655),.UNSPECIFIED.,.F.,.F.,(4,1,1,1,1,1,4),(0.E0,2.155736124154E-1,
4.209781367553E-1,5.610333349159E-1,6.872232534200E-1,8.210542296683E-1,1.E0),
.UNSPECIFIED.);
#1661=B_SPLINE_CURVE_WITH_KNOTS('',3,(#1657,#1658,#1659,#1660),.UNSPECIFIED.,
.F.,.F.,(4,4),(0.E0,1.E0),.UNSPECIFIED.);
#1666=B_SPLINE_CURVE_WITH_KNOTS('',3,(#1662,#1663,#1664,#1665),.UNSPECIFIED.,
.F.,.F.,(4,4),(0.E0,1.E0),.UNSPECIFIED.);
#1674=B_SPLINE_CURVE_WITH_KNOTS('',3,(#1667,#1668,#1669,#1670,#1671,#1672,
#1673),.UNSPECIFIED.,.F.,.F.,(4,1,1,1,4),(0.E0,3.587265467628E-1,
5.354544245452E-1,7.237078634641E-1,1.E0),.UNSPECIFIED.);
#1679=B_SPLINE_CURVE_WITH_KNOTS('',3,(#1675,#1676,#1677,#1678),.UNSPECIFIED.,
.F.,.F.,(4,4),(0.E0,1.E0),.UNSPECIFIED.);
#1685=B_SPLINE_CURVE_WITH_KNOTS('',3,(#1680,#1681,#1682,#1683,#1684),
.UNSPECIFIED.,.F.,.F.,(4,1,4),(0.E0,5.237524283500E-1,1.E0),.UNSPECIFIED.);
#1690=B_SPLINE_CURVE_WITH_KNOTS('',3,(#1686,#1687,#1688,#1689),.UNSPECIFIED.,
.F.,.F.,(4,4),(0.E0,1.E0),.UNSPECIFIED.);
#1696=B_SPLINE_CURVE_WITH_KNOTS('',3,(#1691,#1692,#1693,#1694,#1695),
.UNSPECIFIED.,.F.,.F.,(4,1,4),(0.E0,5.950198726789E-1,1.E0),.UNSPECIFIED.);
#1701=B_SPLINE_CURVE_WITH_KNOTS('',3,(#1697,#1698,#1699,#1700),.UNSPECIFIED.,
.F.,.F.,(4,4),(0.E0,1.E0),.UNSPECIFIED.);
#1706=B_SPLINE_CURVE_WITH_KNOTS('',3,(#1702,#1703,#1704,#1705),.UNSPECIFIED.,
.F.,.F.,(4,4),(0.E0,1.E0),.UNSPECIFIED.);
#1711=B_SPLINE_CURVE_WITH_KNOTS('',3,(#1707,#1708,#1709,#1710),.UNSPECIFIED.,
.F.,.F.,(4,4),(0.E0,1.E0),.UNSPECIFIED.);
#1724=B_SPLINE_CURVE_WITH_KNOTS('',3,(#1712,#1713,#1714,#1715,#1716,#1717,#1718,
#1719,#1720,#1721,#1722,#1723),.UNSPECIFIED.,.F.,.F.,(4,1,1,1,1,1,1,1,1,4),
(0.E0,1.175653292804E-1,2.581187029197E-1,3.757089100175E-1,4.565875832280E-1,
5.800796653547E-1,6.796938943118E-1,7.310713197671E-1,8.516242549624E-1,1.E0),
.UNSPECIFIED.);
#1729=B_SPLINE_CURVE_WITH_KNOTS('',3,(#1725,#1726,#1727,#1728),.UNSPECIFIED.,
.F.,.F.,(4,4),(0.E0,1.E0),.UNSPECIFIED.);
#1743=B_SPLINE_CURVE_WITH_KNOTS('',3,(#1730,#1731,#1732,#1733,#1734,#1735,#1736,
#1737,#1738,#1739,#1740,#1741,#1742),.UNSPECIFIED.,.F.,.F.,(4,1,1,1,1,1,1,1,1,1,
4),(0.E0,1.341444812189E-1,2.800839735467E-1,3.979117310528E-1,
4.827091168545E-1,6.086883703528E-1,7.008952093107E-1,7.495267048497E-1,
8.031709464644E-1,8.723180716025E-1,1.E0),.UNSPECIFIED.);
#1748=B_SPLINE_CURVE_WITH_KNOTS('',3,(#1744,#1745,#1746,#1747),.UNSPECIFIED.,
.F.,.F.,(4,4),(0.E0,1.E0),.UNSPECIFIED.);
#1753=B_SPLINE_CURVE_WITH_KNOTS('',3,(#1749,#1750,#1751,#1752),.UNSPECIFIED.,
.F.,.F.,(4,4),(0.E0,1.E0),.UNSPECIFIED.);
#1758=B_SPLINE_CURVE_WITH_KNOTS('',3,(#1754,#1755,#1756,#1757),.UNSPECIFIED.,
.F.,.F.,(4,4),(0.E0,1.E0),.UNSPECIFIED.);
#1763=B_SPLINE_CURVE_WITH_KNOTS('',3,(#1759,#1760,#1761,#1762),.UNSPECIFIED.,
.F.,.F.,(4,4),(0.E0,1.E0),.UNSPECIFIED.);
#1768=B_SPLINE_CURVE_WITH_KNOTS('',3,(#1764,#1765,#1766,#1767),.UNSPECIFIED.,
.F.,.F.,(4,4),(0.E0,1.E0),.UNSPECIFIED.);
#1774=B_SPLINE_CURVE_WITH_KNOTS('',3,(#1769,#1770,#1771,#1772,#1773),
.UNSPECIFIED.,.F.,.F.,(4,1,4),(0.E0,1.921533577342E-1,1.E0),.UNSPECIFIED.);
#1779=B_SPLINE_CURVE_WITH_KNOTS('',3,(#1775,#1776,#1777,#1778),.UNSPECIFIED.,
.F.,.F.,(4,4),(0.E0,1.E0),.UNSPECIFIED.);
#1785=B_SPLINE_CURVE_WITH_KNOTS('',3,(#1780,#1781,#1782,#1783,#1784),
.UNSPECIFIED.,.F.,.F.,(4,1,4),(0.E0,6.923374456522E-1,1.E0),.UNSPECIFIED.);
#1790=B_SPLINE_CURVE_WITH_KNOTS('',3,(#1786,#1787,#1788,#1789),.UNSPECIFIED.,
.F.,.F.,(4,4),(0.E0,1.E0),.UNSPECIFIED.);
#1795=B_SPLINE_CURVE_WITH_KNOTS('',3,(#1791,#1792,#1793,#1794),.UNSPECIFIED.,
.F.,.F.,(4,4),(0.E0,1.E0),.UNSPECIFIED.);
#1800=B_SPLINE_CURVE_WITH_KNOTS('',3,(#1796,#1797,#1798,#1799),.UNSPECIFIED.,
.F.,.F.,(4,4),(0.E0,1.E0),.UNSPECIFIED.);
#1805=B_SPLINE_CURVE_WITH_KNOTS('',3,(#1801,#1802,#1803,#1804),.UNSPECIFIED.,
.F.,.F.,(4,4),(0.E0,1.E0),.UNSPECIFIED.);
#1858=B_SPLINE_CURVE_WITH_KNOTS('',3,(#1854,#1855,#1856,#1857),.UNSPECIFIED.,
.F.,.F.,(4,4),(0.E0,1.E0),.UNSPECIFIED.);
#1863=B_SPLINE_CURVE_WITH_KNOTS('',3,(#1859,#1860,#1861,#1862),.UNSPECIFIED.,
.F.,.F.,(4,4),(0.E0,1.E0),.UNSPECIFIED.);
#1868=B_SPLINE_CURVE_WITH_KNOTS('',3,(#1864,#1865,#1866,#1867),.UNSPECIFIED.,
.F.,.F.,(4,4),(0.E0,1.E0),.UNSPECIFIED.);
#1876=B_SPLINE_CURVE_WITH_KNOTS('',3,(#1869,#1870,#1871,#1872,#1873,#1874,
#1875),.UNSPECIFIED.,.F.,.F.,(4,1,1,1,4),(0.E0,2.466247974256E-1,
4.922313053899E-1,7.440230975121E-1,1.E0),.UNSPECIFIED.);
#1881=B_SPLINE_CURVE_WITH_KNOTS('',3,(#1877,#1878,#1879,#1880),.UNSPECIFIED.,
.F.,.F.,(4,4),(0.E0,1.E0),.UNSPECIFIED.);
#1886=B_SPLINE_CURVE_WITH_KNOTS('',3,(#1882,#1883,#1884,#1885),.UNSPECIFIED.,
.F.,.F.,(4,4),(0.E0,1.E0),.UNSPECIFIED.);
#1891=B_SPLINE_CURVE_WITH_KNOTS('',3,(#1887,#1888,#1889,#1890),.UNSPECIFIED.,
.F.,.F.,(4,4),(0.E0,1.E0),.UNSPECIFIED.);
#1899=B_SPLINE_CURVE_WITH_KNOTS('',3,(#1892,#1893,#1894,#1895,#1896,#1897,
#1898),.UNSPECIFIED.,.F.,.F.,(4,1,1,1,4),(0.E0,2.578376410199E-1,
5.089732696746E-1,7.497847226177E-1,1.E0),.UNSPECIFIED.);
#1904=B_SPLINE_CURVE_WITH_KNOTS('',3,(#1900,#1901,#1902,#1903),.UNSPECIFIED.,
.F.,.F.,(4,4),(0.E0,1.E0),.UNSPECIFIED.);
#1909=B_SPLINE_CURVE_WITH_KNOTS('',3,(#1905,#1906,#1907,#1908),.UNSPECIFIED.,
.F.,.F.,(4,4),(0.E0,1.E0),.UNSPECIFIED.);
#1914=B_SPLINE_CURVE_WITH_KNOTS('',3,(#1910,#1911,#1912,#1913),.UNSPECIFIED.,
.F.,.F.,(4,4),(0.E0,1.E0),.UNSPECIFIED.);
#1919=B_SPLINE_CURVE_WITH_KNOTS('',3,(#1915,#1916,#1917,#1918),.UNSPECIFIED.,
.F.,.F.,(4,4),(0.E0,1.E0),.UNSPECIFIED.);
#1924=B_SPLINE_CURVE_WITH_KNOTS('',3,(#1920,#1921,#1922,#1923),.UNSPECIFIED.,
.F.,.F.,(4,4),(0.E0,1.E0),.UNSPECIFIED.);
#1964=B_SPLINE_CURVE_WITH_KNOTS('',3,(#1957,#1958,#1959,#1960,#1961,#1962,
#1963),.UNSPECIFIED.,.F.,.F.,(4,1,1,1,4),(0.E0,2.226963329829E-1,
5.615438495888E-1,8.551881585072E-1,1.E0),.UNSPECIFIED.);
#1971=B_SPLINE_CURVE_WITH_KNOTS('',3,(#1965,#1966,#1967,#1968,#1969,#1970),
.UNSPECIFIED.,.F.,.F.,(4,1,1,4),(0.E0,2.761126116402E-1,5.534015859397E-1,1.E0),
.UNSPECIFIED.);
#1976=B_SPLINE_CURVE_WITH_KNOTS('',3,(#1972,#1973,#1974,#1975),.UNSPECIFIED.,
.F.,.F.,(4,4),(0.E0,1.E0),.UNSPECIFIED.);
#1981=B_SPLINE_CURVE_WITH_KNOTS('',3,(#1977,#1978,#1979,#1980),.UNSPECIFIED.,
.F.,.F.,(4,4),(0.E0,1.E0),.UNSPECIFIED.);
#1986=B_SPLINE_CURVE_WITH_KNOTS('',3,(#1982,#1983,#1984,#1985),.UNSPECIFIED.,
.F.,.F.,(4,4),(0.E0,1.E0),.UNSPECIFIED.);
#1993=B_SPLINE_CURVE_WITH_KNOTS('',3,(#1987,#1988,#1989,#1990,#1991,#1992),
.UNSPECIFIED.,.F.,.F.,(4,1,1,4),(0.E0,6.584959150851E-2,5.404520185202E-1,1.E0),
.UNSPECIFIED.);
#1998=B_SPLINE_CURVE_WITH_KNOTS('',3,(#1994,#1995,#1996,#1997),.UNSPECIFIED.,
.F.,.F.,(4,4),(0.E0,1.E0),.UNSPECIFIED.);
#2005=B_SPLINE_CURVE_WITH_KNOTS('',3,(#1999,#2000,#2001,#2002,#2003,#2004),
.UNSPECIFIED.,.F.,.F.,(4,1,1,4),(0.E0,3.564114353987E-2,5.270824027251E-1,1.E0),
.UNSPECIFIED.);
#2011=B_SPLINE_CURVE_WITH_KNOTS('',3,(#2006,#2007,#2008,#2009,#2010),
.UNSPECIFIED.,.F.,.F.,(4,1,4),(0.E0,4.675992636402E-1,1.E0),.UNSPECIFIED.);
#2018=B_SPLINE_CURVE_WITH_KNOTS('',3,(#2012,#2013,#2014,#2015,#2016,#2017),
.UNSPECIFIED.,.F.,.F.,(4,1,1,4),(0.E0,3.585443611440E-1,8.201936862644E-1,1.E0),
.UNSPECIFIED.);
#2024=B_SPLINE_CURVE_WITH_KNOTS('',3,(#2019,#2020,#2021,#2022,#2023),
.UNSPECIFIED.,.F.,.F.,(4,1,4),(0.E0,4.175733561965E-1,1.E0),.UNSPECIFIED.);
#2029=B_SPLINE_CURVE_WITH_KNOTS('',3,(#2025,#2026,#2027,#2028),.UNSPECIFIED.,
.F.,.F.,(4,4),(0.E0,1.E0),.UNSPECIFIED.);
#2034=B_SPLINE_CURVE_WITH_KNOTS('',3,(#2030,#2031,#2032,#2033),.UNSPECIFIED.,
.F.,.F.,(4,4),(0.E0,1.E0),.UNSPECIFIED.);
#2039=B_SPLINE_CURVE_WITH_KNOTS('',3,(#2035,#2036,#2037,#2038),.UNSPECIFIED.,
.F.,.F.,(4,4),(0.E0,1.E0),.UNSPECIFIED.);
#2046=B_SPLINE_CURVE_WITH_KNOTS('',3,(#2040,#2041,#2042,#2043,#2044,#2045),
.UNSPECIFIED.,.F.,.F.,(4,1,1,4),(0.E0,4.355221245185E-1,9.627213829328E-1,1.E0),
.UNSPECIFIED.);
#2055=B_SPLINE_CURVE_WITH_KNOTS('',3,(#2047,#2048,#2049,#2050,#2051,#2052,#2053,
#2054),.UNSPECIFIED.,.F.,.F.,(4,1,1,1,1,4),(0.E0,4.798572530125E-2,
3.069980039736E-1,5.632939930434E-1,8.060865076554E-1,1.E0),.UNSPECIFIED.);
#3045=EDGE_CURVE('',#2606,#2607,#41,.T.);
#3047=EDGE_CURVE('',#2607,#2594,#45,.T.);
#3049=EDGE_CURVE('',#2594,#2595,#50,.T.);
#3051=EDGE_CURVE('',#2595,#2606,#54,.T.);
#3055=ADVANCED_FACE('',(#3054),#3044,.T.);
#3068=EDGE_CURVE('',#2620,#2621,#65,.T.);
#3070=EDGE_CURVE('',#2621,#2607,#238,.T.);
#3073=EDGE_CURVE('',#2606,#2635,#120,.T.);
#3075=EDGE_CURVE('',#2635,#2620,#80,.T.);
#3079=ADVANCED_FACE('',(#3078),#3067,.T.);
#3137=EDGE_CURVE('',#2620,#2622,#85,.T.);
#3139=EDGE_CURVE('',#2622,#2623,#254,.T.);
#3141=EDGE_CURVE('',#2621,#2623,#209,.T.);
#3145=ADVANCED_FACE('',(#3144),#3135,.F.);
#3219=EDGE_CURVE('',#2635,#2636,#90,.T.);
#3221=EDGE_CURVE('',#2636,#2622,#312,.T.);
#3226=ADVANCED_FACE('',(#3225),#3217,.F.);
#3303=EDGE_CURVE('',#2633,#2635,#111,.T.);
#3305=EDGE_CURVE('',#2633,#2634,#95,.T.);
#3307=EDGE_CURVE('',#2634,#2636,#328,.T.);
#3312=ADVANCED_FACE('',(#3311),#3302,.F.);
#3359=EDGE_CURVE('',#2619,#2606,#140,.T.);
#3361=EDGE_CURVE('',#2633,#2619,#130,.T.);
#3365=ADVANCED_FACE('',(#3364),#3356,.T.);
#3379=EDGE_CURVE('',#2591,#2595,#135,.T.);
#3381=EDGE_CURVE('',#2591,#2619,#400,.T.);
#3386=ADVANCED_FACE('',(#3385),#3377,.T.);
#3399=EDGE_CURVE('',#2590,#2591,#150,.T.);
#3403=EDGE_CURVE('',#2590,#2594,#145,.T.);
#3407=ADVANCED_FACE('',(#3406),#3398,.T.);
#3421=EDGE_CURVE('',#2599,#2590,#167,.T.);
#3423=EDGE_CURVE('',#2598,#2599,#155,.T.);
#3425=EDGE_CURVE('',#2598,#2591,#404,.T.);
#3429=ADVANCED_FACE('',(#3428),#3419,.T.);
#3442=EDGE_CURVE('',#2610,#2611,#159,.T.);
#3444=EDGE_CURVE('',#2599,#2611,#163,.T.);
#3447=EDGE_CURVE('',#2610,#2590,#171,.T.);
#3451=ADVANCED_FACE('',(#3450),#3441,.T.);
#3464=EDGE_CURVE('',#2624,#2626,#186,.T.);
#3466=EDGE_CURVE('',#2626,#2647,#359,.T.);
#3468=EDGE_CURVE('',#2647,#2648,#199,.T.);
#3470=EDGE_CURVE('',#2648,#2611,#1193,.T.);
#3473=EDGE_CURVE('',#2610,#2624,#229,.T.);
#3477=ADVANCED_FACE('',(#3476),#3463,.T.);
#3551=EDGE_CURVE('',#2624,#2625,#204,.T.);
#3553=EDGE_CURVE('',#2625,#2627,#278,.T.);
#3555=EDGE_CURVE('',#2626,#2627,#351,.T.);
#3559=ADVANCED_FACE('',(#3558),#3549,.F.);
#3612=EDGE_CURVE('',#2621,#2624,#219,.T.);
#3615=EDGE_CURVE('',#2623,#2625,#288,.T.);
#3620=ADVANCED_FACE('',(#3619),#3611,.F.);
#3667=EDGE_CURVE('',#2607,#2610,#243,.T.);
#3672=ADVANCED_FACE('',(#3671),#3664,.T.);
#3691=ADVANCED_FACE('',(#3690),#3684,.T.);
#3705=EDGE_CURVE('',#2583,#2622,#258,.T.);
#3707=EDGE_CURVE('',#2583,#2582,#1360,.T.);
#3709=EDGE_CURVE('',#2582,#2629,#297,.T.);
#3711=EDGE_CURVE('',#2627,#2629,#263,.T.);
#3717=ADVANCED_FACE('',(#3716),#3703,.T.);
#3730=EDGE_CURVE('',#2629,#2631,#293,.T.);
#3733=EDGE_CURVE('',#2582,#2583,#1355,.T.);
#3738=EDGE_CURVE('',#2631,#2634,#341,.T.);
#3742=ADVANCED_FACE('',(#3741),#3729,.T.);
#3755=EDGE_CURVE('',#2632,#2626,#346,.T.);
#3760=EDGE_CURVE('',#2632,#2631,#392,.T.);
#3764=ADVANCED_FACE('',(#3763),#3754,.F.);
#3778=EDGE_CURVE('',#2641,#2632,#355,.T.);
#3780=EDGE_CURVE('',#2647,#2641,#1203,.T.);
#3785=ADVANCED_FACE('',(#3784),#3776,.F.);
#3798=EDGE_CURVE('',#2632,#2633,#372,.T.);
#3801=EDGE_CURVE('',#2618,#2619,#396,.T.);
#3803=EDGE_CURVE('',#2618,#2638,#1238,.T.);
#3805=EDGE_CURVE('',#2638,#2641,#387,.T.);
#3810=ADVANCED_FACE('',(#3809),#3797,.T.);
#3881=ADVANCED_FACE('',(#3880),#3874,.F.);
#3897=EDGE_CURVE('',#2618,#2598,#408,.T.);
#3901=EDGE_CURVE('',#2853,#2854,#422,.T.);
#3903=EDGE_CURVE('',#2854,#2856,#426,.T.);
#3905=EDGE_CURVE('',#2856,#2858,#430,.T.);
#3907=EDGE_CURVE('',#2858,#2860,#434,.T.);
#3909=EDGE_CURVE('',#2860,#2862,#438,.T.);
#3911=EDGE_CURVE('',#2862,#2853,#442,.T.);
#3915=EDGE_CURVE('',#2863,#2864,#447,.T.);
#3917=EDGE_CURVE('',#2865,#2864,#457,.T.);
#3919=EDGE_CURVE('',#2865,#2866,#462,.T.);
#3921=EDGE_CURVE('',#2863,#2866,#472,.T.);
#3925=EDGE_CURVE('',#2869,#2870,#476,.T.);
#3927=EDGE_CURVE('',#2870,#2872,#480,.T.);
#3929=EDGE_CURVE('',#2872,#2874,#484,.T.);
#3931=EDGE_CURVE('',#2874,#2876,#488,.T.);
#3933=EDGE_CURVE('',#2876,#2878,#492,.T.);
#3935=EDGE_CURVE('',#2878,#2880,#496,.T.);
#3937=EDGE_CURVE('',#2880,#2882,#500,.T.);
#3939=EDGE_CURVE('',#2882,#2884,#504,.T.);
#3941=EDGE_CURVE('',#2884,#2886,#508,.T.);
#3943=EDGE_CURVE('',#2886,#2888,#512,.T.);
#3945=EDGE_CURVE('',#2888,#2890,#516,.T.);
#3947=EDGE_CURVE('',#2890,#2869,#520,.T.);
#3951=EDGE_CURVE('',#2895,#2896,#548,.T.);
#3953=EDGE_CURVE('',#2897,#2896,#556,.T.);
#3955=EDGE_CURVE('',#2897,#2898,#561,.T.);
#3957=EDGE_CURVE('',#2898,#2895,#566,.T.);
#3961=EDGE_CURVE('',#2906,#2907,#595,.T.);
#3963=EDGE_CURVE('',#2907,#2909,#599,.T.);
#3965=EDGE_CURVE('',#2909,#2911,#603,.T.);
#3967=EDGE_CURVE('',#2911,#2913,#607,.T.);
#3969=EDGE_CURVE('',#2913,#2915,#611,.T.);
#3971=EDGE_CURVE('',#2915,#2917,#615,.T.);
#3973=EDGE_CURVE('',#2917,#2919,#619,.T.);
#3975=EDGE_CURVE('',#2919,#2906,#623,.T.);
#3979=EDGE_CURVE('',#2922,#2923,#627,.T.);
#3981=EDGE_CURVE('',#2923,#2925,#631,.T.);
#3983=EDGE_CURVE('',#2925,#2927,#635,.T.);
#3985=EDGE_CURVE('',#2927,#2929,#639,.T.);
#3987=EDGE_CURVE('',#2929,#2931,#643,.T.);
#3989=EDGE_CURVE('',#2931,#2933,#647,.T.);
#3991=EDGE_CURVE('',#2933,#2935,#651,.T.);
#3993=EDGE_CURVE('',#2935,#2937,#655,.T.);
#3995=EDGE_CURVE('',#2937,#2939,#659,.T.);
#3997=EDGE_CURVE('',#2939,#2941,#663,.T.);
#3999=EDGE_CURVE('',#2941,#2943,#667,.T.);
#4001=EDGE_CURVE('',#2943,#2922,#671,.T.);
#4005=EDGE_CURVE('',#2947,#2948,#696,.T.);
#4007=EDGE_CURVE('',#2948,#2949,#701,.T.);
#4009=EDGE_CURVE('',#2949,#2950,#706,.T.);
#4011=EDGE_CURVE('',#2951,#2950,#712,.T.);
#4013=EDGE_CURVE('',#2951,#2952,#717,.T.);
#4015=EDGE_CURVE('',#2953,#2952,#723,.T.);
#4017=EDGE_CURVE('',#2953,#2954,#728,.T.);
#4019=EDGE_CURVE('',#2947,#2954,#736,.T.);
#4023=EDGE_CURVE('',#2955,#2956,#741,.T.);
#4025=EDGE_CURVE('',#2957,#2956,#755,.T.);
#4027=EDGE_CURVE('',#2957,#2958,#760,.T.);
#4029=EDGE_CURVE('',#2955,#2958,#773,.T.);
#4033=EDGE_CURVE('',#2959,#2960,#778,.T.);
#4035=EDGE_CURVE('',#2960,#2961,#783,.T.);
#4037=EDGE_CURVE('',#2961,#2962,#788,.T.);
#4039=EDGE_CURVE('',#2962,#2963,#793,.T.);
#4041=EDGE_CURVE('',#2963,#2964,#798,.T.);
#4043=EDGE_CURVE('',#2965,#2964,#804,.T.);
#4045=EDGE_CURVE('',#2965,#2966,#809,.T.);
#4047=EDGE_CURVE('',#2967,#2966,#815,.T.);
#4049=EDGE_CURVE('',#2967,#2968,#820,.T.);
#4051=EDGE_CURVE('',#2968,#2969,#825,.T.);
#4053=EDGE_CURVE('',#2969,#2970,#830,.T.);
#4055=EDGE_CURVE('',#2959,#2970,#835,.T.);
#4059=EDGE_CURVE('',#2973,#2974,#839,.T.);
#4061=EDGE_CURVE('',#2974,#2976,#843,.T.);
#4063=EDGE_CURVE('',#2976,#2978,#847,.T.);
#4065=EDGE_CURVE('',#2978,#2980,#851,.T.);
#4067=EDGE_CURVE('',#2980,#2982,#855,.T.);
#4069=EDGE_CURVE('',#2982,#2984,#859,.T.);
#4071=EDGE_CURVE('',#2984,#2986,#863,.T.);
#4073=EDGE_CURVE('',#2986,#2988,#867,.T.);
#4075=EDGE_CURVE('',#2988,#2990,#871,.T.);
#4077=EDGE_CURVE('',#2990,#2992,#875,.T.);
#4079=EDGE_CURVE('',#2992,#2994,#879,.T.);
#4081=EDGE_CURVE('',#2994,#2973,#883,.T.);
#4085=EDGE_CURVE('',#2999,#3000,#911,.T.);
#4087=EDGE_CURVE('',#3001,#3000,#919,.T.);
#4089=EDGE_CURVE('',#3001,#3002,#924,.T.);
#4091=EDGE_CURVE('',#3002,#2999,#929,.T.);
#4095=EDGE_CURVE('',#3010,#3011,#958,.T.);
#4097=EDGE_CURVE('',#3011,#3013,#962,.T.);
#4099=EDGE_CURVE('',#3013,#3015,#966,.T.);
#4101=EDGE_CURVE('',#3015,#3017,#970,.T.);
#4103=EDGE_CURVE('',#3017,#3019,#974,.T.);
#4105=EDGE_CURVE('',#3019,#3021,#978,.T.);
#4107=EDGE_CURVE('',#3021,#3023,#982,.T.);
#4109=EDGE_CURVE('',#3023,#3010,#986,.T.);
#4113=EDGE_CURVE('',#3024,#3025,#994,.T.);
#4115=EDGE_CURVE('',#3025,#3026,#1003,.T.);
#4117=EDGE_CURVE('',#3026,#3027,#1010,.T.);
#4119=EDGE_CURVE('',#3027,#3028,#1015,.T.);
#4121=EDGE_CURVE('',#3028,#3029,#1020,.T.);
#4123=EDGE_CURVE('',#3029,#3030,#1025,.T.);
#4125=EDGE_CURVE('',#3030,#3031,#1031,.T.);
#4127=EDGE_CURVE('',#3031,#3032,#1038,.T.);
#4129=EDGE_CURVE('',#3032,#3033,#1044,.T.);
#4131=EDGE_CURVE('',#3033,#3034,#1051,.T.);
#4133=EDGE_CURVE('',#3034,#3035,#1056,.T.);
#4135=EDGE_CURVE('',#3035,#3036,#1063,.T.);
#4137=EDGE_CURVE('',#3036,#3037,#1068,.T.);
#4139=EDGE_CURVE('',#3037,#3038,#1073,.T.);
#4141=EDGE_CURVE('',#3038,#3039,#1078,.T.);
#4143=EDGE_CURVE('',#3039,#3024,#1085,.T.);
#4147=ADVANCED_FACE('',(#3900,#3914,#3924,#3950,#3960,#3978,#4004,#4022,#4032,
#4058,#4084,#4094,#4112,#4146),#3893,.T.);
#4160=EDGE_CURVE('',#2849,#2850,#413,.T.);
#4162=EDGE_CURVE('',#2850,#2849,#418,.T.);
#4166=ADVANCED_FACE('',(#4165),#4159,.T.);
#4179=EDGE_CURVE('',#2891,#2892,#525,.T.);
#4181=EDGE_CURVE('',#2893,#2892,#533,.T.);
#4183=EDGE_CURVE('',#2893,#2894,#538,.T.);
#4185=EDGE_CURVE('',#2894,#2891,#543,.T.);
#4189=ADVANCED_FACE('',(#4188),#4178,.T.);
#4202=EDGE_CURVE('',#2899,#2900,#571,.T.);
#4204=EDGE_CURVE('',#2899,#2901,#576,.T.);
#4206=EDGE_CURVE('',#2901,#2902,#581,.T.);
#4208=EDGE_CURVE('',#2902,#2903,#586,.T.);
#4210=EDGE_CURVE('',#2900,#2903,#591,.T.);
#4214=ADVANCED_FACE('',(#4213),#4201,.T.);
#4227=EDGE_CURVE('',#2944,#2945,#676,.T.);
#4229=EDGE_CURVE('',#2945,#2946,#681,.T.);
#4231=EDGE_CURVE('',#2944,#2946,#691,.T.);
#4235=ADVANCED_FACE('',(#4234),#4226,.T.);
#4248=EDGE_CURVE('',#2995,#2996,#888,.T.);
#4250=EDGE_CURVE('',#2997,#2996,#896,.T.);
#4252=EDGE_CURVE('',#2997,#2998,#901,.T.);
#4254=EDGE_CURVE('',#2998,#2995,#906,.T.);
#4258=ADVANCED_FACE('',(#4257),#4247,.T.);
#4271=EDGE_CURVE('',#3003,#3004,#934,.T.);
#4273=EDGE_CURVE('',#3003,#3005,#939,.T.);
#4275=EDGE_CURVE('',#3005,#3006,#944,.T.);
#4277=EDGE_CURVE('',#3006,#3007,#949,.T.);
#4279=EDGE_CURVE('',#3004,#3007,#954,.T.);
#4283=ADVANCED_FACE('',(#4282),#4270,.T.);
#4297=EDGE_CURVE('',#2598,#2602,#1095,.T.);
#4299=EDGE_CURVE('',#2615,#2602,#1113,.T.);
#4301=EDGE_CURVE('',#2615,#2618,#1090,.T.);
#4305=ADVANCED_FACE('',(#4304),#4295,.T.);
#4319=EDGE_CURVE('',#2599,#2603,#1100,.T.);
#4321=EDGE_CURVE('',#2602,#2603,#1118,.T.);
#4326=ADVANCED_FACE('',(#4325),#4317,.T.);
#4339=EDGE_CURVE('',#2603,#2614,#1122,.T.);
#4343=EDGE_CURVE('',#2611,#2614,#1105,.T.);
#4347=ADVANCED_FACE('',(#4346),#4338,.T.);
#4360=EDGE_CURVE('',#2614,#2615,#1109,.T.);
#4367=ADVANCED_FACE('',(#4366),#4359,.T.);
#4380=EDGE_CURVE('',#2650,#2652,#1137,.T.);
#4382=EDGE_CURVE('',#2652,#2637,#1148,.T.);
#4384=EDGE_CURVE('',#2637,#2615,#1247,.T.);
#4387=EDGE_CURVE('',#2614,#2650,#1183,.T.);
#4391=ADVANCED_FACE('',(#4390),#4379,.T.);
#4465=EDGE_CURVE('',#2650,#2651,#1153,.T.);
#4467=EDGE_CURVE('',#2651,#2653,#1321,.T.);
#4469=EDGE_CURVE('',#2652,#2653,#1252,.T.);
#4473=ADVANCED_FACE('',(#4472),#4463,.F.);
#4550=EDGE_CURVE('',#2648,#2650,#1174,.T.);
#4552=EDGE_CURVE('',#2648,#2649,#1158,.T.);
#4554=EDGE_CURVE('',#2649,#2651,#1337,.T.);
#4559=ADVANCED_FACE('',(#4558),#4549,.F.);
#4610=ADVANCED_FACE('',(#4609),#4603,.T.);
#4676=EDGE_CURVE('',#2647,#2646,#1198,.T.);
#4678=EDGE_CURVE('',#2646,#2649,#1350,.T.);
#4683=ADVANCED_FACE('',(#4682),#4674,.F.);
#4697=EDGE_CURVE('',#2641,#2642,#1208,.T.);
#4699=EDGE_CURVE('',#2642,#2644,#1282,.T.);
#4701=EDGE_CURVE('',#2644,#2646,#1302,.T.);
#4706=ADVANCED_FACE('',(#4705),#4695,.F.);
#4780=EDGE_CURVE('',#2638,#2640,#1213,.T.);
#4782=EDGE_CURVE('',#2640,#2642,#1297,.T.);
#4787=ADVANCED_FACE('',(#4786),#4778,.F.);
#4840=EDGE_CURVE('',#2637,#2638,#1228,.T.);
#4842=EDGE_CURVE('',#2637,#2639,#1218,.T.);
#4844=EDGE_CURVE('',#2639,#2640,#1262,.T.);
#4849=ADVANCED_FACE('',(#4848),#4839,.F.);
#4900=ADVANCED_FACE('',(#4899),#4893,.T.);
#4959=EDGE_CURVE('',#2653,#2639,#1273,.T.);
#4964=ADVANCED_FACE('',(#4963),#4956,.F.);
#4979=EDGE_CURVE('',#2586,#2653,#1277,.T.);
#4981=EDGE_CURVE('',#2586,#2587,#1365,.T.);
#4983=EDGE_CURVE('',#2587,#2644,#1306,.T.);
#4989=ADVANCED_FACE('',(#4988),#4976,.T.);
#5004=EDGE_CURVE('',#2587,#2586,#1370,.T.);
#5012=ADVANCED_FACE('',(#5011),#5001,.T.);
#5029=ADVANCED_FACE('',(#5028),#5024,.T.);
#5046=ADVANCED_FACE('',(#5045),#5041,.T.);
#5060=EDGE_CURVE('',#2850,#2656,#1374,.T.);
#5062=EDGE_CURVE('',#2656,#2657,#1383,.T.);
#5064=EDGE_CURVE('',#2849,#2657,#1378,.T.);
#5068=ADVANCED_FACE('',(#5067),#5058,.F.);
#5083=EDGE_CURVE('',#2657,#2656,#1388,.T.);
#5088=ADVANCED_FACE('',(#5087),#5080,.F.);
#5101=EDGE_CURVE('',#2660,#2661,#1392,.T.);
#5103=EDGE_CURVE('',#2669,#2660,#1396,.T.);
#5105=EDGE_CURVE('',#2667,#2669,#1400,.T.);
#5107=EDGE_CURVE('',#2665,#2667,#1404,.T.);
#5109=EDGE_CURVE('',#2663,#2665,#1408,.T.);
#5111=EDGE_CURVE('',#2661,#2663,#1412,.T.);
#5115=ADVANCED_FACE('',(#5114),#5100,.T.);
#5128=EDGE_CURVE('',#2670,#2671,#1417,.T.);
#5130=EDGE_CURVE('',#2673,#2670,#1427,.T.);
#5132=EDGE_CURVE('',#2672,#2673,#1432,.T.);
#5134=EDGE_CURVE('',#2671,#2672,#1442,.T.);
#5138=ADVANCED_FACE('',(#5137),#5127,.T.);
#5151=EDGE_CURVE('',#2676,#2677,#1446,.T.);
#5153=EDGE_CURVE('',#2697,#2676,#1450,.T.);
#5155=EDGE_CURVE('',#2695,#2697,#1454,.T.);
#5157=EDGE_CURVE('',#2693,#2695,#1458,.T.);
#5159=EDGE_CURVE('',#2691,#2693,#1462,.T.);
#5161=EDGE_CURVE('',#2689,#2691,#1466,.T.);
#5163=EDGE_CURVE('',#2687,#2689,#1470,.T.);
#5165=EDGE_CURVE('',#2685,#2687,#1474,.T.);
#5167=EDGE_CURVE('',#2683,#2685,#1478,.T.);
#5169=EDGE_CURVE('',#2681,#2683,#1482,.T.);
#5171=EDGE_CURVE('',#2679,#2681,#1486,.T.);
#5173=EDGE_CURVE('',#2677,#2679,#1490,.T.);
#5177=ADVANCED_FACE('',(#5176),#5150,.T.);
#5190=EDGE_CURVE('',#2702,#2703,#1518,.T.);
#5192=EDGE_CURVE('',#2705,#2702,#1523,.T.);
#5194=EDGE_CURVE('',#2704,#2705,#1528,.T.);
#5196=EDGE_CURVE('',#2703,#2704,#1536,.T.);
#5200=EDGE_CURVE('',#2698,#2699,#1495,.T.);
#5202=EDGE_CURVE('',#2701,#2698,#1500,.T.);
#5204=EDGE_CURVE('',#2700,#2701,#1505,.T.);
#5206=EDGE_CURVE('',#2699,#2700,#1513,.T.);
#5210=ADVANCED_FACE('',(#5199,#5209),#5189,.T.);
#5223=EDGE_CURVE('',#2713,#2714,#1565,.T.);
#5225=EDGE_CURVE('',#2726,#2713,#1569,.T.);
#5227=EDGE_CURVE('',#2724,#2726,#1573,.T.);
#5229=EDGE_CURVE('',#2722,#2724,#1577,.T.);
#5231=EDGE_CURVE('',#2720,#2722,#1581,.T.);
#5233=EDGE_CURVE('',#2718,#2720,#1585,.T.);
#5235=EDGE_CURVE('',#2716,#2718,#1589,.T.);
#5237=EDGE_CURVE('',#2714,#2716,#1593,.T.);
#5241=EDGE_CURVE('',#2706,#2707,#1541,.T.);
#5243=EDGE_CURVE('',#2710,#2706,#1546,.T.);
#5245=EDGE_CURVE('',#2709,#2710,#1551,.T.);
#5247=EDGE_CURVE('',#2708,#2709,#1556,.T.);
#5249=EDGE_CURVE('',#2707,#2708,#1561,.T.);
#5253=ADVANCED_FACE('',(#5240,#5252),#5222,.T.);
#5266=EDGE_CURVE('',#2729,#2730,#1597,.T.);
#5268=EDGE_CURVE('',#2750,#2729,#1601,.T.);
#5270=EDGE_CURVE('',#2748,#2750,#1605,.T.);
#5272=EDGE_CURVE('',#2746,#2748,#1609,.T.);
#5274=EDGE_CURVE('',#2744,#2746,#1613,.T.);
#5276=EDGE_CURVE('',#2742,#2744,#1617,.T.);
#5278=EDGE_CURVE('',#2740,#2742,#1621,.T.);
#5280=EDGE_CURVE('',#2738,#2740,#1625,.T.);
#5282=EDGE_CURVE('',#2736,#2738,#1629,.T.);
#5284=EDGE_CURVE('',#2734,#2736,#1633,.T.);
#5286=EDGE_CURVE('',#2732,#2734,#1637,.T.);
#5288=EDGE_CURVE('',#2730,#2732,#1641,.T.);
#5292=ADVANCED_FACE('',(#5291),#5265,.T.);
#5305=EDGE_CURVE('',#2754,#2755,#1666,.T.);
#5307=EDGE_CURVE('',#2761,#2754,#1674,.T.);
#5309=EDGE_CURVE('',#2760,#2761,#1679,.T.);
#5311=EDGE_CURVE('',#2759,#2760,#1685,.T.);
#5313=EDGE_CURVE('',#2758,#2759,#1690,.T.);
#5315=EDGE_CURVE('',#2757,#2758,#1696,.T.);
#5317=EDGE_CURVE('',#2756,#2757,#1701,.T.);
#5319=EDGE_CURVE('',#2755,#2756,#1706,.T.);
#5323=EDGE_CURVE('',#2751,#2752,#1646,.T.);
#5325=EDGE_CURVE('',#2753,#2751,#1656,.T.);
#5327=EDGE_CURVE('',#2752,#2753,#1661,.T.);
#5331=ADVANCED_FACE('',(#5322,#5330),#5304,.T.);
#5344=EDGE_CURVE('',#2762,#2763,#1711,.T.);
#5346=EDGE_CURVE('',#2765,#2762,#1724,.T.);
#5348=EDGE_CURVE('',#2764,#2765,#1729,.T.);
#5350=EDGE_CURVE('',#2763,#2764,#1743,.T.);
#5354=ADVANCED_FACE('',(#5353),#5343,.T.);
#5367=EDGE_CURVE('',#2766,#2767,#1748,.T.);
#5369=EDGE_CURVE('',#2777,#2766,#1753,.T.);
#5371=EDGE_CURVE('',#2776,#2777,#1758,.T.);
#5373=EDGE_CURVE('',#2775,#2776,#1763,.T.);
#5375=EDGE_CURVE('',#2774,#2775,#1768,.T.);
#5377=EDGE_CURVE('',#2773,#2774,#1774,.T.);
#5379=EDGE_CURVE('',#2772,#2773,#1779,.T.);
#5381=EDGE_CURVE('',#2771,#2772,#1785,.T.);
#5383=EDGE_CURVE('',#2770,#2771,#1790,.T.);
#5385=EDGE_CURVE('',#2769,#2770,#1795,.T.);
#5387=EDGE_CURVE('',#2768,#2769,#1800,.T.);
#5389=EDGE_CURVE('',#2767,#2768,#1805,.T.);
#5393=ADVANCED_FACE('',(#5392),#5366,.T.);
#5406=EDGE_CURVE('',#2780,#2781,#1809,.T.);
#5408=EDGE_CURVE('',#2801,#2780,#1813,.T.);
#5410=EDGE_CURVE('',#2799,#2801,#1817,.T.);
#5412=EDGE_CURVE('',#2797,#2799,#1821,.T.);
#5414=EDGE_CURVE('',#2795,#2797,#1825,.T.);
#5416=EDGE_CURVE('',#2793,#2795,#1829,.T.);
#5418=EDGE_CURVE('',#2791,#2793,#1833,.T.);
#5420=EDGE_CURVE('',#2789,#2791,#1837,.T.);
#5422=EDGE_CURVE('',#2787,#2789,#1841,.T.);
#5424=EDGE_CURVE('',#2785,#2787,#1845,.T.);
#5426=EDGE_CURVE('',#2783,#2785,#1849,.T.);
#5428=EDGE_CURVE('',#2781,#2783,#1853,.T.);
#5432=ADVANCED_FACE('',(#5431),#5405,.T.);
#5445=EDGE_CURVE('',#2806,#2807,#1881,.T.);
#5447=EDGE_CURVE('',#2809,#2806,#1886,.T.);
#5449=EDGE_CURVE('',#2808,#2809,#1891,.T.);
#5451=EDGE_CURVE('',#2807,#2808,#1899,.T.);
#5455=EDGE_CURVE('',#2802,#2803,#1858,.T.);
#5457=EDGE_CURVE('',#2805,#2802,#1863,.T.);
#5459=EDGE_CURVE('',#2804,#2805,#1868,.T.);
#5461=EDGE_CURVE('',#2803,#2804,#1876,.T.);
#5465=ADVANCED_FACE('',(#5454,#5464),#5444,.T.);
#5478=EDGE_CURVE('',#2817,#2818,#1928,.T.);
#5480=EDGE_CURVE('',#2830,#2817,#1932,.T.);
#5482=EDGE_CURVE('',#2828,#2830,#1936,.T.);
#5484=EDGE_CURVE('',#2826,#2828,#1940,.T.);
#5486=EDGE_CURVE('',#2824,#2826,#1944,.T.);
#5488=EDGE_CURVE('',#2822,#2824,#1948,.T.);
#5490=EDGE_CURVE('',#2820,#2822,#1952,.T.);
#5492=EDGE_CURVE('',#2818,#2820,#1956,.T.);
#5496=EDGE_CURVE('',#2810,#2811,#1904,.T.);
#5498=EDGE_CURVE('',#2814,#2810,#1909,.T.);
#5500=EDGE_CURVE('',#2813,#2814,#1914,.T.);
#5502=EDGE_CURVE('',#2812,#2813,#1919,.T.);
#5504=EDGE_CURVE('',#2811,#2812,#1924,.T.);
#5508=ADVANCED_FACE('',(#5495,#5507),#5477,.T.);
#5521=EDGE_CURVE('',#2831,#2832,#1964,.T.);
#5523=EDGE_CURVE('',#2846,#2831,#1971,.T.);
#5525=EDGE_CURVE('',#2845,#2846,#1976,.T.);
#5527=EDGE_CURVE('',#2844,#2845,#1981,.T.);
#5529=EDGE_CURVE('',#2843,#2844,#1986,.T.);
#5531=EDGE_CURVE('',#2842,#2843,#1993,.T.);
#5533=EDGE_CURVE('',#2841,#2842,#1998,.T.);
#5535=EDGE_CURVE('',#2840,#2841,#2005,.T.);
#5537=EDGE_CURVE('',#2839,#2840,#2011,.T.);
#5539=EDGE_CURVE('',#2838,#2839,#2018,.T.);
#5541=EDGE_CURVE('',#2837,#2838,#2024,.T.);
#5543=EDGE_CURVE('',#2836,#2837,#2029,.T.);
#5545=EDGE_CURVE('',#2835,#2836,#2034,.T.);
#5547=EDGE_CURVE('',#2834,#2835,#2039,.T.);
#5549=EDGE_CURVE('',#2833,#2834,#2046,.T.);
#5551=EDGE_CURVE('',#2832,#2833,#2055,.T.);
#5559=ADVANCED_FACE('',(#5554,#5558),#5520,.T.);
#5573=EDGE_CURVE('',#2853,#2660,#2059,.T.);
#5576=EDGE_CURVE('',#2854,#2661,#2079,.T.);
#5580=ADVANCED_FACE('',(#5579),#5571,.T.);
#5594=EDGE_CURVE('',#2862,#2669,#2063,.T.);
#5600=ADVANCED_FACE('',(#5599),#5592,.T.);
#5614=EDGE_CURVE('',#2860,#2667,#2067,.T.);
#5620=ADVANCED_FACE('',(#5619),#5612,.T.);
#5634=EDGE_CURVE('',#2858,#2665,#2071,.T.);
#5640=ADVANCED_FACE('',(#5639),#5632,.T.);
#5654=EDGE_CURVE('',#2856,#2663,#2075,.T.);
#5660=ADVANCED_FACE('',(#5659),#5652,.T.);
#5679=ADVANCED_FACE('',(#5678),#5672,.T.);
#5693=B_SPLINE_CURVE_WITH_KNOTS('',3,(#5687,#5688,#5689,#5690,#5691,#5692),
.UNSPECIFIED.,.F.,.F.,(4,1,1,4),(0.E0,2.809558665071E-1,7.190441334929E-1,1.E0),
.UNSPECIFIED.);
#5702=EDGE_CURVE('',#2863,#2670,#2083,.T.);
#5705=EDGE_CURVE('',#2864,#2671,#2095,.T.);
#5709=ADVANCED_FACE('',(#5708),#5700,.F.);
#5728=B_SPLINE_CURVE_WITH_KNOTS('',3,(#5717,#5718,#5719,#5720,#5721,#5722,#5723,
#5724,#5725,#5726,#5727),.UNSPECIFIED.,.F.,.F.,(4,1,1,1,1,1,1,1,4),(0.E0,
1.865136869020E-2,1.491520825096E-1,3.196799889542E-1,4.966068152822E-1,
6.878184288671E-1,8.703669300206E-1,9.812899206555E-1,1.E0),.UNSPECIFIED.);
#5736=EDGE_CURVE('',#2866,#2673,#2087,.T.);
#5742=ADVANCED_FACE('',(#5741),#5734,.F.);
#5756=B_SPLINE_CURVE_WITH_KNOTS('',3,(#5750,#5751,#5752,#5753,#5754,#5755),
.UNSPECIFIED.,.F.,.F.,(4,1,1,4),(0.E0,2.701950238064E-1,7.298049761936E-1,1.E0),
.UNSPECIFIED.);
#5764=EDGE_CURVE('',#2865,#2672,#2091,.T.);
#5770=ADVANCED_FACE('',(#5769),#5762,.F.);
#5789=B_SPLINE_CURVE_WITH_KNOTS('',3,(#5778,#5779,#5780,#5781,#5782,#5783,#5784,
#5785,#5786,#5787,#5788),.UNSPECIFIED.,.F.,.F.,(4,1,1,1,1,1,1,1,4),(0.E0,
2.276725687659E-2,1.590893398060E-1,3.241200746205E-1,5.027423202538E-1,
6.719678717631E-1,8.277087388739E-1,9.773209307403E-1,1.E0),.UNSPECIFIED.);
#5802=ADVANCED_FACE('',(#5801),#5795,.F.);
#5816=EDGE_CURVE('',#2869,#2676,#2099,.T.);
#5819=EDGE_CURVE('',#2870,#2677,#2143,.T.);
#5823=ADVANCED_FACE('',(#5822),#5814,.T.);
#5837=EDGE_CURVE('',#2890,#2697,#2103,.T.);
#5843=ADVANCED_FACE('',(#5842),#5835,.T.);
#5857=EDGE_CURVE('',#2888,#2695,#2107,.T.);
#5863=ADVANCED_FACE('',(#5862),#5855,.T.);
#5877=EDGE_CURVE('',#2886,#2693,#2111,.T.);
#5883=ADVANCED_FACE('',(#5882),#5875,.T.);
#5897=EDGE_CURVE('',#2884,#2691,#2115,.T.);
#5903=ADVANCED_FACE('',(#5902),#5895,.T.);
#5917=EDGE_CURVE('',#2882,#2689,#2119,.T.);
#5923=ADVANCED_FACE('',(#5922),#5915,.T.);
#5937=EDGE_CURVE('',#2880,#2687,#2123,.T.);
#5943=ADVANCED_FACE('',(#5942),#5935,.T.);
#5957=EDGE_CURVE('',#2878,#2685,#2127,.T.);
#5963=ADVANCED_FACE('',(#5962),#5955,.T.);
#5977=EDGE_CURVE('',#2876,#2683,#2131,.T.);
#5983=ADVANCED_FACE('',(#5982),#5975,.T.);
#5997=EDGE_CURVE('',#2874,#2681,#2135,.T.);
#6003=ADVANCED_FACE('',(#6002),#5995,.T.);
#6017=EDGE_CURVE('',#2872,#2679,#2139,.T.);
#6023=ADVANCED_FACE('',(#6022),#6015,.T.);
#6042=ADVANCED_FACE('',(#6041),#6035,.T.);
#6056=B_SPLINE_CURVE_WITH_KNOTS('',3,(#6050,#6051,#6052,#6053,#6054,#6055),
.UNSPECIFIED.,.F.,.F.,(4,1,1,4),(0.E0,2.561479171502E-1,7.438520828498E-1,1.E0),
.UNSPECIFIED.);
#6064=EDGE_CURVE('',#2891,#2698,#2147,.T.);
#6067=EDGE_CURVE('',#2892,#2699,#2159,.T.);
#6071=ADVANCED_FACE('',(#6070),#6062,.F.);
#6085=B_SPLINE_CURVE_WITH_KNOTS('',3,(#6079,#6080,#6081,#6082,#6083,#6084),
.UNSPECIFIED.,.F.,.F.,(4,1,1,4),(0.E0,8.534977953423E-2,9.146502204658E-1,1.E0),
.UNSPECIFIED.);
#6093=EDGE_CURVE('',#2894,#2701,#2151,.T.);
#6099=ADVANCED_FACE('',(#6098),#6091,.F.);
#6113=B_SPLINE_CURVE_WITH_KNOTS('',3,(#6107,#6108,#6109,#6110,#6111,#6112),
.UNSPECIFIED.,.F.,.F.,(4,1,1,4),(0.E0,2.611036718218E-1,7.388963281782E-1,1.E0),
.UNSPECIFIED.);
#6121=EDGE_CURVE('',#2893,#2700,#2155,.T.);
#6127=ADVANCED_FACE('',(#6126),#6119,.F.);
#6144=B_SPLINE_CURVE_WITH_KNOTS('',3,(#6135,#6136,#6137,#6138,#6139,#6140,#6141,
#6142,#6143),.UNSPECIFIED.,.F.,.F.,(4,1,1,1,1,1,4),(0.E0,3.146499885497E-2,
2.715769079638E-1,5.077630924047E-1,7.381473456144E-1,9.694867765129E-1,1.E0),
.UNSPECIFIED.);
#6157=ADVANCED_FACE('',(#6156),#6150,.F.);
#6171=B_SPLINE_CURVE_WITH_KNOTS('',3,(#6165,#6166,#6167,#6168,#6169,#6170),
.UNSPECIFIED.,.F.,.F.,(4,1,1,4),(0.E0,1.829326142165E-1,8.170673857835E-1,1.E0),
.UNSPECIFIED.);
#6179=EDGE_CURVE('',#2895,#2702,#2163,.T.);
#6182=EDGE_CURVE('',#2896,#2703,#2175,.T.);
#6186=ADVANCED_FACE('',(#6185),#6177,.F.);
#6200=B_SPLINE_CURVE_WITH_KNOTS('',3,(#6194,#6195,#6196,#6197,#6198,#6199),
.UNSPECIFIED.,.F.,.F.,(4,1,1,4),(0.E0,6.847866250269E-2,9.315213374973E-1,1.E0),
.UNSPECIFIED.);
#6208=EDGE_CURVE('',#2898,#2705,#2167,.T.);
#6214=ADVANCED_FACE('',(#6213),#6206,.F.);
#6228=B_SPLINE_CURVE_WITH_KNOTS('',3,(#6222,#6223,#6224,#6225,#6226,#6227),
.UNSPECIFIED.,.F.,.F.,(4,1,1,4),(0.E0,1.787195189982E-1,8.212804810018E-1,1.E0),
.UNSPECIFIED.);
#6236=EDGE_CURVE('',#2897,#2704,#2171,.T.);
#6242=ADVANCED_FACE('',(#6241),#6234,.F.);
#6259=B_SPLINE_CURVE_WITH_KNOTS('',3,(#6250,#6251,#6252,#6253,#6254,#6255,#6256,
#6257,#6258),.UNSPECIFIED.,.F.,.F.,(4,1,1,1,1,1,4),(0.E0,2.439669934444E-2,
2.625066562178E-1,4.916677421159E-1,7.306535240160E-1,9.760170774573E-1,1.E0),
.UNSPECIFIED.);
#6272=ADVANCED_FACE('',(#6271),#6265,.F.);
#6286=B_SPLINE_CURVE_WITH_KNOTS('',3,(#6280,#6281,#6282,#6283,#6284,#6285),
.UNSPECIFIED.,.F.,.F.,(4,1,1,4),(0.E0,1.923076923077E-2,9.807692307692E-1,1.E0),
.UNSPECIFIED.);
#6294=EDGE_CURVE('',#2900,#2706,#2179,.T.);
#6297=EDGE_CURVE('',#2899,#2707,#2195,.T.);
#6301=ADVANCED_FACE('',(#6300),#6292,.F.);
#6315=B_SPLINE_CURVE_WITH_KNOTS('',3,(#6309,#6310,#6311,#6312,#6313,#6314),
.UNSPECIFIED.,.F.,.F.,(4,1,1,4),(0.E0,1.923076923077E-2,9.807692307692E-1,1.E0),
.UNSPECIFIED.);
#6323=EDGE_CURVE('',#2903,#2710,#2183,.T.);
#6329=ADVANCED_FACE('',(#6328),#6321,.F.);
#6343=B_SPLINE_CURVE_WITH_KNOTS('',3,(#6337,#6338,#6339,#6340,#6341,#6342),
.UNSPECIFIED.,.F.,.F.,(4,1,1,4),(0.E0,1.321507133748E-1,8.678492866252E-1,1.E0),
.UNSPECIFIED.);
#6351=EDGE_CURVE('',#2902,#2709,#2187,.T.);
#6357=ADVANCED_FACE('',(#6356),#6349,.F.);
#6371=B_SPLINE_CURVE_WITH_KNOTS('',3,(#6365,#6366,#6367,#6368,#6369,#6370),
.UNSPECIFIED.,.F.,.F.,(4,1,1,4),(0.E0,1.605130127369E-1,8.394869872630E-1,1.E0),
.UNSPECIFIED.);
#6379=EDGE_CURVE('',#2901,#2708,#2191,.T.);
#6385=ADVANCED_FACE('',(#6384),#6377,.F.);
#6399=B_SPLINE_CURVE_WITH_KNOTS('',3,(#6393,#6394,#6395,#6396,#6397,#6398),
.UNSPECIFIED.,.F.,.F.,(4,1,1,4),(0.E0,1.320360142575E-1,8.679639857425E-1,1.E0),
.UNSPECIFIED.);
#6412=ADVANCED_FACE('',(#6411),#6405,.F.);
#6426=EDGE_CURVE('',#2906,#2713,#2199,.T.);
#6429=EDGE_CURVE('',#2907,#2714,#2227,.T.);
#6433=ADVANCED_FACE('',(#6432),#6424,.T.);
#6447=EDGE_CURVE('',#2919,#2726,#2203,.T.);
#6453=ADVANCED_FACE('',(#6452),#6445,.T.);
#6467=EDGE_CURVE('',#2917,#2724,#2207,.T.);
#6473=ADVANCED_FACE('',(#6472),#6465,.T.);
#6487=EDGE_CURVE('',#2915,#2722,#2211,.T.);
#6493=ADVANCED_FACE('',(#6492),#6485,.T.);
#6507=EDGE_CURVE('',#2913,#2720,#2215,.T.);
#6513=ADVANCED_FACE('',(#6512),#6505,.T.);
#6527=EDGE_CURVE('',#2911,#2718,#2219,.T.);
#6533=ADVANCED_FACE('',(#6532),#6525,.T.);
#6547=EDGE_CURVE('',#2909,#2716,#2223,.T.);
#6553=ADVANCED_FACE('',(#6552),#6545,.T.);
#6572=ADVANCED_FACE('',(#6571),#6565,.T.);
#6586=EDGE_CURVE('',#2922,#2729,#2231,.T.);
#6589=EDGE_CURVE('',#2923,#2730,#2275,.T.);
#6593=ADVANCED_FACE('',(#6592),#6584,.T.);
#6607=EDGE_CURVE('',#2943,#2750,#2235,.T.);
#6613=ADVANCED_FACE('',(#6612),#6605,.T.);
#6627=EDGE_CURVE('',#2941,#2748,#2239,.T.);
#6633=ADVANCED_FACE('',(#6632),#6625,.T.);
#6647=EDGE_CURVE('',#2939,#2746,#2243,.T.);
#6653=ADVANCED_FACE('',(#6652),#6645,.T.);
#6667=EDGE_CURVE('',#2937,#2744,#2247,.T.);
#6673=ADVANCED_FACE('',(#6672),#6665,.T.);
#6687=EDGE_CURVE('',#2935,#2742,#2251,.T.);
#6693=ADVANCED_FACE('',(#6692),#6685,.T.);
#6707=EDGE_CURVE('',#2933,#2740,#2255,.T.);
#6713=ADVANCED_FACE('',(#6712),#6705,.T.);
#6727=EDGE_CURVE('',#2931,#2738,#2259,.T.);
#6733=ADVANCED_FACE('',(#6732),#6725,.T.);
#6747=EDGE_CURVE('',#2929,#2736,#2263,.T.);
#6753=ADVANCED_FACE('',(#6752),#6745,.T.);
#6767=EDGE_CURVE('',#2927,#2734,#2267,.T.);
#6773=ADVANCED_FACE('',(#6772),#6765,.T.);
#6787=EDGE_CURVE('',#2925,#2732,#2271,.T.);
#6793=ADVANCED_FACE('',(#6792),#6785,.T.);
#6812=ADVANCED_FACE('',(#6811),#6805,.T.);
#6826=B_SPLINE_CURVE_WITH_KNOTS('',3,(#6820,#6821,#6822,#6823,#6824,#6825),
.UNSPECIFIED.,.F.,.F.,(4,1,1,4),(0.E0,2.423686418069E-1,7.576313581931E-1,1.E0),
.UNSPECIFIED.);
#6834=EDGE_CURVE('',#2944,#2751,#2279,.T.);
#6837=EDGE_CURVE('',#2945,#2752,#2287,.T.);
#6841=ADVANCED_FACE('',(#6840),#6832,.F.);
#6860=B_SPLINE_CURVE_WITH_KNOTS('',3,(#6849,#6850,#6851,#6852,#6853,#6854,#6855,
#6856,#6857,#6858,#6859),.UNSPECIFIED.,.F.,.F.,(4,1,1,1,1,1,1,1,4),(0.E0,
5.318151369510E-2,2.137185983054E-1,3.337819824112E-1,4.469903671990E-1,
5.726376689236E-1,7.569116165121E-1,9.503085277211E-1,1.E0),.UNSPECIFIED.);
#6868=EDGE_CURVE('',#2946,#2753,#2283,.T.);
#6874=ADVANCED_FACE('',(#6873),#6866,.F.);
#6888=B_SPLINE_CURVE_WITH_KNOTS('',3,(#6882,#6883,#6884,#6885,#6886,#6887),
.UNSPECIFIED.,.F.,.F.,(4,1,1,4),(0.E0,1.923076923077E-2,9.807692307692E-1,1.E0),
.UNSPECIFIED.);
#6901=ADVANCED_FACE('',(#6900),#6894,.F.);
#6915=B_SPLINE_CURVE_WITH_KNOTS('',3,(#6909,#6910,#6911,#6912,#6913,#6914),
.UNSPECIFIED.,.F.,.F.,(4,1,1,4),(0.E0,2.948328635040E-1,7.051671364960E-1,1.E0),
.UNSPECIFIED.);
#6923=EDGE_CURVE('',#2947,#2754,#2291,.T.);
#6926=EDGE_CURVE('',#2948,#2755,#2319,.T.);
#6930=ADVANCED_FACE('',(#6929),#6921,.F.);
#6947=B_SPLINE_CURVE_WITH_KNOTS('',3,(#6938,#6939,#6940,#6941,#6942,#6943,#6944,
#6945,#6946),.UNSPECIFIED.,.F.,.F.,(4,1,1,1,1,1,4),(0.E0,4.136658245515E-2,
2.951343025466E-1,4.680405842554E-1,6.303609136854E-1,9.598426682138E-1,1.E0),
.UNSPECIFIED.);
#6955=EDGE_CURVE('',#2954,#2761,#2295,.T.);
#6961=ADVANCED_FACE('',(#6960),#6953,.F.);
#6975=B_SPLINE_CURVE_WITH_KNOTS('',3,(#6969,#6970,#6971,#6972,#6973,#6974),
.UNSPECIFIED.,.F.,.F.,(4,1,1,4),(0.E0,2.130571839960E-1,7.869428160040E-1,1.E0),
.UNSPECIFIED.);
#6983=EDGE_CURVE('',#2953,#2760,#2299,.T.);
#6989=ADVANCED_FACE('',(#6988),#6981,.F.);
#7004=B_SPLINE_CURVE_WITH_KNOTS('',3,(#6997,#6998,#6999,#7000,#7001,#7002,
#7003),.UNSPECIFIED.,.F.,.F.,(4,1,1,1,4),(0.E0,7.544856709397E-2,
4.815296581304E-1,9.281166229741E-1,1.E0),.UNSPECIFIED.);
#7012=EDGE_CURVE('',#2952,#2759,#2303,.T.);
#7018=ADVANCED_FACE('',(#7017),#7010,.F.);
#7032=B_SPLINE_CURVE_WITH_KNOTS('',3,(#7026,#7027,#7028,#7029,#7030,#7031),
.UNSPECIFIED.,.F.,.F.,(4,1,1,4),(0.E0,2.830051430731E-1,7.169948569269E-1,1.E0),
.UNSPECIFIED.);
#7040=EDGE_CURVE('',#2951,#2758,#2307,.T.);
#7046=ADVANCED_FACE('',(#7045),#7038,.F.);
#7061=B_SPLINE_CURVE_WITH_KNOTS('',3,(#7054,#7055,#7056,#7057,#7058,#7059,
#7060),.UNSPECIFIED.,.F.,.F.,(4,1,1,1,4),(0.E0,5.943629867795E-2,
4.166368654829E-1,9.414562860975E-1,1.E0),.UNSPECIFIED.);
#7069=EDGE_CURVE('',#2950,#2757,#2311,.T.);
#7075=ADVANCED_FACE('',(#7074),#7067,.F.);
#7089=B_SPLINE_CURVE_WITH_KNOTS('',3,(#7083,#7084,#7085,#7086,#7087,#7088),
.UNSPECIFIED.,.F.,.F.,(4,1,1,4),(0.E0,1.283281255602E-1,8.716718744398E-1,1.E0),
.UNSPECIFIED.);
#7097=EDGE_CURVE('',#2949,#2756,#2315,.T.);
#7103=ADVANCED_FACE('',(#7102),#7095,.F.);
#7117=B_SPLINE_CURVE_WITH_KNOTS('',3,(#7111,#7112,#7113,#7114,#7115,#7116),
.UNSPECIFIED.,.F.,.F.,(4,1,1,4),(0.E0,2.794382801583E-1,7.205617198417E-1,1.E0),
.UNSPECIFIED.);
#7130=ADVANCED_FACE('',(#7129),#7123,.F.);
#7144=B_SPLINE_CURVE_WITH_KNOTS('',3,(#7138,#7139,#7140,#7141,#7142,#7143),
.UNSPECIFIED.,.F.,.F.,(4,1,1,4),(0.E0,2.754703961209E-1,7.245296038791E-1,1.E0),
.UNSPECIFIED.);
#7152=EDGE_CURVE('',#2955,#2762,#2323,.T.);
#7155=EDGE_CURVE('',#2956,#2763,#2335,.T.);
#7159=ADVANCED_FACE('',(#7158),#7150,.F.);
#7181=B_SPLINE_CURVE_WITH_KNOTS('',3,(#7167,#7168,#7169,#7170,#7171,#7172,#7173,
#7174,#7175,#7176,#7177,#7178,#7179,#7180),.UNSPECIFIED.,.F.,.F.,(4,1,1,1,1,1,1,
1,1,1,1,4),(0.E0,2.634343688648E-2,1.668921395231E-1,2.810857271370E-1,
3.297529165804E-1,4.241123460176E-1,5.410900361677E-1,6.177022384372E-1,
7.290893862906E-1,8.622283593162E-1,9.735919416943E-1,1.E0),.UNSPECIFIED.);
#7189=EDGE_CURVE('',#2958,#2765,#2327,.T.);
#7195=ADVANCED_FACE('',(#7194),#7187,.F.);
#7209=B_SPLINE_CURVE_WITH_KNOTS('',3,(#7203,#7204,#7205,#7206,#7207,#7208),
.UNSPECIFIED.,.F.,.F.,(4,1,1,4),(0.E0,2.830051430800E-1,7.169948569200E-1,1.E0),
.UNSPECIFIED.);
#7217=EDGE_CURVE('',#2957,#2764,#2331,.T.);
#7223=ADVANCED_FACE('',(#7222),#7215,.F.);
#7246=B_SPLINE_CURVE_WITH_KNOTS('',3,(#7231,#7232,#7233,#7234,#7235,#7236,#7237,
#7238,#7239,#7240,#7241,#7242,#7243,#7244,#7245),.UNSPECIFIED.,.F.,.F.,(4,1,1,1,
1,1,1,1,1,1,1,1,4),(0.E0,2.590922866704E-2,1.469581164310E-1,2.125130676688E-1,
2.633705058663E-1,3.094756087510E-1,3.968923280955E-1,5.163269944473E-1,
5.967191796643E-1,7.084258179712E-1,8.467837943022E-1,9.739595070677E-1,1.E0),
.UNSPECIFIED.);
#7259=ADVANCED_FACE('',(#7258),#7252,.F.);
#7273=B_SPLINE_CURVE_WITH_KNOTS('',3,(#7267,#7268,#7269,#7270,#7271,#7272),
.UNSPECIFIED.,.F.,.F.,(4,1,1,4),(0.E0,1.923076923077E-2,9.807692307692E-1,1.E0),
.UNSPECIFIED.);
#7281=EDGE_CURVE('',#2959,#2766,#2339,.T.);
#7284=EDGE_CURVE('',#2960,#2767,#2383,.T.);
#7288=ADVANCED_FACE('',(#7287),#7279,.F.);
#7302=B_SPLINE_CURVE_WITH_KNOTS('',3,(#7296,#7297,#7298,#7299,#7300,#7301),
.UNSPECIFIED.,.F.,.F.,(4,1,1,4),(0.E0,1.923076923077E-2,9.807692307692E-1,1.E0),
.UNSPECIFIED.);
#7310=EDGE_CURVE('',#2970,#2777,#2343,.T.);
#7316=ADVANCED_FACE('',(#7315),#7308,.F.);
#7330=B_SPLINE_CURVE_WITH_KNOTS('',3,(#7324,#7325,#7326,#7327,#7328,#7329),
.UNSPECIFIED.,.F.,.F.,(4,1,1,4),(0.E0,1.085741578095E-1,8.914258421905E-1,1.E0),
.UNSPECIFIED.);
#7338=EDGE_CURVE('',#2969,#2776,#2347,.T.);
#7344=ADVANCED_FACE('',(#7343),#7336,.F.);
#7358=B_SPLINE_CURVE_WITH_KNOTS('',3,(#7352,#7353,#7354,#7355,#7356,#7357),
.UNSPECIFIED.,.F.,.F.,(4,1,1,4),(0.E0,2.749823196745E-1,7.250176803255E-1,1.E0),
.UNSPECIFIED.);
#7366=EDGE_CURVE('',#2968,#2775,#2351,.T.);
#7372=ADVANCED_FACE('',(#7371),#7364,.F.);
#7386=B_SPLINE_CURVE_WITH_KNOTS('',3,(#7380,#7381,#7382,#7383,#7384,#7385),
.UNSPECIFIED.,.F.,.F.,(4,1,1,4),(0.E0,7.612049206235E-2,9.238795079376E-1,1.E0),
.UNSPECIFIED.);
#7394=EDGE_CURVE('',#2967,#2774,#2355,.T.);
#7400=ADVANCED_FACE('',(#7399),#7392,.F.);
#7415=B_SPLINE_CURVE_WITH_KNOTS('',3,(#7408,#7409,#7410,#7411,#7412,#7413,
#7414),.UNSPECIFIED.,.F.,.F.,(4,1,1,1,4),(0.E0,8.408489860818E-2,
7.590850465552E-1,9.196397089293E-1,1.E0),.UNSPECIFIED.);
#7423=EDGE_CURVE('',#2966,#2773,#2359,.T.);
#7429=ADVANCED_FACE('',(#7428),#7421,.F.);
#7443=B_SPLINE_CURVE_WITH_KNOTS('',3,(#7437,#7438,#7439,#7440,#7441,#7442),
.UNSPECIFIED.,.F.,.F.,(4,1,1,4),(0.E0,2.937169179597E-1,7.062830820403E-1,1.E0),
.UNSPECIFIED.);
#7451=EDGE_CURVE('',#2965,#2772,#2363,.T.);
#7457=ADVANCED_FACE('',(#7456),#7449,.F.);
#7472=B_SPLINE_CURVE_WITH_KNOTS('',3,(#7465,#7466,#7467,#7468,#7469,#7470,
#7471),.UNSPECIFIED.,.F.,.F.,(4,1,1,1,4),(0.E0,1.331069608288E-1,
3.616008959053E-1,8.757840654924E-1,1.E0),.UNSPECIFIED.);
#7480=EDGE_CURVE('',#2964,#2771,#2367,.T.);
#7486=ADVANCED_FACE('',(#7485),#7478,.F.);
#7500=B_SPLINE_CURVE_WITH_KNOTS('',3,(#7494,#7495,#7496,#7497,#7498,#7499),
.UNSPECIFIED.,.F.,.F.,(4,1,1,4),(0.E0,2.647506817809E-1,7.352493182191E-1,1.E0),
.UNSPECIFIED.);
#7508=EDGE_CURVE('',#2963,#2770,#2371,.T.);
#7514=ADVANCED_FACE('',(#7513),#7506,.F.);
#7528=B_SPLINE_CURVE_WITH_KNOTS('',3,(#7522,#7523,#7524,#7525,#7526,#7527),
.UNSPECIFIED.,.F.,.F.,(4,1,1,4),(0.E0,8.582909332612E-2,9.141709066739E-1,1.E0),
.UNSPECIFIED.);
#7536=EDGE_CURVE('',#2962,#2769,#2375,.T.);
#7542=ADVANCED_FACE('',(#7541),#7534,.F.);
#7556=B_SPLINE_CURVE_WITH_KNOTS('',3,(#7550,#7551,#7552,#7553,#7554,#7555),
.UNSPECIFIED.,.F.,.F.,(4,1,1,4),(0.E0,2.655715641839E-1,7.344284358161E-1,1.E0),
.UNSPECIFIED.);
#7564=EDGE_CURVE('',#2961,#2768,#2379,.T.);
#7570=ADVANCED_FACE('',(#7569),#7562,.F.);
#7584=B_SPLINE_CURVE_WITH_KNOTS('',3,(#7578,#7579,#7580,#7581,#7582,#7583),
.UNSPECIFIED.,.F.,.F.,(4,1,1,4),(0.E0,1.091396476257E-1,8.908603523743E-1,1.E0),
.UNSPECIFIED.);
#7597=ADVANCED_FACE('',(#7596),#7590,.F.);
#7611=EDGE_CURVE('',#2973,#2780,#2387,.T.);
#7614=EDGE_CURVE('',#2974,#2781,#2431,.T.);
#7618=ADVANCED_FACE('',(#7617),#7609,.T.);
#7632=EDGE_CURVE('',#2994,#2801,#2391,.T.);
#7638=ADVANCED_FACE('',(#7637),#7630,.T.);
#7652=EDGE_CURVE('',#2992,#2799,#2395,.T.);
#7658=ADVANCED_FACE('',(#7657),#7650,.T.);
#7672=EDGE_CURVE('',#2990,#2797,#2399,.T.);
#7678=ADVANCED_FACE('',(#7677),#7670,.T.);
#7692=EDGE_CURVE('',#2988,#2795,#2403,.T.);
#7698=ADVANCED_FACE('',(#7697),#7690,.T.);
#7712=EDGE_CURVE('',#2986,#2793,#2407,.T.);
#7718=ADVANCED_FACE('',(#7717),#7710,.T.);
#7732=EDGE_CURVE('',#2984,#2791,#2411,.T.);
#7738=ADVANCED_FACE('',(#7737),#7730,.T.);
#7752=EDGE_CURVE('',#2982,#2789,#2415,.T.);
#7758=ADVANCED_FACE('',(#7757),#7750,.T.);
#7772=EDGE_CURVE('',#2980,#2787,#2419,.T.);
#7778=ADVANCED_FACE('',(#7777),#7770,.T.);
#7792=EDGE_CURVE('',#2978,#2785,#2423,.T.);
#7798=ADVANCED_FACE('',(#7797),#7790,.T.);
#7812=EDGE_CURVE('',#2976,#2783,#2427,.T.);
#7818=ADVANCED_FACE('',(#7817),#7810,.T.);
#7837=ADVANCED_FACE('',(#7836),#7830,.T.);
#7851=B_SPLINE_CURVE_WITH_KNOTS('',3,(#7845,#7846,#7847,#7848,#7849,#7850),
.UNSPECIFIED.,.F.,.F.,(4,1,1,4),(0.E0,2.561479171446E-1,7.438520828554E-1,1.E0),
.UNSPECIFIED.);
#7859=EDGE_CURVE('',#2995,#2802,#2435,.T.);
#7862=EDGE_CURVE('',#2996,#2803,#2447,.T.);
#7866=ADVANCED_FACE('',(#7865),#7857,.F.);
#7880=B_SPLINE_CURVE_WITH_KNOTS('',3,(#7874,#7875,#7876,#7877,#7878,#7879),
.UNSPECIFIED.,.F.,.F.,(4,1,1,4),(0.E0,8.534977953423E-2,9.146502204658E-1,1.E0),
.UNSPECIFIED.);
#7888=EDGE_CURVE('',#2998,#2805,#2439,.T.);
#7894=ADVANCED_FACE('',(#7893),#7886,.F.);
#7908=B_SPLINE_CURVE_WITH_KNOTS('',3,(#7902,#7903,#7904,#7905,#7906,#7907),
.UNSPECIFIED.,.F.,.F.,(4,1,1,4),(0.E0,2.611036718218E-1,7.388963281782E-1,1.E0),
.UNSPECIFIED.);
#7916=EDGE_CURVE('',#2997,#2804,#2443,.T.);
#7922=ADVANCED_FACE('',(#7921),#7914,.F.);
#7939=B_SPLINE_CURVE_WITH_KNOTS('',3,(#7930,#7931,#7932,#7933,#7934,#7935,#7936,
#7937,#7938),.UNSPECIFIED.,.F.,.F.,(4,1,1,1,1,1,4),(0.E0,3.146499885530E-2,
2.715769079662E-1,5.077630924122E-1,7.381473456172E-1,9.694867765127E-1,1.E0),
.UNSPECIFIED.);
#7952=ADVANCED_FACE('',(#7951),#7945,.F.);
#7966=B_SPLINE_CURVE_WITH_KNOTS('',3,(#7960,#7961,#7962,#7963,#7964,#7965),
.UNSPECIFIED.,.F.,.F.,(4,1,1,4),(0.E0,1.829326142165E-1,8.170673857835E-1,1.E0),
.UNSPECIFIED.);
#7974=EDGE_CURVE('',#2999,#2806,#2451,.T.);
#7977=EDGE_CURVE('',#3000,#2807,#2463,.T.);
#7981=ADVANCED_FACE('',(#7980),#7972,.F.);
#7995=B_SPLINE_CURVE_WITH_KNOTS('',3,(#7989,#7990,#7991,#7992,#7993,#7994),
.UNSPECIFIED.,.F.,.F.,(4,1,1,4),(0.E0,6.847866250269E-2,9.315213374973E-1,1.E0),
.UNSPECIFIED.);
#8003=EDGE_CURVE('',#3002,#2809,#2455,.T.);
#8009=ADVANCED_FACE('',(#8008),#8001,.F.);
#8023=B_SPLINE_CURVE_WITH_KNOTS('',3,(#8017,#8018,#8019,#8020,#8021,#8022),
.UNSPECIFIED.,.F.,.F.,(4,1,1,4),(0.E0,1.787195190010E-1,8.212804809990E-1,1.E0),
.UNSPECIFIED.);
#8031=EDGE_CURVE('',#3001,#2808,#2459,.T.);
#8037=ADVANCED_FACE('',(#8036),#8029,.F.);
#8054=B_SPLINE_CURVE_WITH_KNOTS('',3,(#8045,#8046,#8047,#8048,#8049,#8050,#8051,
#8052,#8053),.UNSPECIFIED.,.F.,.F.,(4,1,1,1,1,1,4),(0.E0,2.439669934446E-2,
2.625066562166E-1,4.916677421202E-1,7.306535240182E-1,9.760170774573E-1,1.E0),
.UNSPECIFIED.);
#8067=ADVANCED_FACE('',(#8066),#8060,.F.);
#8081=B_SPLINE_CURVE_WITH_KNOTS('',3,(#8075,#8076,#8077,#8078,#8079,#8080),
.UNSPECIFIED.,.F.,.F.,(4,1,1,4),(0.E0,1.923076923077E-2,9.807692307692E-1,1.E0),
.UNSPECIFIED.);
#8089=EDGE_CURVE('',#3004,#2810,#2467,.T.);
#8092=EDGE_CURVE('',#3003,#2811,#2483,.T.);
#8096=ADVANCED_FACE('',(#8095),#8087,.F.);
#8110=B_SPLINE_CURVE_WITH_KNOTS('',3,(#8104,#8105,#8106,#8107,#8108,#8109),
.UNSPECIFIED.,.F.,.F.,(4,1,1,4),(0.E0,1.923076923077E-2,9.807692307692E-1,1.E0),
.UNSPECIFIED.);
#8118=EDGE_CURVE('',#3007,#2814,#2471,.T.);
#8124=ADVANCED_FACE('',(#8123),#8116,.F.);
#8138=B_SPLINE_CURVE_WITH_KNOTS('',3,(#8132,#8133,#8134,#8135,#8136,#8137),
.UNSPECIFIED.,.F.,.F.,(4,1,1,4),(0.E0,1.321507133755E-1,8.678492866245E-1,1.E0),
.UNSPECIFIED.);
#8146=EDGE_CURVE('',#3006,#2813,#2475,.T.);
#8152=ADVANCED_FACE('',(#8151),#8144,.F.);
#8166=B_SPLINE_CURVE_WITH_KNOTS('',3,(#8160,#8161,#8162,#8163,#8164,#8165),
.UNSPECIFIED.,.F.,.F.,(4,1,1,4),(0.E0,1.605130127381E-1,8.394869872619E-1,1.E0),
.UNSPECIFIED.);
#8174=EDGE_CURVE('',#3005,#2812,#2479,.T.);
#8180=ADVANCED_FACE('',(#8179),#8172,.F.);
#8194=B_SPLINE_CURVE_WITH_KNOTS('',3,(#8188,#8189,#8190,#8191,#8192,#8193),
.UNSPECIFIED.,.F.,.F.,(4,1,1,4),(0.E0,1.320360142570E-1,8.679639857430E-1,1.E0),
.UNSPECIFIED.);
#8207=ADVANCED_FACE('',(#8206),#8200,.F.);
#8221=EDGE_CURVE('',#3010,#2817,#2487,.T.);
#8224=EDGE_CURVE('',#3011,#2818,#2515,.T.);
#8228=ADVANCED_FACE('',(#8227),#8219,.T.);
#8242=EDGE_CURVE('',#3023,#2830,#2491,.T.);
#8248=ADVANCED_FACE('',(#8247),#8240,.T.);
#8262=EDGE_CURVE('',#3021,#2828,#2495,.T.);
#8268=ADVANCED_FACE('',(#8267),#8260,.T.);
#8282=EDGE_CURVE('',#3019,#2826,#2499,.T.);
#8288=ADVANCED_FACE('',(#8287),#8280,.T.);
#8302=EDGE_CURVE('',#3017,#2824,#2503,.T.);
#8308=ADVANCED_FACE('',(#8307),#8300,.T.);
#8322=EDGE_CURVE('',#3015,#2822,#2507,.T.);
#8328=ADVANCED_FACE('',(#8327),#8320,.T.);
#8342=EDGE_CURVE('',#3013,#2820,#2511,.T.);
#8348=ADVANCED_FACE('',(#8347),#8340,.T.);
#8367=ADVANCED_FACE('',(#8366),#8360,.T.);
#8384=B_SPLINE_CURVE_WITH_KNOTS('',3,(#8375,#8376,#8377,#8378,#8379,#8380,#8381,
#8382,#8383),.UNSPECIFIED.,.F.,.F.,(4,1,1,1,1,1,4),(0.E0,1.285159712628E-2,
2.298277691196E-1,5.599716743103E-1,8.460734579514E-1,9.871656735508E-1,1.E0),
.UNSPECIFIED.);
#8392=EDGE_CURVE('',#3024,#2831,#2519,.T.);
#8395=EDGE_CURVE('',#3025,#2832,#2579,.T.);
#8399=ADVANCED_FACE('',(#8398),#8390,.T.);
#8415=B_SPLINE_CURVE_WITH_KNOTS('',3,(#8407,#8408,#8409,#8410,#8411,#8412,#8413,
#8414),.UNSPECIFIED.,.F.,.F.,(4,1,1,1,1,4),(0.E0,1.530932336748E-2,
2.829870472806E-1,5.518051974757E-1,9.847606002323E-1,1.E0),.UNSPECIFIED.);
#8423=EDGE_CURVE('',#3039,#2846,#2523,.T.);
#8429=ADVANCED_FACE('',(#8428),#8421,.T.);
#8443=B_SPLINE_CURVE_WITH_KNOTS('',3,(#8437,#8438,#8439,#8440,#8441,#8442),
.UNSPECIFIED.,.F.,.F.,(4,1,1,4),(0.E0,1.923076923077E-2,9.807692307692E-1,1.E0),
.UNSPECIFIED.);
#8451=EDGE_CURVE('',#3038,#2845,#2527,.T.);
#8457=ADVANCED_FACE('',(#8456),#8449,.T.);
#8471=B_SPLINE_CURVE_WITH_KNOTS('',3,(#8465,#8466,#8467,#8468,#8469,#8470),
.UNSPECIFIED.,.F.,.F.,(4,1,1,4),(0.E0,1.923076923077E-2,9.807692307692E-1,1.E0),
.UNSPECIFIED.);
#8479=EDGE_CURVE('',#3037,#2844,#2531,.T.);
#8485=ADVANCED_FACE('',(#8484),#8477,.T.);
#8499=B_SPLINE_CURVE_WITH_KNOTS('',3,(#8493,#8494,#8495,#8496,#8497,#8498),
.UNSPECIFIED.,.F.,.F.,(4,1,1,4),(0.E0,1.481667400470E-1,8.518332599530E-1,1.E0),
.UNSPECIFIED.);
#8507=EDGE_CURVE('',#3036,#2843,#2535,.T.);
#8513=ADVANCED_FACE('',(#8512),#8505,.T.);
#8529=B_SPLINE_CURVE_WITH_KNOTS('',3,(#8521,#8522,#8523,#8524,#8525,#8526,#8527,
#8528),.UNSPECIFIED.,.F.,.F.,(4,1,1,1,1,4),(0.E0,5.679691840351E-2,
1.151253022539E-1,5.355195963548E-1,9.425789333586E-1,1.E0),.UNSPECIFIED.);
#8537=EDGE_CURVE('',#3035,#2842,#2539,.T.);
#8543=ADVANCED_FACE('',(#8542),#8535,.T.);
#8557=B_SPLINE_CURVE_WITH_KNOTS('',3,(#8551,#8552,#8553,#8554,#8555,#8556),
.UNSPECIFIED.,.F.,.F.,(4,1,1,4),(0.E0,1.657742401535E-1,8.342257598465E-1,1.E0),
.UNSPECIFIED.);
#8565=EDGE_CURVE('',#3034,#2841,#2543,.T.);
#8571=ADVANCED_FACE('',(#8570),#8563,.T.);
#8587=B_SPLINE_CURVE_WITH_KNOTS('',3,(#8579,#8580,#8581,#8582,#8583,#8584,#8585,
#8586),.UNSPECIFIED.,.F.,.F.,(4,1,1,1,1,4),(0.E0,2.547100953859E-2,
5.930022401411E-2,5.257575289124E-1,9.746328802199E-1,1.E0),.UNSPECIFIED.);
#8595=EDGE_CURVE('',#3033,#2840,#2547,.T.);
#8601=ADVANCED_FACE('',(#8600),#8593,.T.);
#8616=B_SPLINE_CURVE_WITH_KNOTS('',3,(#8609,#8610,#8611,#8612,#8613,#8614,
#8615),.UNSPECIFIED.,.F.,.F.,(4,1,1,1,4),(0.E0,1.646511933057E-2,
4.687228861912E-1,9.836560497437E-1,1.E0),.UNSPECIFIED.);
#8624=EDGE_CURVE('',#3032,#2839,#2551,.T.);
#8630=ADVANCED_FACE('',(#8629),#8622,.T.);
#8646=B_SPLINE_CURVE_WITH_KNOTS('',3,(#8638,#8639,#8640,#8641,#8642,#8643,#8644,
#8645),.UNSPECIFIED.,.F.,.F.,(4,1,1,1,1,4),(0.E0,1.874046441237E-2,
3.639233088065E-1,8.083688068454E-1,9.814744571958E-1,1.E0),.UNSPECIFIED.);
#8654=EDGE_CURVE('',#3031,#2838,#2555,.T.);
#8660=ADVANCED_FACE('',(#8659),#8652,.T.);
#8675=B_SPLINE_CURVE_WITH_KNOTS('',3,(#8668,#8669,#8670,#8671,#8672,#8673,
#8674),.UNSPECIFIED.,.F.,.F.,(4,1,1,1,4),(0.E0,2.805333500930E-2,
4.222927828653E-1,9.721735524651E-1,1.E0),.UNSPECIFIED.);
#8683=EDGE_CURVE('',#3030,#2837,#2559,.T.);
#8689=ADVANCED_FACE('',(#8688),#8681,.T.);
#8703=B_SPLINE_CURVE_WITH_KNOTS('',3,(#8697,#8698,#8699,#8700,#8701,#8702),
.UNSPECIFIED.,.F.,.F.,(4,1,1,4),(0.E0,6.432143565997E-2,9.356785643400E-1,1.E0),
.UNSPECIFIED.);
#8711=EDGE_CURVE('',#3029,#2836,#2563,.T.);
#8717=ADVANCED_FACE('',(#8716),#8709,.T.);
#8731=B_SPLINE_CURVE_WITH_KNOTS('',3,(#8725,#8726,#8727,#8728,#8729,#8730),
.UNSPECIFIED.,.F.,.F.,(4,1,1,4),(0.E0,1.332999348261E-1,8.667000651739E-1,1.E0),
.UNSPECIFIED.);
#8739=EDGE_CURVE('',#3028,#2835,#2567,.T.);
#8745=ADVANCED_FACE('',(#8744),#8737,.T.);
#8759=B_SPLINE_CURVE_WITH_KNOTS('',3,(#8753,#8754,#8755,#8756,#8757,#8758),
.UNSPECIFIED.,.F.,.F.,(4,1,1,4),(0.E0,6.176813240151E-2,9.382318675985E-1,1.E0),
.UNSPECIFIED.);
#8767=EDGE_CURVE('',#3027,#2834,#2571,.T.);
#8773=ADVANCED_FACE('',(#8772),#8765,.T.);
#8789=B_SPLINE_CURVE_WITH_KNOTS('',3,(#8781,#8782,#8783,#8784,#8785,#8786,#8787,
#8788),.UNSPECIFIED.,.F.,.F.,(4,1,1,1,1,4),(0.E0,2.149077432075E-2,
4.383365161185E-1,9.429280249698E-1,9.786080327346E-1,1.E0),.UNSPECIFIED.);
#8797=EDGE_CURVE('',#3026,#2833,#2575,.T.);
#8803=ADVANCED_FACE('',(#8802),#8795,.T.);
#8821=B_SPLINE_CURVE_WITH_KNOTS('',3,(#8811,#8812,#8813,#8814,#8815,#8816,#8817,
#8818,#8819,#8820),.UNSPECIFIED.,.F.,.F.,(4,1,1,1,1,1,1,4),(0.E0,
1.157789756847E-2,5.845340930132E-2,3.114730944605E-1,5.618393349894E-1,
7.990145218995E-1,9.884415677240E-1,1.E0),.UNSPECIFIED.);
#8834=ADVANCED_FACE('',(#8833),#8827,.T.);
#8842=CLOSED_SHELL('',(#3055,#3079,#3145,#3226,#3312,#3365,#3386,#3407,#3429,
#3451,#3477,#3559,#3620,#3672,#3691,#3717,#3742,#3764,#3785,#3810,#3881,#4147,
#4166,#4189,#4214,#4235,#4258,#4283,#4305,#4326,#4347,#4367,#4391,#4473,#4559,
#4610,#4683,#4706,#4787,#4849,#4900,#4964,#4989,#5012,#5029,#5046,#5068,#5088,
#5115,#5138,#5177,#5210,#5253,#5292,#5331,#5354,#5393,#5432,#5465,#5508,#5559,
#5580,#5600,#5620,#5640,#5660,#5679,#5709,#5742,#5770,#5802,#5823,#5843,#5863,
#5883,#5903,#5923,#5943,#5963,#5983,#6003,#6023,#6042,#6071,#6099,#6127,#6157,
#6186,#6214,#6242,#6272,#6301,#6329,#6357,#6385,#6412,#6433,#6453,#6473,#6493,
#6513,#6533,#6553,#6572,#6593,#6613,#6633,#6653,#6673,#6693,#6713,#6733,#6753,
#6773,#6793,#6812,#6841,#6874,#6901,#6930,#6961,#6989,#7018,#7046,#7075,#7103,
#7130,#7159,#7195,#7223,#7259,#7288,#7316,#7344,#7372,#7400,#7429,#7457,#7486,
#7514,#7542,#7570,#7597,#7618,#7638,#7658,#7678,#7698,#7718,#7738,#7758,#7778,
#7798,#7818,#7837,#7866,#7894,#7922,#7952,#7981,#8009,#8037,#8067,#8096,#8124,
#8152,#8180,#8207,#8228,#8248,#8268,#8288,#8308,#8328,#8348,#8367,#8399,#8429,
#8457,#8485,#8513,#8543,#8571,#8601,#8630,#8660,#8689,#8717,#8745,#8773,#8803,
#8834));
#8843=MANIFOLD_SOLID_BREP('',#8842);
#8844=(LENGTH_UNIT()NAMED_UNIT(*)SI_UNIT(.MILLI.,.METRE.));
#8845=(NAMED_UNIT(*)PLANE_ANGLE_UNIT()SI_UNIT($,.RADIAN.));
#8848=(NAMED_UNIT(*)SI_UNIT($,.STERADIAN.)SOLID_ANGLE_UNIT());
#8850=(GEOMETRIC_REPRESENTATION_CONTEXT(3)GLOBAL_UNCERTAINTY_ASSIGNED_CONTEXT((
#8849))GLOBAL_UNIT_ASSIGNED_CONTEXT((#8844,#8847,#8848))REPRESENTATION_CONTEXT(
'ID1','3'));
#8851=ADVANCED_BREP_SHAPE_REPRESENTATION('',(#8843),#8850);
#8859=PRODUCT_DEFINITION('part definition','',#8858,#8855);
#8860=PRODUCT_DEFINITION_SHAPE('','SHAPE FOR CAP-TH_L9.',#8859);
#8861=SHAPE_ASPECT('','solid data associated with CAP-TH_L9',#8860,.F.);
#8862=PROPERTY_DEFINITION('',
'shape for solid data with which properties are associated',#8861);
#8863=SHAPE_REPRESENTATION('',(#8843),#8850);
#8864=SHAPE_DEFINITION_REPRESENTATION(#8862,#8863);
#8865=(LENGTH_UNIT()NAMED_UNIT(*)SI_UNIT(.MILLI.,.METRE.));
#8869=PROPERTY_DEFINITION('geometric validation property','area of CAP-TH_L9',
#8861);
#8870=REPRESENTATION('surface area',(#8868),#8850);
#8871=PROPERTY_DEFINITION_REPRESENTATION(#8869,#8870);
#8872=(LENGTH_UNIT()NAMED_UNIT(*)SI_UNIT(.MILLI.,.METRE.));
#8876=PROPERTY_DEFINITION('geometric validation property','volume of CAP-TH_L9',
#8861);
#8877=REPRESENTATION('volume',(#8875),#8850);
#8878=PROPERTY_DEFINITION_REPRESENTATION(#8876,#8877);
#8880=PROPERTY_DEFINITION('geometric validation property',
'centroid of CAP-TH_L9',#8861);
#8881=REPRESENTATION('centroid',(#8879),#8850);
#8882=PROPERTY_DEFINITION_REPRESENTATION(#8880,#8881);
#8883=(LENGTH_UNIT()NAMED_UNIT(*)SI_UNIT(.MILLI.,.METRE.));
#8887=PROPERTY_DEFINITION('geometric validation property','area of CAP-TH_L9',
#8860);
#8888=REPRESENTATION('surface area',(#8886),#8850);
#8889=PROPERTY_DEFINITION_REPRESENTATION(#8887,#8888);
#8890=(LENGTH_UNIT()NAMED_UNIT(*)SI_UNIT(.MILLI.,.METRE.));
#8894=PROPERTY_DEFINITION('geometric validation property','volume of CAP-TH_L9',
#8860);
#8895=REPRESENTATION('volume',(#8893),#8850);
#8896=PROPERTY_DEFINITION_REPRESENTATION(#8894,#8895);
#8898=PROPERTY_DEFINITION('geometric validation property',
'centroid of CAP-TH_L9',#8860);
#8899=REPRESENTATION('centroid',(#8897),#8850);
#8900=PROPERTY_DEFINITION_REPRESENTATION(#8898,#8899);
#8901=SHAPE_DEFINITION_REPRESENTATION(#8860,#8851);
ENDSEC;
END-ISO-10303-21;
