#VRML V2.0 utf8
# 3D model generated by easyeda2kicad.py (https://github.com/uPesy/easyeda2kicad.py)

Shape{
    appearance Appearance {
        material  Material 	{
            diffuseColor 0.5019607843137255 0.1411764705882353 0.11764705882352941
            specularColor 0.7529411764705882 0.7529411764705882 0.7529411764705882
            ambientIntensity 0.2
            transparency 0
            shininess 0.5
        }
    }
    geometry IndexedFaceSet {
        ccw TRUE
        solid FALSE
        coord DEF co Coordinate {
            point [
                -1.7717 -0.3543 3.3071, -1.7717 -0.3532 3.3349, -1.7717 -0.35 3.3625, -1.7717 -0.3445 3.3898, -1.7717 -0.337 3.4166, -1.7717 -0.3274 3.4427, -1.7717 -0.3157 3.468, -1.7717 -0.3021 3.4922, -1.7717 -0.2867 3.5154, -1.7717 -0.2694 3.5372, -1.7717 -0.2505 3.5577, -1.7717 -0.2301 3.5765, -1.7717 -0.2083 3.5937, -1.7717 -0.1851 3.6092, -1.7717 -0.3543 0.3543, -1.7717 -0.1608 3.6228, -1.7717 -0.1356 3.6345, -1.7717 -0.1095 3.6441, -1.7717 -0.0827 3.6516, -1.7717 -0.0554 3.6571, -1.7717 -0.0278 3.6603, -1.7717 0.0 3.6614, -1.7717 0.0278 3.6603, -1.7717 0.3543 0.3543, -1.7717 0.0555 3.6571, -1.7717 0.0827 3.6516, -1.7717 0.1095 3.6441, -1.7717 0.1356 3.6344, -1.7717 0.2083 3.5937, -1.7717 0.3543 3.3071, -1.7717 0.1852 3.6092, -1.7717 0.1609 3.6228, -1.7717 0.3021 3.4922, -1.7717 0.2867 3.5154, -1.7717 0.2694 3.5372, -1.7717 0.2506 3.5576, -1.7717 0.35 3.3625, -1.7717 0.3532 3.3349, -1.7717 0.337 3.4166, -1.7717 0.3274 3.4427, -1.7717 0.3445 3.3898, -1.7717 0.3157 3.4679, -1.7717 0.2301 3.5765, -1.7041 -0.3393 0.1462, -1.6944 -0.0239 0.1335, -1.6939 -0.0478 0.1329, -1.7167 -0.3421 0.1647, -1.704 0.3393 0.1461, -1.747 -0.3488 0.2245, -1.7381 0.3469 0.2039, -1.7382 -0.3469 0.204, -1.728 -0.3446 0.184, -1.728 0.3446 0.184, -1.7166 0.3421 0.1647, -1.7689 -0.3537 0.3102, -1.7709 -0.3542 0.3322, -1.7689 0.3537 0.3102, -1.771 0.3542 0.3322, -1.7654 -0.3529 0.2884, -1.7655 0.3529 0.2883, -1.7545 -0.3505 0.2454, -1.7607 -0.3518 0.2667, -1.7545 0.3505 0.2454, -1.7606 0.3519 0.2667, -1.747 0.3488 0.2244, -1.6946 -0.0 0.1338, -1.6931 -0.0717 0.1318, -1.6903 -0.3362 0.1284, -1.6919 -0.0955 0.1304, -1.6903 -0.1193 0.1285, -1.6835 -0.1902 0.1205, -1.6861 -0.1667 0.1235, -1.6884 -0.143 0.1262, -1.6805 -0.2137 0.1171, -1.6754 -0.3329 0.1116, -1.6771 -0.2371 0.1134, -1.6733 -0.2604 0.1094, -1.6645 -0.3065 0.1005, -1.6595 -0.3294 0.0957, -1.6691 -0.2835 0.1051, -1.6945 0.0239 0.1335, -1.694 0.0478 0.1329, -1.6903 0.3363 0.1284, -1.6931 0.0717 0.1318, -1.6919 0.0955 0.1303, -1.6884 0.143 0.1261, -1.6903 0.1193 0.1284, -1.6835 0.1902 0.1204, -1.6861 0.1667 0.1235, -1.6755 0.333 0.1116, -1.6805 0.2137 0.117, -1.6733 0.2604 0.1093, -1.6771 0.2371 0.1133, -1.6691 0.2835 0.1051, -1.6645 0.3065 0.1005, -1.6595 0.3294 0.0957, -1.6755 0.1543 0.1106, -1.6657 0.1737 0.0987, -1.5522 0.0806 -0.218, -1.5511 0.1001 -0.1795, -1.5465 0.1004 -0.1994, -1.6187 0.0919 0.0157, -1.6241 0.0756 0.0241, -1.6378 0.1054 0.0529, -1.6227 0.1378 0.0316, -1.6306 0.1225 0.0428, -1.6428 0.1557 0.0662, -1.5809 -0.0 -0.1274, -1.5892 0.0115 -0.0836, -1.581 0.0089 -0.1259, -1.6286 0.0581 0.031, -1.6111 0.0496 -0.0085, -1.5762 0.0064 -0.1682, -1.5744 0.0046 -0.2124, -1.5748 -0.0 -0.2094, -1.5802 0.0176 -0.1284, -1.6551 0.191 0.086, -1.629 0.2669 0.0602, -1.621 0.2314 0.0454, -1.6419 0.2557 0.0743, -1.5965 0.1741 -0.0059, -1.6055 0.1635 0.0071, -1.6132 0.1968 0.0277, -1.6333 0.1711 0.0539, -1.644 0.2063 0.0728, -1.6234 0.1848 0.041, -1.5906 0.1426 -0.0286, -1.5788 0.1223 -0.0659, -1.5854 0.1132 -0.054, -1.5721 0.1304 -0.0782, -1.5652 0.1374 -0.0909, -1.5647 0.1097 -0.1162, -1.5827 0.1519 -0.0413, -1.5747 0.1599 -0.0543, -1.6326 0.2197 0.0592, -1.5583 0.1434 -0.1039, -1.5531 0.1211 -0.1413, -1.5589 0.1158 -0.1286, -1.5558 0.0955 -0.167, -1.5615 0.0549 -0.2331, -1.5559 0.0765 -0.2058, -1.5589 0.059 -0.2445, -1.5646 0.0437 -0.285, -1.5563 0.0627 -0.2564, -1.5489 0.0822 -0.2348, -1.5621 0.0484 -0.3012, -1.5629 0.0469 -0.2958, -1.5538 0.0654 -0.2706, -1.5468 0.1197 -0.1645, -1.5612 0.0499 -0.3066, -1.6672 0.2277 0.1023, -1.6546 0.2427 0.0884, -1.6379 0.3044 0.0734, -1.6509 0.2924 0.0865, -1.6726 0.0752 0.105, -1.6517 0.1384 0.0778, -1.6598 0.1191 0.0883, -1.644 0.0868 0.0617, -1.6668 0.098 0.0974, -1.677 0.051 0.1106, -1.6073 0.0647 -0.0151, -1.597 0.0415 -0.0492, -1.6797 0.0258 0.1141, -1.6702 -0.0 0.1006, -1.6554 0.0228 0.0777, -1.5757 0.0128 -0.1705, -1.5741 0.0093 -0.2154, -1.6143 0.1515 0.0197, -1.6183 0.2795 0.0492, -1.6093 0.2414 0.0315, -1.6027 0.2071 0.0141, -1.5922 0.216 0.0004, -1.6009 0.2549 0.0231, -1.6484 -0.0 0.0658, -1.634 0.0199 0.0394, -1.653 0.0452 0.0744, -1.6491 0.0666 0.069, -1.6056 0.1201 -0.0048, -1.6124 0.1068 0.0059, -1.5983 0.1321 -0.0164, -1.5872 0.1832 -0.0192, -1.5779 0.1911 -0.0327, -1.5858 0.2307 -0.0048, -1.573 0.207 -0.0342, -1.6292 -0.0 0.0294, -1.6157 0.017 -0.0005, -1.6128 -0.0 -0.0084, -1.6319 0.0394 0.0362, -1.5974 0.0914 -0.0325, -1.5666 0.1668 -0.0676, -1.5627 0.1839 -0.065, -1.6008 0.0142 -0.0417, -1.5992 -0.0 -0.0472, -1.614 0.0337 -0.0036, -1.59 0.0658 -0.0631, -1.6027 0.0787 -0.0231, -1.5916 0.1029 -0.0428, -1.5757 0.095 -0.0927, -1.5703 0.1028 -0.1042, -1.5549 0.1616 -0.0971, -1.5886 -0.0 -0.087, -1.5993 0.0281 -0.0445, -1.5939 0.0541 -0.0554, -1.5857 0.0765 -0.072, -1.5807 0.0535 -0.1039, -1.5808 0.0863 -0.082, -1.5734 0.0704 -0.1219, -1.565 0.0843 -0.1433, -1.5604 0.0902 -0.1549, -1.5495 0.1402 -0.1304, -1.588 0.0227 -0.0863, -1.5837 0.0439 -0.0966, -1.5862 0.0336 -0.0906, -1.5773 0.0623 -0.1123, -1.5748 0.0417 -0.145, -1.5693 0.0777 -0.1322, -1.5693 0.0553 -0.1621, -1.5629 0.0669 -0.1827, -1.5594 0.0719 -0.194, -1.5788 0.0261 -0.1325, -1.577 0.0341 -0.1381, -1.5722 0.0488 -0.153, -1.5704 0.0362 -0.1937, -1.5684 0.0413 -0.2024, -1.5662 0.0614 -0.172, -1.5692 0.0327 -0.2529, -1.5663 0.0461 -0.2119, -1.564 0.0507 -0.2221, -1.5677 0.0367 -0.2635, -1.5662 0.0403 -0.2742, -1.5763 -0.0 -0.1682, -1.5748 0.019 -0.1744, -1.5736 0.025 -0.1796, -1.5721 0.0307 -0.1861, -1.5732 0.0174 -0.2226, -1.5725 0.0203 -0.2275, -1.5713 0.026 -0.2372, -1.5706 0.0285 -0.2423, -1.567 0.0385 -0.2689, -1.5654 0.042 -0.2796, -1.5638 0.0453 -0.2904, -1.5737 0.0139 -0.2184, -1.5719 0.0232 -0.2323, -1.5699 0.0307 -0.2475, -1.5685 0.0347 -0.2581, -1.5663 -0.0461 -0.2119, -1.5684 -0.0413 -0.2024, -1.5706 -0.0284 -0.2424, -1.6668 -0.098 0.0974, -1.5699 -0.0306 -0.2476, -1.5692 -0.0327 -0.2529, -1.5495 -0.1401 -0.1304, -1.5583 -0.1434 -0.1039, -1.5531 -0.1211 -0.1413, -1.5685 -0.0347 -0.2581, -1.5677 -0.0366 -0.2634, -1.564 -0.0507 -0.2221, -1.5522 -0.0806 -0.218, -1.5511 -0.1001 -0.1795, -1.5559 -0.0765 -0.2058, -1.5662 -0.0402 -0.2741, -1.5615 -0.0549 -0.2331, -1.567 -0.0384 -0.2688, -1.5563 -0.0627 -0.2564, -1.5589 -0.0589 -0.2445, -1.5646 -0.0436 -0.2848, -1.5638 -0.0452 -0.2902, -1.5654 -0.0419 -0.2794, -1.5538 -0.0654 -0.2706, -1.5621 -0.0483 -0.301, -1.5612 -0.0499 -0.3066, -1.563 -0.0468 -0.2956, -1.5468 -0.1197 -0.1645, -1.5549 -0.1616 -0.0972, -1.5666 -0.1668 -0.0676, -1.5627 -0.1839 -0.0651, -1.5779 -0.1911 -0.0327, -1.5854 -0.1132 -0.054, -1.5808 -0.0863 -0.082, -1.5757 -0.095 -0.0927, -1.573 -0.2069 -0.0342, -1.5922 -0.216 0.0004, -1.5974 -0.0914 -0.0325, -1.59 -0.0658 -0.0631, -1.5857 -0.0765 -0.072, -1.6657 -0.1737 0.0987, -1.644 -0.2063 0.0728, -1.6326 -0.2197 0.0592, -1.6546 -0.2426 0.0884, -1.6755 -0.1543 0.1106, -1.6598 -0.1191 0.0883, -1.6517 -0.1383 0.0778, -1.6428 -0.1557 0.0662, -1.6241 -0.0756 0.0241, -1.6187 -0.0919 0.0156, -1.6377 -0.1054 0.0529, -1.644 -0.0868 0.0617, -1.5862 -0.0336 -0.0907, -1.5802 -0.0176 -0.1284, -1.5788 -0.0261 -0.1325, -1.6111 -0.0496 -0.0085, -1.6073 -0.0647 -0.0151, -1.588 -0.0227 -0.0863, -1.5892 -0.0115 -0.0836, -1.581 -0.0089 -0.1259, -1.5762 -0.0064 -0.1682, -1.6726 -0.0753 0.105, -1.677 -0.051 0.1106, -1.6796 -0.0258 0.1141, -1.6333 -0.1711 0.0539, -1.6234 -0.1848 0.041, -1.6672 -0.2277 0.1023, -1.6551 -0.191 0.086, -1.621 -0.2313 0.0454, -1.6419 -0.2556 0.0743, -1.629 -0.2669 0.0602, -1.6093 -0.2414 0.0314, -1.6183 -0.2795 0.0492, -1.6509 -0.2923 0.0865, -1.6379 -0.3044 0.0734, -1.6009 -0.2549 0.0231, -1.5858 -0.2307 -0.0048, -1.5693 -0.0553 -0.1621, -1.5693 -0.0777 -0.1322, -1.5734 -0.0704 -0.1219, -1.6027 -0.2071 0.0141, -1.6227 -0.1378 0.0316, -1.6143 -0.1514 0.0196, -1.6132 -0.1967 0.0277, -1.6306 -0.1225 0.0428, -1.6055 -0.1635 0.0071, -1.5965 -0.1741 -0.0059, -1.5872 -0.1832 -0.0192, -1.6124 -0.1068 0.0059, -1.6491 -0.0666 0.069, -1.653 -0.0452 0.0744, -1.6554 -0.0228 0.0777, -1.5827 -0.1519 -0.0413, -1.5906 -0.1426 -0.0287, -1.5747 -0.1599 -0.0543, -1.5983 -0.1321 -0.0164, -1.6056 -0.1201 -0.0049, -1.5993 -0.0281 -0.0445, -1.597 -0.0415 -0.0492, -1.6286 -0.0581 0.031, -1.6319 -0.0394 0.0362, -1.634 -0.0199 0.0394, -1.5721 -0.1304 -0.0782, -1.5788 -0.1223 -0.0659, -1.5652 -0.1373 -0.0909, -1.5916 -0.1029 -0.0428, -1.6027 -0.0786 -0.0232, -1.614 -0.0337 -0.0036, -1.6157 -0.017 -0.0006, -1.5703 -0.1028 -0.1042, -1.5647 -0.1097 -0.1162, -1.5589 -0.1158 -0.1286, -1.5773 -0.0623 -0.1124, -1.5807 -0.0535 -0.1039, -1.5748 -0.0417 -0.145, -1.5938 -0.0541 -0.0554, -1.6008 -0.0142 -0.0417, -1.5465 -0.1004 -0.1994, -1.565 -0.0843 -0.1433, -1.5605 -0.0902 -0.1549, -1.5558 -0.0955 -0.167, -1.5837 -0.0439 -0.0966, -1.5489 -0.0822 -0.2348, -1.5594 -0.0719 -0.194, -1.5629 -0.0669 -0.1827, -1.5662 -0.0614 -0.1721, -1.5721 -0.0307 -0.1861, -1.5726 -0.0207 -0.2272, -1.5704 -0.0362 -0.1937, -1.5722 -0.0488 -0.153, -1.577 -0.0341 -0.1381, -1.5736 -0.025 -0.1796, -1.5748 -0.019 -0.1744, -1.5757 -0.0128 -0.1705, -1.5713 -0.026 -0.2372, -1.572 -0.0235 -0.2321, -1.5732 -0.0177 -0.2224, -1.5738 -0.0142 -0.218, -1.5743 -0.0102 -0.2138, -1.5746 -0.0054 -0.211, -1.5048 -0.1621 -0.189, -1.5075 -0.1844 -0.1519, -1.5139 -0.1641 -0.1733, -1.5371 -0.3575 0.0151, -1.5275 -0.3243 -0.0083, -1.516 -0.3561 0.0063, -1.555 -0.0592 -0.3396, -1.5528 -0.0621 -0.3494, -1.5412 -0.0773 -0.3241, -1.4726 -0.1761 -0.1873, -1.4632 -0.1861 -0.1718, -1.4722 -0.1997 -0.151, -1.4733 -0.1554 -0.2254, -1.4647 -0.1659 -0.2057, -1.547 -0.0685 -0.3711, -1.5499 -0.0654 -0.3605, -1.4757 -0.1235 -0.305, -1.4773 -0.1124 -0.3458, -1.4686 -0.1207 -0.3149, -1.4744 -0.1378 -0.2647, -1.4661 -0.1482 -0.241, -1.5041 -0.1018 -0.3608, -1.4926 -0.1123 -0.3319, -1.5001 -0.112 -0.3205, -1.4673 -0.1331 -0.2774, -1.4909 -0.0989 -0.4217, -1.4792 -0.1045 -0.3868, -1.4876 -0.1041 -0.3811, -1.4716 -0.0997 -0.4311, -1.4813 -0.0998 -0.4275, -1.4833 -0.0982 -0.4678, -1.5124 -0.1437 -0.2112, -1.5211 -0.1256 -0.2309, -1.5129 -0.1257 -0.25, -1.4932 -0.097 -0.4627, -1.5212 -0.1446 -0.1926, -1.5295 -0.1251 -0.2093, -1.4723 -0.0983 -0.4705, -1.5382 -0.1241 -0.1854, -1.5388 -0.1047 -0.223, -1.5119 -0.209 -0.1165, -1.5177 -0.1869 -0.1366, -1.535 -0.0911 -0.2859, -1.5276 -0.0945 -0.3086, -1.5232 -0.1089 -0.2697, -1.542 -0.0872 -0.2607, -1.531 -0.107 -0.2475, -1.5478 -0.0716 -0.2983, -1.5012 -0.2061 -0.1289, -1.4981 -0.1818 -0.1646, -1.5181 -0.2357 -0.083, -1.5235 -0.2118 -0.1016, -1.5592 -0.0532 -0.3182, -1.4982 -0.259 -0.073, -1.5117 -0.2616 -0.0636, -1.5058 -0.2328 -0.0951, -1.5033 -0.2899 -0.0438, -1.519 -0.2922 -0.0346, -1.4942 -0.2302 -0.1047, -1.4912 -0.2036 -0.1388, -1.4816 -0.2014 -0.1462, -1.4831 -0.2279 -0.1119, -1.4852 -0.2568 -0.08, -1.5092 -0.3223 -0.0173, -1.488 -0.2877 -0.0506, -1.4998 -0.3897 0.0205, -1.4954 -0.3546 -0.0003, -1.5476 -0.3915 0.0357, -1.5236 -0.3908 0.027, -1.607 -0.3866 0.0638, -1.6225 -0.3741 0.0708, -1.6047 -0.3587 0.0548, -1.5588 -0.3586 0.0262, -1.5722 -0.3916 0.0465, -1.5813 -0.3591 0.0395, -1.6365 -0.3603 0.0785, -1.572 -0.4068 0.0518, -1.5529 -0.4142 0.0468, -1.6315 -0.3265 0.0695, -1.6488 -0.3453 0.0868, -1.533 -0.4197 0.0425, -1.4914 -0.3205 -0.024, -1.5125 -0.4232 0.0388, -1.4959 -0.1032 -0.3725, -1.5093 -0.0946 -0.401, -1.4707 -0.4241 0.0333, -1.4917 -0.4246 0.0357, -1.476 -0.3884 0.0162, -1.4498 -0.4217 0.0315, -1.4533 -0.3524 -0.006, -1.4516 -0.3864 0.014, -1.4746 -0.353 -0.0046, -1.4551 -0.32 -0.0284, -1.4736 -0.3188 -0.0284, -1.5901 -0.3976 0.0575, -1.4727 -0.2859 -0.0552, -1.4568 -0.2892 -0.0531, -1.5465 -0.3261 0.003, -1.5664 -0.3275 0.0165, -1.5872 -0.3282 0.0322, -1.609 -0.328 0.0499, -1.4722 -0.255 -0.0846, -1.4585 -0.2603 -0.0799, -1.5355 -0.2946 -0.023, -1.553 -0.2967 -0.0092, -1.5909 -0.299 0.0248, -1.5714 -0.2983 0.0068, -1.5575 -0.2691 -0.0213, -1.6112 -0.2988 0.0449, -1.4601 -0.2334 -0.1088, -1.472 -0.2261 -0.1167, -1.5412 -0.267 -0.0376, -1.5748 -0.2706 -0.0028, -1.526 -0.2644 -0.0518, -1.5457 -0.241 -0.0517, -1.593 -0.2712 0.0177, -1.4617 -0.2086 -0.1394, -1.5314 -0.2385 -0.0685, -1.561 -0.2429 -0.0328, -1.536 -0.2143 -0.0844, -1.5771 -0.2441 -0.0118, -1.5404 -0.0747 -0.3914, -1.5341 -0.0825 -0.3474, -1.544 -0.0715 -0.3809, -1.5495 -0.2163 -0.065, -1.5287 -0.1892 -0.119, -1.5638 -0.2177 -0.0435, -1.4893 -0.1795 -0.1748, -1.4809 -0.1776 -0.1824, -1.5406 -0.191 -0.099, -1.5532 -0.1923 -0.077, -1.4885 -0.1582 -0.2125, -1.4964 -0.1601 -0.2021, -1.4809 -0.1566 -0.2203, -1.5238 -0.1659 -0.1551, -1.5343 -0.1672 -0.1347, -1.5454 -0.1681 -0.112, -1.4962 -0.1411 -0.2408, -1.4888 -0.1399 -0.2515, -1.4816 -0.1387 -0.2595, -1.504 -0.1425 -0.2273, -1.5306 -0.1452 -0.1715, -1.5404 -0.1453 -0.1483, -1.4975 -0.1251 -0.2804, -1.4901 -0.1246 -0.2914, -1.4829 -0.124 -0.2996, -1.505 -0.1255 -0.2666, -1.5571 -0.0563 -0.3292, -1.4697 -0.1109 -0.3531, -1.485 -0.1125 -0.3403, -1.5078 -0.1113 -0.3063, -1.5154 -0.1103 -0.2893, -1.4707 -0.1039 -0.3919, -1.5263 -0.0872 -0.3681, -1.5365 -0.0779 -0.4016, -1.5324 -0.0809 -0.4111, -1.5121 -0.0999 -0.3463, -1.52 -0.0974 -0.3288, -1.5002 -0.0972 -0.4129, -1.5224 -0.087 -0.4303, -1.518 -0.0913 -0.386, -1.5274 -0.0841 -0.4213, -1.502 -0.095 -0.456, -1.5096 -0.0926 -0.4481, -1.5163 -0.09 -0.4396, -1.4808 -0.5614 0.1449, -1.4837 -0.5742 0.1635, -1.5064 -0.5565 0.1403, -1.7669 -0.3767 0.3032, -1.7624 -0.4056 0.2998, -1.7694 -0.3812 0.3284, -1.5026 -0.5408 0.1211, -1.5099 -0.5708 0.1606, -1.4708 -0.5164 0.0944, -1.4944 -0.5061 0.0866, -1.467 -0.4992 0.0795, -1.4986 -0.524 0.1032, -1.4744 -0.5325 0.1103, -1.49 -0.4872 0.0714, -1.463 -0.4811 0.0657, -1.513 -0.4706 0.0636, -1.5179 -0.4905 0.0782, -1.4854 -0.4674 0.0576, -1.4588 -0.4621 0.0531, -1.4544 -0.4423 0.0417, -1.4806 -0.4468 0.0453, -1.4778 -0.5475 0.1272, -1.5131 -0.5838 0.1821, -1.4862 -0.5857 0.183, -1.4905 -0.6049 0.2236, -1.5159 -0.5953 0.2046, -1.4885 -0.596 0.203, -1.6051 -0.5841 0.2368, -1.6355 -0.577 0.2626, -1.6322 -0.5676 0.2338, -1.5184 -0.6052 0.228, -1.4922 -0.6125 0.2447, -1.5222 -0.62 0.2771, -1.5205 -0.6134 0.2522, -1.4936 -0.6188 0.2661, -1.4947 -0.6236 0.2879, -1.5532 -0.6228 0.3267, -1.5812 -0.6164 0.3543, -1.5825 -0.6147 0.3253, -1.5534 -0.6239 0.3543, -1.5242 -0.6275 0.3284, -1.4959 -0.6292 0.3321, -1.5249 -0.6284 0.3543, -1.4961 -0.6299 0.3543, -1.4954 -0.6271 0.3099, -1.5234 -0.6247 0.3026, -1.6014 -0.5732 0.2099, -1.5973 -0.5603 0.1845, -1.5703 -0.5752 0.1898, -1.5662 -0.5614 0.1662, -1.5926 -0.5457 0.1607, -1.6281 -0.5561 0.2065, -1.5739 -0.5871 0.2147, -1.7287 -0.4326 0.2147, -1.708 -0.4456 0.1863, -1.7144 -0.4607 0.2098, -1.6481 -0.5215 0.1793, -1.6764 -0.5129 0.2047, -1.6707 -0.4981 0.1796, -1.7247 -0.4842 0.2633, -1.7022 -0.5005 0.233, -1.7066 -0.5109 0.2615, -1.6813 -0.5255 0.2319, -1.7582 -0.4395 0.3543, -1.7568 -0.4396 0.3253, -1.7453 -0.4686 0.3241, -1.6533 -0.5358 0.2048, -1.7656 -0.4116 0.3543, -1.7648 -0.4102 0.3268, -1.543 -0.5868 0.1965, -1.5316 -0.5444 0.131, -1.5618 -0.5461 0.1441, -1.5571 -0.5295 0.1236, -1.546 -0.5978 0.2208, -1.6182 -0.5269 0.1572, -1.6423 -0.5054 0.1558, -1.6126 -0.5098 0.1354, -1.5357 -0.56 0.1515, -1.6163 -0.4275 0.0837, -1.623 -0.4485 0.0984, -1.6437 -0.4236 0.1019, -1.6297 -0.4686 0.1154, -1.6006 -0.4718 0.0978, -1.6067 -0.4914 0.1156, -1.7701 -0.3831 0.3543, -1.5523 -0.6196 0.2993, -1.5507 -0.6143 0.2724, -1.5486 -0.607 0.2462, -1.5395 -0.5741 0.1734, -1.5273 -0.5275 0.1119, -1.5227 -0.5095 0.0943, -1.5363 -0.4517 0.0583, -1.508 -0.4498 0.0506, -1.6082 -0.6061 0.3543, -1.6115 -0.6031 0.3241, -1.5814 -0.6111 0.2965, -1.5795 -0.6053 0.2683, -1.577 -0.5972 0.241, -1.5823 -0.5117 0.1184, -1.5876 -0.5294 0.1386, -1.547 -0.4925 0.0876, -1.5417 -0.4725 0.0721, -1.5522 -0.5115 0.1048, -1.5308 -0.4302 0.0463, -1.6339 -0.593 0.3543, -1.6395 -0.5879 0.3232, -1.6101 -0.5992 0.2942, -1.608 -0.5928 0.265, -1.6578 -0.548 0.2322, -1.5943 -0.4512 0.0821, -1.571 -0.4729 0.0834, -1.5768 -0.4929 0.1, -1.5652 -0.4522 0.0687, -1.5593 -0.4307 0.0559, -1.6581 -0.5773 0.3543, -1.666 -0.5693 0.3227, -1.638 -0.5838 0.2925, -1.72 -0.4737 0.2356, -1.7395 -0.4561 0.2661, -1.6234 -0.5424 0.1809, -1.588 -0.4298 0.0683, -1.6805 -0.5591 0.3543, -1.6903 -0.5477 0.3225, -1.6643 -0.565 0.2914, -1.6615 -0.5578 0.2611, -1.6362 -0.4877 0.1345, -1.6644 -0.4815 0.1567, -1.6364 -0.4023 0.0883, -1.6094 -0.4058 0.071, -1.7009 -0.5387 0.3543, -1.7119 -0.5233 0.3227, -1.6884 -0.5431 0.2911, -1.6854 -0.5356 0.2608, -1.6969 -0.4876 0.2064, -1.6578 -0.4634 0.1361, -1.6508 -0.444 0.1179, -1.6543 -0.3762 0.0959, -1.662 -0.3974 0.1083, -1.6776 -0.3706 0.1173, -1.6291 -0.3805 0.0769, -1.719 -0.5163 0.3543, -1.7303 -0.4967 0.3232, -1.7098 -0.5186 0.2915, -1.7282 -0.492 0.2927, -1.6908 -0.4726 0.182, -1.6841 -0.4558 0.1599, -1.677 -0.4374 0.1402, -1.6696 -0.4179 0.123, -1.7347 -0.4921 0.3543, -1.7478 -0.4664 0.3543, -1.7009 -0.4287 0.1652, -1.6934 -0.4103 0.1467, -1.6856 -0.3909 0.1307, -1.6696 -0.3497 0.1063, -1.7431 -0.4638 0.2945, -1.7346 -0.4455 0.2393, -1.722 -0.4176 0.1923, -1.7146 -0.4008 0.1725, -1.7251 -0.3728 0.1816, -1.7068 -0.3827 0.1553, -1.6987 -0.3635 0.1407, -1.7507 -0.4271 0.2697, -1.7545 -0.4348 0.2969, -1.7457 -0.4167 0.2443, -1.7396 -0.404 0.2209, -1.7327 -0.3892 0.2, -1.7472 -0.3755 0.2284, -1.717 -0.3551 0.1658, -1.7586 -0.3981 0.2741, -1.7534 -0.3879 0.2502, -1.7401 -0.3611 0.2089, -1.7631 -0.3694 0.2792, -1.7647 -0.4157 3.3071, -1.7699 -0.3852 3.3071, -1.7444 -0.4739 3.3071, -1.7294 -0.501 3.3071, -1.7562 -0.4454 3.3071, -1.6679 -0.5698 3.3071, -1.6909 -0.5492 3.3071, -1.7115 -0.5262 3.3071, -1.6156 -0.6026 3.3071, -1.6427 -0.5877 3.3071, -1.5574 -0.623 3.3071, -1.5871 -0.6145 3.3071, -1.5269 -0.6282 3.3071, -1.4961 -0.6299 3.3071, -1.6679 -0.5077 3.5658, -1.6679 -0.4858 3.6048, -1.6909 -0.4893 3.5564, -1.7444 0.3604 3.6149, -1.7294 0.4053 3.6015, -1.7444 0.3834 3.5856, -1.6909 0.3228 3.7514, -1.6679 0.3701 3.7404, -1.6909 0.3567 3.7247, -1.7294 0.3809 3.6324, -1.7294 0.3542 3.6613, -1.7115 0.4001 3.6488, -1.7115 0.2749 3.7557, -1.7115 0.2389 3.7759, -1.6909 0.287 3.7754, -1.7115 0.3417 3.7072, -1.7115 0.3093 3.7328, -1.7562 0.3968 3.5093, -1.7647 0.3544 3.5243, -1.7562 0.3797 3.5398, -1.7444 0.4223 3.5222, -1.7444 0.4378 3.4884, -1.7294 0.4271 3.5688, -1.7444 0.4041 3.5547, -1.7699 0.3745 3.397, -1.7699 0.3663 3.4261, -1.7647 0.3953 3.4355, -1.7647 0.4042 3.4041, -1.7647 0.4144 3.3397, -1.7699 0.384 3.3373, -1.7699 0.3804 3.3673, -1.7647 0.3704 3.4958, -1.7562 0.4114 3.4775, -1.7699 0.3852 3.3071, -1.6679 0.0891 3.8699, -1.6679 0.133 3.8611, -1.6909 0.0859 3.8495, -1.6679 0.2587 3.8148, -1.6909 0.2102 3.8145, -1.6679 0.2181 3.8335, -1.6679 0.0 3.8769, -1.6679 0.0447 3.8751, -1.6909 0.0 3.8563, -1.7115 0.2014 3.7932, -1.7115 0.1626 3.8075, -1.6909 0.0431 3.8546, -1.7115 0.0413 3.8316, -1.7115 0.0 3.8332, -1.6909 0.1282 3.8411, -1.7115 0.1228 3.8187, -1.7115 0.0823 3.8268, -1.6909 -0.1282 3.8411, -1.6679 -0.133 3.8611, -1.6679 -0.0891 3.8699, -1.6909 -0.0431 3.8546, -1.6679 -0.0447 3.8751, -1.6909 -0.2102 3.8145, -1.6679 -0.2181 3.8335, -1.6679 -0.1761 3.849, -1.7115 -0.0413 3.8316, -1.7115 -0.2014 3.7932, -1.6909 -0.1697 3.8294, -1.7115 -0.1626 3.8075, -1.7115 -0.1228 3.8187, -1.6909 -0.0859 3.8495, -1.7115 -0.0823 3.8268, -1.6679 -0.2977 3.7929, -1.6909 -0.3228 3.7514, -1.6679 -0.3349 3.7681, -1.6909 -0.2493 3.7964, -1.6679 -0.2587 3.8148, -1.6909 -0.4176 3.6638, -1.6679 -0.4333 3.6771, -1.6679 -0.4029 3.71, -1.6909 -0.287 3.7754, -1.7115 -0.2749 3.7557, -1.7115 -0.3093 3.7328, -1.6909 -0.4683 3.594, -1.7115 -0.4486 3.582, -1.7115 -0.4688 3.546, -1.7115 -0.4001 3.6488, -1.6909 -0.3883 3.6954, -1.7115 -0.3721 3.6791, -1.7115 -0.5116 3.4299, -1.7115 -0.5197 3.3894, -1.6909 -0.534 3.4353, -1.6679 -0.5541 3.4401, -1.6679 -0.5419 3.4832, -1.5269 -0.6263 3.3564, -1.4961 -0.628 3.3565, -1.5871 -0.6126 3.3553, -1.5574 -0.6211 3.356, -1.6156 -0.6008 3.3544, -1.6427 -0.5859 3.3532, -1.5574 -0.5756 3.5455, -1.5871 -0.5844 3.497, -1.5574 -0.5925 3.4996, -1.6679 -0.568 3.3518, -1.7115 -0.5245 3.3484, -1.7294 -0.4994 3.3464, -1.6909 -0.5475 3.3502, -1.7444 -0.4724 3.3443, -1.7562 -0.444 3.342, -1.7647 -0.4144 3.3397, -1.7699 -0.384 3.3373, -1.6427 0.3817 3.754, -1.6427 0.3454 3.7825, -1.6156 0.3914 3.7653, -1.6909 -0.5424 3.393, -1.7115 -0.5004 3.4697, -1.6909 -0.5223 3.4768, -1.6679 -0.5628 3.3962, -1.6909 -0.5074 3.5173, -1.7115 -0.4861 3.5084, -1.7115 -0.4257 3.6164, -1.6679 -0.5264 3.5251, -1.6909 -0.4443 3.6299, -1.7115 -0.3417 3.7072, -1.6679 -0.461 3.642, -1.6909 -0.3567 3.7247, -1.6679 -0.3701 3.7404, -1.7115 -0.2389 3.7759, -1.6427 0.5011 3.6141, -1.6427 0.4754 3.6525, -1.6156 0.5138 3.622, -1.6909 0.2493 3.7964, -1.6679 0.1761 3.849, -1.6909 0.1697 3.8294, -1.6679 0.2977 3.7929, -1.6156 0.3542 3.7946, -1.6427 0.4469 3.6888, -1.6427 0.4156 3.7226, -1.6156 0.4582 3.6985, -1.6679 0.3349 3.7681, -1.6156 0.4261 3.7332, -1.5574 0.6153 3.4045, -1.5269 0.6263 3.3564, -1.5574 0.6211 3.356, -1.6156 0.5369 3.5807, -1.5871 0.5475 3.586, -1.5871 0.5677 3.5422, -1.5871 0.4971 3.6683, -1.6156 0.4875 3.6613, -1.4961 0.6299 3.3071, -1.4961 0.628 3.3565, -1.5574 0.623 3.3071, -1.5269 0.6282 3.3071, -1.5269 0.6205 3.4054, -1.4961 0.6222 3.4056, -1.4961 -0.6222 3.4056, -1.4961 -0.6125 3.4541, -1.4961 -0.5991 3.5017, -1.5269 -0.6108 3.4537, -1.5269 -0.6205 3.4054, -1.5574 -0.6153 3.4045, -1.5871 -0.6069 3.4032, -1.6156 -0.5952 3.4014, -1.6427 -0.5804 3.399, -1.7294 -0.4948 3.3855, -1.7444 -0.4681 3.3812, -1.7562 -0.4399 3.3768, -1.7647 -0.4105 3.3721, -1.7699 -0.3804 3.3673, -1.4961 -0.582 3.5481, -1.4961 -0.5613 3.5931, -1.5269 -0.5804 3.5475, -1.5269 -0.5974 3.5012, -1.5871 -0.5975 3.4505, -1.6156 -0.586 3.4478, -1.5574 -0.6058 3.4525, -1.6427 -0.5714 3.4443, -1.7294 -0.4871 3.424, -1.7444 -0.4608 3.4177, -1.7562 -0.433 3.4111, -1.7647 -0.4042 3.4041, -1.7699 -0.3745 3.397, -1.6156 -0.5731 3.4933, -1.6427 -0.5589 3.4887, -1.7294 -0.4764 3.4619, -1.7444 -0.4507 3.4535, -1.7562 -0.4236 3.4447, -1.7647 -0.3953 3.4355, -1.7699 -0.3663 3.4261, -1.4961 -0.479 3.7162, -1.5269 -0.5082 3.6763, -1.4961 -0.5096 3.6773, -1.4961 -0.5371 3.6362, -1.5269 -0.5597 3.5923, -1.5871 -0.5677 3.5422, -1.6156 -0.5568 3.5377, -1.6427 -0.5429 3.532, -1.7294 -0.4628 3.4988, -1.7444 -0.4378 3.4884, -1.7562 -0.4114 3.4775, -1.7647 -0.384 3.4661, -1.7699 -0.3559 3.4545, -1.5269 -0.5356 3.6353, -1.5574 -0.5551 3.5899, -1.5871 -0.5475 3.586, -1.6156 -0.5369 3.5807, -1.6427 -0.5236 3.5739, -1.7294 -0.4464 3.5345, -1.7444 -0.4223 3.5222, -1.7562 -0.3968 3.5093, -1.7647 -0.3704 3.4958, -1.7699 -0.3432 3.482, -1.4961 -0.4454 3.7525, -1.4961 -0.4091 3.7861, -1.5269 -0.4442 3.7513, -1.5574 -0.5312 3.6326, -1.5574 -0.504 3.6733, -1.5871 -0.5239 3.6281, -1.6156 -0.5138 3.622, -1.6427 -0.5011 3.6141, -1.7294 -0.4271 3.5688, -1.7444 -0.4041 3.5547, -1.7562 -0.3797 3.5398, -1.7647 -0.3544 3.5243, -1.7699 -0.3284 3.5083, -1.5269 -0.4777 3.7151, -1.5871 -0.4971 3.6683, -1.6156 -0.4875 3.6613, -1.6427 -0.4754 3.6525, -1.7294 -0.4053 3.6015, -1.7444 -0.3834 3.5856, -1.7562 -0.3603 3.5689, -1.7647 -0.3363 3.5514, -1.7699 -0.3116 3.5335, -1.5269 -0.3692 3.8153, -1.4961 -0.3703 3.8167, -1.4961 -0.3291 3.8442, -1.5574 -0.3255 3.8383, -1.5574 -0.2828 3.8622, -1.5871 -0.3211 3.831, -1.5574 -0.4737 3.7117, -1.5871 -0.4672 3.7061, -1.6156 -0.4582 3.6985, -1.6427 -0.4469 3.6888, -1.7294 -0.3809 3.6324, -1.7444 -0.3604 3.6149, -1.7562 -0.3387 3.5963, -1.7647 -0.3161 3.577, -1.7699 -0.2929 3.5572, -1.5269 -0.408 3.7848, -1.5574 -0.4405 3.7476, -1.5871 -0.4345 3.7416, -1.6156 -0.4261 3.7332, -1.6427 -0.4156 3.7226, -1.7294 -0.3542 3.6613, -1.7444 -0.3351 3.6422, -1.7562 -0.3149 3.622, -1.7647 -0.2939 3.601, -1.7699 -0.2724 3.5795, -1.5574 -0.4046 3.7808, -1.5871 -0.3991 3.7743, -1.6156 -0.3914 3.7653, -1.6427 -0.3817 3.754, -1.7294 -0.3253 3.688, -1.7444 -0.3078 3.6674, -1.7562 -0.2892 3.6457, -1.7647 -0.2699 3.6232, -1.7699 -0.2502 3.6, -1.5269 -0.3282 3.8427, -1.4961 -0.286 3.8684, -1.5871 -0.3612 3.8042, -1.6156 -0.3542 3.7946, -1.5574 -0.3662 3.8111, -1.6427 -0.3454 3.7825, -1.7294 -0.2945 3.7124, -1.7444 -0.2786 3.6905, -1.7562 -0.2618 3.6674, -1.7647 -0.2443 3.6434, -1.7699 -0.2264 3.6187, -1.4961 -0.1471 3.9196, -1.4961 -0.0985 3.9293, -1.5269 -0.1466 3.9179, -1.6156 -0.3149 3.8209, -1.6427 -0.3071 3.8082, -1.7294 -0.2617 3.7342, -1.7444 -0.2476 3.7112, -1.7562 -0.2327 3.6868, -1.7647 -0.2172 3.6615, -1.7699 -0.2013 3.6355, -1.4961 -0.2411 3.8891, -1.5269 -0.2852 3.8668, -1.5269 -0.2404 3.8875, -1.5871 -0.279 3.8546, -1.6156 -0.2736 3.844, -1.6427 -0.2668 3.8307, -1.7294 -0.2274 3.7534, -1.7444 -0.2151 3.7293, -1.7562 -0.2022 3.7039, -1.7647 -0.1887 3.6774, -1.7699 -0.1749 3.6503, -1.5269 -0.1941 3.9045, -1.4961 -0.1947 3.9062, -1.5574 -0.2384 3.8827, -1.5871 -0.2351 3.8748, -1.6156 -0.2306 3.8638, -1.6427 -0.2249 3.85, -1.7294 -0.1917 3.7699, -1.7444 -0.1814 3.7449, -1.7562 -0.1704 3.7185, -1.7647 -0.1591 3.6911, -1.7699 -0.1474 3.663, -1.5574 -0.0975 3.9224, -1.5574 -0.0489 3.9282, -1.5871 -0.0961 3.914, -1.5574 -0.1925 3.8996, -1.5871 -0.1899 3.8915, -1.6156 -0.1862 3.8802, -1.6427 -0.1816 3.866, -1.7294 -0.1548 3.7835, -1.7444 -0.1464 3.7578, -1.7562 -0.1376 3.7306, -1.7647 -0.1284 3.7024, -1.7699 -0.119 3.6734, -1.5269 -0.0983 3.9275, -1.4961 -0.0494 3.9351, -1.5871 -0.1434 3.9046, -1.6156 -0.1407 3.8931, -1.5574 -0.1454 3.9129, -1.6427 -0.1372 3.8785, -1.7294 -0.1169 3.7942, -1.7444 -0.1106 3.7679, -1.7562 -0.104 3.7401, -1.7647 -0.097 3.7113, -1.7699 -0.0899 3.6816, -1.5269 0.0493 3.9333, -1.4961 0.0494 3.9351, -1.4961 0.0985 3.9293, -1.6156 -0.0943 3.9023, -1.6427 -0.0919 3.8875, -1.7294 -0.0784 3.8019, -1.7444 -0.0741 3.7752, -1.7562 -0.0697 3.747, -1.7647 -0.065 3.7176, -1.7699 -0.0603 3.6875, -1.4961 -0.0 3.937, -1.5269 -0.0493 3.9333, -1.5269 0.0 3.9353, -1.5871 -0.0482 3.9196, -1.6156 -0.0473 3.9079, -1.6427 -0.0461 3.893, -1.7294 -0.0393 3.8065, -1.7444 -0.0372 3.7795, -1.7562 -0.0349 3.7511, -1.7647 -0.0326 3.7215, -1.7699 -0.0302 3.6911, -1.5574 0.1925 3.8996, -1.5871 0.1434 3.9046, -1.5574 0.1454 3.9129, -1.5574 0.0 3.9301, -1.5871 0.0 3.9215, -1.6156 0.0 3.9097, -1.6427 0.0 3.8948, -1.7294 0.0 3.808, -1.7444 0.0 3.781, -1.7562 0.0 3.7524, -1.7647 0.0 3.7227, -1.7699 0.0 3.6923, -1.5269 0.1466 3.9179, -1.4961 0.1471 3.9196, -1.4961 0.1947 3.9062, -1.5269 0.0983 3.9275, -1.5871 0.0482 3.9196, -1.6156 0.0473 3.9079, -1.5574 0.0489 3.9282, -1.6427 0.0461 3.893, -1.7294 0.0393 3.8065, -1.7444 0.0372 3.7795, -1.7562 0.0349 3.7511, -1.7647 0.0326 3.7215, -1.7699 0.0302 3.6911, -1.4961 0.2411 3.8891, -1.5269 0.1941 3.9045, -1.5574 0.0975 3.9224, -1.5871 0.0961 3.914, -1.6156 0.0943 3.9023, -1.6427 0.0919 3.8875, -1.7294 0.0784 3.8019, -1.7444 0.0741 3.7752, -1.7562 0.0697 3.747, -1.7647 0.065 3.7176, -1.7699 0.0603 3.6875, -1.6156 0.1407 3.8931, -1.6427 0.1372 3.8785, -1.7294 0.1169 3.7942, -1.7444 0.1106 3.7679, -1.7562 0.104 3.7401, -1.7647 0.097 3.7113, -1.7699 0.0899 3.6816, -1.5269 0.2852 3.8668, -1.4961 0.286 3.8684, -1.4961 0.3291 3.8442, -1.5269 0.2404 3.8875, -1.5871 0.1899 3.8915, -1.6156 0.1862 3.8802, -1.6427 0.1816 3.866, -1.7294 0.1548 3.7835, -1.7444 0.1464 3.7578, -1.7562 0.1376 3.7306, -1.7647 0.1284 3.7024, -1.7699 0.119 3.6734, -1.5871 0.3612 3.8042, -1.5574 0.3662 3.8111, -1.5574 0.4046 3.7808, -1.5574 0.2384 3.8827, -1.5871 0.2351 3.8748, -1.6156 0.2306 3.8638, -1.6427 0.2249 3.85, -1.7294 0.1917 3.7699, -1.7444 0.1814 3.7449, -1.7562 0.1704 3.7185, -1.7647 0.1591 3.6911, -1.7699 0.1474 3.663, -1.5269 0.3692 3.8153, -1.4961 0.3703 3.8167, -1.4961 0.4091 3.7861, -1.5269 0.3282 3.8427, -1.5871 0.279 3.8546, -1.6156 0.2736 3.844, -1.5574 0.2828 3.8622, -1.6427 0.2668 3.8307, -1.7294 0.2274 3.7534, -1.7444 0.2151 3.7293, -1.7562 0.2022 3.7039, -1.7647 0.1887 3.6774, -1.7699 0.1749 3.6503, -1.4961 0.4454 3.7525, -1.5269 0.408 3.7848, -1.5574 0.3255 3.8383, -1.5871 0.3211 3.831, -1.6156 0.3149 3.8209, -1.6427 0.3071 3.8082, -1.7294 0.2617 3.7342, -1.7444 0.2476 3.7112, -1.7562 0.2327 3.6868, -1.7647 0.2172 3.6615, -1.7699 0.2013 3.6355, -1.7294 0.2945 3.7124, -1.7444 0.2786 3.6905, -1.7562 0.2618 3.6674, -1.7647 0.2443 3.6434, -1.7699 0.2264 3.6187, -1.5269 0.4777 3.7151, -1.4961 0.479 3.7162, -1.4961 0.5096 3.6773, -1.5269 0.4442 3.7513, -1.5871 0.3991 3.7743, -1.7115 0.3721 3.6791, -1.6909 0.3883 3.6954, -1.7294 0.3253 3.688, -1.7444 0.3078 3.6674, -1.7562 0.2892 3.6457, -1.7647 0.2699 3.6232, -1.7699 0.2502 3.6, -1.5574 0.5312 3.6326, -1.5574 0.5551 3.5899, -1.5871 0.5239 3.6281, -1.5574 0.4405 3.7476, -1.5871 0.4345 3.7416, -1.6679 0.4029 3.71, -1.7444 0.3351 3.6422, -1.7562 0.3149 3.622, -1.7647 0.2939 3.601, -1.7699 0.2724 3.5795, -1.5269 0.5356 3.6353, -1.4961 0.5371 3.6362, -1.4961 0.5613 3.5931, -1.5269 0.5082 3.6763, -1.5871 0.4672 3.7061, -1.5574 0.4737 3.7117, -1.6679 0.4333 3.6771, -1.6909 0.4176 3.6638, -1.7562 0.3387 3.5963, -1.7647 0.3161 3.577, -1.7699 0.2929 3.5572, -1.4961 0.582 3.5481, -1.5269 0.5597 3.5923, -1.5574 0.504 3.6733, -1.6679 0.461 3.642, -1.6909 0.4443 3.6299, -1.7115 0.4257 3.6164, -1.7562 0.3603 3.5689, -1.7647 0.3363 3.5514, -1.7699 0.3116 3.5335, -1.6679 0.4858 3.6048, -1.6909 0.4683 3.594, -1.7115 0.4486 3.582, -1.7294 0.4464 3.5345, -1.7115 0.4861 3.5084, -1.7294 0.4628 3.4988, -1.7699 0.3284 3.5083, -1.5269 0.5974 3.5012, -1.4961 0.5991 3.5017, -1.4961 0.6125 3.4541, -1.5269 0.5804 3.5475, -1.6427 0.5236 3.5739, -1.6679 0.5077 3.5658, -1.6909 0.4893 3.5564, -1.7115 0.4688 3.546, -1.7699 0.3432 3.482, -1.6156 0.586 3.4478, -1.5871 0.5975 3.4505, -1.5871 0.6069 3.4032, -1.5574 0.5756 3.5455, -1.6156 0.5568 3.5377, -1.6427 0.5429 3.532, -1.6679 0.5264 3.5251, -1.6909 0.5074 3.5173, -1.7647 0.384 3.4661, -1.7562 0.4236 3.4447, -1.7699 0.3559 3.4545, -1.5871 0.5844 3.497, -1.5269 0.6108 3.4537, -1.6156 0.5731 3.4933, -1.5574 0.5925 3.4996, -1.6427 0.5589 3.4887, -1.6679 0.5419 3.4832, -1.6909 0.5223 3.4768, -1.7115 0.5004 3.4697, -1.7294 0.4764 3.4619, -1.7444 0.4507 3.4535, -1.5574 0.6058 3.4525, -1.6427 0.5714 3.4443, -1.6679 0.5541 3.4401, -1.6909 0.534 3.4353, -1.7115 0.5116 3.4299, -1.7294 0.4871 3.424, -1.7444 0.4608 3.4177, -1.7562 0.433 3.4111, -1.6156 0.5952 3.4014, -1.6427 0.5804 3.399, -1.6679 0.5628 3.3962, -1.6909 0.5424 3.393, -1.7115 0.5197 3.3894, -1.7294 0.4948 3.3855, -1.7444 0.4681 3.3812, -1.7562 0.4399 3.3768, -1.7647 0.4105 3.3721, -1.5871 0.6126 3.3553, -1.6156 0.6008 3.3544, -1.6427 0.5859 3.3532, -1.6679 0.568 3.3518, -1.6909 0.5475 3.3502, -1.7115 0.5245 3.3484, -1.7294 0.4994 3.3464, -1.7444 0.4724 3.3443, -1.7562 0.444 3.342, -1.5871 0.6145 3.3071, -1.6156 0.6026 3.3071, -1.6427 0.5877 3.3071, -1.6679 0.5698 3.3071, -1.6909 0.5492 3.3071, -1.7115 0.5262 3.3071, -1.7294 0.501 3.3071, -1.7444 0.4739 3.3071, -1.7562 0.4454 3.3071, -1.7647 0.4157 3.3071, 1.4961 0.0 3.937, 1.4961 -0.0494 3.9351, 1.4961 -0.0985 3.9293, 1.4961 -0.1471 3.9196, 1.4961 -0.1947 3.9062, 1.4961 -0.2411 3.8891, 1.4961 -0.286 3.8684, 1.4961 -0.3291 3.8442, 1.4961 -0.3703 3.8167, 1.4961 -0.4091 3.7861, 1.4961 -0.4454 3.7525, 1.4961 -0.479 3.7162, 1.4961 -0.5096 3.6773, 1.4961 -0.5371 3.6362, 1.4961 -0.5613 3.5931, 1.4961 -0.582 3.5481, 1.4961 -0.5991 3.5017, 1.4961 -0.6125 3.4541, 1.4961 -0.6222 3.4056, 1.4961 -0.628 3.3565, 1.4961 -0.6299 3.3071, 1.4961 0.0494 3.9351, 1.4961 0.0985 3.9293, 1.4961 0.1471 3.9196, 1.4961 0.1947 3.9062, 1.4961 0.2411 3.8891, 1.4961 0.286 3.8684, 1.4961 0.3291 3.8442, 1.4961 0.3703 3.8167, 1.4961 0.4091 3.7861, 1.4961 0.4454 3.7525, 1.4961 0.479 3.7162, 1.4961 0.5096 3.6773, 1.4961 0.5371 3.6362, 1.4961 0.5613 3.5931, 1.4961 0.582 3.5481, 1.4961 0.5991 3.5017, 1.4961 0.6125 3.4541, 1.4961 0.6222 3.4056, 1.4961 0.628 3.3565, 1.4961 0.6299 3.3071, -1.4961 0.6299 0.3543, 1.4961 0.6299 0.3543, 1.4959 0.6292 0.3321, 1.4947 0.6236 0.2879, -1.4947 0.6236 0.2879, -1.4954 0.6271 0.3099, 1.4954 0.6271 0.3099, -1.4959 0.6292 0.3321, -1.4936 0.6188 0.2661, 1.4936 0.6188 0.2661, 1.4922 0.6125 0.2447, -1.4778 0.5475 0.1272, -1.4808 0.5614 0.1449, 1.4777 0.5475 0.1271, -1.4744 0.5325 0.1103, 1.4744 0.5325 0.1103, 1.4905 0.6049 0.2236, 1.4885 0.596 0.203, -1.4905 0.6049 0.2236, -1.4922 0.6125 0.2447, -1.4885 0.596 0.203, 1.4862 0.5857 0.1829, -1.4862 0.5857 0.183, 1.4837 0.5742 0.1635, -1.4837 0.5742 0.1635, 1.4808 0.5614 0.1449, 1.4708 0.5163 0.0943, -1.4708 0.5164 0.0944, 1.463 0.4811 0.0657, 1.4587 0.4621 0.053, -1.463 0.4811 0.0657, -1.467 0.4992 0.0795, 1.467 0.4992 0.0794, -1.4544 0.4423 0.0417, 1.4544 0.4423 0.0417, 1.4498 0.4217 0.0315, -1.4588 0.4621 0.0531, -1.4498 0.4217 0.0315, 1.4241 0.4211 0.0313, -1.4241 0.4211 0.0313, 1.3985 0.4201 0.0308, -1.3985 0.4201 0.0308, 1.3729 0.4187 0.0302, -1.3729 0.4187 0.0302, 1.3473 0.4169 0.0294, -1.3473 0.4169 0.0294, -1.3217 0.4146 0.0284, 1.3217 0.4147 0.0284, 1.2962 0.412 0.0273, -1.2962 0.412 0.0273, 1.2708 0.4089 0.026, -1.2708 0.4089 0.026, 1.2454 0.4053 0.0246, -1.2454 0.4053 0.0246, 1.1949 0.3968 0.0214, -1.2201 0.4013 0.0231, 1.2201 0.4013 0.0231, -1.1949 0.3968 0.0214, 1.1697 0.3918 0.0196, -1.1697 0.3919 0.0196, 1.1447 0.3863 0.0178, -1.1447 0.3863 0.0177, -1.0951 0.3736 0.0138, 1.0952 0.3735 0.0138, 1.0706 0.3662 0.0118, 1.1199 0.3802 0.0158, -1.1199 0.3802 0.0158, 1.0463 0.3583 0.0098, -1.0706 0.3663 0.0118, -1.0463 0.3583 0.0098, 1.0223 0.3495 0.0078, 0.9986 0.3399 0.0059, -1.0222 0.3495 0.0078, 0.9752 0.3295 0.0041, -0.9985 0.34 0.0059, -0.9522 0.318 0.0025, -0.9751 0.3295 0.0041, 0.93 0.3053 0.0013, 0.9523 0.3179 0.0026, 0.9086 0.2911 0.0004, -0.9299 0.3053 0.0012, -0.9086 0.2911 0.0004, 0.8881 0.2756 0.0, -0.8881 0.2756 0.0, -1.2243 0.1616 -0.1174, -1.2308 0.1733 -0.1121, -1.1958 0.1837 -0.0897, -1.1226 0.347 0.0047, -1.1483 0.315 -0.0094, -1.1677 0.334 -0.0029, -1.1899 0.1717 -0.0942, -1.1592 0.1939 -0.0697, -1.1464 0.2492 -0.039, -1.1172 0.2771 -0.0214, -1.1053 0.259 -0.0264, -1.0745 0.286 -0.0122, -1.088 0.3059 -0.0072, -1.0768 0.3573 0.0093, -1.2926 0.2378 -0.0801, -1.255 0.2544 -0.0592, -1.2761 0.2251 -0.0867, -1.3277 0.2203 -0.1043, -1.3437 0.1934 -0.1375, -1.36 0.2024 -0.1317, -1.174 0.2838 -0.027, -1.1315 0.2959 -0.0156, -1.329 0.1837 -0.1438, -1.346 0.1608 -0.1792, -1.3589 0.1694 -0.173, -1.2334 0.2857 -0.0348, -1.2153 0.2699 -0.0415, -1.2195 0.151 -0.1219, -1.4185 0.1263 -0.2788, -1.3974 0.1369 -0.2437, -1.408 0.1216 -0.2837, -1.4423 0.1071 -0.3564, -1.4339 0.1043 -0.3604, -1.4475 0.1004 -0.3972, -1.4095 0.1424 -0.2387, -1.3858 0.1555 -0.2047, -1.4628 0.1034 -0.3919, -1.4707 0.1039 -0.3919, -1.4602 0.1108 -0.351, -1.2475 0.1321 -0.1526, -1.2515 0.1414 -0.148, -1.4723 0.0983 -0.4705, -1.4649 0.0992 -0.4323, -1.4669 0.098 -0.472, -1.277 0.1233 -0.1812, -1.2737 0.1152 -0.1859, -1.3005 0.1075 -0.2167, -1.2961 0.0945 -0.2254, -1.2978 0.1004 -0.2215, -1.2715 0.1084 -0.1897, -1.322 0.0941 -0.2541, -1.3196 0.0879 -0.259, -1.3412 0.0832 -0.293, -1.391 0.0519 -0.5084, -1.394 0.0566 -0.5048, -1.3858 0.0519 -0.4682, -1.3181 0.0828 -0.263, -1.339 0.0778 -0.298, -1.3558 0.07 -0.338, -1.358 0.0749 -0.3329, -1.2494 0.1988 -0.1, -1.2249 0.2254 -0.0724, -1.2131 0.2109 -0.0787, -1.3534 0.0623 -0.3455, -1.3363 0.0671 -0.3073, -1.3527 0.0598 -0.3476, -1.367 0.057 -0.3863, -1.366 0.0542 -0.3885, -1.37 0.0645 -0.3786, -1.3723 0.069 -0.3735, -1.136 0.2327 -0.0441, -1.1752 0.2223 -0.0601, -1.3778 0.0535 -0.4273, -1.367 0.0512 -0.3959, -1.3764 0.0503 -0.4296, -1.3838 0.0479 -0.4705, -1.3758 0.0471 -0.434, -1.1276 0.2174 -0.0485, -1.1663 0.2075 -0.0653, -1.3822 0.0441 -0.4727, -1.3884 0.0472 -0.5108, -1.3898 0.0468 -0.5504, -1.386 0.0424 -0.5119, -1.3872 0.0418 -0.5512, -1.1996 0.2538 -0.0481, -1.0439 0.3136 -0.0014, -1.059 0.3352 0.0036, -0.9993 0.3186 0.0019, -1.0311 0.2928 -0.0056, -0.9429 0.2986 0.0005, -0.9871 0.2971 -0.0015, -0.9769 0.2769 -0.0039, -0.9328 0.2778 -0.0009, -1.104 0.3264 -0.0015, -1.144 0.3675 0.0113, -1.3477 0.3881 0.0159, -1.3162 0.3774 0.0111, -1.1915 0.3013 -0.0205, -1.2417 0.3871 0.0172, -1.2115 0.3186 -0.0137, -1.1897 0.3526 0.0039, -1.2144 0.3704 0.0106, -1.2866 0.3649 0.0056, -1.2591 0.3507 -0.0005, -1.3958 0.3207 -0.0262, -1.3884 0.3578 -0.0016, -1.3578 0.35 -0.0054, -1.3809 0.3964 0.0197, -1.4153 0.4024 0.0224, -1.4201 0.3634 0.0011, -1.4516 0.3864 0.014, -1.4585 0.2603 -0.0799, -1.4568 0.2892 -0.0531, -1.4295 0.2902 -0.0515, -0.9237 0.2589 -0.0014, -0.9682 0.2584 -0.0053, -1.0204 0.2732 -0.009, -1.0115 0.2551 -0.0115, -0.9591 0.2423 -0.0056, -1.0041 0.2387 -0.0129, -1.0632 0.2671 -0.0165, -1.0465 0.2334 -0.0224, -1.054 0.2494 -0.0199, -0.9942 0.2259 -0.0126, -1.0402 0.2191 -0.0238, -1.0955 0.2419 -0.0308, -1.0814 0.212 -0.0367, -1.0877 0.2261 -0.0342, -1.0287 0.2097 -0.0223, -1.0763 0.1997 -0.0382, -1.3316 0.2609 -0.0677, -1.3539 0.2707 -0.0624, -1.3168 0.2937 -0.04, -1.2341 0.3351 -0.007, -1.159 0.2663 -0.0333, -1.2035 0.1969 -0.0845, -1.1211 0.2034 -0.052, -1.116 0.1911 -0.0545, -1.1119 0.1807 -0.056, -1.0625 0.1939 -0.0347, -1.4533 0.3524 -0.006, -1.4248 0.3258 -0.0236, -1.4551 0.32 -0.0284, -1.3288 0.3402 -0.0101, -1.3017 0.3285 -0.0155, -1.2766 0.3154 -0.0216, -1.2538 0.301 -0.0281, -1.2734 0.2684 -0.0525, -1.3111 0.2498 -0.0737, -1.1863 0.2378 -0.0543, -1.1538 0.1816 -0.0732, -1.1498 0.171 -0.0758, -1.1466 0.1624 -0.0774, -1.0955 0.1785 -0.0498, -1.1273 0.1635 -0.0674, -1.3415 0.3045 -0.0346, -1.3679 0.3136 -0.03, -1.294 0.2816 -0.0461, -1.2388 0.24 -0.0659, -1.2617 0.212 -0.0934, -1.2391 0.1858 -0.1063, -1.1856 0.161 -0.0978, -1.1824 0.152 -0.1004, -1.1801 0.1448 -0.1021, -1.158 0.1492 -0.0875, -1.4342 0.257 -0.0823, -1.4032 0.2856 -0.0541, -1.3779 0.279 -0.0578, -1.3891 0.1845 -0.1621, -1.3996 0.1618 -0.1997, -1.4146 0.1671 -0.1954, -1.3112 0.2094 -0.1106, -1.2838 0.1862 -0.1239, -1.2965 0.198 -0.1172, -1.2641 0.1628 -0.1367, -1.273 0.1744 -0.1304, -1.257 0.1517 -0.1426, -1.216 0.1418 -0.1256, -1.2136 0.1341 -0.1283, -1.212 0.1284 -0.13, -1.1872 0.1355 -0.1099, -1.4601 0.2334 -0.1088, -1.4584 0.0982 -0.4344, -1.4615 0.0973 -0.4738, -1.4386 0.2264 -0.1159, -1.4104 0.2527 -0.0849, -1.3661 0.2392 -0.0931, -1.3876 0.2468 -0.0885, -1.3461 0.2303 -0.0984, -1.3161 0.1735 -0.1503, -1.2877 0.1421 -0.1699, -1.2955 0.1524 -0.1635, -1.2816 0.1323 -0.1758, -1.2448 0.1242 -0.1563, -1.243 0.1178 -0.1591, -1.215 0.1225 -0.1346, -1.2419 0.1131 -0.1608, -1.4617 0.2086 -0.1394, -1.4429 0.1987 -0.1517, -1.4174 0.2225 -0.1184, -1.3778 0.2104 -0.1264, -1.397 0.2172 -0.122, -1.3731 0.1485 -0.2104, -1.3049 0.1629 -0.157, -1.3165 0.1331 -0.1989, -1.3248 0.1424 -0.1924, -1.3045 0.1154 -0.2113, -1.3098 0.124 -0.2053, -1.2703 0.103 -0.1926, -1.241 0.1103 -0.1614, -1.2696 0.0992 -0.1944, -1.4632 0.1861 -0.1718, -1.4469 0.1743 -0.1895, -1.4241 0.1953 -0.1542, -1.4061 0.1905 -0.1577, -1.3733 0.1774 -0.1673, -1.3346 0.1517 -0.1857, -1.3432 0.1248 -0.2296, -1.3518 0.1329 -0.223, -1.3301 0.1086 -0.2426, -1.3359 0.1166 -0.2362, -1.3254 0.101 -0.2486, -1.2951 0.09 -0.2284, -1.2946 0.0869 -0.2302, -1.2653 0.0989 -0.1902, -1.4647 0.1659 -0.2057, -1.4507 0.1532 -0.2287, -1.4304 0.1713 -0.1919, -1.4298 0.1303 -0.2746, -1.4364 0.117 -0.3154, -1.3618 0.1409 -0.2166, -1.3676 0.1173 -0.2618, -1.3764 0.1242 -0.2554, -1.3484 0.096 -0.2813, -1.3536 0.103 -0.2749, -1.3443 0.0893 -0.2874, -1.3173 0.0788 -0.2661, -1.317 0.0761 -0.268, -1.2877 0.0884 -0.2209, -1.4661 0.1482 -0.241, -1.4542 0.1356 -0.269, -1.4674 0.1331 -0.2774, -1.4363 0.1506 -0.2311, -1.4225 0.147 -0.2345, -1.3863 0.1308 -0.2493, -1.4175 0.1097 -0.3243, -1.4266 0.1136 -0.3195, -1.36 0.1101 -0.2684, -1.3819 0.1047 -0.3016, -1.3946 0.0952 -0.342, -1.4014 0.1004 -0.3357, -1.3695 0.0923 -0.3147, -1.3833 0.0845 -0.3551, -1.3886 0.0899 -0.3485, -1.3753 0.074 -0.3677, -1.3789 0.0792 -0.3615, -1.3609 0.0803 -0.3273, -1.3376 0.0732 -0.3021, -1.3368 0.0696 -0.3053, -1.308 0.0789 -0.2532, -1.3262 0.0704 -0.287, -1.4574 0.1215 -0.3099, -1.4686 0.1207 -0.3149, -1.4417 0.1334 -0.2714, -1.3983 0.1164 -0.2892, -1.3896 0.1107 -0.2952, -1.3752 0.0985 -0.3081, -1.3647 0.0862 -0.3211, -1.3543 0.0657 -0.3422, -1.3421 0.0629 -0.3222, -1.4697 0.1109 -0.3531, -1.4467 0.1196 -0.3122, -1.4091 0.1053 -0.3298, -1.4057 0.0888 -0.3826, -1.3953 0.0796 -0.3956, -1.3873 0.0702 -0.4083, -1.3683 0.0604 -0.383, -1.3816 0.0613 -0.4194, -1.3558 0.0565 -0.3585, -1.4511 0.1092 -0.3532, -1.426 0.101 -0.3651, -1.4186 0.0973 -0.3705, -1.4119 0.0932 -0.3763, -1.4208 0.0891 -0.4168, -1.4002 0.0843 -0.389, -1.391 0.0748 -0.4021, -1.4052 0.0773 -0.436, -1.3842 0.0656 -0.4142, -1.3971 0.0688 -0.4488, -1.3937 0.0645 -0.4547, -1.3795 0.0572 -0.4239, -1.455 0.1022 -0.3941, -1.4403 0.0982 -0.4011, -1.4334 0.0955 -0.4057, -1.4269 0.0925 -0.411, -1.4283 0.0877 -0.4567, -1.4393 0.0912 -0.4904, -1.4339 0.0905 -0.4509, -1.4152 0.0854 -0.423, -1.418 0.0813 -0.4692, -1.4286 0.086 -0.5027, -1.423 0.0846 -0.4628, -1.41 0.0814 -0.4294, -1.4088 0.0738 -0.4823, -1.4189 0.0799 -0.5155, -1.4133 0.0776 -0.4758, -1.4009 0.0731 -0.4425, -1.4008 0.0655 -0.4947, -1.4098 0.0725 -0.5282, -1.4047 0.0697 -0.4887, -1.3907 0.0602 -0.4601, -1.4011 0.0633 -0.5398, -1.3973 0.0611 -0.5001, -1.3881 0.056 -0.4646, -1.4716 0.0997 -0.4311, -1.452 0.0969 -0.4374, -1.4458 0.0951 -0.4412, -1.4565 0.0964 -0.4762, -1.4397 0.093 -0.4457, -1.4517 0.0953 -0.4794, -1.4432 0.0927 -0.4865, -1.4356 0.0896 -0.4944, -1.4253 0.0841 -0.5069, -1.4158 0.0776 -0.5198, -1.4127 0.0751 -0.524, -1.4069 0.0697 -0.5322, -1.404 0.0667 -0.5361, -1.3982 0.0598 -0.5433, -1.3925 0.0515 -0.5488, -1.4473 0.0941 -0.4828, -1.432 0.0879 -0.4985, -1.4221 0.0821 -0.5112, -1.3953 0.0558 -0.5463, -1.4735 0.1762 -0.1869, -1.4742 0.1555 -0.225, -1.4825 0.157 -0.2188, -1.5315 0.3911 0.0296, -1.5584 0.3916 0.0402, -1.5403 0.4179 0.044, -1.4921 0.1802 -0.1717, -1.4837 0.2018 -0.1447, -1.4827 0.178 -0.1809, -1.5008 0.1253 -0.2746, -1.4996 0.1417 -0.2351, -1.4912 0.1403 -0.2483, -1.4911 0.1588 -0.2093, -1.5227 0.0891 -0.3764, -1.5405 0.0747 -0.3914, -1.5315 0.0842 -0.3546, -1.4831 0.139 -0.258, -1.5365 0.078 -0.4018, -1.5592 0.0531 -0.3181, -1.5471 0.0723 -0.3013, -1.5571 0.0562 -0.329, -1.5182 0.1444 -0.1991, -1.5086 0.1431 -0.2187, -1.5183 0.1257 -0.2375, -1.555 0.0592 -0.3395, -1.4752 0.1379 -0.2643, -1.4845 0.1241 -0.2981, -1.4867 0.1125 -0.3387, -1.4765 0.1235 -0.3045, -1.4782 0.1124 -0.3453, -1.4801 0.1045 -0.3863, -1.4895 0.104 -0.3795, -1.4823 0.0998 -0.427, -1.493 0.0986 -0.4201, -1.4832 0.0982 -0.4679, -1.4926 0.1247 -0.2881, -1.4951 0.1122 -0.3284, -1.4732 0.1999 -0.1506, -1.4945 0.2044 -0.1358, -1.5021 0.1829 -0.1593, -1.4855 0.2284 -0.1106, -1.4733 0.2263 -0.1163, -1.4881 0.2572 -0.0787, -1.498 0.231 -0.1018, -1.4737 0.2551 -0.0842, -1.4914 0.2882 -0.0493, -1.4744 0.2861 -0.0548, -1.5027 0.2599 -0.0701, -1.4953 0.3209 -0.0227, -1.4755 0.3189 -0.0281, -1.5084 0.2906 -0.041, -1.4769 0.3532 -0.0042, -1.4999 0.3549 0.001, -1.5153 0.323 -0.0146, -1.5051 0.39 0.0217, -1.4786 0.3886 0.0166, -1.523 0.3566 0.009, -1.4955 0.4245 0.0363, -1.5181 0.4224 0.0397, -1.4726 0.4243 0.0335, -1.5466 0.358 0.0198, -1.582 0.402 0.0548, -1.5617 0.4111 0.049, -1.601 0.3908 0.0615, -1.5968 0.3589 0.0495, -1.6184 0.3776 0.0689, -1.6289 0.3268 0.0672, -1.6089 0.2988 0.0426, -1.634 0.3629 0.0771, -1.6478 0.3467 0.086, -1.6234 0.3576 0.0682, -1.5711 0.3589 0.0333, -1.518 0.2628 -0.0586, -1.5111 0.2341 -0.09, -1.5253 0.2373 -0.0752, -1.6041 0.3281 0.0458, -1.5801 0.3281 0.0267, -1.5358 0.3251 -0.0036, -1.5574 0.327 0.0102, -1.5909 0.2711 0.0153, -1.5865 0.299 0.0206, -1.5652 0.2979 0.0012, -1.5262 0.2933 -0.0297, -1.5451 0.2958 -0.0156, -1.5753 0.244 -0.0142, -1.5709 0.2704 -0.0071, -1.552 0.2685 -0.027, -1.5343 0.2658 -0.0442, -1.5622 0.2175 -0.0459, -1.5575 0.2426 -0.0372, -1.5408 0.2403 -0.0576, -1.544 0.0716 -0.3811, -1.547 0.0685 -0.3712, -1.5518 0.1921 -0.0795, -1.5464 0.2159 -0.0695, -1.5317 0.2135 -0.0904, -1.5182 0.2105 -0.1085, -1.5058 0.2074 -0.1237, -1.5441 0.168 -0.1146, -1.5379 0.1907 -0.1037, -1.5249 0.1884 -0.1251, -1.513 0.1858 -0.1437, -1.5133 0.0932 -0.3947, -1.5324 0.0809 -0.4112, -1.5393 0.1453 -0.151, -1.5319 0.167 -0.1394, -1.5204 0.1653 -0.1615, -1.5001 0.161 -0.1966, -1.5098 0.1632 -0.1806, -1.5372 0.1243 -0.1881, -1.5284 0.1451 -0.1764, -1.5379 0.105 -0.2258, -1.5276 0.1252 -0.2143, -1.55 0.0653 -0.3605, -1.5397 0.0785 -0.3295, -1.5093 0.1256 -0.2577, -1.5033 0.0964 -0.4093, -1.5223 0.0871 -0.4306, -1.5413 0.0877 -0.2637, -1.5293 0.1075 -0.2527, -1.5206 0.1094 -0.2765, -1.512 0.1108 -0.2972, -1.5035 0.1117 -0.3146, -1.5528 0.0621 -0.3494, -1.5333 0.0919 -0.2912, -1.5251 0.0955 -0.3157, -1.5165 0.0986 -0.3369, -1.5077 0.101 -0.3547, -1.4987 0.1028 -0.369, -1.493 0.097 -0.4629, -1.5275 0.0841 -0.4213, -1.5163 0.09 -0.4397, -1.5018 0.0951 -0.4562, -1.5096 0.0926 -0.4482, -1.5229 0.6276 0.3285, -1.7255 0.3713 0.1821, -1.7125 0.3682 0.1606, -1.715 0.4597 0.2099, -1.7021 0.4556 0.1845, -1.7169 0.4286 0.1898, -1.6978 0.4864 0.2065, -1.6897 0.5161 0.2322, -1.6776 0.5116 0.2048, -1.7664 0.3817 0.3026, -1.7656 0.4116 0.3543, -1.7692 0.3824 0.3284, -1.7701 0.3831 0.3543, -1.7552 0.3788 0.2522, -1.6826 0.3609 0.1211, -1.6982 0.3647 0.1403, -1.6657 0.3569 0.1032, -1.7469 0.3767 0.228, -1.737 0.3742 0.2046, -1.7617 0.3805 0.2771, -1.7645 0.4115 0.3267, -1.7564 0.4408 0.3253, -1.7582 0.4395 0.3543, -1.7259 0.4633 0.2368, -1.7187 0.4938 0.2626, -1.7094 0.4905 0.2338, -1.7285 0.4013 0.1965, -1.7289 0.4322 0.2147, -1.6422 0.5605 0.233, -1.6672 0.5396 0.2319, -1.6526 0.5649 0.2615, -1.5873 0.5662 0.1863, -1.6024 0.5727 0.2098, -1.5743 0.587 0.2147, -1.6259 0.583 0.2633, -1.5184 0.6252 0.3032, -1.6103 0.6036 0.3241, -1.5812 0.6164 0.3543, -1.5813 0.6151 0.3253, -1.5519 0.623 0.3268, -1.5533 0.6239 0.3543, -1.6546 0.5346 0.2048, -1.7395 0.4043 0.2208, -1.6879 0.4201 0.1441, -1.6874 0.4509 0.1607, -1.6711 0.4459 0.1386, -1.7032 0.4245 0.1662, -1.7017 0.394 0.1515, -1.7159 0.3978 0.1734, -1.6693 0.3856 0.1119, -1.6712 0.4154 0.1236, -1.6532 0.4104 0.1048, -1.6861 0.3899 0.131, -1.6142 0.4 0.0721, -1.6342 0.4053 0.0876, -1.6147 0.4293 0.0834, -1.6513 0.381 0.0943, -1.5939 0.4235 0.0688, -1.5496 0.4398 0.0566, -1.5724 0.4176 0.0559, -1.48 0.4473 0.0455, -1.5271 0.4334 0.0468, -1.5028 0.4541 0.052, -1.5249 0.6284 0.3543, -1.7613 0.4105 0.2993, -1.756 0.409 0.2724, -1.7487 0.4069 0.2462, -1.7478 0.4664 0.3543, -1.7448 0.4698 0.3241, -1.7529 0.4396 0.2965, -1.747 0.4378 0.2683, -1.739 0.4353 0.241, -1.6322 0.3762 0.0782, -1.7347 0.4921 0.3543, -1.7296 0.4978 0.3232, -1.7409 0.4684 0.2942, -1.7346 0.4663 0.265, -1.6294 0.5551 0.2064, -1.6535 0.4406 0.1184, -1.6346 0.435 0.1, -1.719 0.5163 0.3543, -1.7111 0.5243 0.3227, -1.7255 0.4963 0.2925, -1.5978 0.5977 0.2661, -1.6154 0.5783 0.2356, -1.6841 0.4817 0.181, -1.6686 0.4765 0.1572, -1.6515 0.4709 0.1354, -1.6331 0.465 0.1156, -1.6471 0.5006 0.1559, -1.6135 0.4589 0.0978, -1.5929 0.4526 0.0821, -1.5716 0.4462 0.0683, -1.7009 0.5388 0.3543, -1.6894 0.5486 0.3225, -1.7067 0.5226 0.2914, -1.6995 0.5198 0.2611, -1.6633 0.5063 0.1793, -1.6294 0.4944 0.1345, -1.6233 0.5227 0.1568, -1.6399 0.529 0.1796, -1.6104 0.488 0.1154, -1.5692 0.4745 0.0837, -1.5475 0.4677 0.071, -1.5902 0.4813 0.0984, -1.5253 0.4609 0.0605, -1.5001 0.4801 0.0677, -1.6804 0.5591 0.3543, -1.665 0.5701 0.3227, -1.6848 0.5467 0.2911, -1.6774 0.5437 0.2608, -1.6051 0.516 0.1361, -1.5857 0.5091 0.1179, -1.5653 0.5019 0.1019, -1.5441 0.4947 0.0883, -1.5223 0.4874 0.0769, -1.4777 0.473 0.0606, -1.658 0.5773 0.3543, -1.6384 0.5886 0.3232, -1.6603 0.5681 0.2915, -1.6337 0.5864 0.2927, -1.6144 0.5491 0.182, -1.5975 0.5424 0.1599, -1.5792 0.5353 0.1402, -1.5596 0.5278 0.123, -1.5391 0.5203 0.1083, -1.5123 0.5359 0.1173, -1.5179 0.5126 0.0959, -1.4963 0.5049 0.0859, -1.6338 0.593 0.3543, -1.6081 0.6061 0.3543, -1.5704 0.5592 0.1652, -1.5521 0.5517 0.1467, -1.5326 0.5439 0.1307, -1.5053 0.5569 0.1407, -1.4914 0.5279 0.1063, -1.5111 0.6213 0.2792, -1.5398 0.6168 0.2741, -1.6056 0.6014 0.2945, -1.5873 0.5929 0.2394, -1.5593 0.5802 0.1923, -1.5426 0.5729 0.1725, -1.5145 0.5833 0.1816, -1.5244 0.565 0.1553, -1.5689 0.609 0.2697, -1.5766 0.6128 0.2969, -1.5585 0.604 0.2443, -1.5457 0.5979 0.2209, -1.5309 0.5909 0.2, -1.5172 0.6055 0.2284, -1.4968 0.5753 0.1658, -1.5473 0.6207 0.2998, -1.5296 0.6117 0.2502, -1.5028 0.5984 0.2089, -1.3512 0.0279 -0.3722, -1.366 0.0332 -0.4159, -1.3535 0.0369 -0.3722, -1.3774 -0.0378 -0.4605, -1.3827 -0.0358 -0.5057, -1.3803 -0.0289 -0.5057, -1.3844 -0.0351 -0.5512, -1.386 -0.0424 -0.5119, -1.3481 -0.0 -0.3722, -1.3611 -0.0 -0.4159, -1.3614 0.0084 -0.4159, -1.3822 -0.0441 -0.4727, -1.3782 -0.0072 -0.5512, -1.3763 -0.0073 -0.5057, -1.3771 -0.0146 -0.5057, -1.3785 -0.0218 -0.5057, -1.379 -0.0143 -0.5512, -1.3638 0.0251 -0.4159, -1.3495 0.0187 -0.3722, -1.3315 -0.0 -0.3298, -1.312 -0.012 -0.2888, -1.3319 -0.0106 -0.3298, -1.3411 0.0517 -0.3298, -1.3565 0.0458 -0.3722, -1.3687 0.0412 -0.4159, -1.3377 0.0417 -0.3298, -1.3774 0.0378 -0.4605, -1.3785 0.0218 -0.5057, -1.3821 0.0283 -0.5512, -1.3803 0.0289 -0.5057, -1.3827 0.0358 -0.5057, -1.3844 0.0351 -0.5512, -1.3803 0.0214 -0.5512, -1.3749 -0.0305 -0.4605, -1.3872 -0.0418 -0.5512, -1.335 0.0315 -0.3298, -1.2669 0.0466 -0.2126, -1.264 0.0312 -0.2126, -1.2927 0.0409 -0.2497, -1.3224 0.0589 -0.2888, -1.3006 0.0672 -0.2497, -1.2759 0.0766 -0.2126, -1.2484 0.0872 -0.1779, -1.2183 0.0987 -0.1457, -1.1292 0.0254 -0.0897, -1.0901 0.0282 -0.0664, -1.0891 -0.0 -0.0664, -1.1858 0.1111 -0.1162, -1.1146 0.1383 -0.0664, -1.1055 0.1115 -0.0664, -1.1512 0.1243 -0.0897, -1.0493 0.0312 -0.0464, -1.0057 -0.0 -0.0299, -1.0482 -0.0 -0.0464, -0.9634 0.0375 -0.0169, -1.007 0.0343 -0.0299, -1.0107 0.0685 -0.0299, -0.9634 -0.0375 -0.0169, -1.007 -0.0343 -0.0299, -1.0527 0.0623 -0.0464, -1.0984 0.0842 -0.0664, -1.0584 0.0931 -0.0464, -0.9839 -0.1481 -0.0169, -0.9744 -0.1118 -0.0169, -0.9412 -0.1609 -0.0075, -0.9621 -0.0 -0.0169, -0.9308 -0.1215 -0.0075, -0.8867 -0.1313 -0.0019, -0.8979 -0.174 -0.0019, -0.9676 -0.0749 -0.0169, -0.9234 -0.0813 -0.0075, -0.9121 -0.2157 -0.0019, -1.0663 0.1233 -0.0464, -0.9237 -0.2589 -0.0014, -0.8696 -0.2319 0.0, -0.8881 -0.2756 -0.0, -1.0764 0.1529 -0.0464, -1.0368 0.168 -0.0299, -0.996 0.1836 -0.0169, -0.9543 0.1995 -0.0075, -1.0257 0.1355 -0.0299, -0.9121 0.2157 -0.0019, -0.8696 0.2319 0.0, -1.3638 -0.0251 -0.4159, -1.3623 -0.0168 -0.4159, -1.3512 -0.0279 -0.3722, -1.3749 0.0305 -0.4605, -1.3185 0.0475 -0.2888, -1.2962 0.0542 -0.2497, -1.2708 0.0618 -0.2126, -1.2426 0.0703 -0.1779, -1.2118 0.0796 -0.1457, -1.1785 0.0896 -0.1162, -1.143 0.1002 -0.0897, -0.9839 0.1481 -0.0169, -0.9412 0.1609 -0.0075, -0.8979 0.1739 -0.0019, -0.8543 0.1871 0.0, -1.3771 0.0146 -0.5057, -1.379 0.0143 -0.5512, -1.373 0.023 -0.4605, -1.3484 0.0094 -0.3722, -1.3623 0.0168 -0.4159, -1.3155 0.0358 -0.2888, -1.2381 0.053 -0.1779, -1.2067 0.06 -0.1457, -1.1727 0.0676 -0.1162, -1.1366 0.0757 -0.0897, -0.9744 0.1118 -0.0169, -1.017 0.1023 -0.0299, -0.9308 0.1215 -0.0075, -0.8867 0.1313 -0.0019, -0.8423 0.1412 0.0, -1.3763 0.0073 -0.5057, -1.3782 0.0072 -0.5512, -1.3716 0.0154 -0.4605, -1.3331 0.0211 -0.3298, -1.3133 0.024 -0.2888, -1.2902 0.0274 -0.2497, -1.2008 0.0202 -0.1457, -1.1653 -0.0 -0.1162, -1.2001 -0.0 -0.1457, -1.2349 0.0355 -0.1779, -1.203 0.0402 -0.1457, -1.1686 0.0453 -0.1162, -1.1319 0.0507 -0.0897, -1.0932 0.0564 -0.0664, -0.9675 0.0748 -0.0169, -0.9234 0.0813 -0.0075, -0.8787 0.0879 -0.0019, -0.8337 0.0945 0.0, -1.3761 -0.0 -0.5057, -1.378 -0.0 -0.5512, -1.3707 0.0077 -0.4605, -1.3319 0.0106 -0.3298, -1.312 0.012 -0.2888, -1.2887 0.0137 -0.2497, -1.2623 0.0157 -0.2126, -1.2329 0.0178 -0.1779, -1.1661 0.0227 -0.1162, -0.919 0.0408 -0.0075, -0.8739 0.0441 -0.0019, -0.8285 0.0474 0.0, -1.3704 -0.0 -0.4605, -1.3115 -0.0 -0.2888, -1.2882 -0.0 -0.2497, -1.2617 -0.0 -0.2126, -1.2323 -0.0 -0.1779, -1.0901 -0.0283 -0.0664, -1.1292 -0.0254 -0.0897, -1.1282 -0.0 -0.0897, -0.8787 -0.0879 -0.0019, -0.9175 -0.0 -0.0075, -0.8723 -0.0 -0.0019, -0.8268 -0.0 0.0, -1.3614 -0.0084 -0.4159, -1.3484 -0.0094 -0.3722, -1.3707 -0.0077 -0.4605, -1.2887 -0.0137 -0.2497, -1.264 -0.0312 -0.2126, -1.2902 -0.0274 -0.2497, -1.2623 -0.0157 -0.2126, -1.2329 -0.0178 -0.1779, -1.2008 -0.0202 -0.1457, -1.1661 -0.0227 -0.1162, -1.017 -0.1023 -0.0299, -1.0107 -0.0685 -0.0299, -1.0493 -0.0312 -0.0464, -0.919 -0.0408 -0.0075, -0.8739 -0.0441 -0.0019, -0.8285 -0.0474 0.0, -1.3803 -0.0214 -0.5512, -1.3495 -0.0187 -0.3722, -1.3716 -0.0154 -0.4605, -1.3331 -0.0211 -0.3298, -1.3133 -0.024 -0.2888, -1.2349 -0.0355 -0.1779, -1.2067 -0.0601 -0.1457, -1.2381 -0.053 -0.1779, -1.203 -0.0402 -0.1457, -1.1686 -0.0453 -0.1162, -1.1319 -0.0507 -0.0897, -1.0932 -0.0564 -0.0664, -1.0527 -0.0623 -0.0464, -0.8337 -0.0945 0.0, -1.3821 -0.0283 -0.5512, -1.3377 -0.0417 -0.3298, -1.335 -0.0315 -0.3298, -1.373 -0.023 -0.4605, -1.3155 -0.0358 -0.2888, -1.2927 -0.0409 -0.2497, -1.2669 -0.0467 -0.2126, -1.1785 -0.0896 -0.1162, -1.1727 -0.0676 -0.1162, -1.1366 -0.0757 -0.0897, -1.0984 -0.0842 -0.0664, -1.0584 -0.0931 -0.0464, -0.8543 -0.1871 0.0, -0.8423 -0.1412 0.0, -1.366 -0.0332 -0.4159, -1.3535 -0.0369 -0.3722, -1.3224 -0.0589 -0.2888, -1.3006 -0.0672 -0.2497, -1.308 -0.0789 -0.2532, -1.3185 -0.0475 -0.2888, -1.2962 -0.0542 -0.2497, -1.2708 -0.0618 -0.2126, -1.2426 -0.0703 -0.1779, -1.2118 -0.0796 -0.1457, -1.1512 -0.1243 -0.0897, -1.1146 -0.1383 -0.0664, -1.1273 -0.1635 -0.0674, -1.143 -0.1003 -0.0897, -1.1055 -0.1115 -0.0664, -1.0663 -0.1233 -0.0464, -1.0257 -0.1355 -0.0299, -1.3687 -0.0412 -0.4159, -1.3565 -0.0458 -0.3722, -1.3411 -0.0517 -0.3298, -1.2759 -0.0766 -0.2126, -1.2484 -0.0872 -0.1779, -1.2183 -0.0987 -0.1457, -1.1858 -0.1111 -0.1162, -1.0764 -0.1529 -0.0464, -1.0368 -0.1681 -0.0299, -0.996 -0.1836 -0.0169, -0.9543 -0.1996 -0.0075, -1.3758 -0.0471 -0.434, -1.367 -0.0512 -0.3959, -1.3558 -0.0565 -0.3585, -1.3421 -0.0629 -0.3222, -1.3262 -0.0704 -0.287, -1.2877 -0.0884 -0.2209, -1.2653 -0.0989 -0.1902, -1.241 -0.1103 -0.1614, -1.215 -0.1225 -0.1346, -1.1872 -0.1355 -0.1099, -1.158 -0.1492 -0.0875, -1.0955 -0.1785 -0.0498, -1.0625 -0.1939 -0.0347, -1.0287 -0.2097 -0.0223, -0.9942 -0.2259 -0.0126, -0.9591 -0.2423 -0.0056, 0.4941 0.145 0.0, 0.8696 0.2319 -0.0, 0.5314 0.145 0.0, 0.8423 0.1412 -0.0, 0.8337 0.0945 -0.0, 0.7429 0.145 0.0, 0.6807 0.0688 0.0, 0.5563 0.0688 0.0, -0.6444 0.145 0.0, -0.3271 0.1259 0.0, -0.4204 0.1069 0.0, -0.4204 0.145 0.0, 0.7056 0.145 0.0, -0.0783 0.145 0.0, 0.6434 -0.1536 0.0, 0.8268 0.0 -0.0, 0.8285 -0.0474 -0.0, 0.8337 -0.0945 -0.0, 0.8543 -0.1871 -0.0, 0.8696 -0.2319 -0.0, 0.5936 -0.1536 0.0, 0.8881 -0.2756 0.0, 0.1955 -0.1536 0.0, 0.1457 -0.1536 0.0, 0.3759 -0.1473 0.0, 0.3448 -0.1536 0.0, 0.8423 -0.1412 -0.0, 0.3448 0.145 0.0, 0.8543 0.1871 -0.0, 0.8285 0.0474 -0.0, -0.2711 0.1069 0.0, -0.1903 0.1005 0.0, -0.296 0.1005 0.0, -0.2151 0.1069 0.0, 0.1955 0.145 0.0, 0.3759 0.1386 0.0, 0.4008 0.1259 0.0, 0.4381 0.0751 0.0, 0.4257 0.1005 0.0, 0.4443 0.0433 0.0, 0.4443 -0.052 0.0, 0.4381 -0.0837 0.0, 0.4257 -0.1091 0.0, 0.4008 -0.1346 0.0, -0.3271 0.0688 0.0, -0.1654 0.0688 0.0, -0.3333 0.0433 0.0, -0.0409 0.1069 0.0, 0.1208 0.0052 0.0, -0.0409 0.0052 0.0, 0.1208 -0.0329 0.0, -0.0409 -0.0329 0.0, -0.0409 -0.1155 0.0, 0.1457 -0.1155 0.0, -0.0783 -0.1536 0.0, 0.1457 0.1069 0.0, 0.1457 0.145 0.0, -0.1716 0.0878 0.0, -0.1343 0.1005 0.0, -0.1591 0.1259 0.0, -0.2711 0.145 0.0, -0.3022 0.1386 0.0, -0.6071 0.1069 0.0, -0.3645 0.0751 0.0, -0.3147 0.0878 0.0, -0.6444 -0.1536 0.0, -0.6071 -0.1536 0.0, -0.3707 -0.052 0.0, -0.3645 -0.0837 0.0, -0.3333 -0.052 0.0, -0.1654 -0.0774 0.0, -0.352 -0.1091 0.0, -0.3147 -0.0964 0.0, -0.1716 -0.0964 0.0, -0.1903 -0.1091 0.0, -0.296 -0.1091 0.0, -0.2151 -0.1155 0.0, -0.2711 -0.1155 0.0, -0.2711 -0.1536 0.0, -0.3271 -0.0774 0.0, -0.128 -0.0774 0.0, -0.128 0.0688 0.0, -0.1343 -0.1091 0.0, -0.1591 -0.1346 0.0, -0.2151 -0.1536 0.0, -0.184 -0.1473 0.0, -0.3022 -0.1473 0.0, -0.3271 -0.1346 0.0, -0.3707 0.0433 0.0, -0.2151 0.145 0.0, -0.184 0.1386 0.0, -0.352 0.1005 0.0, 0.407 -0.052 0.0, 0.4008 -0.0774 0.0, 0.3883 -0.0964 0.0, 0.407 0.0433 0.0, 0.3448 0.1069 0.0, 0.3697 0.1005 0.0, 0.3697 -0.1091 0.0, 0.3883 0.0878 0.0, 0.4008 0.0688 0.0, 0.3448 -0.1155 0.0, 0.2328 -0.1155 0.0, 0.2328 0.1069 0.0, 0.5625 0.0433 0.0, 0.6745 0.0433 0.0, 0.6185 -0.1282 0.0, 1.2454 -0.4053 0.0246, 1.2708 -0.4089 0.026, -1.2454 -0.4053 0.0246, 1.4544 -0.4423 0.0417, 1.4498 -0.4217 0.0315, -1.1199 -0.3802 0.0158, 1.1447 -0.3863 0.0177, -1.1447 -0.3863 0.0178, -1.1697 -0.3918 0.0196, 1.1949 -0.3968 0.0214, -1.1949 -0.3968 0.0214, -1.0952 -0.3735 0.0138, 1.0951 -0.3736 0.0138, 1.1199 -0.3802 0.0158, -1.0706 -0.3662 0.0118, 1.0706 -0.3663 0.0118, 1.0463 -0.3583 0.0098, -1.0463 -0.3583 0.0098, -1.0223 -0.3495 0.0078, 1.0222 -0.3495 0.0078, -0.9986 -0.3399 0.0059, 0.9985 -0.34 0.0059, 0.9751 -0.3295 0.0041, -0.9752 -0.3295 0.0041, -0.9523 -0.3179 0.0026, 0.9522 -0.318 0.0025, -0.93 -0.3053 0.0013, 0.9299 -0.3053 0.0012, 0.9086 -0.2911 0.0004, -0.9086 -0.2911 0.0004, 1.1697 -0.3919 0.0196, 1.2201 -0.4013 0.0231, -1.2201 -0.4013 0.0231, -1.2708 -0.4089 0.026, -1.2962 -0.412 0.0273, 1.2962 -0.412 0.0273, 1.3217 -0.4146 0.0284, -1.3217 -0.4147 0.0284, 1.3473 -0.4169 0.0294, -1.3473 -0.4169 0.0294, -1.3729 -0.4187 0.0302, 1.3729 -0.4187 0.0302, 1.3985 -0.4201 0.0308, -1.3985 -0.4201 0.0308, 1.4241 -0.4211 0.0313, -1.4241 -0.4211 0.0313, 1.467 -0.4992 0.0795, 1.463 -0.4811 0.0657, 1.4588 -0.4621 0.0531, 1.4778 -0.5475 0.1272, 1.4708 -0.5164 0.0944, 1.4744 -0.5325 0.1103, 1.4862 -0.5857 0.183, 1.4837 -0.5742 0.1635, 1.4808 -0.5614 0.1449, 1.4922 -0.6125 0.2447, 1.4885 -0.596 0.203, 1.4905 -0.6049 0.2236, 1.4947 -0.6236 0.2879, 1.4936 -0.6188 0.2661, 1.4954 -0.6271 0.3099, 1.4959 -0.6292 0.3321, 1.4961 -0.6299 0.3543, -1.2243 -0.1616 -0.1174, -1.1899 -0.1717 -0.0942, -1.1958 -0.1837 -0.0897, -1.1897 -0.3526 0.0039, -1.1677 -0.334 -0.0029, -1.144 -0.3675 0.0113, -1.2715 -0.1084 -0.1897, -1.2448 -0.1242 -0.1563, -1.2737 -0.1152 -0.1859, -1.216 -0.1418 -0.1256, -1.2195 -0.151 -0.1219, -1.2475 -0.1321 -0.1526, -1.2978 -0.1004 -0.2215, -1.2961 -0.0945 -0.2254, -1.2419 -0.1131 -0.1608, -1.2696 -0.0992 -0.1944, -1.2946 -0.0869 -0.2302, -1.317 -0.0761 -0.268, -1.3363 -0.0671 -0.3073, -1.3558 -0.07 -0.338, -1.339 -0.0778 -0.298, -1.358 -0.0749 -0.3329, -1.3527 -0.0598 -0.3476, -1.3723 -0.069 -0.3735, -1.3842 -0.0656 -0.4142, -1.37 -0.0645 -0.3786, -1.366 -0.0542 -0.3885, -1.3764 -0.0503 -0.4296, -1.3778 -0.0535 -0.4273, -1.3838 -0.0479 -0.4705, -1.391 -0.0519 -0.5084, -1.3884 -0.0472 -0.5108, -1.3795 -0.0572 -0.4239, -1.367 -0.057 -0.3863, -1.3683 -0.0604 -0.383, -1.394 -0.0566 -0.5048, -1.3858 -0.0519 -0.4682, -1.3881 -0.056 -0.4646, -1.3953 -0.0558 -0.5466, -1.3925 -0.0515 -0.5489, -1.2816 -0.1323 -0.1758, -1.277 -0.1233 -0.1812, -1.2515 -0.1414 -0.148, -1.3898 -0.0468 -0.5504, -1.1538 -0.1816 -0.0732, -1.1592 -0.1939 -0.0697, -1.2035 -0.1969 -0.0845, -1.1663 -0.2075 -0.0653, -1.1752 -0.2223 -0.0601, -1.1211 -0.2034 -0.052, -1.1276 -0.2174 -0.0485, -1.136 -0.2327 -0.0441, -1.0955 -0.2419 -0.0308, -1.1053 -0.259 -0.0264, -1.0877 -0.2261 -0.0342, -1.174 -0.2838 -0.027, -1.1996 -0.2538 -0.0481, -1.159 -0.2663 -0.0333, -1.054 -0.2494 -0.0199, -1.0632 -0.2671 -0.0165, -1.088 -0.3059 -0.0072, -1.1172 -0.2771 -0.0214, -1.0745 -0.286 -0.0122, -1.273 -0.1744 -0.1304, -1.2838 -0.1862 -0.1239, -1.3049 -0.1629 -0.157, -1.2153 -0.2699 -0.0415, -1.2388 -0.24 -0.0659, -1.3161 -0.1735 -0.1503, -1.2965 -0.198 -0.1172, -1.329 -0.1837 -0.1438, -1.3733 -0.1774 -0.1673, -1.3589 -0.1694 -0.173, -1.3437 -0.1934 -0.1375, -1.3858 -0.1555 -0.2047, -1.4094 -0.1424 -0.2387, -1.3973 -0.1369 -0.2437, -1.4298 -0.1303 -0.2746, -1.4185 -0.1263 -0.2788, -1.1315 -0.2959 -0.0157, -1.4628 -0.1034 -0.3919, -1.4511 -0.1092 -0.3533, -1.4602 -0.1108 -0.351, -1.4649 -0.0992 -0.4323, -1.4467 -0.1196 -0.3122, -1.4364 -0.117 -0.3154, -1.2144 -0.3704 0.0106, -1.1226 -0.347 0.0047, -1.2417 -0.3871 0.0172, -1.3161 -0.3774 0.0111, -1.2865 -0.3649 0.0056, -1.3288 -0.3402 -0.0101, -1.3809 -0.3964 0.0197, -1.3477 -0.388 0.0159, -1.104 -0.3263 -0.0015, -1.059 -0.3352 0.0036, -1.4153 -0.4024 0.0224, -0.9328 -0.2778 -0.0009, -0.9871 -0.2971 -0.0015, -1.1483 -0.315 -0.0094, -1.0768 -0.3573 0.0093, -1.0439 -0.3136 -0.0014, -1.0311 -0.2928 -0.0057, -1.0204 -0.2732 -0.009, -1.1466 -0.1624 -0.0774, -1.1801 -0.1448 -0.1021, -0.9993 -0.3186 0.0019, -1.0116 -0.2551 -0.0115, -0.9682 -0.2584 -0.0053, -0.9769 -0.2769 -0.0039, -0.9429 -0.2986 0.0005, -1.0041 -0.2387 -0.0129, -1.0402 -0.2191 -0.0238, -1.0763 -0.1997 -0.0382, -1.0465 -0.2334 -0.0224, -1.1119 -0.1807 -0.056, -1.0814 -0.212 -0.0367, -1.1856 -0.161 -0.0978, -1.116 -0.1911 -0.0545, -1.1863 -0.2378 -0.0543, -1.1464 -0.2491 -0.039, -1.1915 -0.3013 -0.0205, -1.2115 -0.3185 -0.0137, -1.2591 -0.3507 -0.0005, -1.2341 -0.3351 -0.007, -1.1498 -0.171 -0.0758, -1.255 -0.2544 -0.0592, -1.2761 -0.2251 -0.0867, -1.2334 -0.2857 -0.0348, -1.2249 -0.2254 -0.0724, -1.2538 -0.301 -0.0281, -1.2766 -0.3154 -0.0216, -1.3017 -0.3285 -0.0155, -1.3578 -0.35 -0.0054, -1.3883 -0.3578 -0.0016, -1.4201 -0.3633 0.0011, -1.212 -0.1284 -0.13, -1.1824 -0.152 -0.1004, -1.2494 -0.1988 -0.1, -1.2131 -0.2109 -0.0787, -1.2617 -0.212 -0.0934, -1.2734 -0.2684 -0.0525, -1.294 -0.2816 -0.0461, -1.3167 -0.2937 -0.0401, -1.3414 -0.3045 -0.0346, -1.3539 -0.2707 -0.0624, -1.3958 -0.3207 -0.0262, -1.4248 -0.3258 -0.0236, -1.3679 -0.3135 -0.03, -1.2136 -0.1341 -0.1283, -1.2391 -0.1858 -0.1063, -1.2641 -0.1628 -0.1368, -1.2308 -0.1733 -0.1121, -1.346 -0.1608 -0.1792, -1.2926 -0.2378 -0.0801, -1.3111 -0.2498 -0.0737, -1.3316 -0.2609 -0.0677, -1.3779 -0.279 -0.0578, -1.3661 -0.2392 -0.0931, -1.4032 -0.2856 -0.0541, -1.4295 -0.2902 -0.0515, -1.3412 -0.0832 -0.293, -1.3196 -0.0879 -0.259, -1.243 -0.1178 -0.1591, -1.257 -0.1517 -0.1426, -1.3346 -0.1517 -0.1857, -1.3248 -0.1424 -0.1924, -1.3461 -0.2303 -0.0984, -1.3277 -0.2203 -0.1043, -1.3112 -0.2094 -0.1106, -1.3876 -0.2467 -0.0886, -1.3778 -0.2104 -0.1264, -1.4104 -0.2527 -0.0849, -1.4342 -0.257 -0.0824, -1.3045 -0.1154 -0.2113, -1.3301 -0.1086 -0.2426, -1.3254 -0.101 -0.2486, -1.2703 -0.103 -0.1926, -1.3165 -0.1331 -0.1989, -1.3098 -0.124 -0.2053, -1.2877 -0.1421 -0.1699, -1.2955 -0.1524 -0.1635, -1.36 -0.2024 -0.1317, -1.397 -0.2172 -0.122, -1.3891 -0.1845 -0.1621, -1.4174 -0.2225 -0.1184, -1.4386 -0.2264 -0.1159, -1.3443 -0.0893 -0.2874, -1.3484 -0.096 -0.2813, -1.2951 -0.09 -0.2284, -1.3005 -0.1075 -0.2167, -1.3518 -0.1329 -0.223, -1.3432 -0.1248 -0.2296, -1.3731 -0.1485 -0.2104, -1.406 -0.1905 -0.1577, -1.3996 -0.1618 -0.1997, -1.4429 -0.1987 -0.1517, -1.4241 -0.1953 -0.1542, -1.3181 -0.0828 -0.263, -1.3173 -0.0788 -0.2661, -1.322 -0.0941 -0.2541, -1.3359 -0.1166 -0.2362, -1.36 -0.1101 -0.2684, -1.3536 -0.103 -0.2749, -1.3618 -0.1409 -0.2166, -1.3863 -0.1308 -0.2493, -1.3763 -0.1242 -0.2554, -1.4146 -0.1671 -0.1954, -1.4469 -0.1743 -0.1895, -1.4304 -0.1713 -0.1919, -1.3376 -0.0732 -0.3021, -1.3368 -0.0696 -0.3053, -1.3789 -0.0792 -0.3615, -1.3647 -0.0862 -0.3211, -1.3833 -0.0845 -0.3551, -1.3886 -0.0899 -0.3485, -1.3752 -0.0985 -0.3081, -1.3946 -0.0952 -0.342, -1.3676 -0.1172 -0.2618, -1.3896 -0.1107 -0.2952, -1.3819 -0.1047 -0.3016, -1.4417 -0.1334 -0.2714, -1.4225 -0.147 -0.2345, -1.4363 -0.1506 -0.2311, -1.4507 -0.1532 -0.2287, -1.3543 -0.0657 -0.3422, -1.3534 -0.0623 -0.3455, -1.391 -0.0748 -0.4021, -1.3753 -0.074 -0.3677, -1.3609 -0.0803 -0.3273, -1.3695 -0.0923 -0.3147, -1.3983 -0.1164 -0.2892, -1.4175 -0.1097 -0.3243, -1.4091 -0.1052 -0.3298, -1.4079 -0.1216 -0.2837, -1.4542 -0.1356 -0.269, -1.4002 -0.0843 -0.3891, -1.4014 -0.1004 -0.3357, -1.4119 -0.0932 -0.3763, -1.4266 -0.1136 -0.3195, -1.4423 -0.1071 -0.3564, -1.4339 -0.1043 -0.3604, -1.4574 -0.1215 -0.3099, -1.3937 -0.0645 -0.4547, -1.3816 -0.0612 -0.4194, -1.4009 -0.0731 -0.4425, -1.3873 -0.0701 -0.4084, -1.41 -0.0814 -0.4294, -1.3953 -0.0796 -0.3956, -1.4208 -0.0891 -0.4168, -1.4057 -0.0888 -0.3826, -1.4186 -0.0973 -0.3705, -1.4403 -0.0982 -0.4011, -1.426 -0.101 -0.3651, -1.3907 -0.0602 -0.4601, -1.4008 -0.0655 -0.4947, -1.3971 -0.0688 -0.4488, -1.4088 -0.0738 -0.4823, -1.4052 -0.0773 -0.436, -1.418 -0.0813 -0.4692, -1.4152 -0.0854 -0.423, -1.4283 -0.0877 -0.4567, -1.4269 -0.0925 -0.411, -1.4334 -0.0955 -0.4057, -1.4397 -0.093 -0.4457, -1.4475 -0.1004 -0.3972, -1.455 -0.1022 -0.3941, -1.3973 -0.0611 -0.5001, -1.4039 -0.0666 -0.5362, -1.401 -0.0633 -0.54, -1.4098 -0.0725 -0.5282, -1.4047 -0.0697 -0.4887, -1.4127 -0.0751 -0.5241, -1.422 -0.082 -0.5114, -1.4188 -0.0798 -0.5157, -1.4133 -0.0776 -0.4758, -1.432 -0.0879 -0.4986, -1.4286 -0.086 -0.5028, -1.423 -0.0846 -0.4628, -1.4339 -0.0905 -0.4509, -1.4433 -0.0927 -0.4865, -1.4393 -0.0912 -0.4904, -1.4458 -0.0951 -0.4412, -1.452 -0.0969 -0.4374, -1.4584 -0.0982 -0.4344, -1.4668 -0.0979 -0.4718, -1.3981 -0.0597 -0.5434, -1.4068 -0.0697 -0.5323, -1.4157 -0.0775 -0.52, -1.4252 -0.0841 -0.5071, -1.4356 -0.0896 -0.4945, -1.4474 -0.0941 -0.4828, -1.4518 -0.0953 -0.4794, -1.4565 -0.0964 -0.4764, -1.4614 -0.0973 -0.4737, 1.0628 -0.6299 1.6104, 1.0471 -0.6299 1.5702, 1.2676 -0.6299 1.4998, 1.3306 -0.6299 1.4998, 1.4565 -0.6299 1.9722, 0.7951 -0.6299 1.7813, 0.803 -0.6299 1.8315, 0.7243 -0.6299 1.8315, 0.9369 -0.6299 1.4998, 0.9841 -0.6299 1.5099, 0.9841 -0.6299 2.3154, 1.4093 -0.6299 1.9722, 1.1888 -0.6299 1.9722, 1.2991 -0.6299 1.5601, 0.7479 -0.6299 2.4361, 0.7164 -0.6299 2.3154, 0.9369 -0.6299 2.3154, 0.6376 -0.6299 1.5099, 0.8896 -0.6299 1.5099, 0.5904 -0.6299 1.4998, 0.8266 -0.6299 1.9019, 0.8502 -0.6299 1.932, 0.677 -0.6299 1.932, 0.9369 -0.6299 1.9722, 0.9841 -0.6299 1.9622, 1.1416 -0.6299 1.9722, 1.0235 -0.6299 1.932, 1.0471 -0.6299 1.9019, 1.0628 -0.6299 1.8617, 1.0707 -0.6299 1.8315, 1.0786 -0.6299 1.7813, 1.0786 -0.6299 1.6908, 1.0707 -0.6299 1.6405, 1.0235 -0.6299 1.54, 0.5431 -0.6299 1.5099, 0.3857 -0.6299 1.4998, 0.8266 -0.6299 1.5702, 0.7006 -0.6299 1.5702, 0.8502 -0.6299 1.54, 0.8109 -0.6299 1.6104, 0.7164 -0.6299 1.6104, 0.803 -0.6299 1.6405, 0.7243 -0.6299 1.6405, 0.7321 -0.6299 1.6908, 0.7164 -0.6299 1.8617, 0.8109 -0.6299 1.8617, 0.7006 -0.6299 1.9019, 0.4487 -0.6299 1.6908, 0.4487 -0.6299 1.7813, 0.3857 -0.6299 1.9722, 0.8896 -0.6299 1.9622, 0.1416 -0.6299 1.5099, 0.1022 -0.6299 1.4998, 0.3384 -0.6299 1.4998, 0.4565 -0.6299 1.8315, 0.4644 -0.6299 1.8617, 0.4802 -0.6299 1.9019, 0.6691 -0.6299 2.3154, 0.5904 -0.6299 1.9722, 0.6376 -0.6299 1.9622, 0.3384 -0.6299 1.9722, 0.3384 -0.6299 2.3154, 0.7321 -0.6299 1.7813, 0.7951 -0.6299 1.6908, 0.677 -0.6299 1.54, 0.5038 -0.6299 1.54, 0.4644 -0.6299 1.6104, 0.4565 -0.6299 1.6405, 0.5038 -0.6299 1.932, 0.5431 -0.6299 1.9622, 0.4802 -0.6299 1.5702, 0.1731 -0.6299 1.53, 0.3384 -0.6299 1.8918, 0.2912 -0.6299 1.8215, 0.9054 -0.6299 2.4361, 0.1809 -0.6299 1.9722, -0.008 -0.6299 1.6606, 0.1809 -0.6299 1.6606, 0.0707 -0.6299 1.4998, -0.197 -0.6299 1.4998, 0.0156 -0.6299 1.5903, 0.0392 -0.6299 1.5702, 0.0707 -0.6299 1.5601, 0.2912 -0.6299 1.9019, 0.2282 -0.6299 1.9722, -0.0002 -0.6299 1.6204, 0.0313 -0.6299 1.5099, 0.1022 -0.6299 1.5601, 0.1337 -0.6299 1.5702, 0.1573 -0.6299 1.5903, 0.1731 -0.6299 1.6204, 0.5589 -0.6299 2.3154, 0.2282 -0.6299 1.6606, 0.2203 -0.6299 1.6104, 0.2046 -0.6299 1.5702, -0.0002 -0.6299 1.53, -0.1183 -0.6299 1.6405, -0.197 -0.6299 1.6405, -0.1183 -0.6299 1.7008, -0.0553 -0.6299 1.6606, -0.5907 -0.6299 1.5099, -0.2443 -0.6299 1.4998, -0.5513 -0.6299 1.54, 0.2912 -0.6299 2.3154, 0.1573 -0.6299 2.3255, -0.197 -0.6299 1.9722, -0.197 -0.6299 1.7008, -0.0317 -0.6299 1.5702, -0.0474 -0.6299 1.6104, -0.638 -0.6299 1.4998, -0.2443 -0.6299 1.6405, -0.4332 -0.6299 1.6405, -0.4332 -0.6299 1.7008, -0.4962 -0.6299 1.7813, -0.4962 -0.6299 1.6908, -0.9214 -0.6299 1.4998, -0.9687 -0.6299 1.4998, -0.9214 -0.6299 1.9722, -0.7718 -0.6299 1.8315, -0.7639 -0.6299 1.8617, -0.7482 -0.6299 1.9019, -0.7246 -0.6299 1.932, 0.0471 -0.6299 2.3154, 0.0077 -0.6299 2.3255, -0.2206 -0.6299 2.6974, -0.26 -0.6299 2.7276, -0.2128 -0.6299 2.6773, 0.118 -0.6299 2.3154, -0.3624 -0.6299 2.3255, -0.2443 -0.6299 1.9722, -0.323 -0.6299 2.3154, -0.5277 -0.6299 1.9019, -0.512 -0.6299 1.8617, -0.5513 -0.6299 1.932, -0.5041 -0.6299 1.8315, -0.5041 -0.6299 1.6405, -0.512 -0.6299 1.6104, -0.5277 -0.6299 1.5702, -0.6852 -0.6299 1.5099, -0.7246 -0.6299 1.54, -0.8427 -0.6299 1.6405, -0.9214 -0.6299 1.6405, -0.7639 -0.6299 1.6104, -0.7718 -0.6299 1.6405, -0.7797 -0.6299 1.6908, -0.8427 -0.6299 1.7008, -0.9214 -0.6299 1.7008, -1.1576 -0.6299 1.7008, -0.6852 -0.6299 1.9622, -0.9687 -0.6299 1.9722, -1.1104 -0.6299 2.3154, -1.1576 -0.6299 2.3154, -0.3309 -0.6299 2.7175, -0.3545 -0.6299 2.6974, -0.3624 -0.6299 2.6673, -0.1891 -0.6299 2.3456, -0.2206 -0.6299 2.3255, -0.7797 -0.6299 1.7813, -0.7482 -0.6299 1.5702, -1.1576 -0.6299 1.6405, -0.9687 -0.6299 1.6405, 0.1888 -0.6299 2.3456, 0.8581 -0.6299 2.7879, 0.7951 -0.6299 2.7879, 0.6061 -0.6299 2.3154, -0.1576 -0.6299 2.3858, -0.0553 -0.6299 2.3858, -0.1419 -0.6299 2.426, -0.0238 -0.6299 2.3456, 0.2203 -0.6299 2.3858, 0.3384 -0.6299 2.5366, 0.2912 -0.6299 2.7879, 0.3384 -0.6299 2.7879, 0.5589 -0.6299 2.7879, 0.3384 -0.6299 2.5969, 0.5589 -0.6299 2.5969, 0.6061 -0.6299 2.7879, 0.5589 -0.6299 2.5366, -0.3072 -0.6299 2.7276, 0.2282 -0.6299 2.6673, 0.2282 -0.6299 2.4361, -0.0238 -0.6299 2.4361, -0.008 -0.6299 2.4059, 0.0471 -0.6299 2.3757, -0.0238 -0.6299 2.6673, 0.0471 -0.6299 2.7276, -0.008 -0.6299 2.6974, -0.0317 -0.6299 2.4763, -0.0789 -0.6299 2.627, -0.1576 -0.6299 2.5165, -0.0789 -0.6299 2.4763, 0.0156 -0.6299 2.3858, -0.3072 -0.6299 2.5868, -0.2206 -0.6299 2.5768, -0.1655 -0.6299 2.6773, -0.26 -0.6299 2.5868, 0.1809 -0.6299 2.6673, 0.1809 -0.6299 2.4361, -0.3309 -0.6299 2.5969, -0.3624 -0.6299 2.6471, -0.0317 -0.6299 2.627, -0.2364 -0.6299 2.7175, 0.118 -0.6299 2.7276, 0.1731 -0.6299 2.6974, 0.1494 -0.6299 2.7175, -0.2679 -0.6299 2.7879, -0.2285 -0.6299 2.7778, 0.0077 -0.6299 2.7778, 0.0156 -0.6299 2.7175, 0.118 -0.6299 2.7879, 0.0471 -0.6299 2.7879, 0.1573 -0.6299 2.7778, 0.1888 -0.6299 2.7577, 0.2203 -0.6299 2.7175, 0.118 -0.6299 2.3757, 0.1494 -0.6299 2.3858, 0.1731 -0.6299 2.4059, -0.071 -0.6299 2.6773, -0.1734 -0.6299 2.7075, -0.0553 -0.6299 2.7175, -0.26 -0.6299 2.3154, -0.4962 -0.6299 2.3154, -0.4017 -0.6299 2.3556, -0.4254 -0.6299 2.4059, -0.5907 -0.6299 1.9622, -0.7639 -0.6299 2.3154, -0.638 -0.6299 1.9722, -0.8112 -0.6299 2.3154, -0.3545 -0.6299 2.617, -0.4096 -0.6299 2.6371, -0.4096 -0.6299 2.6773, -0.4962 -0.6299 2.7879, -0.7639 -0.6299 2.7276, -0.5671 -0.6299 2.3154, -0.1419 -0.6299 2.4763, -0.386 -0.6299 2.4461, -0.3702 -0.6299 2.5567, -0.4332 -0.6299 2.4461, -0.2049 -0.6299 2.4964, -0.1891 -0.6299 2.4361, -0.1891 -0.6299 2.4662, -0.2285 -0.6299 2.3858, -0.2285 -0.6299 2.5165, -0.26 -0.6299 2.5265, -0.1891 -0.6299 2.5567, -0.2049 -0.6299 2.4059, -0.071 -0.6299 2.426, -0.3781 -0.6299 2.416, -0.323 -0.6299 2.3757, -0.3545 -0.6299 2.3858, -0.26 -0.6299 2.3757, -0.3387 -0.6299 2.5366, -0.3072 -0.6299 2.5265, -0.4017 -0.6299 2.5969, -0.4017 -0.6299 2.7175, -0.3702 -0.6299 2.7577, -0.3387 -0.6299 2.7778, -1.1576 -0.6299 2.7879, -0.3072 -0.6299 2.7879, -0.8112 -0.6299 2.7879, -0.7403 -0.6299 2.7879, -0.0238 -0.6299 2.7577, -0.197 -0.6299 2.7477, -0.8742 -0.6299 2.3154, -0.5435 -0.6299 2.7879, -0.5435 -0.6299 2.3858, -0.9372 -0.6299 2.3154, -1.1104 -0.6299 2.4763, -0.8742 -0.6299 2.7879, -1.0159 -0.6299 2.5969, -1.0553 -0.6299 2.5466, -1.1104 -0.6299 2.7879, -0.9372 -0.6299 2.7879, -1.1104 -0.6299 2.5567, 0.8975 -0.6299 2.4763, 0.8266 -0.6299 2.7477, 0.7557 -0.6299 2.4763, -0.9687 -0.6299 1.8918, -1.1025 -0.6299 1.7008, -0.9687 -0.6299 1.7008, -0.7009 -0.6299 1.5802, -0.6773 -0.6299 1.5601, -0.7403 -0.6299 1.7008, -0.7324 -0.6299 1.6405, -0.638 -0.6299 1.5501, -0.7403 -0.6299 1.7712, -0.5356 -0.6299 1.7008, -0.5986 -0.6299 1.5601, -0.575 -0.6299 1.5802, -0.5435 -0.6299 1.6405, -0.638 -0.6299 1.922, -0.5356 -0.6299 1.7712, -0.5986 -0.6299 1.9119, -0.5435 -0.6299 1.8315, -0.575 -0.6299 1.8918, -0.7009 -0.6299 1.8918, -0.6773 -0.6299 1.9119, -0.7324 -0.6299 1.8315, -0.2443 -0.6299 1.8918, -0.3781 -0.6299 1.7008, -0.2443 -0.6299 1.7008, 0.5274 -0.6299 1.5802, 0.551 -0.6299 1.5601, 0.488 -0.6299 1.7008, 0.4959 -0.6299 1.6405, 0.5904 -0.6299 1.5501, 0.488 -0.6299 1.7712, 0.6928 -0.6299 1.7008, 0.6298 -0.6299 1.5601, 0.6534 -0.6299 1.5802, 0.6849 -0.6299 1.6405, 0.5904 -0.6299 1.922, 0.6928 -0.6299 1.7712, 0.6298 -0.6299 1.9119, 0.6849 -0.6299 1.8315, 0.6534 -0.6299 1.8918, 0.5274 -0.6299 1.8918, 0.551 -0.6299 1.9119, 0.4959 -0.6299 1.8315, 0.8739 -0.6299 1.5802, 0.8975 -0.6299 1.5601, 0.8345 -0.6299 1.7008, 0.8424 -0.6299 1.6405, 0.9369 -0.6299 1.5501, 0.8345 -0.6299 1.7712, 1.0392 -0.6299 1.7008, 0.9762 -0.6299 1.5601, 0.9998 -0.6299 1.5802, 1.0313 -0.6299 1.6405, 0.9369 -0.6299 1.922, 1.0392 -0.6299 1.7712, 0.9762 -0.6299 1.9119, 1.0313 -0.6299 1.8315, 0.9998 -0.6299 1.8918, 0.8739 -0.6299 1.8918, 0.8975 -0.6299 1.9119, 0.8424 -0.6299 1.8315, 1.5249 -0.6284 0.3543, 1.6082 -0.6061 0.3543, 1.5871 -0.6145 3.3071, 1.5812 -0.6164 0.3543, 1.5534 -0.6239 0.3543, 1.5574 -0.623 3.3071, 1.5269 -0.6282 3.3071, 1.6679 -0.5698 3.3071, 1.6581 -0.5773 0.3543, 1.6805 -0.5591 0.3543, 1.6156 -0.6026 3.3071, 1.6339 -0.593 0.3543, 1.6427 -0.5877 3.3071, 1.719 -0.5163 0.3543, 1.7347 -0.4921 0.3543, 1.7294 -0.501 3.3071, 1.7009 -0.5387 0.3543, 1.7115 -0.5262 3.3071, 1.6909 -0.5492 3.3071, 1.7478 -0.4664 0.3543, 1.7582 -0.4395 0.3543, 1.7562 -0.4454 3.3071, 1.7444 -0.4739 3.3071, 1.7647 -0.4157 3.3071, 1.7656 -0.4116 0.3543, 1.7701 -0.3831 0.3543, 1.7699 -0.3852 3.3071, 1.7717 -0.3543 0.3543, 1.7717 -0.3543 3.3071, 1.7115 -0.5116 3.4299, 1.6909 -0.5223 3.4768, 1.6909 -0.534 3.4353, 1.7294 -0.4994 3.3464, 1.7115 -0.5245 3.3484, 1.7444 -0.4724 3.3443, 1.7699 -0.2502 3.6, 1.7717 -0.2505 3.5577, 1.7717 -0.2301 3.5765, 1.7562 -0.444 3.342, 1.7699 -0.3663 3.4261, 1.7717 -0.3445 3.3898, 1.7717 -0.337 3.4166, 1.7647 -0.4144 3.3397, 1.7717 -0.35 3.3625, 1.7699 -0.3804 3.3673, 1.7717 -0.3532 3.3349, 1.7699 -0.3745 3.397, 1.7699 -0.384 3.3373, 1.7294 0.3253 3.688, 1.7444 0.3078 3.6674, 1.7294 0.3542 3.6613, 1.7562 -0.3797 3.5398, 1.7444 -0.4041 3.5547, 1.7562 -0.3968 3.5093, 1.7444 -0.4378 3.4884, 1.7562 -0.4236 3.4447, 1.7562 -0.4114 3.4775, 1.7562 -0.3603 3.5689, 1.7562 -0.3387 3.5963, 1.7444 -0.3604 3.6149, 1.7115 -0.4861 3.5084, 1.6909 -0.4893 3.5564, 1.6909 -0.5074 3.5173, 1.7562 -0.3149 3.622, 1.7562 -0.2892 3.6457, 1.7444 -0.3078 3.6674, 1.7115 -0.4486 3.582, 1.6909 -0.4443 3.6299, 1.6909 -0.4683 3.594, 1.7115 -0.3417 3.7072, 1.6909 -0.3228 3.7514, 1.6909 -0.3567 3.7247, 1.7115 -0.4001 3.6488, 1.6909 -0.3883 3.6954, 1.6909 -0.4176 3.6638, 1.7115 -0.3093 3.7328, 1.6909 -0.287 3.7754, 1.7444 -0.2786 3.6905, 1.7562 -0.2618 3.6674, 1.6909 -0.2493 3.7964, 1.7115 -0.2389 3.7759, 1.6909 -0.2102 3.8145, 1.7562 -0.2327 3.6868, 1.7562 -0.2022 3.7039, 1.7444 -0.2151 3.7293, 1.7562 -0.104 3.7401, 1.7444 -0.1106 3.7679, 1.7562 -0.1376 3.7306, 1.7444 -0.1814 3.7449, 1.7562 -0.1704 3.7185, 1.7562 -0.0349 3.7511, 1.7562 0.0 3.7524, 1.7444 0.0 3.781, 1.7115 -0.1228 3.8187, 1.6909 -0.0859 3.8495, 1.6909 -0.1282 3.8411, 1.7562 0.104 3.7401, 1.7444 0.1106 3.7679, 1.7562 0.0697 3.747, 1.6909 0.0431 3.8546, 1.6909 0.0 3.8563, 1.7115 0.0 3.8332, 1.7562 0.2022 3.7039, 1.7562 0.2327 3.6868, 1.7444 0.2476 3.7112, 1.6909 0.1282 3.8411, 1.7115 0.1228 3.8187, 1.6909 0.1697 3.8294, 1.6909 0.3228 3.7514, 1.6909 0.287 3.7754, 1.7115 0.2749 3.7557, 1.5269 0.6263 3.3564, 1.5574 0.5925 3.4996, 1.5269 0.6108 3.4537, 1.5269 0.5974 3.5012, 1.5574 0.6153 3.4045, 1.5574 0.6058 3.4525, 1.5871 0.5975 3.4505, 1.6427 0.4469 3.6888, 1.6679 0.4333 3.6771, 1.6427 0.4754 3.6525, 1.5871 0.5475 3.586, 1.6156 0.5138 3.622, 1.6156 0.5369 3.5807, 1.7444 0.2786 3.6905, 1.7294 0.2945 3.7124, 1.6679 0.4029 3.71, 1.6679 0.3701 3.7404, 1.6909 0.3567 3.7247, 1.7444 0.3351 3.6422, 1.7294 0.3809 3.6324, 1.7115 0.3721 3.6791, 1.7115 0.3417 3.7072, 1.7444 0.4223 3.5222, 1.7562 0.3797 3.5398, 1.7562 0.3968 3.5093, 1.7444 0.4041 3.5547, 1.7444 0.3834 3.5856, 1.7562 0.3603 3.5689, 1.7562 0.4114 3.4775, 1.7444 0.4378 3.4884, 1.7717 0.3445 3.3898, 1.7717 0.35 3.3625, 1.7699 0.3804 3.3673, 1.7647 0.4105 3.3721, 1.7699 0.3745 3.397, 1.7699 0.384 3.3373, 1.7647 0.4144 3.3397, 1.7717 0.3532 3.3349, 1.7699 0.3852 3.3071, 1.7647 0.4157 3.3071, 1.7717 0.3543 3.3071, 1.7562 0.3149 3.622, 1.7444 0.3604 3.6149, 1.6156 0.4875 3.6613, 1.5871 0.5239 3.6281, 1.7294 0.2617 3.7342, 1.7115 0.3093 3.7328, 1.5871 0.5677 3.5422, 1.5871 0.5844 3.497, 1.6427 0.5011 3.6141, 1.6427 0.5236 3.5739, 1.5269 0.6205 3.4054, 1.6427 0.4156 3.7226, 1.7562 0.2618 3.6674, 1.6909 0.2493 3.7964, 1.6909 0.2102 3.8145, 1.7115 0.2014 3.7932, 1.7115 0.2389 3.7759, 1.7115 0.1626 3.8075, 1.7444 0.2151 3.7293, 1.7562 0.1704 3.7185, 1.7562 0.1376 3.7306, 1.7444 0.1464 3.7578, 1.7444 0.1814 3.7449, 1.6909 0.0859 3.8495, 1.7115 0.0413 3.8316, 1.7115 0.0823 3.8268, 1.7562 0.0349 3.7511, 1.7444 0.0372 3.7795, 1.7444 0.0741 3.7752, 1.7115 -0.0823 3.8268, 1.6909 -0.0431 3.8546, 1.7115 -0.0413 3.8316, 1.7444 -0.0741 3.7752, 1.7562 -0.0697 3.747, 1.7444 -0.0372 3.7795, 1.7115 -0.2014 3.7932, 1.6909 -0.1697 3.8294, 1.7115 -0.1626 3.8075, 1.7115 -0.2749 3.7557, 1.7444 -0.1464 3.7578, 1.7115 -0.3721 3.6791, 1.7444 -0.2476 3.7112, 1.7115 -0.4257 3.6164, 1.7444 -0.3351 3.6422, 1.7115 -0.4688 3.546, 1.7444 -0.3834 3.5856, 1.7115 -0.5004 3.4697, 1.7444 -0.4223 3.5222, 1.6909 -0.5424 3.393, 1.7115 -0.5197 3.3894, 1.7562 -0.433 3.4111, 1.7444 -0.4507 3.4535, 1.6909 -0.5475 3.3502, 1.7562 -0.4399 3.3768, 1.7444 -0.4608 3.4177, 1.7444 -0.4681 3.3812, 1.6679 -0.568 3.3518, 1.6427 -0.5859 3.3532, 1.5871 -0.6126 3.3553, 1.6156 -0.6008 3.3544, 1.5574 -0.6211 3.356, 1.5269 -0.6263 3.3564, 1.7647 -0.4105 3.3721, 1.7294 -0.4948 3.3855, 1.6679 -0.5628 3.3962, 1.6427 -0.5804 3.399, 1.5871 -0.6069 3.4032, 1.6156 -0.5952 3.4014, 1.5574 -0.6153 3.4045, 1.5269 -0.6205 3.4054, 1.7647 -0.4042 3.4041, 1.7294 -0.4871 3.424, 1.6679 -0.5541 3.4401, 1.6427 -0.5714 3.4443, 1.5871 -0.5975 3.4505, 1.6156 -0.586 3.4478, 1.5574 -0.6058 3.4525, 1.5269 -0.6108 3.4537, 1.7699 -0.3559 3.4545, 1.7717 -0.3274 3.4427, 1.7699 -0.2929 3.5572, 1.7717 -0.2867 3.5154, 1.7717 -0.2694 3.5372, 1.7647 -0.3953 3.4355, 1.7294 -0.4764 3.4619, 1.6679 -0.5419 3.4832, 1.6427 -0.5589 3.4887, 1.5871 -0.5844 3.497, 1.6156 -0.5731 3.4933, 1.5574 -0.5925 3.4996, 1.5269 -0.5974 3.5012, 1.7699 -0.3432 3.482, 1.7647 -0.384 3.4661, 1.7294 -0.4628 3.4988, 1.6679 -0.5264 3.5251, 1.6427 -0.5429 3.532, 1.5871 -0.5677 3.5422, 1.6156 -0.5568 3.5377, 1.5574 -0.5756 3.5455, 1.5269 -0.5804 3.5475, 1.7717 -0.3157 3.468, 1.7699 -0.3284 3.5083, 1.7647 -0.3704 3.4958, 1.7294 -0.4464 3.5345, 1.6679 -0.5077 3.5658, 1.6427 -0.5236 3.5739, 1.5871 -0.5475 3.586, 1.6156 -0.5369 3.5807, 1.5574 -0.5551 3.5899, 1.5269 -0.5597 3.5923, 1.7717 -0.3021 3.4922, 1.7699 -0.3116 3.5335, 1.7647 -0.3544 3.5243, 1.7294 -0.4271 3.5688, 1.6679 -0.4858 3.6048, 1.6427 -0.5011 3.6141, 1.5871 -0.5239 3.6281, 1.6156 -0.5138 3.622, 1.5574 -0.5312 3.6326, 1.5269 -0.5356 3.6353, 1.7699 -0.2724 3.5795, 1.7647 -0.3363 3.5514, 1.7294 -0.4053 3.6015, 1.6679 -0.461 3.642, 1.6427 -0.4754 3.6525, 1.5871 -0.4971 3.6683, 1.6156 -0.4875 3.6613, 1.5574 -0.504 3.6733, 1.5269 -0.5082 3.6763, 1.7717 -0.2083 3.5937, 1.7699 -0.2264 3.6187, 1.7647 -0.3161 3.577, 1.7294 -0.3809 3.6324, 1.6679 -0.4333 3.6771, 1.6427 -0.4469 3.6888, 1.6156 -0.4582 3.6985, 1.5871 -0.4672 3.7061, 1.5574 -0.4737 3.7117, 1.5269 -0.4777 3.7151, 1.7699 0.3663 3.4261, 1.7717 0.337 3.4166, 1.7647 -0.2939 3.601, 1.7294 -0.3542 3.6613, 1.6679 -0.4029 3.71, 1.6427 -0.4156 3.7226, 1.6156 -0.4261 3.7332, 1.5871 -0.4345 3.7416, 1.5574 -0.4405 3.7476, 1.5269 -0.4442 3.7513, 1.7699 -0.0899 3.6816, 1.7717 -0.1095 3.6441, 1.7717 -0.0827 3.6516, 1.7647 -0.2699 3.6232, 1.7294 -0.3253 3.688, 1.6679 -0.3701 3.7404, 1.6427 -0.3817 3.754, 1.5871 -0.3991 3.7743, 1.6156 -0.3914 3.7653, 1.5574 -0.4046 3.7808, 1.5269 -0.408 3.7848, 1.7699 -0.2013 3.6355, 1.7717 -0.1851 3.6092, 1.7647 -0.2443 3.6434, 1.7294 -0.2945 3.7124, 1.6679 -0.3349 3.7681, 1.6427 -0.3454 3.7825, 1.6156 -0.3542 3.7946, 1.5871 -0.3612 3.8042, 1.5574 -0.3662 3.8111, 1.5269 -0.3692 3.8153, 1.7699 -0.1749 3.6503, 1.7647 -0.2172 3.6615, 1.7294 -0.2617 3.7342, 1.6679 -0.2977 3.7929, 1.6427 -0.3071 3.8082, 1.6156 -0.3149 3.8209, 1.5871 -0.3211 3.831, 1.5574 -0.3255 3.8383, 1.5269 -0.3282 3.8427, 1.7717 -0.1608 3.6228, 1.7699 -0.1474 3.663, 1.7647 -0.1887 3.6774, 1.7294 -0.2274 3.7534, 1.6679 -0.2587 3.8148, 1.6427 -0.2668 3.8307, 1.6156 -0.2736 3.844, 1.5871 -0.279 3.8546, 1.5574 -0.2828 3.8622, 1.5269 -0.2852 3.8668, 1.7717 -0.1356 3.6345, 1.7699 -0.119 3.6734, 1.7647 -0.1591 3.6911, 1.7294 -0.1917 3.7699, 1.6679 -0.2181 3.8335, 1.6427 -0.2249 3.85, 1.6156 -0.2306 3.8638, 1.5871 -0.2351 3.8748, 1.5574 -0.2384 3.8827, 1.5269 -0.2404 3.8875, 1.7717 0.0278 3.6603, 1.7699 0.0302 3.6911, 1.7717 0.0 3.6614, 1.7717 -0.0554 3.6571, 1.7699 -0.0603 3.6875, 1.7647 -0.1284 3.7024, 1.7294 -0.1548 3.7835, 1.6679 -0.1761 3.849, 1.6427 -0.1816 3.866, 1.6156 -0.1862 3.8802, 1.5871 -0.1899 3.8915, 1.5574 -0.1925 3.8996, 1.5269 -0.1941 3.9045, 1.7647 -0.097 3.7113, 1.7294 -0.1169 3.7942, 1.6679 -0.133 3.8611, 1.6427 -0.1372 3.8785, 1.5871 -0.1434 3.9046, 1.6156 -0.1407 3.8931, 1.5574 -0.1454 3.9129, 1.5269 -0.1466 3.9179, 1.7699 -0.0302 3.6911, 1.7647 -0.065 3.7176, 1.7294 -0.0784 3.8019, 1.6679 -0.0891 3.8699, 1.6427 -0.0919 3.8875, 1.6156 -0.0943 3.9023, 1.5871 -0.0961 3.914, 1.5574 -0.0975 3.9224, 1.5269 -0.0983 3.9275, 1.7717 -0.0278 3.6603, 1.7699 0.0 3.6923, 1.7647 -0.0326 3.7215, 1.7294 -0.0393 3.8065, 1.6679 -0.0447 3.8751, 1.6427 -0.0461 3.893, 1.6156 -0.0473 3.9079, 1.5871 -0.0482 3.9196, 1.5574 -0.0489 3.9282, 1.5269 -0.0493 3.9333, 1.7717 0.0827 3.6516, 1.7699 0.0899 3.6816, 1.7717 0.0555 3.6571, 1.7647 0.0 3.7227, 1.7294 0.0 3.808, 1.6679 0.0 3.8769, 1.6427 -0.0 3.8948, 1.6156 -0.0 3.9097, 1.5871 -0.0 3.9215, 1.5574 0.0 3.9301, 1.5269 0.0 3.9353, 1.7699 0.0603 3.6875, 1.7647 0.0326 3.7215, 1.7294 0.0393 3.8065, 1.6679 0.0447 3.8751, 1.6427 0.0461 3.893, 1.6156 0.0473 3.9079, 1.5871 0.0482 3.9196, 1.5574 0.0489 3.9282, 1.5269 0.0493 3.9333, 1.7699 0.1749 3.6503, 1.7717 0.1356 3.6344, 1.7717 0.1609 3.6228, 1.7717 0.1095 3.6441, 1.7699 0.119 3.6734, 1.7647 0.065 3.7176, 1.7294 0.0784 3.8019, 1.6679 0.0891 3.8699, 1.6427 0.0919 3.8875, 1.5871 0.0961 3.914, 1.6156 0.0943 3.9023, 1.5574 0.0975 3.9224, 1.5269 0.0983 3.9275, 1.7647 0.097 3.7113, 1.7294 0.1169 3.7942, 1.6679 0.133 3.8611, 1.6427 0.1372 3.8785, 1.6156 0.1407 3.8931, 1.5871 0.1434 3.9046, 1.5574 0.1454 3.9129, 1.5269 0.1466 3.9179, 1.7699 0.1474 3.663, 1.7647 0.1284 3.7024, 1.7294 0.1548 3.7835, 1.6679 0.1761 3.849, 1.6427 0.1816 3.866, 1.5871 0.1899 3.8915, 1.6156 0.1862 3.8802, 1.5574 0.1925 3.8996, 1.5269 0.1941 3.9045, 1.7717 0.2083 3.5937, 1.7699 0.2264 3.6187, 1.7717 0.1852 3.6092, 1.7699 0.2013 3.6355, 1.7647 0.1591 3.6911, 1.7294 0.1917 3.7699, 1.6679 0.2181 3.8335, 1.6427 0.2249 3.85, 1.6156 0.2306 3.8638, 1.5871 0.2351 3.8748, 1.5574 0.2384 3.8827, 1.5269 0.2404 3.8875, 1.7647 0.1887 3.6774, 1.7294 0.2274 3.7534, 1.6679 0.2587 3.8148, 1.6427 0.2668 3.8307, 1.6156 0.2736 3.844, 1.5871 0.279 3.8546, 1.5574 0.2828 3.8622, 1.5269 0.2852 3.8668, 1.7699 0.2929 3.5572, 1.7717 0.2506 3.5576, 1.7717 0.2694 3.5372, 1.7717 0.2301 3.5765, 1.7699 0.2502 3.6, 1.7647 0.2172 3.6615, 1.6679 0.2977 3.7929, 1.6427 0.3071 3.8082, 1.6156 0.3149 3.8209, 1.5871 0.3211 3.831, 1.5574 0.3255 3.8383, 1.5269 0.3282 3.8427, 1.7647 0.2443 3.6434, 1.6679 0.3349 3.7681, 1.6427 0.3454 3.7825, 1.6156 0.3542 3.7946, 1.5871 0.3612 3.8042, 1.5574 0.3662 3.8111, 1.5269 0.3692 3.8153, 1.7699 0.2724 3.5795, 1.7647 0.2699 3.6232, 1.7562 0.2892 3.6457, 1.6427 0.3817 3.754, 1.5871 0.3991 3.7743, 1.6156 0.3914 3.7653, 1.5574 0.4046 3.7808, 1.5269 0.408 3.7848, 1.7717 0.3021 3.4922, 1.7699 0.3284 3.5083, 1.7717 0.2867 3.5154, 1.7699 0.3116 3.5335, 1.7647 0.2939 3.601, 1.6909 0.3883 3.6954, 1.6156 0.4261 3.7332, 1.5871 0.4345 3.7416, 1.5574 0.4405 3.7476, 1.5269 0.4442 3.7513, 1.7647 0.3161 3.577, 1.7562 0.3387 3.5963, 1.7115 0.4001 3.6488, 1.6909 0.4176 3.6638, 1.6679 0.5077 3.5658, 1.6679 0.4858 3.6048, 1.6909 0.4683 3.594, 1.6156 0.4582 3.6985, 1.5871 0.4672 3.7061, 1.5574 0.4737 3.7117, 1.5269 0.4777 3.7151, 1.7717 0.3274 3.4427, 1.7699 0.3432 3.482, 1.7717 0.3157 3.4679, 1.7294 0.4053 3.6015, 1.7647 0.3363 3.5514, 1.7115 0.4257 3.6164, 1.6909 0.4443 3.6299, 1.6679 0.461 3.642, 1.5871 0.4971 3.6683, 1.5574 0.504 3.6733, 1.5269 0.5082 3.6763, 1.7647 0.3544 3.5243, 1.7294 0.4271 3.5688, 1.7115 0.4486 3.582, 1.5574 0.5312 3.6326, 1.5269 0.5356 3.6353, 1.7699 0.3559 3.4545, 1.7647 0.3704 3.4958, 1.7294 0.4464 3.5345, 1.7115 0.4688 3.546, 1.6909 0.4893 3.5564, 1.6156 0.5568 3.5377, 1.5574 0.5551 3.5899, 1.5269 0.5597 3.5923, 1.7294 0.4628 3.4988, 1.7115 0.4861 3.5084, 1.6909 0.5074 3.5173, 1.6679 0.5264 3.5251, 1.6427 0.5429 3.532, 1.5871 0.6069 3.4032, 1.5574 0.5756 3.5455, 1.5269 0.5804 3.5475, 1.7647 0.384 3.4661, 1.7562 0.4236 3.4447, 1.7444 0.4507 3.4535, 1.7647 0.3953 3.4355, 1.7294 0.4764 3.4619, 1.7115 0.5004 3.4697, 1.6909 0.5223 3.4768, 1.6679 0.5419 3.4832, 1.6427 0.5589 3.4887, 1.6156 0.5731 3.4933, 1.7562 0.433 3.4111, 1.7444 0.4608 3.4177, 1.7647 0.4042 3.4041, 1.7294 0.4871 3.424, 1.7115 0.5116 3.4299, 1.6909 0.534 3.4353, 1.6679 0.5541 3.4401, 1.6427 0.5714 3.4443, 1.6156 0.586 3.4478, 1.7562 0.444 3.342, 1.7562 0.4399 3.3768, 1.7444 0.4681 3.3812, 1.7294 0.4948 3.3855, 1.7115 0.5197 3.3894, 1.6909 0.5424 3.393, 1.6679 0.5628 3.3962, 1.6427 0.5804 3.399, 1.6156 0.5952 3.4014, 1.7444 0.4724 3.3443, 1.7294 0.4994 3.3464, 1.7115 0.5245 3.3484, 1.6909 0.5475 3.3502, 1.6679 0.568 3.3518, 1.6427 0.5859 3.3532, 1.6156 0.6008 3.3544, 1.5871 0.6126 3.3553, 1.5574 0.6211 3.356, 1.7562 0.4454 3.3071, 1.7444 0.4739 3.3071, 1.7294 0.501 3.3071, 1.7115 0.5262 3.3071, 1.6909 0.5492 3.3071, 1.6679 0.5698 3.3071, 1.6427 0.5877 3.3071, 1.6156 0.6026 3.3071, 1.5871 0.6145 3.3071, 1.5574 0.623 3.3071, 1.5269 0.6282 3.3071, 1.7656 0.4116 0.3543, 1.7717 0.3543 0.3543, 1.7701 0.3831 0.3543, 1.7347 0.4921 0.3543, 1.7478 0.4664 0.3543, 1.7582 0.4395 0.3543, 1.6804 0.5591 0.3543, 1.7008 0.5388 0.3543, 1.719 0.5163 0.3543, 1.6081 0.6061 0.3543, 1.6338 0.593 0.3543, 1.658 0.5773 0.3543, 1.5812 0.6164 0.3543, 1.5533 0.6239 0.3543, 1.5249 0.6284 0.3543, 1.6939 0.0478 0.1329, 1.7041 0.3393 0.1462, 1.6944 0.0239 0.1335, 1.6946 0.0 0.1338, 1.704 -0.3393 0.1461, 1.6931 0.0717 0.1318, 1.6903 0.3362 0.1284, 1.6931 -0.0717 0.1318, 1.6903 -0.3363 0.1284, 1.6919 -0.0955 0.1303, 1.6919 0.0955 0.1304, 1.6903 0.1193 0.1285, 1.6835 0.1902 0.1205, 1.6861 0.1667 0.1235, 1.6884 0.143 0.1262, 1.6884 -0.143 0.1261, 1.6903 -0.1193 0.1284, 1.6805 0.2137 0.1171, 1.6754 0.3329 0.1116, 1.694 -0.0478 0.1329, 1.6771 0.2371 0.1134, 1.6733 0.2604 0.1094, 1.6755 -0.333 0.1116, 1.6733 -0.2604 0.1093, 1.6771 -0.2371 0.1133, 1.6645 0.3065 0.1005, 1.6595 0.3294 0.0957, 1.6691 0.2835 0.1051, 1.7381 -0.3469 0.2039, 1.728 -0.3446 0.184, 1.7382 0.3469 0.204, 1.728 0.3446 0.184, 1.7166 -0.3421 0.1647, 1.7167 0.3421 0.1647, 1.7607 0.3518 0.2667, 1.7654 0.3529 0.2884, 1.7606 -0.3519 0.2667, 1.7545 0.3505 0.2454, 1.7545 -0.3505 0.2454, 1.747 -0.3488 0.2244, 1.7655 -0.3529 0.2883, 1.7689 0.3537 0.3102, 1.7689 -0.3537 0.3102, 1.771 -0.3542 0.3322, 1.7709 0.3542 0.3322, 1.747 0.3488 0.2245, 1.6691 -0.2835 0.1051, 1.6645 -0.3065 0.1005, 1.6595 -0.3294 0.0957, 1.6805 -0.2137 0.117, 1.6861 -0.1667 0.1235, 1.6835 -0.1902 0.1204, 1.6945 -0.0239 0.1335, 1.5663 0.0461 -0.2119, 1.5684 0.0413 -0.2024, 1.5706 0.0284 -0.2424, 1.6668 0.098 0.0974, 1.5699 0.0306 -0.2476, 1.5692 0.0327 -0.2529, 1.5495 0.1401 -0.1304, 1.5583 0.1434 -0.1039, 1.5531 0.1211 -0.1413, 1.5685 0.0347 -0.2581, 1.5677 0.0366 -0.2634, 1.564 0.0507 -0.2221, 1.5522 0.0806 -0.218, 1.5511 0.1001 -0.1795, 1.5559 0.0765 -0.2058, 1.5662 0.0402 -0.2741, 1.5615 0.0549 -0.2331, 1.567 0.0384 -0.2688, 1.5563 0.0627 -0.2564, 1.5589 0.0589 -0.2445, 1.5646 0.0436 -0.2848, 1.5638 0.0452 -0.2902, 1.5654 0.0419 -0.2794, 1.5538 0.0654 -0.2706, 1.5621 0.0483 -0.301, 1.5612 0.0499 -0.3066, 1.563 0.0468 -0.2956, 1.5468 0.1197 -0.1645, 1.5549 0.1616 -0.0972, 1.5666 0.1668 -0.0676, 1.5627 0.1839 -0.0651, 1.5779 0.1911 -0.0327, 1.5854 0.1132 -0.054, 1.5808 0.0863 -0.082, 1.5757 0.095 -0.0927, 1.573 0.2069 -0.0342, 1.5922 0.216 0.0004, 1.5974 0.0914 -0.0325, 1.5916 0.1029 -0.0428, 1.6056 0.1201 -0.0049, 1.6657 0.1737 0.0987, 1.644 0.2063 0.0728, 1.6326 0.2197 0.0592, 1.6546 0.2426 0.0884, 1.6755 0.1543 0.1106, 1.6598 0.1191 0.0883, 1.6517 0.1383 0.0778, 1.6428 0.1557 0.0662, 1.6241 0.0756 0.0241, 1.6187 0.0919 0.0156, 1.6377 0.1054 0.0529, 1.644 0.0868 0.0617, 1.5862 0.0336 -0.0907, 1.5802 0.0176 -0.1284, 1.5788 0.0261 -0.1325, 1.6111 0.0496 -0.0085, 1.6073 0.0647 -0.0151, 1.588 0.0227 -0.0863, 1.5892 0.0115 -0.0836, 1.581 0.0089 -0.1259, 1.5748 0.0 -0.2094, 1.5762 0.0064 -0.1682, 1.5763 0.0 -0.1682, 1.6726 0.0753 0.105, 1.677 0.051 0.1106, 1.6796 0.0258 0.1141, 1.6702 0.0 0.1006, 1.6333 0.1711 0.0539, 1.6234 0.1848 0.041, 1.6672 0.2277 0.1023, 1.6551 0.191 0.086, 1.621 0.2313 0.0454, 1.6419 0.2556 0.0743, 1.629 0.2669 0.0602, 1.6093 0.2414 0.0314, 1.6183 0.2795 0.0492, 1.6509 0.2923 0.0865, 1.6379 0.3044 0.0734, 1.6009 0.2549 0.0231, 1.5858 0.2307 -0.0048, 1.5693 0.0553 -0.1621, 1.5693 0.0777 -0.1322, 1.5734 0.0704 -0.1219, 1.6027 0.2071 0.0141, 1.6227 0.1378 0.0316, 1.6143 0.1514 0.0196, 1.6132 0.1967 0.0277, 1.6306 0.1225 0.0428, 1.6055 0.1635 0.0071, 1.5965 0.1741 -0.0059, 1.5872 0.1832 -0.0192, 1.6124 0.1068 0.0059, 1.6491 0.0666 0.069, 1.653 0.0452 0.0744, 1.6554 0.0228 0.0777, 1.5827 0.1519 -0.0413, 1.5906 0.1426 -0.0287, 1.5747 0.1599 -0.0543, 1.5983 0.1321 -0.0164, 1.5993 0.0281 -0.0445, 1.597 0.0415 -0.0492, 1.6286 0.0581 0.031, 1.6319 0.0394 0.0362, 1.634 0.0199 0.0394, 1.6484 0.0 0.0658, 1.5721 0.1304 -0.0782, 1.5788 0.1223 -0.0659, 1.5652 0.1373 -0.0909, 1.6027 0.0786 -0.0232, 1.5938 0.0541 -0.0554, 1.59 0.0658 -0.0631, 1.614 0.0337 -0.0036, 1.6157 0.017 -0.0006, 1.6292 0.0 0.0294, 1.5703 0.1028 -0.1042, 1.5647 0.1097 -0.1162, 1.5589 0.1158 -0.1286, 1.5773 0.0623 -0.1124, 1.5807 0.0535 -0.1039, 1.5748 0.0417 -0.145, 1.5857 0.0765 -0.072, 1.6008 0.0142 -0.0417, 1.6128 0.0 -0.0083, 1.5992 0.0 -0.0472, 1.5465 0.1004 -0.1994, 1.565 0.0843 -0.1433, 1.5605 0.0902 -0.1549, 1.5558 0.0955 -0.167, 1.5837 0.0439 -0.0966, 1.5886 0.0 -0.0869, 1.5489 0.0822 -0.2348, 1.5594 0.0719 -0.194, 1.5629 0.0669 -0.1827, 1.5662 0.0614 -0.1721, 1.5721 0.0307 -0.1861, 1.5726 0.0207 -0.2272, 1.5704 0.0362 -0.1937, 1.5722 0.0488 -0.153, 1.577 0.0341 -0.1381, 1.5809 0.0 -0.1274, 1.5736 0.025 -0.1796, 1.5748 0.019 -0.1744, 1.5757 0.0128 -0.1705, 1.5713 0.026 -0.2372, 1.572 0.0235 -0.2321, 1.5732 0.0177 -0.2224, 1.5738 0.0142 -0.218, 1.5743 0.0102 -0.2138, 1.5746 0.0054 -0.211, 1.5048 0.1621 -0.189, 1.5075 0.1844 -0.1519, 1.5139 0.1641 -0.1733, 1.5371 0.3575 0.0151, 1.5275 0.3243 -0.0083, 1.516 0.3561 0.0063, 1.555 0.0592 -0.3396, 1.5528 0.0621 -0.3494, 1.5412 0.0773 -0.3241, 1.4726 0.1761 -0.1873, 1.4632 0.1861 -0.1718, 1.4722 0.1997 -0.151, 1.4733 0.1554 -0.2254, 1.4647 0.1659 -0.2057, 1.547 0.0685 -0.3711, 1.5499 0.0654 -0.3605, 1.4757 0.1235 -0.305, 1.4773 0.1124 -0.3458, 1.4686 0.1207 -0.3149, 1.4744 0.1378 -0.2647, 1.4661 0.1482 -0.241, 1.5041 0.1018 -0.3608, 1.4926 0.1123 -0.3319, 1.5001 0.112 -0.3205, 1.4673 0.1331 -0.2774, 1.4909 0.0989 -0.4217, 1.4792 0.1045 -0.3868, 1.4876 0.1041 -0.3811, 1.4716 0.0997 -0.4311, 1.4813 0.0998 -0.4275, 1.4833 0.0982 -0.4678, 1.5124 0.1437 -0.2112, 1.5211 0.1256 -0.2309, 1.5129 0.1257 -0.25, 1.4932 0.097 -0.4627, 1.5212 0.1446 -0.1926, 1.5295 0.1251 -0.2093, 1.4723 0.0983 -0.4705, 1.5382 0.1241 -0.1854, 1.5388 0.1047 -0.223, 1.5119 0.209 -0.1165, 1.5177 0.1869 -0.1366, 1.535 0.0911 -0.2859, 1.5276 0.0945 -0.3086, 1.5232 0.1089 -0.2697, 1.542 0.0872 -0.2607, 1.531 0.107 -0.2475, 1.5478 0.0716 -0.2983, 1.5012 0.2061 -0.1289, 1.4981 0.1818 -0.1646, 1.5181 0.2357 -0.083, 1.5235 0.2118 -0.1016, 1.5592 0.0532 -0.3182, 1.4982 0.259 -0.073, 1.5117 0.2616 -0.0636, 1.5058 0.2328 -0.0951, 1.5033 0.2899 -0.0438, 1.519 0.2922 -0.0346, 1.4942 0.2302 -0.1047, 1.4912 0.2036 -0.1388, 1.4816 0.2014 -0.1462, 1.4831 0.2279 -0.1119, 1.4852 0.2568 -0.08, 1.5092 0.3223 -0.0173, 1.488 0.2877 -0.0506, 1.4998 0.3897 0.0205, 1.4954 0.3546 -0.0003, 1.5476 0.3915 0.0357, 1.5236 0.3908 0.027, 1.607 0.3866 0.0638, 1.6225 0.3741 0.0708, 1.6047 0.3587 0.0548, 1.5588 0.3586 0.0262, 1.5722 0.3916 0.0465, 1.5813 0.3591 0.0395, 1.6365 0.3603 0.0785, 1.572 0.4068 0.0518, 1.5529 0.4142 0.0468, 1.6315 0.3265 0.0695, 1.6488 0.3453 0.0868, 1.533 0.4197 0.0425, 1.4914 0.3205 -0.024, 1.5125 0.4232 0.0388, 1.4959 0.1032 -0.3725, 1.5093 0.0946 -0.401, 1.4707 0.4241 0.0333, 1.4917 0.4246 0.0357, 1.476 0.3884 0.0162, 1.4533 0.3524 -0.006, 1.4516 0.3864 0.014, 1.4746 0.353 -0.0046, 1.4551 0.32 -0.0284, 1.4736 0.3188 -0.0284, 1.5901 0.3976 0.0575, 1.4727 0.2859 -0.0552, 1.4568 0.2892 -0.0531, 1.5465 0.3261 0.003, 1.5664 0.3275 0.0165, 1.5872 0.3282 0.0322, 1.609 0.328 0.0499, 1.4722 0.255 -0.0846, 1.4585 0.2603 -0.0799, 1.5355 0.2946 -0.023, 1.553 0.2967 -0.0092, 1.5909 0.299 0.0248, 1.5714 0.2983 0.0068, 1.5575 0.2691 -0.0213, 1.6112 0.2988 0.0449, 1.4601 0.2334 -0.1088, 1.472 0.2261 -0.1167, 1.5412 0.267 -0.0376, 1.5748 0.2706 -0.0028, 1.526 0.2644 -0.0518, 1.5457 0.241 -0.0517, 1.593 0.2712 0.0177, 1.4617 0.2086 -0.1394, 1.5314 0.2385 -0.0685, 1.561 0.2429 -0.0328, 1.536 0.2143 -0.0844, 1.5771 0.2441 -0.0118, 1.5404 0.0747 -0.3914, 1.5341 0.0825 -0.3474, 1.544 0.0715 -0.3809, 1.5495 0.2163 -0.065, 1.5287 0.1892 -0.119, 1.5638 0.2177 -0.0435, 1.4893 0.1795 -0.1748, 1.4809 0.1776 -0.1824, 1.5406 0.191 -0.099, 1.5532 0.1923 -0.077, 1.4885 0.1582 -0.2125, 1.4964 0.1601 -0.2021, 1.4809 0.1566 -0.2203, 1.5238 0.1659 -0.1551, 1.5343 0.1672 -0.1347, 1.5454 0.1681 -0.112, 1.4962 0.1411 -0.2408, 1.4888 0.1399 -0.2515, 1.4816 0.1387 -0.2595, 1.504 0.1425 -0.2273, 1.5306 0.1452 -0.1715, 1.5404 0.1453 -0.1483, 1.4975 0.1251 -0.2804, 1.4901 0.1246 -0.2914, 1.4829 0.124 -0.2996, 1.505 0.1255 -0.2666, 1.5571 0.0563 -0.3292, 1.4697 0.1109 -0.3531, 1.485 0.1125 -0.3403, 1.5078 0.1113 -0.3063, 1.5154 0.1103 -0.2893, 1.4707 0.1039 -0.3919, 1.5263 0.0872 -0.3681, 1.5365 0.0779 -0.4016, 1.5324 0.0809 -0.4111, 1.5121 0.0999 -0.3463, 1.52 0.0974 -0.3288, 1.5002 0.0972 -0.4129, 1.5224 0.087 -0.4303, 1.518 0.0913 -0.386, 1.5274 0.0841 -0.4213, 1.502 0.095 -0.456, 1.5096 0.0926 -0.4481, 1.5163 0.09 -0.4396, 1.5064 0.5565 0.1403, 1.7669 0.3767 0.3032, 1.7624 0.4056 0.2998, 1.7694 0.3812 0.3284, 1.5026 0.5408 0.1211, 1.5099 0.5708 0.1606, 1.4944 0.5061 0.0866, 1.4986 0.524 0.1032, 1.49 0.4872 0.0714, 1.513 0.4706 0.0636, 1.5179 0.4905 0.0782, 1.4854 0.4674 0.0576, 1.4806 0.4468 0.0453, 1.5131 0.5838 0.1821, 1.5159 0.5953 0.2046, 1.6051 0.5841 0.2368, 1.6355 0.577 0.2626, 1.6322 0.5676 0.2338, 1.5184 0.6052 0.228, 1.5222 0.62 0.2771, 1.5205 0.6134 0.2522, 1.5532 0.6228 0.3267, 1.5825 0.6147 0.3253, 1.5242 0.6275 0.3284, 1.5234 0.6247 0.3026, 1.6014 0.5732 0.2099, 1.5973 0.5603 0.1845, 1.5703 0.5752 0.1898, 1.5662 0.5614 0.1662, 1.5926 0.5457 0.1607, 1.6281 0.5561 0.2065, 1.5739 0.5871 0.2147, 1.7287 0.4326 0.2147, 1.708 0.4456 0.1863, 1.7144 0.4607 0.2098, 1.6481 0.5215 0.1793, 1.6764 0.5129 0.2047, 1.6707 0.4981 0.1796, 1.7247 0.4842 0.2633, 1.7022 0.5005 0.233, 1.7066 0.5109 0.2615, 1.6813 0.5255 0.2319, 1.7568 0.4396 0.3253, 1.7453 0.4686 0.3241, 1.6533 0.5358 0.2048, 1.7648 0.4102 0.3268, 1.543 0.5868 0.1965, 1.5316 0.5444 0.131, 1.5618 0.5461 0.1441, 1.5571 0.5295 0.1236, 1.546 0.5978 0.2208, 1.6182 0.5269 0.1572, 1.6423 0.5054 0.1558, 1.6126 0.5098 0.1354, 1.5357 0.56 0.1515, 1.6163 0.4275 0.0837, 1.623 0.4485 0.0984, 1.6437 0.4236 0.1019, 1.6297 0.4686 0.1154, 1.6006 0.4718 0.0978, 1.6067 0.4914 0.1156, 1.5523 0.6196 0.2993, 1.5507 0.6143 0.2724, 1.5486 0.607 0.2462, 1.5395 0.5741 0.1734, 1.5273 0.5275 0.1119, 1.5227 0.5095 0.0943, 1.5363 0.4517 0.0583, 1.508 0.4498 0.0506, 1.6115 0.6031 0.3241, 1.5814 0.6111 0.2965, 1.5795 0.6053 0.2683, 1.577 0.5972 0.241, 1.5823 0.5117 0.1184, 1.5876 0.5294 0.1386, 1.547 0.4925 0.0876, 1.5417 0.4725 0.0721, 1.5522 0.5115 0.1048, 1.5308 0.4302 0.0463, 1.6395 0.5879 0.3232, 1.6101 0.5992 0.2942, 1.608 0.5928 0.265, 1.6578 0.548 0.2322, 1.5943 0.4512 0.0821, 1.571 0.4729 0.0834, 1.5768 0.4929 0.1, 1.5652 0.4522 0.0687, 1.5593 0.4307 0.0559, 1.666 0.5693 0.3227, 1.638 0.5838 0.2925, 1.72 0.4737 0.2356, 1.7395 0.4561 0.2661, 1.6234 0.5424 0.1809, 1.588 0.4298 0.0683, 1.6903 0.5477 0.3225, 1.6643 0.565 0.2914, 1.6615 0.5578 0.2611, 1.6362 0.4877 0.1345, 1.6644 0.4815 0.1567, 1.6364 0.4023 0.0883, 1.6094 0.4058 0.071, 1.7119 0.5233 0.3227, 1.6884 0.5431 0.2911, 1.6854 0.5356 0.2608, 1.6969 0.4876 0.2064, 1.6578 0.4634 0.1361, 1.6508 0.444 0.1179, 1.6543 0.3762 0.0959, 1.662 0.3974 0.1083, 1.6776 0.3706 0.1173, 1.6291 0.3805 0.0769, 1.7303 0.4967 0.3232, 1.7098 0.5186 0.2915, 1.7282 0.492 0.2927, 1.6908 0.4726 0.182, 1.6841 0.4558 0.1599, 1.677 0.4374 0.1402, 1.6696 0.4179 0.123, 1.7009 0.4287 0.1652, 1.6934 0.4103 0.1467, 1.6856 0.3909 0.1307, 1.6696 0.3497 0.1063, 1.7431 0.4638 0.2945, 1.7346 0.4455 0.2393, 1.722 0.4176 0.1923, 1.7146 0.4008 0.1725, 1.7251 0.3728 0.1816, 1.7068 0.3827 0.1553, 1.6987 0.3635 0.1407, 1.7507 0.4271 0.2697, 1.7545 0.4348 0.2969, 1.7457 0.4167 0.2443, 1.7396 0.404 0.2209, 1.7327 0.3892 0.2, 1.7472 0.3755 0.2284, 1.717 0.3551 0.1658, 1.7586 0.3981 0.2741, 1.7534 0.3879 0.2502, 1.7401 0.3611 0.2089, 1.7631 0.3694 0.2792, 1.2243 0.1616 -0.1174, 1.1899 0.1717 -0.0942, 1.1958 0.1837 -0.0897, 1.1897 0.3526 0.0039, 1.1677 0.334 -0.0029, 1.144 0.3675 0.0113, 1.2715 0.1084 -0.1897, 1.2448 0.1242 -0.1563, 1.2737 0.1152 -0.1859, 1.216 0.1418 -0.1256, 1.2195 0.151 -0.1219, 1.2475 0.1321 -0.1526, 1.2978 0.1004 -0.2215, 1.2961 0.0945 -0.2254, 1.2419 0.1131 -0.1608, 1.2696 0.0992 -0.1944, 1.2411 0.1102 -0.1615, 1.2946 0.0869 -0.2302, 1.317 0.0761 -0.268, 1.2877 0.0884 -0.2209, 1.2654 0.0989 -0.1902, 1.3262 0.0704 -0.287, 1.3363 0.0671 -0.3073, 1.3558 0.07 -0.338, 1.339 0.0778 -0.298, 1.358 0.0749 -0.3329, 1.3421 0.0629 -0.3222, 1.3527 0.0598 -0.3476, 1.3723 0.069 -0.3735, 1.3842 0.0656 -0.4142, 1.37 0.0645 -0.3786, 1.366 0.0542 -0.3885, 1.3558 0.0565 -0.3586, 1.3764 0.0503 -0.4296, 1.3778 0.0535 -0.4273, 1.3838 0.0479 -0.4705, 1.391 0.0519 -0.5084, 1.3884 0.0472 -0.5108, 1.3795 0.0572 -0.4239, 1.367 0.057 -0.3863, 1.3683 0.0604 -0.383, 1.394 0.0566 -0.5048, 1.3858 0.0519 -0.4682, 1.3881 0.056 -0.4646, 1.3953 0.0558 -0.5466, 1.3925 0.0515 -0.5489, 1.2816 0.1323 -0.1758, 1.277 0.1233 -0.1812, 1.2515 0.1414 -0.148, 1.3898 0.0468 -0.5504, 1.1538 0.1816 -0.0732, 1.1592 0.1939 -0.0697, 1.386 0.0424 -0.5119, 1.3872 0.0418 -0.5512, 1.2035 0.1969 -0.0845, 1.1663 0.2075 -0.0653, 1.1752 0.2223 -0.0601, 1.1211 0.2034 -0.052, 1.1276 0.2174 -0.0485, 1.136 0.2327 -0.0441, 1.0955 0.2419 -0.0308, 1.1053 0.259 -0.0264, 1.0877 0.2261 -0.0342, 1.174 0.2838 -0.027, 1.1996 0.2538 -0.0481, 1.159 0.2663 -0.0333, 1.054 0.2494 -0.0199, 1.0632 0.2671 -0.0165, 1.088 0.3059 -0.0072, 1.1172 0.2771 -0.0214, 1.0745 0.286 -0.0122, 1.273 0.1744 -0.1304, 1.2838 0.1862 -0.1239, 1.3049 0.1629 -0.157, 1.2153 0.2699 -0.0415, 1.2388 0.24 -0.0659, 1.3161 0.1735 -0.1503, 1.2965 0.198 -0.1172, 1.329 0.1837 -0.1438, 1.3733 0.1774 -0.1673, 1.3589 0.1694 -0.173, 1.3437 0.1934 -0.1375, 1.3858 0.1555 -0.2047, 1.4094 0.1424 -0.2387, 1.3973 0.1369 -0.2437, 1.4298 0.1303 -0.2746, 1.4185 0.1263 -0.2788, 1.1315 0.2959 -0.0157, 1.4628 0.1034 -0.3919, 1.4511 0.1092 -0.3533, 1.4602 0.1108 -0.351, 1.4649 0.0992 -0.4323, 1.4467 0.1196 -0.3122, 1.4364 0.117 -0.3154, 1.2144 0.3704 0.0106, 1.1226 0.347 0.0047, 1.2417 0.3871 0.0172, 1.3161 0.3774 0.0111, 1.2865 0.3649 0.0056, 1.3288 0.3402 -0.0101, 1.3809 0.3964 0.0197, 1.3477 0.388 0.0159, 1.104 0.3263 -0.0015, 1.059 0.3352 0.0036, 1.4153 0.4024 0.0224, 0.9328 0.2778 -0.0009, 0.9237 0.2589 -0.0014, 0.9871 0.2971 -0.0015, 1.1483 0.315 -0.0094, 1.0768 0.3573 0.0093, 1.0439 0.3136 -0.0014, 1.0311 0.2928 -0.0057, 1.0204 0.2732 -0.009, 1.1466 0.1624 -0.0774, 1.1801 0.1448 -0.1021, 1.158 0.1492 -0.0875, 0.9993 0.3186 0.0019, 1.0116 0.2551 -0.0115, 0.9682 0.2584 -0.0053, 0.9769 0.2769 -0.0039, 0.9429 0.2986 0.0005, 0.9592 0.2423 -0.0056, 0.9942 0.2259 -0.0126, 1.0041 0.2387 -0.0129, 1.0402 0.2191 -0.0238, 1.0288 0.2097 -0.0223, 1.0763 0.1997 -0.0382, 1.0626 0.1939 -0.0348, 1.0465 0.2334 -0.0224, 1.1119 0.1807 -0.056, 1.0955 0.1785 -0.0498, 1.0814 0.212 -0.0367, 1.1856 0.161 -0.0978, 1.1273 0.1635 -0.0674, 1.116 0.1911 -0.0545, 1.1863 0.2378 -0.0543, 1.1464 0.2491 -0.039, 1.1915 0.3013 -0.0205, 1.2115 0.3185 -0.0137, 1.2591 0.3507 -0.0005, 1.2341 0.3351 -0.007, 1.1498 0.171 -0.0758, 1.255 0.2544 -0.0592, 1.2761 0.2251 -0.0867, 1.2334 0.2857 -0.0348, 1.2249 0.2254 -0.0724, 1.2538 0.301 -0.0281, 1.2766 0.3154 -0.0216, 1.3017 0.3285 -0.0155, 1.3578 0.35 -0.0054, 1.3883 0.3578 -0.0016, 1.4201 0.3633 0.0011, 1.1872 0.1355 -0.1099, 1.212 0.1284 -0.13, 1.1824 0.152 -0.1004, 1.2494 0.1988 -0.1, 1.2131 0.2109 -0.0787, 1.2617 0.212 -0.0934, 1.2734 0.2684 -0.0525, 1.294 0.2816 -0.0461, 1.3167 0.2937 -0.0401, 1.3414 0.3045 -0.0346, 1.3539 0.2707 -0.0624, 1.3958 0.3207 -0.0262, 1.4248 0.3258 -0.0236, 1.3679 0.3135 -0.03, 1.215 0.1225 -0.1346, 1.2136 0.1341 -0.1283, 1.2391 0.1858 -0.1063, 1.2641 0.1628 -0.1368, 1.2308 0.1733 -0.1121, 1.346 0.1608 -0.1792, 1.2926 0.2378 -0.0801, 1.3111 0.2498 -0.0737, 1.3316 0.2609 -0.0677, 1.3779 0.279 -0.0578, 1.3661 0.2392 -0.0931, 1.4032 0.2856 -0.0541, 1.4295 0.2902 -0.0515, 1.3412 0.0832 -0.293, 1.3196 0.0879 -0.259, 1.243 0.1178 -0.1591, 1.257 0.1517 -0.1426, 1.3346 0.1517 -0.1857, 1.3248 0.1424 -0.1924, 1.3461 0.2303 -0.0984, 1.3277 0.2203 -0.1043, 1.3112 0.2094 -0.1106, 1.3876 0.2467 -0.0886, 1.3778 0.2104 -0.1264, 1.4104 0.2527 -0.0849, 1.4342 0.257 -0.0824, 1.3045 0.1154 -0.2113, 1.3301 0.1086 -0.2426, 1.3254 0.101 -0.2486, 1.2703 0.103 -0.1926, 1.3165 0.1331 -0.1989, 1.3098 0.124 -0.2053, 1.2877 0.1421 -0.1699, 1.2955 0.1524 -0.1635, 1.36 0.2024 -0.1317, 1.397 0.2172 -0.122, 1.3891 0.1845 -0.1621, 1.4174 0.2225 -0.1184, 1.4386 0.2264 -0.1159, 1.308 0.0789 -0.2532, 1.3443 0.0893 -0.2874, 1.3484 0.096 -0.2813, 1.2951 0.09 -0.2284, 1.3005 0.1075 -0.2167, 1.3518 0.1329 -0.223, 1.3432 0.1248 -0.2296, 1.3731 0.1485 -0.2104, 1.406 0.1905 -0.1577, 1.3996 0.1618 -0.1997, 1.4429 0.1987 -0.1517, 1.4241 0.1953 -0.1542, 1.3181 0.0828 -0.263, 1.3173 0.0788 -0.2661, 1.322 0.0941 -0.2541, 1.3359 0.1166 -0.2362, 1.36 0.1101 -0.2684, 1.3536 0.103 -0.2749, 1.3618 0.1409 -0.2166, 1.3863 0.1308 -0.2493, 1.3763 0.1242 -0.2554, 1.4146 0.1671 -0.1954, 1.4469 0.1743 -0.1895, 1.4304 0.1713 -0.1919, 1.3376 0.0732 -0.3021, 1.3368 0.0696 -0.3053, 1.3789 0.0792 -0.3615, 1.3647 0.0862 -0.3211, 1.3833 0.0845 -0.3551, 1.3886 0.0899 -0.3485, 1.3752 0.0985 -0.3081, 1.3946 0.0952 -0.342, 1.3676 0.1172 -0.2618, 1.3896 0.1107 -0.2952, 1.3819 0.1047 -0.3016, 1.4417 0.1334 -0.2714, 1.4225 0.147 -0.2345, 1.4363 0.1506 -0.2311, 1.4507 0.1532 -0.2287, 1.3543 0.0657 -0.3422, 1.3534 0.0623 -0.3455, 1.391 0.0748 -0.4021, 1.3753 0.074 -0.3677, 1.3609 0.0803 -0.3273, 1.3695 0.0923 -0.3147, 1.3983 0.1164 -0.2892, 1.4175 0.1097 -0.3243, 1.4091 0.1052 -0.3298, 1.4079 0.1216 -0.2837, 1.4542 0.1356 -0.269, 1.367 0.0512 -0.3959, 1.4002 0.0843 -0.3891, 1.4014 0.1004 -0.3357, 1.4119 0.0932 -0.3763, 1.4266 0.1136 -0.3195, 1.4423 0.1071 -0.3564, 1.4339 0.1043 -0.3604, 1.4574 0.1215 -0.3099, 1.3758 0.0471 -0.434, 1.3937 0.0645 -0.4547, 1.3816 0.0612 -0.4194, 1.4009 0.0731 -0.4425, 1.3873 0.0701 -0.4084, 1.41 0.0814 -0.4294, 1.3953 0.0796 -0.3956, 1.4208 0.0891 -0.4168, 1.4057 0.0888 -0.3826, 1.4186 0.0973 -0.3705, 1.4403 0.0982 -0.4011, 1.426 0.101 -0.3651, 1.3822 0.0441 -0.4728, 1.3907 0.0602 -0.4601, 1.4008 0.0655 -0.4947, 1.3971 0.0688 -0.4488, 1.4088 0.0738 -0.4823, 1.4052 0.0773 -0.436, 1.418 0.0813 -0.4692, 1.4152 0.0854 -0.423, 1.4283 0.0877 -0.4567, 1.4269 0.0925 -0.411, 1.4334 0.0955 -0.4057, 1.4397 0.093 -0.4457, 1.4475 0.1004 -0.3972, 1.455 0.1022 -0.3941, 1.3973 0.0611 -0.5001, 1.4039 0.0666 -0.5362, 1.401 0.0633 -0.54, 1.4098 0.0725 -0.5282, 1.4047 0.0697 -0.4887, 1.4127 0.0751 -0.5241, 1.422 0.082 -0.5114, 1.4188 0.0798 -0.5157, 1.4133 0.0776 -0.4758, 1.432 0.0879 -0.4986, 1.4286 0.086 -0.5028, 1.423 0.0846 -0.4628, 1.4339 0.0905 -0.4509, 1.4433 0.0927 -0.4865, 1.4393 0.0912 -0.4904, 1.4458 0.0951 -0.4412, 1.452 0.0969 -0.4374, 1.4584 0.0982 -0.4344, 1.4668 0.0979 -0.4718, 1.3981 0.0597 -0.5434, 1.4068 0.0697 -0.5323, 1.4157 0.0775 -0.52, 1.4252 0.0841 -0.5071, 1.4356 0.0896 -0.4945, 1.4474 0.0941 -0.4828, 1.4518 0.0953 -0.4794, 1.4565 0.0964 -0.4764, 1.4614 0.0973 -0.4737, 1.3512 -0.0279 -0.3722, 1.366 -0.0332 -0.4159, 1.3535 -0.0369 -0.3722, 1.3774 0.0378 -0.4605, 1.3827 0.0358 -0.5057, 1.3803 0.0289 -0.5057, 1.3844 0.0351 -0.5512, 1.3481 0.0 -0.3722, 1.3611 0.0 -0.4159, 1.3614 -0.0084 -0.4159, 1.3782 0.0072 -0.5512, 1.3763 0.0073 -0.5057, 1.3771 0.0146 -0.5057, 1.3785 0.0218 -0.5057, 1.379 0.0143 -0.5512, 1.3638 -0.0251 -0.4159, 1.3495 -0.0187 -0.3722, 1.3315 0.0 -0.3298, 1.312 0.012 -0.2888, 1.3319 0.0106 -0.3298, 1.3558 -0.0565 -0.3586, 1.3411 -0.0517 -0.3298, 1.3565 -0.0458 -0.3722, 1.367 -0.0512 -0.3959, 1.3687 -0.0412 -0.4159, 1.3377 -0.0417 -0.3298, 1.3758 -0.0471 -0.434, 1.3822 -0.0441 -0.4728, 1.3774 -0.0378 -0.4605, 1.3785 -0.0218 -0.5057, 1.3821 -0.0283 -0.5512, 1.3803 -0.0289 -0.5057, 1.3827 -0.0358 -0.5057, 1.3844 -0.0351 -0.5512, 1.3803 -0.0214 -0.5512, 1.3872 -0.0418 -0.5512, 1.386 -0.0424 -0.5119, 1.3749 0.0305 -0.4605, 1.335 -0.0315 -0.3298, 1.3421 -0.0629 -0.3222, 1.2669 -0.0466 -0.2126, 1.264 -0.0312 -0.2126, 1.2927 -0.0409 -0.2497, 1.3224 -0.0589 -0.2888, 1.3262 -0.0704 -0.287, 1.3006 -0.0672 -0.2497, 1.308 -0.0789 -0.2532, 1.2877 -0.0884 -0.2209, 1.2759 -0.0766 -0.2126, 1.2653 -0.0989 -0.1902, 1.2411 -0.1102 -0.1614, 1.2484 -0.0872 -0.1779, 1.215 -0.1225 -0.1346, 1.2183 -0.0987 -0.1457, 1.1292 -0.0254 -0.0897, 1.0901 -0.0282 -0.0664, 1.0891 0.0 -0.0664, 1.1872 -0.1355 -0.1099, 1.1858 -0.1111 -0.1162, 1.1146 -0.1383 -0.0664, 1.1055 -0.1115 -0.0664, 1.1512 -0.1243 -0.0897, 1.0493 -0.0312 -0.0464, 1.0057 0.0 -0.0299, 1.0482 0.0 -0.0464, 0.9634 -0.0375 -0.0169, 1.007 -0.0343 -0.0299, 1.0107 -0.0685 -0.0299, 0.9634 0.0375 -0.0169, 1.007 0.0343 -0.0299, 1.0527 -0.0623 -0.0464, 1.0984 -0.0842 -0.0664, 1.0584 -0.0931 -0.0464, 0.9839 0.1481 -0.0169, 0.9744 0.1118 -0.0169, 0.9412 0.1609 -0.0075, 0.9621 0.0 -0.0169, 0.9308 0.1215 -0.0075, 0.8867 0.1313 -0.0019, 0.8979 0.174 -0.0019, 0.9676 0.0749 -0.0169, 0.9234 0.0813 -0.0075, 0.9121 0.2157 -0.0019, 1.0663 -0.1233 -0.0464, 1.158 -0.1492 -0.0875, 1.0955 -0.1784 -0.0498, 1.1273 -0.1635 -0.0674, 1.0764 -0.1529 -0.0464, 1.0626 -0.1939 -0.0348, 1.0288 -0.2097 -0.0223, 1.0368 -0.168 -0.0299, 0.996 -0.1836 -0.0169, 0.9543 -0.1995 -0.0075, 0.9942 -0.2259 -0.0126, 1.0257 -0.1355 -0.0299, 0.9592 -0.2423 -0.0056, 0.9121 -0.2157 -0.0019, 0.9237 -0.2589 -0.0014, 1.3638 0.0251 -0.4159, 1.3623 0.0168 -0.4159, 1.3512 0.0279 -0.3722, 1.3749 -0.0305 -0.4605, 1.3185 -0.0475 -0.2888, 1.2962 -0.0542 -0.2497, 1.2708 -0.0618 -0.2126, 1.2426 -0.0703 -0.1779, 1.2118 -0.0796 -0.1457, 1.1785 -0.0896 -0.1162, 1.143 -0.1002 -0.0897, 0.9839 -0.1481 -0.0169, 0.9412 -0.1609 -0.0075, 0.8979 -0.1739 -0.0019, 1.3771 -0.0146 -0.5057, 1.379 -0.0143 -0.5512, 1.373 -0.023 -0.4605, 1.3484 -0.0094 -0.3722, 1.3623 -0.0168 -0.4159, 1.3155 -0.0358 -0.2888, 1.2381 -0.053 -0.1779, 1.2067 -0.06 -0.1457, 1.1727 -0.0676 -0.1162, 1.1366 -0.0757 -0.0897, 0.9744 -0.1118 -0.0169, 1.017 -0.1023 -0.0299, 0.9308 -0.1215 -0.0075, 0.8867 -0.1313 -0.0019, 1.3763 -0.0073 -0.5057, 1.3782 -0.0072 -0.5512, 1.3716 -0.0154 -0.4605, 1.3331 -0.0211 -0.3298, 1.3133 -0.024 -0.2888, 1.2902 -0.0274 -0.2497, 1.2008 -0.0202 -0.1457, 1.1653 0.0 -0.1162, 1.2001 0.0 -0.1457, 1.2349 -0.0355 -0.1779, 1.203 -0.0402 -0.1457, 1.1686 -0.0453 -0.1162, 1.1319 -0.0507 -0.0897, 1.0932 -0.0564 -0.0664, 0.9675 -0.0748 -0.0169, 0.9234 -0.0813 -0.0075, 0.8787 -0.0879 -0.0019, 1.3761 0.0 -0.5057, 1.378 -0.0 -0.5512, 1.3707 -0.0077 -0.4605, 1.3319 -0.0106 -0.3298, 1.312 -0.012 -0.2888, 1.2887 -0.0137 -0.2497, 1.2623 -0.0157 -0.2126, 1.2329 -0.0178 -0.1779, 1.1661 -0.0227 -0.1162, 0.919 -0.0408 -0.0075, 0.8739 -0.0441 -0.0019, 1.3704 0.0 -0.4605, 1.3115 0.0 -0.2888, 1.2882 0.0 -0.2497, 1.2617 0.0 -0.2126, 1.2323 0.0 -0.1779, 1.0901 0.0283 -0.0664, 1.1292 0.0254 -0.0897, 1.1282 0.0 -0.0897, 0.8787 0.0879 -0.0019, 0.9175 0.0 -0.0075, 0.8723 0.0 -0.0019, 1.3614 0.0084 -0.4159, 1.3484 0.0094 -0.3722, 1.3707 0.0077 -0.4605, 1.2887 0.0137 -0.2497, 1.264 0.0312 -0.2126, 1.2902 0.0274 -0.2497, 1.2623 0.0157 -0.2126, 1.2329 0.0178 -0.1779, 1.2008 0.0202 -0.1457, 1.1661 0.0227 -0.1162, 1.017 0.1023 -0.0299, 1.0107 0.0685 -0.0299, 1.0493 0.0312 -0.0464, 0.919 0.0408 -0.0075, 0.8739 0.0441 -0.0019, 1.3803 0.0214 -0.5512, 1.3495 0.0187 -0.3722, 1.3716 0.0154 -0.4605, 1.3331 0.0211 -0.3298, 1.3133 0.024 -0.2888, 1.2349 0.0355 -0.1779, 1.2067 0.0601 -0.1457, 1.2381 0.053 -0.1779, 1.203 0.0402 -0.1457, 1.1686 0.0453 -0.1162, 1.1319 0.0507 -0.0897, 1.0932 0.0564 -0.0664, 1.0527 0.0623 -0.0464, 1.3821 0.0283 -0.5512, 1.3377 0.0417 -0.3298, 1.335 0.0315 -0.3298, 1.373 0.023 -0.4605, 1.3155 0.0358 -0.2888, 1.2927 0.0409 -0.2497, 1.2669 0.0467 -0.2126, 1.1785 0.0896 -0.1162, 1.1727 0.0676 -0.1162, 1.1366 0.0757 -0.0897, 1.0984 0.0842 -0.0664, 1.0584 0.0931 -0.0464, 1.366 0.0332 -0.4159, 1.3535 0.0369 -0.3722, 1.3224 0.0589 -0.2888, 1.3006 0.0672 -0.2497, 1.3185 0.0475 -0.2888, 1.2962 0.0542 -0.2497, 1.2708 0.0618 -0.2126, 1.2426 0.0703 -0.1779, 1.2118 0.0796 -0.1457, 1.1512 0.1243 -0.0897, 1.1146 0.1383 -0.0664, 1.143 0.1003 -0.0897, 1.1055 0.1115 -0.0664, 1.0663 0.1233 -0.0464, 1.0257 0.1355 -0.0299, 1.3687 0.0412 -0.4159, 1.3565 0.0458 -0.3722, 1.3411 0.0517 -0.3298, 1.2759 0.0766 -0.2126, 1.2484 0.0872 -0.1779, 1.2183 0.0987 -0.1457, 1.1858 0.1111 -0.1162, 1.0764 0.1529 -0.0464, 1.0368 0.1681 -0.0299, 0.996 0.1836 -0.0169, 0.9543 0.1996 -0.0075, 1.2243 -0.1616 -0.1174, 1.2308 -0.1733 -0.1121, 1.1958 -0.1837 -0.0897, 1.1226 -0.347 0.0047, 1.1483 -0.315 -0.0094, 1.1677 -0.334 -0.0029, 1.1899 -0.1717 -0.0942, 1.1592 -0.1939 -0.0697, 1.1464 -0.2492 -0.039, 1.1172 -0.2771 -0.0214, 1.1053 -0.259 -0.0264, 1.174 -0.2838 -0.027, 1.1315 -0.2959 -0.0156, 1.088 -0.3059 -0.0072, 1.0745 -0.286 -0.0122, 1.2334 -0.2857 -0.0348, 1.2153 -0.2699 -0.0415, 1.255 -0.2544 -0.0592, 1.2761 -0.2251 -0.0867, 1.2926 -0.2378 -0.0801, 1.3277 -0.2203 -0.1043, 1.3437 -0.1934 -0.1375, 1.36 -0.2024 -0.1317, 1.0768 -0.3573 0.0093, 1.3974 -0.1369 -0.2437, 1.408 -0.1216 -0.2837, 1.4185 -0.1263 -0.2788, 1.3589 -0.1694 -0.173, 1.329 -0.1837 -0.1438, 1.346 -0.1608 -0.1792, 1.2195 -0.151 -0.1219, 1.4095 -0.1424 -0.2387, 1.3858 -0.1555 -0.2047, 1.4707 -0.1039 -0.3919, 1.4602 -0.1108 -0.351, 1.4628 -0.1034 -0.3919, 1.4475 -0.1004 -0.3972, 1.4423 -0.1071 -0.3564, 1.4339 -0.1043 -0.3604, 1.2515 -0.1414 -0.148, 1.2475 -0.1321 -0.1526, 1.4723 -0.0983 -0.4705, 1.4649 -0.0992 -0.4323, 1.4669 -0.098 -0.472, 1.277 -0.1233 -0.1812, 1.2737 -0.1152 -0.1859, 1.3005 -0.1075 -0.2167, 1.2961 -0.0945 -0.2254, 1.2978 -0.1004 -0.2215, 1.2715 -0.1084 -0.1897, 1.322 -0.0941 -0.2541, 1.3196 -0.0879 -0.259, 1.3412 -0.0832 -0.293, 1.391 -0.0519 -0.5084, 1.394 -0.0566 -0.5048, 1.3858 -0.0519 -0.4682, 1.3181 -0.0828 -0.263, 1.339 -0.0778 -0.298, 1.3558 -0.07 -0.338, 1.358 -0.0749 -0.3329, 1.2494 -0.1988 -0.1, 1.2249 -0.2254 -0.0724, 1.2131 -0.2109 -0.0787, 1.3534 -0.0623 -0.3455, 1.3363 -0.0671 -0.3073, 1.3527 -0.0598 -0.3476, 1.367 -0.057 -0.3863, 1.366 -0.0542 -0.3885, 1.37 -0.0645 -0.3786, 1.3723 -0.069 -0.3735, 1.136 -0.2327 -0.0441, 1.1752 -0.2223 -0.0601, 1.3778 -0.0535 -0.4273, 1.3764 -0.0503 -0.4296, 1.3838 -0.0479 -0.4705, 1.1276 -0.2174 -0.0485, 1.1663 -0.2075 -0.0653, 1.3884 -0.0472 -0.5108, 1.3898 -0.0468 -0.5504, 1.1996 -0.2538 -0.0481, 1.0439 -0.3136 -0.0014, 1.059 -0.3352 0.0036, 0.9993 -0.3186 0.0019, 1.0311 -0.2928 -0.0056, 0.9429 -0.2986 0.0005, 0.9871 -0.2971 -0.0015, 0.9769 -0.2769 -0.0039, 0.9328 -0.2778 -0.0009, 1.104 -0.3264 -0.0015, 1.144 -0.3675 0.0113, 1.3477 -0.3881 0.0159, 1.3162 -0.3774 0.0111, 1.1915 -0.3013 -0.0205, 1.2417 -0.3871 0.0172, 1.2115 -0.3186 -0.0137, 1.1897 -0.3526 0.0039, 1.2144 -0.3704 0.0106, 1.2866 -0.3649 0.0056, 1.2591 -0.3507 -0.0005, 1.3958 -0.3207 -0.0262, 1.3884 -0.3578 -0.0016, 1.3578 -0.35 -0.0054, 1.3809 -0.3964 0.0197, 1.4153 -0.4024 0.0224, 1.4201 -0.3634 0.0011, 1.4516 -0.3864 0.014, 1.4585 -0.2603 -0.0799, 1.4568 -0.2892 -0.0531, 1.4295 -0.2902 -0.0515, 0.9682 -0.2584 -0.0053, 1.0204 -0.2732 -0.009, 1.0115 -0.2551 -0.0115, 1.0041 -0.2387 -0.0129, 1.0632 -0.2671 -0.0165, 1.0465 -0.2334 -0.0224, 1.054 -0.2494 -0.0199, 1.0402 -0.2191 -0.0238, 1.0955 -0.2419 -0.0308, 1.0814 -0.212 -0.0367, 1.0877 -0.2261 -0.0342, 1.0763 -0.1997 -0.0382, 1.3316 -0.2609 -0.0677, 1.3539 -0.2707 -0.0624, 1.3168 -0.2937 -0.04, 1.2341 -0.3351 -0.007, 1.159 -0.2663 -0.0333, 1.2035 -0.1969 -0.0845, 1.1211 -0.2034 -0.052, 1.116 -0.1911 -0.0545, 1.1119 -0.1807 -0.056, 1.4533 -0.3524 -0.006, 1.4248 -0.3258 -0.0236, 1.4551 -0.32 -0.0284, 1.3288 -0.3402 -0.0101, 1.3017 -0.3285 -0.0155, 1.2766 -0.3154 -0.0216, 1.2538 -0.301 -0.0281, 1.2734 -0.2684 -0.0525, 1.3111 -0.2498 -0.0737, 1.1863 -0.2378 -0.0543, 1.1538 -0.1816 -0.0732, 1.1498 -0.171 -0.0758, 1.1466 -0.1624 -0.0774, 1.3415 -0.3045 -0.0346, 1.3679 -0.3136 -0.03, 1.294 -0.2816 -0.0461, 1.2388 -0.24 -0.0659, 1.2617 -0.212 -0.0934, 1.2391 -0.1858 -0.1063, 1.1856 -0.161 -0.0978, 1.1824 -0.152 -0.1004, 1.1801 -0.1448 -0.1021, 1.4342 -0.257 -0.0823, 1.4032 -0.2856 -0.0541, 1.3779 -0.279 -0.0578, 1.3891 -0.1845 -0.1621, 1.3996 -0.1618 -0.1997, 1.4146 -0.1671 -0.1954, 1.3112 -0.2094 -0.1106, 1.2838 -0.1862 -0.1239, 1.2965 -0.198 -0.1172, 1.2641 -0.1628 -0.1367, 1.273 -0.1744 -0.1304, 1.257 -0.1517 -0.1426, 1.216 -0.1418 -0.1256, 1.2136 -0.1341 -0.1283, 1.212 -0.1284 -0.13, 1.4601 -0.2334 -0.1088, 1.4584 -0.0982 -0.4344, 1.4615 -0.0973 -0.4738, 1.4386 -0.2264 -0.1159, 1.4104 -0.2527 -0.0849, 1.3661 -0.2392 -0.0931, 1.3876 -0.2468 -0.0885, 1.3461 -0.2303 -0.0984, 1.3161 -0.1735 -0.1503, 1.2877 -0.1421 -0.1699, 1.2955 -0.1524 -0.1635, 1.2816 -0.1323 -0.1758, 1.2448 -0.1242 -0.1563, 1.243 -0.1178 -0.1591, 1.2419 -0.1131 -0.1608, 1.4617 -0.2086 -0.1394, 1.4429 -0.1987 -0.1517, 1.4174 -0.2225 -0.1184, 1.3778 -0.2104 -0.1264, 1.397 -0.2172 -0.122, 1.3731 -0.1485 -0.2104, 1.3049 -0.1629 -0.157, 1.3165 -0.1331 -0.1989, 1.3248 -0.1424 -0.1924, 1.3045 -0.1154 -0.2113, 1.3098 -0.124 -0.2053, 1.2703 -0.103 -0.1926, 1.2696 -0.0992 -0.1944, 1.4632 -0.1861 -0.1718, 1.4469 -0.1743 -0.1895, 1.4241 -0.1953 -0.1542, 1.4061 -0.1905 -0.1577, 1.3733 -0.1774 -0.1673, 1.3346 -0.1517 -0.1857, 1.3432 -0.1248 -0.2296, 1.3518 -0.1329 -0.223, 1.3301 -0.1086 -0.2426, 1.3359 -0.1166 -0.2362, 1.3254 -0.101 -0.2486, 1.2951 -0.09 -0.2284, 1.2946 -0.0869 -0.2302, 1.4647 -0.1659 -0.2057, 1.4507 -0.1532 -0.2287, 1.4304 -0.1713 -0.1919, 1.4298 -0.1303 -0.2746, 1.4364 -0.117 -0.3154, 1.3618 -0.1409 -0.2166, 1.3676 -0.1173 -0.2618, 1.3764 -0.1242 -0.2554, 1.3484 -0.096 -0.2813, 1.3536 -0.103 -0.2749, 1.3443 -0.0893 -0.2874, 1.3173 -0.0788 -0.2661, 1.317 -0.0761 -0.268, 1.4661 -0.1482 -0.241, 1.4542 -0.1356 -0.269, 1.4674 -0.1331 -0.2774, 1.4363 -0.1506 -0.2311, 1.4225 -0.147 -0.2345, 1.3863 -0.1308 -0.2493, 1.4175 -0.1097 -0.3243, 1.4266 -0.1136 -0.3195, 1.36 -0.1101 -0.2684, 1.3819 -0.1047 -0.3016, 1.3946 -0.0952 -0.342, 1.4014 -0.1004 -0.3357, 1.3695 -0.0923 -0.3147, 1.3833 -0.0845 -0.3551, 1.3886 -0.0899 -0.3485, 1.3753 -0.074 -0.3677, 1.3789 -0.0792 -0.3615, 1.3609 -0.0803 -0.3273, 1.3376 -0.0732 -0.3021, 1.3368 -0.0696 -0.3053, 1.4574 -0.1215 -0.3099, 1.4686 -0.1207 -0.3149, 1.4417 -0.1334 -0.2714, 1.3983 -0.1164 -0.2892, 1.3896 -0.1107 -0.2952, 1.3752 -0.0985 -0.3081, 1.3647 -0.0862 -0.3211, 1.3543 -0.0657 -0.3422, 1.4697 -0.1109 -0.3531, 1.4467 -0.1196 -0.3122, 1.4091 -0.1053 -0.3298, 1.4057 -0.0888 -0.3826, 1.3953 -0.0796 -0.3956, 1.3873 -0.0702 -0.4083, 1.3683 -0.0604 -0.383, 1.3816 -0.0613 -0.4194, 1.4511 -0.1092 -0.3532, 1.426 -0.101 -0.3651, 1.4186 -0.0973 -0.3705, 1.4119 -0.0932 -0.3763, 1.4208 -0.0891 -0.4168, 1.4002 -0.0843 -0.389, 1.391 -0.0748 -0.4021, 1.4052 -0.0773 -0.436, 1.3842 -0.0656 -0.4142, 1.3971 -0.0688 -0.4488, 1.3937 -0.0645 -0.4547, 1.3795 -0.0572 -0.4239, 1.455 -0.1022 -0.3941, 1.4403 -0.0982 -0.4011, 1.4334 -0.0955 -0.4057, 1.4269 -0.0925 -0.411, 1.4283 -0.0877 -0.4567, 1.4393 -0.0912 -0.4904, 1.4339 -0.0905 -0.4509, 1.4152 -0.0854 -0.423, 1.418 -0.0813 -0.4692, 1.4286 -0.086 -0.5027, 1.423 -0.0846 -0.4628, 1.41 -0.0814 -0.4294, 1.4088 -0.0738 -0.4823, 1.4189 -0.0799 -0.5155, 1.4133 -0.0776 -0.4758, 1.4009 -0.0731 -0.4425, 1.4008 -0.0655 -0.4947, 1.4098 -0.0725 -0.5282, 1.4047 -0.0697 -0.4887, 1.3907 -0.0602 -0.4601, 1.4011 -0.0633 -0.5398, 1.3973 -0.0611 -0.5001, 1.3881 -0.056 -0.4646, 1.4716 -0.0997 -0.4311, 1.452 -0.0969 -0.4374, 1.4458 -0.0951 -0.4412, 1.4565 -0.0964 -0.4762, 1.4397 -0.093 -0.4457, 1.4517 -0.0953 -0.4794, 1.4432 -0.0927 -0.4865, 1.4356 -0.0896 -0.4944, 1.4253 -0.0841 -0.5069, 1.4158 -0.0776 -0.5198, 1.4127 -0.0751 -0.524, 1.4069 -0.0697 -0.5322, 1.404 -0.0667 -0.5361, 1.3982 -0.0598 -0.5433, 1.3925 -0.0515 -0.5488, 1.4473 -0.0941 -0.4828, 1.432 -0.0879 -0.4985, 1.4221 -0.0821 -0.5112, 1.3953 -0.0558 -0.5463, 1.4735 -0.1762 -0.1869, 1.4742 -0.1555 -0.225, 1.4825 -0.157 -0.2188, 1.5315 -0.3911 0.0296, 1.5584 -0.3916 0.0402, 1.5403 -0.4179 0.044, 1.4921 -0.1802 -0.1717, 1.4837 -0.2018 -0.1447, 1.4827 -0.178 -0.1809, 1.5008 -0.1253 -0.2746, 1.4996 -0.1417 -0.2351, 1.4912 -0.1403 -0.2483, 1.4911 -0.1588 -0.2093, 1.5227 -0.0891 -0.3764, 1.5405 -0.0747 -0.3914, 1.5315 -0.0842 -0.3546, 1.4831 -0.139 -0.258, 1.5365 -0.078 -0.4018, 1.5592 -0.0531 -0.3181, 1.5471 -0.0723 -0.3013, 1.5571 -0.0562 -0.329, 1.5182 -0.1444 -0.1991, 1.5086 -0.1431 -0.2187, 1.5183 -0.1257 -0.2375, 1.5612 -0.0499 -0.3066, 1.555 -0.0592 -0.3395, 1.4752 -0.1379 -0.2643, 1.4845 -0.1241 -0.2981, 1.4867 -0.1125 -0.3387, 1.4765 -0.1235 -0.3045, 1.4782 -0.1124 -0.3453, 1.4801 -0.1045 -0.3863, 1.4895 -0.104 -0.3795, 1.4823 -0.0998 -0.427, 1.493 -0.0986 -0.4201, 1.4832 -0.0982 -0.4679, 1.4926 -0.1247 -0.2881, 1.4951 -0.1122 -0.3284, 1.4732 -0.1999 -0.1506, 1.4945 -0.2044 -0.1358, 1.5021 -0.1829 -0.1593, 1.4855 -0.2284 -0.1106, 1.4733 -0.2263 -0.1163, 1.4881 -0.2572 -0.0787, 1.498 -0.231 -0.1018, 1.4737 -0.2551 -0.0842, 1.4914 -0.2882 -0.0493, 1.4744 -0.2861 -0.0548, 1.5027 -0.2599 -0.0701, 1.4953 -0.3209 -0.0227, 1.4755 -0.3189 -0.0281, 1.5084 -0.2906 -0.041, 1.4769 -0.3532 -0.0042, 1.4999 -0.3549 0.001, 1.5153 -0.323 -0.0146, 1.5051 -0.39 0.0217, 1.4786 -0.3886 0.0166, 1.523 -0.3566 0.009, 1.4955 -0.4245 0.0363, 1.5181 -0.4224 0.0397, 1.4726 -0.4243 0.0335, 1.5466 -0.358 0.0198, 1.582 -0.402 0.0548, 1.5617 -0.4111 0.049, 1.601 -0.3908 0.0615, 1.5968 -0.3589 0.0495, 1.6184 -0.3776 0.0689, 1.6289 -0.3268 0.0672, 1.6089 -0.2988 0.0426, 1.6379 -0.3044 0.0734, 1.634 -0.3629 0.0771, 1.6478 -0.3467 0.086, 1.6234 -0.3576 0.0682, 1.5711 -0.3589 0.0333, 1.518 -0.2628 -0.0586, 1.5111 -0.2341 -0.09, 1.5253 -0.2373 -0.0752, 1.6041 -0.3281 0.0458, 1.5801 -0.3281 0.0267, 1.5358 -0.3251 -0.0036, 1.5574 -0.327 0.0102, 1.6183 -0.2795 0.0492, 1.5909 -0.2711 0.0153, 1.5865 -0.299 0.0206, 1.5652 -0.2979 0.0012, 1.5262 -0.2933 -0.0297, 1.5451 -0.2958 -0.0156, 1.6009 -0.2549 0.0231, 1.5538 -0.0654 -0.2706, 1.5753 -0.244 -0.0142, 1.5709 -0.2704 -0.0071, 1.552 -0.2685 -0.027, 1.5343 -0.2658 -0.0442, 1.5858 -0.2307 -0.0048, 1.5622 -0.2175 -0.0459, 1.573 -0.207 -0.0342, 1.5575 -0.2426 -0.0372, 1.5408 -0.2403 -0.0576, 1.544 -0.0716 -0.3811, 1.547 -0.0685 -0.3712, 1.5518 -0.1921 -0.0795, 1.5627 -0.1839 -0.0651, 1.5464 -0.2159 -0.0695, 1.5317 -0.2135 -0.0904, 1.5182 -0.2105 -0.1085, 1.5058 -0.2074 -0.1237, 1.5441 -0.168 -0.1146, 1.5549 -0.1616 -0.0972, 1.5379 -0.1907 -0.1037, 1.5249 -0.1884 -0.1251, 1.513 -0.1858 -0.1437, 1.5133 -0.0932 -0.3947, 1.5324 -0.0809 -0.4112, 1.5393 -0.1453 -0.151, 1.5495 -0.1401 -0.1304, 1.5319 -0.167 -0.1394, 1.5204 -0.1653 -0.1615, 1.5001 -0.161 -0.1966, 1.5098 -0.1632 -0.1806, 1.5372 -0.1243 -0.1881, 1.5467 -0.1197 -0.1645, 1.5284 -0.1451 -0.1764, 1.5379 -0.105 -0.2258, 1.5465 -0.1004 -0.1994, 1.5276 -0.1252 -0.2143, 1.55 -0.0653 -0.3605, 1.5397 -0.0785 -0.3295, 1.5093 -0.1256 -0.2577, 1.5033 -0.0964 -0.4093, 1.5223 -0.0871 -0.4306, 1.5413 -0.0877 -0.2637, 1.5489 -0.0822 -0.2348, 1.5293 -0.1075 -0.2527, 1.5206 -0.1094 -0.2765, 1.512 -0.1108 -0.2972, 1.5035 -0.1117 -0.3146, 1.5528 -0.0621 -0.3494, 1.5333 -0.0919 -0.2912, 1.5251 -0.0955 -0.3157, 1.5165 -0.0986 -0.3369, 1.5077 -0.101 -0.3547, 1.4987 -0.1028 -0.369, 1.493 -0.097 -0.4629, 1.5275 -0.0841 -0.4213, 1.5163 -0.09 -0.4397, 1.5018 -0.0951 -0.4562, 1.5096 -0.0926 -0.4482, 1.5229 -0.6276 0.3285, 1.7255 -0.3713 0.1821, 1.7125 -0.3682 0.1606, 1.715 -0.4597 0.2099, 1.7021 -0.4556 0.1845, 1.7169 -0.4286 0.1898, 1.6978 -0.4864 0.2065, 1.6897 -0.5161 0.2322, 1.6776 -0.5116 0.2048, 1.7664 -0.3817 0.3026, 1.7692 -0.3824 0.3284, 1.7552 -0.3788 0.2522, 1.6826 -0.3609 0.1211, 1.6982 -0.3647 0.1403, 1.6657 -0.3569 0.1032, 1.7469 -0.3767 0.228, 1.737 -0.3742 0.2046, 1.7617 -0.3805 0.2771, 1.7645 -0.4115 0.3267, 1.7564 -0.4408 0.3253, 1.7259 -0.4633 0.2368, 1.7187 -0.4938 0.2626, 1.7094 -0.4905 0.2338, 1.7285 -0.4013 0.1965, 1.7289 -0.4322 0.2147, 1.6422 -0.5605 0.233, 1.6672 -0.5396 0.2319, 1.6526 -0.5649 0.2615, 1.5873 -0.5662 0.1863, 1.6024 -0.5727 0.2098, 1.5743 -0.587 0.2147, 1.6259 -0.583 0.2633, 1.5184 -0.6252 0.3032, 1.6103 -0.6036 0.3241, 1.5813 -0.6151 0.3253, 1.5519 -0.623 0.3268, 1.6546 -0.5346 0.2048, 1.7395 -0.4043 0.2208, 1.6879 -0.4201 0.1441, 1.6874 -0.4509 0.1607, 1.6711 -0.4459 0.1386, 1.7032 -0.4245 0.1662, 1.7017 -0.394 0.1515, 1.7159 -0.3978 0.1734, 1.6693 -0.3856 0.1119, 1.6712 -0.4154 0.1236, 1.6532 -0.4104 0.1048, 1.6861 -0.3899 0.131, 1.6142 -0.4 0.0721, 1.6342 -0.4053 0.0876, 1.6147 -0.4293 0.0834, 1.6513 -0.381 0.0943, 1.5939 -0.4235 0.0688, 1.5496 -0.4398 0.0566, 1.5724 -0.4176 0.0559, 1.48 -0.4473 0.0455, 1.5271 -0.4334 0.0468, 1.5028 -0.4541 0.052, 1.7613 -0.4105 0.2993, 1.756 -0.409 0.2724, 1.7487 -0.4069 0.2462, 1.7448 -0.4698 0.3241, 1.7529 -0.4396 0.2965, 1.747 -0.4378 0.2683, 1.739 -0.4353 0.241, 1.6322 -0.3762 0.0782, 1.7296 -0.4978 0.3232, 1.7409 -0.4684 0.2942, 1.7346 -0.4663 0.265, 1.6294 -0.5551 0.2064, 1.6535 -0.4406 0.1184, 1.6346 -0.435 0.1, 1.7111 -0.5243 0.3227, 1.7255 -0.4963 0.2925, 1.5978 -0.5977 0.2661, 1.6154 -0.5783 0.2356, 1.6841 -0.4817 0.181, 1.6686 -0.4765 0.1572, 1.6515 -0.4709 0.1354, 1.6331 -0.465 0.1156, 1.6471 -0.5006 0.1559, 1.6135 -0.4589 0.0978, 1.5929 -0.4526 0.0821, 1.5716 -0.4462 0.0683, 1.6894 -0.5486 0.3225, 1.7067 -0.5226 0.2914, 1.6995 -0.5198 0.2611, 1.6633 -0.5063 0.1793, 1.6294 -0.4944 0.1345, 1.6233 -0.5227 0.1568, 1.6399 -0.529 0.1796, 1.6104 -0.488 0.1154, 1.5692 -0.4745 0.0837, 1.5475 -0.4677 0.071, 1.5902 -0.4813 0.0984, 1.5253 -0.4609 0.0605, 1.5001 -0.4801 0.0677, 1.665 -0.5701 0.3227, 1.6848 -0.5467 0.2911, 1.6774 -0.5437 0.2608, 1.6051 -0.516 0.1361, 1.5857 -0.5091 0.1179, 1.5653 -0.5019 0.1019, 1.5441 -0.4947 0.0883, 1.5223 -0.4874 0.0769, 1.4777 -0.473 0.0606, 1.6384 -0.5886 0.3232, 1.6603 -0.5681 0.2915, 1.6337 -0.5864 0.2927, 1.6144 -0.5491 0.182, 1.5975 -0.5424 0.1599, 1.5792 -0.5353 0.1402, 1.5596 -0.5278 0.123, 1.5391 -0.5203 0.1083, 1.5123 -0.5359 0.1173, 1.5179 -0.5126 0.0959, 1.4963 -0.5049 0.0859, 1.5704 -0.5592 0.1652, 1.5521 -0.5517 0.1467, 1.5326 -0.5439 0.1307, 1.5053 -0.5569 0.1407, 1.4914 -0.5279 0.1063, 1.5111 -0.6213 0.2792, 1.5398 -0.6168 0.2741, 1.6056 -0.6014 0.2945, 1.5873 -0.5929 0.2394, 1.5593 -0.5802 0.1923, 1.5426 -0.5729 0.1725, 1.5145 -0.5833 0.1816, 1.5244 -0.565 0.1553, 1.5689 -0.609 0.2697, 1.5766 -0.6128 0.2969, 1.5585 -0.604 0.2443, 1.5457 -0.5979 0.2209, 1.5309 -0.5909 0.2, 1.5172 -0.6055 0.2284, 1.4968 -0.5753 0.1658, 1.5473 -0.6207 0.2998, 1.5296 -0.6117 0.2502, 1.5028 -0.5984 0.2089, 1.6755 -0.1543 0.1106, 1.6657 -0.1737 0.0987, 1.5522 -0.0806 -0.218, 1.5511 -0.1001 -0.1795, 1.6187 -0.0919 0.0157, 1.6241 -0.0756 0.0241, 1.6378 -0.1054 0.0529, 1.6227 -0.1378 0.0316, 1.6306 -0.1225 0.0428, 1.6428 -0.1557 0.0662, 1.5892 -0.0115 -0.0836, 1.581 -0.0089 -0.1259, 1.6286 -0.0581 0.031, 1.6111 -0.0496 -0.0085, 1.5762 -0.0064 -0.1682, 1.5744 -0.0046 -0.2124, 1.5802 -0.0176 -0.1284, 1.6551 -0.191 0.086, 1.629 -0.2669 0.0602, 1.621 -0.2314 0.0454, 1.6419 -0.2557 0.0743, 1.5965 -0.1741 -0.0059, 1.6055 -0.1635 0.0071, 1.6132 -0.1968 0.0277, 1.6333 -0.1711 0.0539, 1.644 -0.2063 0.0728, 1.6234 -0.1848 0.041, 1.5906 -0.1426 -0.0286, 1.5788 -0.1223 -0.0659, 1.5854 -0.1132 -0.054, 1.5721 -0.1304 -0.0782, 1.5652 -0.1374 -0.0909, 1.5647 -0.1097 -0.1162, 1.5827 -0.1519 -0.0413, 1.5747 -0.1599 -0.0543, 1.6326 -0.2197 0.0592, 1.5583 -0.1434 -0.1039, 1.5531 -0.1211 -0.1413, 1.5589 -0.1158 -0.1286, 1.5558 -0.0955 -0.167, 1.5615 -0.0549 -0.2331, 1.5559 -0.0765 -0.2058, 1.5589 -0.059 -0.2445, 1.5646 -0.0437 -0.285, 1.5563 -0.0627 -0.2564, 1.5621 -0.0484 -0.3012, 1.5629 -0.0469 -0.2958, 1.6672 -0.2277 0.1023, 1.6546 -0.2427 0.0884, 1.6509 -0.2924 0.0865, 1.6726 -0.0753 0.105, 1.6517 -0.1384 0.0778, 1.6598 -0.1191 0.0883, 1.644 -0.0868 0.0617, 1.6668 -0.098 0.0974, 1.677 -0.051 0.1106, 1.6073 -0.0647 -0.0151, 1.597 -0.0415 -0.0492, 1.6797 -0.0258 0.1141, 1.6554 -0.0228 0.0777, 1.5757 -0.0128 -0.1705, 1.5741 -0.0093 -0.2154, 1.6143 -0.1515 0.0197, 1.6093 -0.2414 0.0315, 1.6027 -0.2071 0.0141, 1.5922 -0.216 0.0004, 1.634 -0.0199 0.0394, 1.653 -0.0452 0.0744, 1.6491 -0.0666 0.069, 1.6056 -0.1201 -0.0048, 1.6124 -0.1068 0.0059, 1.5983 -0.1321 -0.0164, 1.5872 -0.1832 -0.0192, 1.5779 -0.1911 -0.0327, 1.6157 -0.017 -0.0005, 1.6319 -0.0394 0.0362, 1.5974 -0.0914 -0.0325, 1.5666 -0.1668 -0.0676, 1.6008 -0.0142 -0.0417, 1.614 -0.0337 -0.0036, 1.59 -0.0658 -0.0631, 1.6027 -0.0787 -0.0231, 1.5916 -0.1029 -0.0428, 1.5757 -0.095 -0.0927, 1.5703 -0.1028 -0.1042, 1.5993 -0.0281 -0.0445, 1.5939 -0.0541 -0.0554, 1.5857 -0.0765 -0.072, 1.5807 -0.0535 -0.1039, 1.5808 -0.0863 -0.082, 1.5734 -0.0704 -0.1219, 1.565 -0.0843 -0.1433, 1.5604 -0.0902 -0.1549, 1.588 -0.0227 -0.0863, 1.5837 -0.0439 -0.0966, 1.5862 -0.0336 -0.0906, 1.5773 -0.0623 -0.1123, 1.5748 -0.0417 -0.145, 1.5693 -0.0777 -0.1322, 1.5693 -0.0553 -0.1621, 1.5629 -0.0669 -0.1827, 1.5594 -0.0719 -0.194, 1.5788 -0.0261 -0.1325, 1.577 -0.0341 -0.1381, 1.5722 -0.0488 -0.153, 1.5704 -0.0362 -0.1937, 1.5684 -0.0413 -0.2024, 1.5662 -0.0614 -0.172, 1.5692 -0.0327 -0.2529, 1.5663 -0.0461 -0.2119, 1.564 -0.0507 -0.2221, 1.5677 -0.0367 -0.2635, 1.5662 -0.0403 -0.2742, 1.5748 -0.019 -0.1744, 1.5736 -0.025 -0.1796, 1.5721 -0.0307 -0.1861, 1.5732 -0.0174 -0.2226, 1.5725 -0.0203 -0.2275, 1.5713 -0.026 -0.2372, 1.5706 -0.0285 -0.2423, 1.567 -0.0385 -0.2689, 1.5654 -0.042 -0.2796, 1.5638 -0.0453 -0.2904, 1.5737 -0.0139 -0.2184, 1.5719 -0.0232 -0.2323, 1.5699 -0.0307 -0.2475, 1.5685 -0.0347 -0.2581, 1.5685 -0.0347 -0.2581
            ]
        }
        coordIndex [
            0,1,2,-1,3,4,0,-1,3,0,2,-1,5,6,0,-1,5,0,4,-1,7,8,0,-1,7,0,6,-1,9,10,0,-1,9,0,8,-1,11,12,0,-1,11,0,10,-1,0,13,14,-1,13,0,12,-1,14,15,16,-1,13,15,14,-1,14,17,18,-1,16,17,14,-1,14,19,20,-1,18,19,14,-1,21,22,23,-1,20,21,14,-1,24,25,23,-1,24,23,22,-1,26,27,23,-1,26,23,25,-1,28,29,30,-1,23,31,30,-1,32,29,33,-1,34,29,35,-1,36,37,29,-1,38,29,39,-1,29,38,40,-1,36,29,40,-1,32,41,29,-1,41,39,29,-1,29,42,35,-1,33,29,34,-1,28,42,29,-1,30,29,23,-1,27,31,23,-1,14,21,23,-1,43,44,45,-1,43,46,47,-1,48,49,50,-1,51,52,53,-1,54,55,56,-1,55,57,56,-1,58,54,59,-1,54,56,59,-1,60,61,62,-1,59,63,58,-1,50,49,52,-1,64,48,60,-1,46,51,53,-1,52,51,50,-1,65,43,47,-1,65,44,43,-1,45,66,67,-1,67,43,45,-1,68,69,67,-1,68,67,66,-1,70,67,71,-1,67,72,71,-1,73,74,67,-1,67,70,73,-1,74,75,76,-1,75,74,73,-1,77,78,74,-1,77,74,79,-1,79,74,76,-1,67,69,72,-1,49,48,64,-1,47,46,53,-1,62,61,63,-1,58,63,61,-1,55,14,57,-1,60,62,64,-1,65,47,80,-1,57,14,23,-1,81,47,82,-1,47,81,80,-1,81,82,83,-1,82,84,83,-1,82,85,86,-1,84,82,86,-1,87,88,82,-1,82,88,85,-1,82,89,90,-1,90,87,82,-1,91,92,89,-1,89,92,90,-1,93,89,94,-1,93,91,89,-1,94,89,95,-1,96,88,97,-1,98,99,100,-1,101,102,103,-1,104,105,106,-1,107,108,109,-1,110,102,111,-1,112,113,114,-1,109,115,112,-1,90,116,97,-1,117,118,119,-1,120,121,122,-1,123,124,125,-1,126,127,128,-1,129,130,131,-1,129,132,133,-1,126,120,132,-1,125,134,122,-1,135,136,137,-1,137,136,138,-1,130,135,137,-1,139,140,141,-1,142,141,143,-1,98,144,143,-1,98,143,141,-1,145,146,147,-1,143,147,146,-1,136,148,99,-1,147,149,145,-1,92,91,150,-1,150,90,92,-1,124,116,150,-1,93,119,151,-1,93,151,91,-1,152,153,95,-1,90,97,87,-1,93,94,153,-1,116,123,106,-1,154,83,84,-1,94,95,153,-1,85,88,96,-1,155,156,96,-1,156,103,157,-1,85,156,86,-1,86,158,84,-1,81,83,159,-1,111,160,161,-1,81,159,162,-1,163,162,164,-1,163,80,162,-1,113,165,166,-1,65,80,163,-1,151,150,91,-1,119,93,153,-1,152,117,153,-1,123,125,167,-1,87,97,88,-1,123,116,124,-1,90,150,116,-1,117,119,153,-1,124,150,151,-1,134,119,118,-1,168,169,117,-1,117,152,168,-1,154,84,158,-1,158,86,156,-1,155,97,106,-1,85,96,156,-1,167,125,121,-1,155,96,97,-1,124,151,134,-1,97,116,106,-1,170,169,171,-1,169,118,117,-1,151,119,134,-1,125,124,134,-1,122,118,170,-1,172,171,169,-1,169,168,172,-1,80,81,162,-1,173,163,164,-1,164,174,173,-1,83,154,159,-1,164,159,175,-1,176,158,157,-1,176,175,154,-1,103,155,105,-1,158,176,154,-1,177,178,104,-1,156,157,158,-1,167,104,123,-1,155,103,156,-1,126,179,121,-1,155,106,105,-1,121,179,167,-1,106,123,104,-1,180,171,181,-1,118,169,170,-1,134,118,122,-1,121,125,122,-1,171,172,182,-1,170,180,120,-1,183,171,182,-1,162,159,164,-1,184,173,174,-1,174,185,186,-1,159,154,175,-1,174,175,187,-1,110,157,102,-1,110,187,176,-1,101,105,178,-1,157,110,176,-1,177,188,178,-1,103,102,157,-1,177,167,179,-1,105,101,103,-1,126,128,179,-1,104,178,105,-1,126,132,127,-1,177,104,167,-1,133,181,189,-1,170,171,180,-1,122,170,120,-1,120,126,121,-1,171,183,181,-1,180,133,132,-1,190,181,183,-1,164,175,174,-1,184,174,186,-1,185,191,192,-1,175,176,187,-1,185,187,193,-1,101,160,102,-1,111,193,110,-1,188,194,195,-1,111,102,160,-1,195,101,178,-1,195,160,101,-1,179,196,177,-1,195,178,188,-1,127,197,128,-1,196,188,177,-1,129,198,127,-1,179,128,196,-1,130,189,135,-1,180,181,133,-1,120,180,132,-1,132,129,127,-1,181,190,189,-1,133,130,129,-1,199,189,190,-1,174,187,185,-1,186,185,192,-1,191,108,200,-1,187,110,193,-1,191,193,201,-1,160,195,202,-1,111,161,201,-1,194,203,204,-1,161,160,202,-1,188,196,203,-1,202,195,194,-1,205,197,206,-1,194,188,203,-1,205,196,128,-1,205,203,196,-1,198,131,207,-1,197,205,128,-1,131,137,208,-1,127,198,197,-1,133,189,130,-1,131,198,129,-1,189,199,135,-1,130,137,131,-1,209,135,199,-1,185,193,191,-1,192,191,200,-1,165,113,112,-1,193,111,201,-1,210,108,201,-1,194,211,202,-1,161,212,210,-1,213,214,204,-1,212,202,211,-1,203,205,213,-1,211,194,204,-1,206,215,216,-1,213,204,203,-1,197,198,215,-1,213,205,206,-1,208,217,207,-1,215,206,197,-1,138,218,208,-1,207,215,198,-1,140,138,99,-1,131,208,207,-1,135,209,136,-1,208,137,138,-1,148,136,209,-1,191,201,108,-1,200,108,107,-1,161,202,212,-1,201,161,210,-1,210,115,109,-1,219,212,211,-1,212,219,115,-1,220,211,204,-1,219,211,220,-1,213,206,221,-1,204,214,220,-1,222,216,223,-1,214,213,221,-1,215,207,224,-1,221,206,216,-1,225,226,227,-1,216,215,224,-1,228,227,139,-1,224,207,217,-1,229,139,141,-1,218,217,208,-1,140,218,138,-1,148,100,99,-1,136,99,138,-1,108,210,109,-1,107,109,230,-1,231,165,219,-1,210,212,115,-1,219,165,115,-1,232,231,220,-1,220,231,219,-1,233,234,232,-1,214,232,220,-1,222,235,233,-1,233,232,214,-1,236,222,223,-1,221,222,233,-1,226,237,223,-1,224,223,216,-1,224,226,223,-1,217,226,224,-1,238,228,139,-1,217,227,226,-1,239,229,141,-1,218,139,227,-1,240,142,143,-1,100,144,98,-1,99,98,140,-1,109,112,230,-1,114,230,112,-1,165,231,166,-1,115,165,112,-1,166,231,241,-1,231,232,241,-1,241,232,234,-1,234,233,235,-1,222,242,235,-1,221,233,214,-1,236,242,222,-1,216,222,221,-1,236,223,237,-1,237,226,243,-1,243,226,225,-1,225,227,244,-1,228,244,227,-1,218,227,217,-1,229,238,139,-1,140,139,218,-1,142,239,141,-1,98,141,140,-1,146,240,143,-1,144,147,143,-1,245,246,247,-1,68,248,69,-1,245,249,250,-1,251,252,253,-1,254,255,256,-1,257,258,259,-1,260,261,262,-1,263,264,265,-1,263,265,266,-1,265,264,267,-1,268,269,270,-1,263,266,271,-1,268,271,269,-1,253,258,272,-1,252,273,274,-1,275,276,274,-1,277,278,279,-1,276,280,281,-1,282,283,284,-1,71,285,70,-1,286,287,288,-1,71,72,289,-1,248,290,69,-1,285,291,292,-1,293,294,295,-1,296,295,290,-1,297,298,299,-1,300,301,293,-1,302,303,304,-1,114,305,230,-1,68,306,248,-1,307,306,66,-1,308,45,44,-1,45,307,66,-1,308,307,45,-1,289,72,290,-1,163,44,65,-1,286,309,310,-1,311,288,76,-1,286,311,312,-1,285,312,70,-1,311,76,75,-1,287,313,314,-1,315,316,317,-1,318,315,319,-1,257,264,263,-1,318,79,314,-1,320,316,321,-1,319,78,318,-1,319,315,317,-1,318,78,77,-1,317,316,320,-1,76,288,79,-1,318,77,79,-1,288,314,79,-1,315,318,314,-1,281,321,316,-1,315,314,313,-1,310,287,286,-1,73,312,311,-1,75,73,311,-1,311,286,288,-1,70,312,73,-1,316,315,313,-1,280,321,281,-1,322,323,324,-1,287,314,288,-1,313,325,316,-1,326,327,309,-1,313,328,325,-1,286,312,309,-1,310,328,287,-1,312,285,292,-1,329,291,295,-1,285,71,289,-1,309,312,292,-1,289,291,285,-1,72,69,290,-1,281,316,325,-1,275,280,276,-1,328,330,331,-1,328,313,287,-1,332,281,325,-1,310,327,330,-1,325,328,331,-1,294,333,329,-1,310,330,328,-1,292,329,326,-1,310,309,327,-1,326,309,292,-1,296,248,334,-1,291,289,290,-1,291,329,292,-1,334,306,335,-1,295,291,290,-1,296,290,248,-1,308,336,307,-1,68,66,306,-1,248,306,334,-1,336,308,163,-1,307,336,335,-1,163,308,44,-1,276,281,332,-1,273,275,274,-1,337,331,338,-1,332,325,331,-1,276,332,339,-1,330,340,338,-1,332,331,337,-1,340,327,341,-1,330,338,331,-1,341,326,333,-1,327,340,330,-1,342,343,300,-1,326,341,327,-1,293,296,344,-1,326,329,333,-1,344,334,345,-1,295,294,329,-1,335,336,346,-1,293,295,296,-1,344,296,334,-1,346,336,173,-1,306,307,335,-1,335,346,345,-1,163,173,336,-1,274,276,339,-1,251,273,252,-1,347,337,348,-1,339,332,337,-1,274,339,349,-1,348,338,277,-1,337,347,339,-1,340,350,277,-1,338,348,337,-1,350,341,282,-1,340,277,338,-1,282,333,351,-1,350,340,341,-1,294,301,351,-1,333,282,341,-1,300,344,352,-1,294,351,333,-1,345,346,353,-1,301,294,293,-1,300,293,344,-1,353,346,184,-1,334,335,345,-1,345,353,352,-1,173,184,346,-1,252,274,349,-1,272,251,253,-1,347,354,355,-1,349,339,347,-1,349,356,252,-1,348,279,354,-1,347,355,349,-1,357,358,359,-1,348,354,347,-1,350,284,278,-1,277,279,348,-1,360,283,351,-1,278,277,350,-1,343,360,301,-1,284,350,282,-1,342,361,303,-1,351,283,282,-1,352,353,361,-1,301,360,351,-1,343,301,300,-1,353,186,192,-1,344,345,352,-1,352,361,342,-1,184,186,353,-1,253,252,356,-1,362,272,258,-1,355,363,364,-1,356,349,355,-1,356,365,253,-1,354,323,363,-1,355,364,356,-1,279,324,323,-1,363,355,354,-1,278,357,324,-1,323,354,279,-1,284,358,357,-1,324,279,278,-1,283,366,358,-1,278,284,357,-1,360,297,366,-1,284,283,358,-1,297,343,302,-1,360,366,283,-1,343,297,360,-1,361,192,200,-1,300,352,342,-1,342,303,302,-1,192,361,353,-1,258,253,365,-1,257,367,362,-1,368,365,364,-1,365,356,364,-1,259,365,368,-1,369,364,363,-1,368,364,369,-1,370,363,323,-1,369,363,370,-1,371,372,373,-1,370,323,322,-1,374,324,357,-1,322,324,374,-1,366,375,358,-1,374,357,359,-1,297,299,366,-1,358,375,359,-1,302,298,297,-1,366,299,375,-1,304,107,230,-1,303,200,107,-1,343,342,302,-1,302,304,298,-1,200,303,361,-1,362,258,257,-1,367,263,268,-1,261,259,368,-1,258,365,259,-1,264,259,261,-1,256,368,369,-1,261,368,256,-1,245,369,370,-1,256,369,245,-1,322,246,370,-1,370,246,245,-1,373,322,374,-1,322,373,246,-1,359,371,374,-1,374,371,373,-1,376,359,375,-1,359,376,371,-1,377,375,299,-1,375,377,376,-1,378,299,298,-1,299,378,377,-1,305,298,304,-1,378,298,305,-1,107,304,303,-1,367,257,263,-1,271,268,263,-1,260,267,264,-1,257,259,264,-1,260,264,261,-1,255,262,261,-1,255,261,256,-1,250,254,256,-1,250,256,245,-1,247,249,245,-1,247,246,379,-1,373,380,379,-1,379,246,373,-1,372,380,373,-1,372,371,381,-1,381,376,382,-1,381,371,376,-1,382,377,383,-1,382,376,377,-1,383,378,384,-1,383,377,378,-1,114,384,305,-1,384,378,305,-1,230,305,304,-1,385,386,387,-1,388,389,390,-1,391,392,393,-1,394,395,396,-1,397,398,394,-1,399,393,400,-1,401,402,403,-1,397,404,405,-1,406,407,408,-1,401,409,404,-1,410,411,412,-1,411,402,412,-1,413,414,415,-1,414,411,410,-1,416,417,418,-1,410,419,414,-1,417,420,421,-1,413,415,422,-1,421,423,424,-1,425,426,386,-1,387,420,416,-1,427,428,429,-1,268,430,367,-1,424,430,431,-1,268,432,430,-1,433,386,434,-1,425,435,436,-1,437,432,268,-1,438,439,440,-1,268,270,437,-1,441,442,439,-1,440,433,443,-1,444,445,446,-1,447,443,446,-1,448,389,442,-1,447,449,438,-1,450,390,451,-1,452,388,453,-1,454,455,456,-1,457,458,459,-1,454,456,459,-1,456,455,460,-1,461,452,462,-1,463,464,78,-1,452,465,462,-1,466,441,449,-1,467,465,453,-1,452,453,465,-1,468,406,469,-1,450,467,453,-1,470,471,472,-1,467,450,471,-1,470,472,473,-1,474,475,476,-1,472,475,473,-1,477,474,478,-1,471,450,472,-1,475,472,476,-1,474,476,478,-1,451,472,450,-1,451,448,466,-1,479,458,461,-1,452,461,458,-1,388,390,453,-1,452,458,457,-1,454,459,479,-1,458,479,459,-1,476,472,451,-1,480,481,477,-1,478,480,477,-1,390,450,453,-1,451,466,476,-1,482,457,483,-1,388,452,457,-1,389,448,390,-1,484,456,485,-1,482,388,457,-1,483,457,459,-1,485,460,463,-1,459,456,484,-1,460,485,456,-1,478,476,466,-1,486,487,481,-1,480,486,481,-1,448,451,390,-1,466,449,478,-1,488,482,489,-1,484,490,491,-1,389,388,482,-1,448,442,441,-1,483,459,484,-1,488,389,482,-1,491,492,489,-1,489,482,483,-1,319,493,463,-1,491,483,484,-1,490,485,493,-1,78,319,463,-1,463,460,464,-1,480,478,449,-1,494,487,486,-1,495,494,486,-1,441,466,448,-1,449,447,480,-1,492,496,489,-1,491,497,492,-1,442,389,488,-1,441,439,438,-1,489,483,491,-1,498,442,488,-1,492,499,496,-1,496,488,489,-1,317,500,493,-1,485,463,493,-1,484,485,490,-1,490,500,497,-1,319,317,493,-1,486,480,447,-1,501,494,495,-1,396,501,495,-1,438,449,441,-1,486,447,446,-1,499,502,496,-1,498,488,496,-1,439,442,498,-1,440,443,438,-1,499,492,503,-1,435,439,498,-1,499,504,502,-1,502,498,496,-1,320,505,500,-1,490,493,500,-1,491,490,497,-1,497,505,503,-1,317,320,500,-1,495,486,446,-1,395,501,396,-1,506,507,508,-1,443,447,438,-1,445,495,446,-1,504,436,502,-1,435,498,502,-1,440,439,435,-1,433,444,443,-1,504,499,509,-1,425,440,435,-1,504,510,436,-1,436,435,502,-1,321,511,505,-1,497,500,505,-1,492,497,503,-1,503,511,509,-1,320,321,505,-1,396,495,445,-1,398,395,394,-1,444,434,512,-1,444,446,443,-1,445,513,396,-1,444,512,445,-1,426,436,510,-1,433,440,425,-1,444,433,434,-1,510,504,514,-1,386,433,425,-1,509,511,515,-1,426,425,436,-1,280,515,511,-1,503,505,511,-1,499,503,509,-1,509,515,514,-1,321,280,511,-1,394,396,513,-1,405,398,397,-1,516,512,517,-1,513,445,512,-1,518,394,513,-1,517,434,385,-1,513,512,516,-1,387,426,519,-1,512,434,517,-1,519,510,520,-1,386,385,434,-1,514,515,521,-1,387,386,426,-1,519,426,510,-1,521,515,275,-1,504,509,514,-1,514,521,520,-1,280,275,515,-1,397,394,518,-1,409,405,404,-1,516,522,523,-1,518,513,516,-1,518,524,397,-1,517,525,522,-1,518,516,523,-1,385,416,525,-1,516,517,522,-1,420,519,526,-1,525,517,385,-1,520,521,527,-1,416,385,387,-1,420,387,519,-1,527,521,273,-1,510,514,520,-1,520,527,526,-1,275,273,521,-1,404,397,524,-1,403,409,401,-1,523,528,529,-1,524,518,523,-1,524,530,404,-1,522,531,528,-1,523,529,524,-1,525,418,531,-1,522,528,523,-1,432,532,391,-1,522,525,531,-1,526,527,423,-1,525,416,418,-1,417,416,420,-1,527,251,272,-1,519,520,526,-1,526,423,421,-1,273,251,527,-1,401,404,530,-1,533,403,402,-1,529,408,407,-1,530,524,529,-1,534,401,530,-1,528,535,408,-1,407,530,529,-1,531,536,535,-1,528,408,529,-1,418,429,536,-1,528,531,535,-1,429,417,431,-1,531,418,536,-1,417,429,418,-1,423,272,362,-1,420,526,421,-1,421,424,431,-1,272,423,527,-1,402,401,534,-1,411,537,533,-1,468,534,407,-1,534,530,407,-1,412,534,468,-1,538,539,540,-1,468,407,406,-1,541,408,535,-1,406,408,541,-1,542,535,536,-1,541,535,542,-1,428,536,429,-1,428,542,536,-1,429,431,427,-1,424,362,367,-1,417,421,431,-1,431,430,427,-1,362,424,423,-1,533,402,411,-1,414,413,537,-1,543,412,468,-1,402,534,412,-1,410,412,543,-1,544,545,546,-1,468,469,543,-1,545,406,541,-1,469,406,545,-1,538,541,542,-1,545,541,538,-1,507,542,428,-1,538,542,507,-1,393,428,427,-1,507,428,393,-1,430,432,427,-1,432,393,427,-1,367,430,424,-1,414,537,411,-1,415,414,419,-1,419,410,547,-1,547,543,548,-1,547,410,543,-1,469,549,548,-1,548,543,469,-1,544,549,469,-1,544,469,545,-1,540,546,545,-1,540,545,538,-1,506,539,538,-1,506,538,507,-1,399,508,507,-1,399,507,393,-1,392,400,393,-1,391,393,432,-1,432,437,532,-1,550,551,552,-1,553,554,555,-1,552,556,550,-1,552,551,557,-1,558,559,560,-1,561,558,562,-1,563,560,559,-1,558,561,559,-1,564,560,563,-1,565,563,566,-1,564,567,568,-1,569,568,570,-1,571,561,562,-1,470,473,569,-1,572,557,573,-1,571,550,556,-1,574,575,576,-1,573,557,551,-1,577,578,579,-1,580,574,581,-1,582,583,584,-1,584,583,581,-1,584,585,582,-1,586,587,588,-1,587,586,589,-1,586,590,589,-1,591,592,590,-1,589,590,592,-1,593,592,591,-1,585,594,595,-1,580,575,574,-1,580,581,583,-1,596,597,598,-1,599,597,600,-1,601,596,579,-1,596,602,577,-1,603,604,605,-1,606,607,608,-1,609,610,611,-1,611,610,612,-1,555,55,553,-1,613,614,615,-1,55,555,14,-1,607,616,612,-1,614,617,618,-1,598,619,602,-1,620,621,622,-1,575,623,619,-1,572,573,576,-1,575,572,576,-1,624,625,626,-1,627,599,621,-1,628,629,630,-1,631,632,633,-1,594,590,595,-1,590,594,591,-1,617,634,618,-1,595,582,585,-1,595,586,635,-1,636,637,583,-1,635,636,582,-1,637,623,580,-1,583,582,636,-1,619,638,572,-1,583,637,580,-1,638,627,557,-1,623,575,580,-1,639,556,620,-1,575,619,572,-1,621,620,627,-1,572,638,557,-1,552,557,627,-1,559,561,640,-1,556,561,571,-1,620,556,552,-1,563,565,567,-1,639,640,561,-1,565,641,642,-1,640,566,559,-1,570,642,467,-1,568,567,570,-1,564,563,567,-1,570,567,642,-1,570,470,569,-1,471,470,570,-1,590,586,595,-1,643,588,587,-1,643,644,588,-1,595,635,582,-1,635,588,645,-1,637,646,647,-1,645,646,636,-1,647,602,623,-1,636,646,637,-1,599,638,598,-1,637,647,623,-1,648,622,649,-1,623,602,619,-1,627,620,552,-1,638,619,598,-1,621,649,622,-1,638,599,627,-1,640,650,566,-1,651,565,566,-1,556,639,561,-1,639,620,622,-1,559,566,563,-1,652,650,640,-1,653,642,641,-1,566,650,651,-1,653,467,642,-1,567,565,642,-1,467,471,570,-1,586,588,635,-1,654,644,643,-1,654,655,644,-1,635,645,636,-1,645,644,656,-1,647,657,577,-1,656,657,646,-1,616,601,658,-1,646,657,647,-1,621,600,649,-1,577,602,647,-1,629,659,632,-1,602,596,598,-1,600,624,649,-1,598,597,599,-1,622,652,639,-1,621,599,600,-1,650,660,651,-1,660,632,659,-1,639,652,640,-1,648,661,652,-1,641,662,663,-1,661,660,650,-1,651,662,641,-1,653,462,465,-1,565,651,641,-1,653,641,663,-1,467,653,465,-1,588,644,645,-1,664,655,654,-1,664,665,655,-1,645,656,646,-1,656,655,666,-1,667,609,668,-1,578,657,666,-1,601,669,597,-1,657,578,577,-1,669,624,600,-1,596,577,579,-1,624,626,649,-1,601,597,596,-1,626,633,648,-1,597,669,600,-1,659,662,660,-1,652,661,650,-1,622,648,652,-1,648,649,626,-1,628,659,629,-1,633,632,661,-1,462,653,663,-1,651,660,662,-1,663,662,670,-1,461,462,663,-1,644,655,656,-1,671,665,664,-1,671,672,665,-1,656,666,657,-1,665,673,666,-1,674,658,579,-1,578,673,674,-1,616,606,669,-1,578,674,579,-1,606,625,624,-1,601,579,658,-1,625,675,626,-1,669,601,616,-1,676,625,608,-1,606,624,669,-1,661,632,660,-1,648,633,661,-1,631,633,675,-1,628,677,678,-1,631,629,632,-1,678,479,670,-1,461,663,670,-1,662,659,670,-1,479,461,670,-1,655,665,666,-1,679,672,671,-1,679,680,672,-1,666,673,578,-1,672,681,673,-1,658,682,612,-1,674,681,682,-1,610,683,607,-1,658,674,682,-1,625,676,675,-1,616,658,612,-1,675,684,631,-1,606,616,607,-1,631,685,629,-1,686,687,688,-1,626,675,633,-1,684,675,676,-1,689,678,677,-1,685,631,684,-1,659,628,670,-1,630,629,685,-1,678,455,454,-1,479,678,454,-1,670,628,678,-1,665,672,673,-1,690,680,679,-1,690,691,680,-1,673,681,674,-1,692,681,680,-1,611,693,609,-1,682,692,611,-1,608,607,683,-1,611,612,682,-1,676,608,694,-1,684,676,695,-1,606,608,625,-1,683,694,608,-1,685,684,696,-1,694,695,676,-1,630,685,697,-1,684,695,696,-1,677,630,687,-1,697,685,696,-1,687,630,697,-1,678,689,455,-1,628,630,677,-1,686,689,677,-1,460,455,689,-1,672,680,681,-1,698,691,690,-1,691,699,615,-1,681,692,682,-1,693,692,691,-1,683,610,667,-1,683,605,694,-1,612,610,607,-1,609,667,610,-1,694,604,695,-1,667,605,683,-1,695,700,696,-1,605,604,694,-1,697,696,701,-1,604,700,695,-1,687,697,702,-1,700,701,696,-1,703,686,688,-1,697,701,702,-1,703,78,464,-1,686,460,689,-1,677,687,686,-1,686,703,464,-1,464,460,686,-1,680,691,692,-1,698,699,691,-1,553,55,54,-1,692,693,611,-1,704,693,615,-1,605,667,705,-1,668,609,704,-1,706,700,604,-1,668,705,667,-1,707,701,700,-1,705,603,605,-1,708,709,707,-1,603,706,604,-1,702,709,710,-1,706,707,700,-1,701,709,702,-1,702,710,688,-1,703,688,67,-1,687,702,688,-1,710,67,688,-1,78,703,74,-1,691,615,693,-1,699,613,615,-1,668,711,705,-1,693,704,609,-1,614,712,704,-1,603,705,713,-1,668,712,711,-1,706,603,714,-1,705,711,713,-1,715,714,716,-1,603,713,714,-1,715,708,707,-1,707,706,715,-1,708,717,709,-1,43,710,717,-1,701,707,709,-1,710,709,717,-1,43,67,710,-1,67,74,703,-1,615,614,704,-1,613,617,614,-1,554,718,711,-1,704,712,668,-1,618,554,712,-1,718,719,713,-1,713,711,718,-1,719,716,714,-1,714,713,719,-1,716,720,715,-1,50,51,708,-1,706,714,715,-1,708,715,720,-1,51,46,717,-1,51,717,708,-1,717,46,43,-1,614,618,712,-1,555,634,14,-1,553,721,718,-1,712,554,711,-1,718,554,553,-1,719,721,61,-1,719,718,721,-1,60,48,716,-1,48,50,720,-1,48,720,716,-1,708,720,50,-1,554,618,555,-1,634,555,618,-1,54,58,553,-1,553,58,721,-1,58,61,721,-1,61,60,719,-1,719,60,716,-1,617,722,723,-1,0,14,634,-1,724,698,725,-1,699,726,613,-1,671,727,728,-1,679,729,690,-1,643,730,654,-1,731,664,654,-1,587,732,733,-1,733,643,587,-1,732,589,734,-1,589,732,587,-1,735,734,592,-1,589,592,734,-1,654,730,731,-1,735,592,593,-1,643,733,730,-1,731,727,664,-1,679,671,728,-1,671,664,727,-1,725,690,729,-1,729,679,728,-1,724,699,698,-1,725,698,690,-1,726,722,613,-1,724,726,699,-1,613,722,617,-1,0,634,723,-1,617,723,634,-1,736,737,738,-1,739,740,741,-1,742,743,744,-1,745,746,747,-1,748,749,750,-1,751,752,744,-1,753,754,755,-1,756,757,753,-1,741,758,759,-1,38,760,40,-1,761,762,763,-1,764,765,766,-1,36,766,765,-1,767,753,768,-1,37,769,29,-1,770,771,772,-1,773,774,775,-1,776,777,778,-1,774,779,780,-1,781,782,783,-1,784,785,786,-1,787,788,789,-1,790,791,776,-1,792,793,794,-1,778,783,795,-1,796,797,798,-1,799,800,801,-1,802,803,804,-1,793,805,806,-1,807,808,809,-1,810,811,812,-1,813,814,815,-1,816,817,818,-1,819,820,821,-1,822,823,821,-1,732,734,824,-1,734,825,824,-1,826,733,827,-1,732,824,827,-1,828,829,731,-1,830,831,832,-1,727,829,833,-1,728,727,833,-1,725,834,835,-1,836,834,729,-1,837,724,835,-1,725,729,834,-1,838,726,837,-1,835,724,725,-1,722,839,723,-1,722,726,838,-1,723,840,0,-1,839,722,838,-1,728,836,729,-1,730,826,828,-1,730,828,731,-1,733,732,827,-1,730,733,826,-1,841,842,843,-1,829,727,731,-1,844,820,834,-1,825,734,735,-1,845,819,846,-1,833,847,836,-1,848,849,845,-1,822,844,847,-1,815,849,738,-1,816,850,807,-1,736,848,851,-1,851,846,823,-1,814,852,850,-1,803,812,853,-1,854,813,737,-1,853,818,855,-1,854,808,852,-1,817,809,856,-1,855,856,804,-1,798,787,799,-1,792,796,857,-1,805,857,811,-1,806,810,802,-1,788,797,794,-1,858,859,860,-1,800,789,791,-1,790,795,801,-1,777,770,781,-1,786,782,772,-1,749,779,861,-1,862,784,771,-1,863,780,785,-1,863,862,775,-1,864,861,773,-1,842,865,843,-1,752,748,742,-1,866,867,868,-1,869,841,743,-1,869,750,864,-1,867,841,870,-1,871,872,873,-1,874,875,876,-1,868,877,878,-1,879,872,880,-1,860,875,874,-1,881,873,882,-1,880,883,884,-1,872,879,882,-1,825,885,824,-1,886,887,888,-1,889,824,885,-1,886,888,889,-1,889,890,827,-1,891,892,828,-1,827,890,826,-1,892,893,829,-1,828,826,891,-1,828,892,829,-1,894,835,820,-1,833,836,728,-1,829,893,833,-1,895,837,894,-1,833,893,847,-1,896,839,838,-1,834,836,844,-1,835,834,820,-1,840,839,897,-1,724,837,726,-1,837,835,894,-1,897,839,896,-1,895,896,838,-1,840,898,1,-1,0,840,1,-1,723,839,840,-1,824,889,827,-1,885,886,889,-1,899,900,901,-1,826,890,891,-1,887,899,902,-1,892,903,904,-1,890,905,891,-1,893,904,906,-1,892,891,903,-1,892,904,893,-1,907,894,819,-1,847,844,836,-1,906,847,893,-1,908,895,907,-1,847,906,822,-1,897,896,909,-1,820,844,821,-1,894,820,819,-1,898,897,910,-1,837,895,838,-1,907,895,894,-1,910,897,909,-1,896,908,909,-1,898,911,2,-1,1,898,2,-1,840,897,898,-1,890,888,905,-1,888,890,889,-1,901,902,899,-1,891,905,903,-1,905,902,832,-1,904,831,912,-1,903,832,831,-1,912,913,906,-1,904,903,831,-1,904,912,906,-1,914,907,845,-1,822,821,844,-1,906,913,822,-1,915,908,914,-1,822,913,823,-1,916,910,909,-1,819,821,846,-1,907,819,845,-1,910,917,911,-1,895,908,896,-1,914,908,907,-1,917,910,916,-1,915,916,909,-1,911,918,3,-1,2,911,3,-1,898,910,911,-1,905,888,902,-1,887,902,888,-1,919,920,921,-1,905,832,903,-1,900,922,923,-1,912,924,925,-1,831,830,924,-1,913,925,926,-1,912,831,924,-1,912,925,913,-1,927,914,849,-1,823,846,821,-1,926,823,913,-1,928,915,927,-1,823,926,851,-1,929,917,916,-1,845,846,848,-1,914,845,849,-1,930,918,917,-1,908,915,909,-1,927,915,914,-1,4,918,931,-1,928,929,916,-1,929,930,917,-1,3,918,4,-1,911,917,918,-1,832,901,830,-1,901,832,902,-1,932,923,922,-1,924,830,933,-1,923,933,830,-1,925,934,935,-1,924,933,934,-1,935,936,926,-1,924,934,925,-1,925,935,926,-1,937,927,815,-1,851,848,846,-1,936,851,926,-1,938,928,937,-1,851,936,736,-1,939,930,929,-1,848,738,849,-1,927,849,815,-1,940,931,930,-1,915,928,916,-1,928,927,937,-1,5,4,931,-1,938,939,929,-1,918,930,931,-1,940,930,939,-1,5,931,941,-1,830,901,923,-1,900,923,901,-1,942,943,944,-1,945,946,947,-1,933,932,945,-1,935,947,948,-1,933,945,934,-1,948,949,936,-1,935,934,947,-1,948,936,935,-1,937,814,950,-1,736,738,848,-1,936,949,736,-1,951,938,950,-1,949,737,736,-1,940,939,952,-1,815,738,813,-1,815,814,937,-1,953,941,940,-1,928,938,929,-1,950,938,937,-1,953,940,952,-1,951,952,939,-1,941,954,6,-1,5,941,6,-1,931,940,941,-1,923,932,933,-1,922,921,932,-1,920,919,955,-1,934,945,947,-1,920,946,945,-1,956,957,948,-1,947,946,956,-1,949,957,958,-1,947,956,948,-1,948,957,949,-1,959,950,850,-1,737,813,738,-1,958,737,949,-1,951,959,960,-1,737,958,854,-1,961,953,952,-1,813,852,814,-1,950,814,850,-1,962,954,953,-1,938,951,939,-1,951,950,959,-1,962,953,961,-1,960,961,952,-1,954,963,7,-1,6,954,7,-1,941,953,954,-1,945,932,920,-1,921,920,932,-1,964,965,966,-1,967,968,969,-1,946,955,970,-1,957,971,972,-1,970,971,956,-1,972,973,958,-1,957,956,971,-1,972,958,957,-1,959,816,974,-1,854,852,813,-1,958,973,854,-1,975,960,974,-1,973,808,854,-1,962,961,976,-1,852,807,850,-1,959,850,816,-1,963,962,977,-1,951,960,952,-1,960,959,974,-1,8,7,963,-1,975,976,961,-1,954,962,963,-1,977,962,976,-1,8,963,978,-1,920,955,946,-1,919,942,955,-1,943,979,944,-1,946,970,956,-1,944,980,970,-1,981,982,972,-1,970,980,971,-1,973,982,983,-1,972,971,981,-1,982,973,972,-1,974,818,984,-1,808,807,852,-1,973,983,808,-1,985,975,984,-1,983,809,808,-1,977,976,986,-1,816,807,817,-1,816,818,974,-1,977,987,978,-1,960,975,961,-1,984,975,974,-1,987,977,986,-1,985,986,976,-1,978,988,9,-1,8,978,9,-1,963,977,978,-1,970,955,944,-1,942,944,955,-1,964,979,965,-1,971,980,981,-1,980,979,989,-1,990,991,982,-1,981,989,990,-1,983,991,992,-1,982,981,990,-1,991,983,982,-1,993,984,853,-1,809,817,807,-1,983,992,809,-1,985,993,994,-1,809,992,856,-1,995,987,986,-1,818,817,855,-1,818,853,984,-1,988,987,996,-1,975,985,976,-1,993,985,984,-1,10,988,997,-1,994,995,986,-1,995,996,987,-1,9,988,10,-1,978,987,988,-1,944,979,980,-1,943,965,979,-1,998,964,966,-1,980,989,981,-1,966,999,998,-1,1000,1001,991,-1,990,1002,1000,-1,992,1001,1003,-1,991,990,1000,-1,991,1001,992,-1,1004,993,812,-1,856,855,817,-1,1003,856,992,-1,994,1004,1005,-1,856,1003,804,-1,1006,996,995,-1,853,855,803,-1,993,853,812,-1,1007,997,996,-1,985,994,986,-1,994,993,1004,-1,1007,996,1006,-1,995,1005,1006,-1,997,1008,11,-1,10,997,11,-1,988,996,997,-1,989,964,1002,-1,979,964,989,-1,1009,1010,1011,-1,989,1002,990,-1,1002,998,967,-1,1001,969,1012,-1,1002,967,1000,-1,1012,1013,1003,-1,1001,1000,969,-1,1001,1012,1003,-1,1014,1004,811,-1,804,803,855,-1,1003,1013,804,-1,1015,1005,1014,-1,1013,802,804,-1,1007,1006,1016,-1,812,803,810,-1,1004,812,811,-1,1017,1008,1007,-1,994,1005,995,-1,1014,1005,1004,-1,1017,1007,1016,-1,1015,1016,1006,-1,1008,1018,12,-1,11,1008,12,-1,997,1007,1008,-1,964,998,1002,-1,1019,1020,999,-1,1020,1019,1021,-1,1000,967,969,-1,967,1020,968,-1,1012,1022,1023,-1,969,968,1022,-1,1013,1023,1024,-1,969,1022,1012,-1,1012,1023,1013,-1,1025,1014,857,-1,802,810,803,-1,1013,1024,802,-1,1026,1015,1025,-1,1024,806,802,-1,1027,1017,1016,-1,811,810,805,-1,1014,811,857,-1,1028,1018,1017,-1,1005,1015,1006,-1,1025,1015,1014,-1,1028,1017,1027,-1,1026,1027,1016,-1,1018,1029,13,-1,12,1018,13,-1,1008,1017,1018,-1,967,998,1020,-1,999,1020,998,-1,1030,1021,1031,-1,968,1032,1022,-1,968,1021,1032,-1,1023,1033,1034,-1,1022,1032,1033,-1,1024,1034,1035,-1,1022,1033,1023,-1,1023,1034,1024,-1,1036,1025,796,-1,806,805,810,-1,1024,1035,806,-1,1037,1026,1036,-1,806,1035,793,-1,1038,1028,1027,-1,805,792,857,-1,1025,857,796,-1,1039,1029,1028,-1,1015,1026,1016,-1,1036,1026,1025,-1,15,13,1029,-1,1037,1038,1027,-1,1018,1028,1029,-1,1028,1038,1039,-1,15,1029,1040,-1,1020,1021,968,-1,1019,1031,1021,-1,1009,1011,1030,-1,1041,1042,1043,-1,1032,1030,1044,-1,1034,1045,1046,-1,1033,1044,1045,-1,1035,1046,1047,-1,1034,1033,1045,-1,1046,1035,1034,-1,1036,798,1048,-1,793,792,805,-1,1035,1047,793,-1,1049,1037,1048,-1,793,1047,794,-1,1050,1039,1038,-1,796,792,797,-1,796,798,1036,-1,1051,1040,1039,-1,1026,1037,1027,-1,1048,1037,1036,-1,1040,1052,16,-1,1049,1050,1038,-1,1050,1051,1039,-1,15,1040,16,-1,1029,1039,1040,-1,1021,1030,1032,-1,1031,1009,1030,-1,1053,1011,1010,-1,1032,1044,1033,-1,1010,1054,1053,-1,1055,1056,1046,-1,1045,1057,1055,-1,1047,1056,1058,-1,1046,1045,1055,-1,1046,1056,1047,-1,1059,1048,799,-1,794,797,792,-1,1058,794,1047,-1,1049,1059,1060,-1,794,1058,788,-1,1061,1051,1050,-1,798,797,787,-1,1048,798,799,-1,1062,1052,1051,-1,1037,1049,1038,-1,1049,1048,1059,-1,1062,1051,1061,-1,1050,1060,1061,-1,1052,1063,17,-1,16,1052,17,-1,1040,1051,1052,-1,1044,1011,1057,-1,1030,1011,1044,-1,1064,1065,1066,-1,1044,1057,1045,-1,1057,1053,1041,-1,1056,1043,1067,-1,1057,1041,1055,-1,1067,1068,1058,-1,1056,1055,1043,-1,1056,1067,1058,-1,1069,1059,801,-1,788,787,797,-1,1058,1068,788,-1,1070,1060,1069,-1,1068,789,788,-1,1062,1061,1071,-1,799,787,800,-1,1059,799,801,-1,1072,1063,1062,-1,1049,1060,1050,-1,1069,1060,1059,-1,1072,1062,1071,-1,1070,1071,1061,-1,1063,1073,18,-1,17,1063,18,-1,1052,1062,1063,-1,1011,1053,1057,-1,1074,1075,1054,-1,1075,1074,1076,-1,1055,1041,1043,-1,1041,1075,1042,-1,1067,1077,1078,-1,1043,1042,1077,-1,1068,1078,1079,-1,1043,1077,1067,-1,1067,1078,1068,-1,1080,1069,795,-1,789,800,787,-1,1068,1079,789,-1,1081,1070,1080,-1,1079,791,789,-1,1082,1072,1071,-1,801,800,790,-1,1069,801,795,-1,1083,1073,1072,-1,1060,1070,1061,-1,1080,1070,1069,-1,1083,1072,1082,-1,1081,1082,1071,-1,1073,1084,19,-1,18,1073,19,-1,1063,1072,1073,-1,1041,1053,1075,-1,1054,1075,1053,-1,1065,1064,1076,-1,1085,1086,1087,-1,1042,1076,1088,-1,1078,1089,1090,-1,1077,1088,1089,-1,1079,1090,1091,-1,1077,1089,1078,-1,1078,1090,1079,-1,1092,1080,783,-1,791,790,800,-1,1079,1091,791,-1,1093,1081,1092,-1,791,1091,776,-1,1094,1083,1082,-1,790,778,795,-1,1080,795,783,-1,1084,1083,1095,-1,1070,1081,1071,-1,1092,1081,1080,-1,20,19,1084,-1,1093,1094,1082,-1,1073,1083,1084,-1,1083,1094,1095,-1,20,1084,1096,-1,1075,1076,1042,-1,1074,1065,1076,-1,1097,1098,1099,-1,1042,1088,1077,-1,1066,1098,1100,-1,1090,1101,1102,-1,1088,1103,1089,-1,1091,1102,1104,-1,1090,1089,1101,-1,1090,1102,1091,-1,1092,782,1105,-1,776,778,790,-1,1091,1104,776,-1,1106,1093,1105,-1,776,1104,777,-1,1107,1095,1094,-1,783,778,781,-1,1092,783,782,-1,1108,1096,1095,-1,1081,1093,1082,-1,1105,1093,1092,-1,1107,1108,1095,-1,1106,1107,1094,-1,1096,1109,21,-1,20,1096,21,-1,1084,1095,1096,-1,1088,1064,1103,-1,1076,1064,1088,-1,1099,1110,1111,-1,1089,1103,1101,-1,1103,1100,1112,-1,1102,1113,1114,-1,1101,1112,1113,-1,1104,1114,1115,-1,1102,1101,1113,-1,1102,1114,1104,-1,1116,1105,786,-1,777,781,778,-1,1104,1115,777,-1,1117,1106,1116,-1,777,1115,770,-1,1118,1108,1107,-1,781,772,782,-1,1105,782,786,-1,1119,1109,1108,-1,1093,1106,1094,-1,1116,1106,1105,-1,1108,1118,1119,-1,1107,1117,1118,-1,1109,1120,22,-1,21,1109,22,-1,1096,1108,1109,-1,1103,1064,1100,-1,1066,1100,1064,-1,1111,1097,1099,-1,1103,1112,1101,-1,1097,1087,1112,-1,1114,1086,1121,-1,1113,1087,1086,-1,1115,1121,1122,-1,1114,1113,1086,-1,1121,1115,1114,-1,1116,785,1123,-1,770,772,781,-1,1115,1122,770,-1,1124,1117,1123,-1,770,1122,771,-1,1125,1119,1118,-1,786,772,784,-1,1116,786,785,-1,1126,1120,1119,-1,1106,1117,1107,-1,1123,1117,1116,-1,24,22,1120,-1,1124,1125,1118,-1,1109,1119,1120,-1,1119,1125,1126,-1,24,1120,1127,-1,1112,1100,1097,-1,1098,1097,1100,-1,1128,1129,1130,-1,1112,1087,1113,-1,1110,1129,1131,-1,1132,1133,1121,-1,1086,1085,1132,-1,1122,1133,1134,-1,1121,1086,1132,-1,1121,1133,1122,-1,1135,1123,780,-1,771,784,772,-1,1122,1134,771,-1,1136,1124,1135,-1,771,1134,862,-1,1137,1126,1125,-1,785,784,863,-1,785,780,1123,-1,1138,1127,1126,-1,1117,1124,1118,-1,1135,1124,1123,-1,1137,1138,1126,-1,1125,1136,1137,-1,1127,1139,25,-1,24,1127,25,-1,1120,1126,1127,-1,1087,1111,1085,-1,1111,1087,1097,-1,1129,1128,1131,-1,1140,1141,1142,-1,1085,1131,1143,-1,1133,1144,1145,-1,1132,1143,1144,-1,1134,1145,1146,-1,1133,1132,1144,-1,1133,1145,1134,-1,1147,1135,779,-1,862,863,784,-1,1146,862,1134,-1,1136,1147,1148,-1,862,1146,775,-1,1149,1138,1137,-1,780,863,774,-1,1135,780,779,-1,1150,1139,1138,-1,1124,1136,1125,-1,1147,1136,1135,-1,1138,1149,1150,-1,1137,1148,1149,-1,1139,1151,26,-1,25,1139,26,-1,1127,1138,1139,-1,1085,1111,1131,-1,1110,1131,1111,-1,1152,1153,1154,-1,1085,1143,1132,-1,1130,1153,1155,-1,1145,1156,1157,-1,1143,1158,1144,-1,1157,1159,1146,-1,1145,1144,1156,-1,1145,1157,1146,-1,1160,1147,749,-1,775,774,863,-1,1146,1159,775,-1,1161,1148,1160,-1,775,1159,773,-1,1162,1150,1149,-1,779,774,861,-1,1147,779,749,-1,1163,1151,1150,-1,1136,1148,1137,-1,1160,1148,1147,-1,1150,1162,1163,-1,1161,1162,1149,-1,1151,1164,27,-1,26,1151,27,-1,1139,1150,1151,-1,1143,1128,1158,-1,1131,1128,1143,-1,1154,1165,1166,-1,1144,1158,1156,-1,1158,1155,1167,-1,1157,1168,1169,-1,1156,1167,1168,-1,1159,1169,1170,-1,1157,1156,1168,-1,1157,1169,1159,-1,1171,1160,748,-1,773,861,774,-1,1159,1170,773,-1,1172,1161,1171,-1,773,1170,864,-1,1173,1163,1162,-1,861,750,749,-1,1160,749,748,-1,1174,1164,1163,-1,1148,1161,1149,-1,1171,1161,1160,-1,1163,1173,1174,-1,1162,1172,1173,-1,1164,1175,31,-1,27,1164,31,-1,1151,1163,1164,-1,1158,1128,1155,-1,1130,1155,1128,-1,1166,1152,1154,-1,1158,1167,1156,-1,1152,1141,1167,-1,1169,1140,865,-1,1168,1141,1140,-1,1170,865,842,-1,1168,1140,1169,-1,1169,865,1170,-1,1171,752,1176,-1,864,750,861,-1,842,864,1170,-1,1177,1172,1176,-1,842,869,864,-1,1178,1174,1173,-1,748,750,742,-1,1171,748,752,-1,1179,1175,1174,-1,1161,1172,1162,-1,1176,1172,1171,-1,30,31,1175,-1,1177,1178,1173,-1,1164,1174,1175,-1,1174,1178,1179,-1,30,1175,1180,-1,1167,1155,1152,-1,1153,1152,1155,-1,1181,1182,1183,-1,1167,1141,1168,-1,1165,1182,1184,-1,1185,843,865,-1,1140,1142,1185,-1,859,866,878,-1,865,1140,1185,-1,1186,751,1187,-1,1188,1176,751,-1,869,742,750,-1,841,869,842,-1,1189,1177,1188,-1,743,742,869,-1,1190,1179,1178,-1,752,742,744,-1,752,751,1176,-1,1191,1180,1179,-1,1172,1177,1173,-1,1188,1177,1176,-1,1190,1191,1179,-1,1178,1189,1190,-1,1180,1192,28,-1,30,1180,28,-1,1175,1179,1180,-1,1141,1166,1142,-1,1166,1141,1152,-1,1182,1181,1184,-1,1193,1194,1195,-1,1142,1184,1196,-1,843,1197,870,-1,1196,1197,1185,-1,1198,743,867,-1,1185,1197,843,-1,1187,744,1198,-1,870,841,843,-1,746,1188,1186,-1,841,867,743,-1,1189,746,1199,-1,743,1198,744,-1,1200,1191,1190,-1,744,1187,751,-1,1188,751,1186,-1,1201,1192,1191,-1,1177,1189,1178,-1,746,1189,1188,-1,1191,1200,1201,-1,1190,1199,1200,-1,1192,1202,42,-1,28,1192,42,-1,1180,1191,1192,-1,1142,1166,1184,-1,1165,1184,1166,-1,1203,1204,1205,-1,1142,1196,1185,-1,1183,1204,1206,-1,870,1207,868,-1,1197,1196,1208,-1,1209,1198,866,-1,870,1197,1207,-1,1210,1187,1209,-1,867,870,868,-1,1210,747,1186,-1,1198,867,866,-1,739,1199,745,-1,1209,1187,1198,-1,1211,1201,1200,-1,1210,1186,1187,-1,746,1186,747,-1,1212,1202,1201,-1,1189,1199,1190,-1,745,1199,746,-1,1201,1211,1212,-1,739,1211,1200,-1,1202,1213,35,-1,42,1202,35,-1,1192,1201,1202,-1,1196,1181,1208,-1,1184,1181,1196,-1,1205,1214,1215,-1,1197,1208,1207,-1,1208,1206,1216,-1,860,878,1195,-1,1216,877,1207,-1,1217,1209,859,-1,1207,877,868,-1,1218,1210,1217,-1,866,868,878,-1,1219,747,1218,-1,1209,866,859,-1,1219,740,745,-1,1209,1217,1210,-1,1220,1212,1211,-1,1210,1218,747,-1,747,1219,745,-1,1221,1213,1212,-1,1199,739,1200,-1,740,739,745,-1,1212,1220,1221,-1,1211,741,1220,-1,1213,1222,34,-1,35,1213,34,-1,1202,1212,1213,-1,1208,1181,1206,-1,1183,1206,1181,-1,1215,1203,1205,-1,1208,1216,1207,-1,1216,1203,1193,-1,1217,858,1223,-1,1195,877,1193,-1,1218,1223,1224,-1,878,877,1195,-1,1219,1224,1225,-1,859,878,860,-1,740,1225,758,-1,1217,859,858,-1,1226,1227,1228,-1,1218,1217,1223,-1,755,1221,1220,-1,1224,1219,1218,-1,1225,740,1219,-1,754,1222,1221,-1,739,741,1211,-1,758,741,740,-1,33,34,1222,-1,759,755,1220,-1,1213,1221,1222,-1,1221,755,754,-1,33,1222,1229,-1,1216,1206,1203,-1,1204,1203,1206,-1,1230,1231,1232,-1,1216,1193,877,-1,1214,1231,1233,-1,874,1234,858,-1,875,1195,1194,-1,1234,1235,1223,-1,875,860,1195,-1,1235,1236,1224,-1,874,858,860,-1,1236,1237,1225,-1,1234,1223,858,-1,1237,1226,758,-1,1235,1224,1223,-1,1226,756,759,-1,1224,1236,1225,-1,1225,1237,758,-1,767,1229,754,-1,741,759,1220,-1,759,758,1226,-1,753,767,754,-1,755,756,753,-1,1229,1238,32,-1,33,1229,32,-1,1222,754,1229,-1,1193,1215,1194,-1,1215,1193,1203,-1,1239,1240,1241,-1,1231,1230,1233,-1,1233,1242,1194,-1,1234,874,1243,-1,1242,876,875,-1,1235,1234,1244,-1,876,1243,874,-1,1236,1235,1245,-1,1243,1244,1234,-1,1237,1236,1246,-1,1244,1245,1235,-1,1226,1237,1227,-1,1245,1246,1236,-1,756,1226,1228,-1,1246,1227,1237,-1,1247,768,1248,-1,1247,1238,767,-1,759,756,755,-1,756,1228,757,-1,767,768,1247,-1,753,757,768,-1,1238,1249,41,-1,32,1238,41,-1,1229,767,1238,-1,1194,1215,1233,-1,1214,1233,1215,-1,876,1250,1243,-1,1194,1242,875,-1,1251,1232,884,-1,1243,1252,1244,-1,1253,1250,876,-1,1244,1254,1245,-1,1250,1252,1243,-1,1245,1255,1246,-1,1252,1254,1244,-1,1246,1256,1227,-1,1254,1255,1245,-1,1227,1257,1228,-1,1255,1256,1246,-1,1228,1258,757,-1,1256,1257,1227,-1,757,1259,768,-1,1258,1228,1257,-1,762,1249,1247,-1,1259,757,1258,-1,1247,1248,762,-1,1259,1248,768,-1,1249,761,39,-1,41,1249,39,-1,1238,1247,1249,-1,1242,1230,1253,-1,1233,1230,1242,-1,1250,1240,1252,-1,1242,1253,876,-1,1251,1260,1253,-1,1252,1239,1254,-1,1260,1240,1250,-1,1254,1261,1255,-1,1240,1239,1252,-1,1255,1262,1256,-1,1239,1261,1254,-1,1256,1263,1257,-1,1261,1262,1255,-1,1257,1264,1258,-1,1262,1263,1256,-1,1258,1265,1259,-1,1263,1264,1257,-1,1259,1266,1248,-1,1264,1265,1258,-1,762,1248,1267,-1,1259,1265,1266,-1,762,1267,763,-1,1267,1248,1266,-1,761,760,38,-1,39,761,38,-1,1249,762,761,-1,1253,1230,1251,-1,1232,1251,1230,-1,1268,1261,1239,-1,1253,1260,1250,-1,883,871,1260,-1,1269,1262,1261,-1,871,1241,1240,-1,1270,1263,1262,-1,1241,1268,1239,-1,1271,1264,1263,-1,1268,1269,1261,-1,1272,1265,1264,-1,1269,1270,1262,-1,1273,1266,1265,-1,1270,1271,1263,-1,1274,1267,1266,-1,1271,1272,1264,-1,1275,763,1267,-1,1272,1273,1265,-1,1276,760,763,-1,1273,1274,1266,-1,764,766,1276,-1,1275,1267,1274,-1,761,763,760,-1,763,1275,1276,-1,40,760,766,-1,1260,1251,883,-1,884,883,1251,-1,873,1277,1241,-1,1260,871,1240,-1,873,1241,871,-1,1277,1278,1268,-1,1277,1268,1241,-1,1278,1279,1269,-1,1278,1269,1268,-1,1279,1280,1270,-1,1279,1270,1269,-1,1280,1281,1271,-1,1280,1271,1270,-1,1281,1282,1272,-1,1281,1272,1271,-1,1282,1283,1273,-1,1282,1273,1272,-1,1283,1284,1274,-1,1283,1274,1273,-1,1284,1285,1275,-1,1284,1275,1274,-1,1285,764,1276,-1,1285,1276,1275,-1,769,37,765,-1,40,766,36,-1,760,1276,766,-1,883,880,872,-1,871,883,872,-1,1277,881,1286,-1,882,873,872,-1,1278,1286,1287,-1,881,1277,873,-1,1279,1287,1288,-1,1286,1278,1277,-1,1280,1288,1289,-1,1287,1279,1278,-1,1281,1289,1290,-1,1288,1280,1279,-1,1282,1290,1291,-1,1289,1281,1280,-1,1283,1291,1292,-1,1290,1282,1281,-1,1284,1292,1293,-1,1291,1283,1282,-1,1285,1293,1294,-1,1292,1284,1283,-1,764,1294,1295,-1,1293,1285,1284,-1,765,1295,769,-1,1294,764,1285,-1,765,764,1295,-1,36,765,37,-1,1296,1074,1054,-1,1010,1297,1054,-1,1296,1054,1297,-1,1010,1009,1298,-1,1298,1297,1010,-1,1299,1009,1031,-1,1009,1299,1298,-1,1019,1300,1031,-1,1299,1031,1300,-1,1019,999,1301,-1,1301,1300,1019,-1,1302,999,966,-1,999,1302,1301,-1,965,1303,966,-1,1302,966,1303,-1,965,943,1304,-1,1304,1303,965,-1,1305,943,942,-1,943,1305,1304,-1,919,1306,942,-1,1305,942,1306,-1,919,921,1307,-1,1307,1306,919,-1,1308,921,922,-1,921,1308,1307,-1,900,1309,922,-1,1308,922,1309,-1,900,899,1310,-1,1310,1309,900,-1,1311,899,887,-1,899,1311,1310,-1,886,1312,887,-1,1311,887,1312,-1,886,885,1313,-1,1313,1312,886,-1,1314,885,825,-1,885,1314,1313,-1,735,1315,825,-1,1314,825,1315,-1,1316,1315,735,-1,1317,1074,1296,-1,1065,1317,1318,-1,1317,1065,1074,-1,1319,1066,1318,-1,1065,1318,1066,-1,1319,1320,1098,-1,1098,1066,1319,-1,1099,1320,1321,-1,1320,1099,1098,-1,1322,1110,1321,-1,1099,1321,1110,-1,1322,1323,1129,-1,1129,1110,1322,-1,1130,1323,1324,-1,1323,1130,1129,-1,1325,1153,1324,-1,1130,1324,1153,-1,1325,1326,1154,-1,1154,1153,1325,-1,1165,1326,1327,-1,1326,1165,1154,-1,1328,1182,1327,-1,1165,1327,1182,-1,1328,1329,1183,-1,1183,1182,1328,-1,1204,1329,1330,-1,1329,1204,1183,-1,1331,1205,1330,-1,1204,1330,1205,-1,1331,1332,1214,-1,1214,1205,1331,-1,1231,1332,1333,-1,1332,1231,1214,-1,1334,1232,1333,-1,1231,1333,1232,-1,1334,1335,884,-1,884,1232,1334,-1,880,1335,1336,-1,1335,880,884,-1,880,1336,879,-1,1337,879,1336,-1,1337,1336,1338,-1,1339,1337,1338,-1,1340,1341,1342,-1,1343,1342,1344,-1,1345,1346,1347,-1,1341,1346,1345,-1,1348,1349,1350,-1,1351,1348,1352,-1,1353,1354,1355,-1,1353,1355,1356,-1,1357,1358,1359,-1,1360,1361,1359,-1,1358,1360,1359,-1,1358,1357,1354,-1,1352,1348,1350,-1,1362,1349,1361,-1,1351,1352,1363,-1,1351,1363,1364,-1,1365,1366,1367,-1,1368,1369,1365,-1,1370,1371,1372,-1,1366,1373,1367,-1,1366,1371,1373,-1,1360,1362,1361,-1,1373,1371,1370,-1,1362,1350,1349,-1,1355,1354,1357,-1,1356,1345,1347,-1,1353,1356,1347,-1,1368,1364,1369,-1,1369,1364,1363,-1,1343,1340,1342,-1,1340,1346,1341,-1,1344,1339,1343,-1,1368,1365,1367,-1,1337,1339,1344,-1,1372,1374,1370,-1,1375,1376,1374,-1,1374,1372,1375,-1,1376,1377,1378,-1,1377,1376,1375,-1,1377,1379,1378,-1,1380,1378,1379,-1,1380,1381,1382,-1,1381,1380,1379,-1,1383,1382,1384,-1,1381,1384,1382,-1,1385,1386,1383,-1,1383,1384,1385,-1,1386,1387,1388,-1,1387,1386,1385,-1,1389,1390,1388,-1,1387,1389,1388,-1,1391,1392,1393,-1,1390,1393,1392,-1,1394,1391,1395,-1,1394,1392,1391,-1,1396,1397,1398,-1,1397,1396,1395,-1,1399,1400,1401,-1,1402,1398,1397,-1,1403,1402,1400,-1,1389,1393,1390,-1,1396,1394,1395,-1,1398,1402,1403,-1,1403,1400,1399,-1,1401,1404,1405,-1,1405,1399,1401,-1,1406,1404,1407,-1,1404,1406,1405,-1,1408,1409,1407,-1,1406,1407,1409,-1,1408,1410,1411,-1,1411,1409,1408,-1,1412,1413,1410,-1,1410,1413,1411,-1,1414,1412,1415,-1,1412,1410,1415,-1,1414,1416,1417,-1,1417,1412,1414,-1,1418,1416,1419,-1,1416,1418,1417,-1,1418,1419,1420,-1,1421,1422,1423,-1,1424,1425,1426,-1,1427,1423,1428,-1,1429,1430,1431,-1,1432,1430,1433,-1,1434,1424,1399,-1,1435,1436,1437,-1,1438,1439,1440,-1,1441,1425,1442,-1,1443,1444,1445,-1,1446,1447,1436,-1,1448,1421,1427,-1,1449,1450,1451,-1,1452,1453,1454,-1,1455,1456,1450,-1,1457,1458,1459,-1,1460,1461,1448,-1,1462,1463,1464,-1,1465,1460,1466,-1,1465,1466,1467,-1,1468,1469,1470,-1,1469,1471,1467,-1,1471,1472,1473,-1,1474,1475,1476,-1,1477,1472,1468,-1,1478,1479,1480,-1,1481,1482,1483,-1,1484,1485,1486,-1,1487,1486,1488,-1,1489,1490,1479,-1,1491,1492,1429,-1,1484,1486,1487,-1,1488,1493,1487,-1,1494,1495,1488,-1,1496,1495,1497,-1,1498,1428,1499,-1,1500,1501,1496,-1,1496,1501,1474,-1,1502,1503,1504,-1,1503,1502,1501,-1,1505,1447,1441,-1,1399,1405,1434,-1,1506,1507,1409,-1,1411,1506,1409,-1,1508,1509,1506,-1,1508,1411,1413,-1,1405,1406,1434,-1,1412,1510,1511,-1,1512,1510,1513,-1,1511,1413,1412,-1,1417,1510,1412,-1,1433,1507,1506,-1,1510,1418,1513,-1,1507,1514,1434,-1,1417,1418,1510,-1,1442,1514,1433,-1,1420,1513,1418,-1,1398,1403,1515,-1,1516,1383,1517,-1,1518,1426,1425,-1,1392,1519,1390,-1,1520,1518,1446,-1,1398,1521,1396,-1,1521,1398,1515,-1,1392,1522,1519,-1,1523,1517,1388,-1,1386,1388,1517,-1,1519,1524,1523,-1,1383,1386,1517,-1,1382,1383,1516,-1,1525,1526,1527,-1,1382,1516,1528,-1,1529,1530,1531,-1,1528,1378,1380,-1,1532,1533,1534,-1,1529,1378,1528,-1,1374,1376,1531,-1,1529,1531,1376,-1,1413,1511,1508,-1,1513,1420,1535,-1,1510,1512,1511,-1,1535,1536,1513,-1,1507,1406,1409,-1,1509,1511,1537,-1,1434,1406,1507,-1,1538,1512,1536,-1,1411,1508,1506,-1,1536,1512,1513,-1,1509,1508,1511,-1,1537,1512,1538,-1,1539,1540,1536,-1,1536,1535,1539,-1,1403,1424,1515,-1,1541,1432,1509,-1,1403,1399,1424,-1,1432,1541,1431,-1,1514,1424,1434,-1,1538,1540,1542,-1,1514,1507,1433,-1,1506,1509,1432,-1,1540,1538,1536,-1,1511,1512,1537,-1,1541,1509,1537,-1,1543,1538,1542,-1,1544,1545,1540,-1,1540,1539,1544,-1,1396,1522,1394,-1,1426,1515,1424,-1,1392,1394,1522,-1,1425,1424,1514,-1,1441,1518,1425,-1,1515,1426,1521,-1,1546,1431,1541,-1,1431,1546,1491,-1,1433,1506,1432,-1,1514,1442,1425,-1,1541,1537,1543,-1,1433,1430,1442,-1,1547,1542,1545,-1,1545,1542,1540,-1,1537,1538,1543,-1,1546,1541,1543,-1,1548,1542,1547,-1,1549,1550,1545,-1,1545,1544,1549,-1,1551,1552,1553,-1,1390,1523,1388,-1,1554,1522,1521,-1,1522,1396,1521,-1,1519,1523,1390,-1,1520,1521,1426,-1,1522,1524,1519,-1,1518,1441,1447,-1,1554,1524,1522,-1,1442,1430,1555,-1,1520,1554,1521,-1,1492,1499,1556,-1,1426,1518,1520,-1,1548,1557,1498,-1,1491,1498,1499,-1,1430,1432,1431,-1,1555,1441,1442,-1,1546,1543,1548,-1,1430,1429,1555,-1,1558,1550,1559,-1,1550,1547,1545,-1,1543,1542,1548,-1,1498,1546,1548,-1,1557,1547,1558,-1,1560,1559,1550,-1,1550,1549,1560,-1,1376,1378,1529,-1,1561,1531,1530,-1,1562,1563,1530,-1,1382,1528,1380,-1,1530,1528,1526,-1,1527,1517,1564,-1,1526,1516,1527,-1,1523,1565,1564,-1,1527,1516,1517,-1,1565,1524,1566,-1,1564,1517,1523,-1,1567,1554,1520,-1,1565,1523,1524,-1,1568,1435,1569,-1,1524,1554,1566,-1,1555,1505,1441,-1,1566,1554,1567,-1,1483,1570,1492,-1,1567,1520,1446,-1,1570,1555,1429,-1,1447,1446,1518,-1,1557,1571,1428,-1,1491,1546,1498,-1,1429,1431,1491,-1,1570,1505,1555,-1,1428,1423,1499,-1,1570,1429,1492,-1,1572,1559,1573,-1,1547,1550,1558,-1,1548,1547,1557,-1,1428,1498,1557,-1,1559,1560,1574,-1,1558,1572,1571,-1,1575,1559,1574,-1,1529,1528,1530,-1,1561,1530,1563,-1,1533,1562,1534,-1,1528,1516,1526,-1,1562,1526,1525,-1,1564,1576,1577,-1,1527,1577,1525,-1,1565,1553,1576,-1,1577,1527,1564,-1,1553,1566,1578,-1,1576,1564,1565,-1,1568,1567,1446,-1,1565,1566,1553,-1,1505,1579,1447,-1,1578,1566,1567,-1,1481,1580,1482,-1,1568,1578,1567,-1,1482,1505,1570,-1,1568,1446,1436,-1,1422,1581,1556,-1,1579,1436,1447,-1,1505,1482,1579,-1,1582,1427,1571,-1,1492,1491,1499,-1,1483,1482,1570,-1,1427,1421,1423,-1,1483,1492,1556,-1,1583,1573,1584,-1,1558,1559,1572,-1,1557,1558,1571,-1,1427,1428,1571,-1,1559,1575,1573,-1,1572,1583,1582,-1,1585,1573,1575,-1,1530,1526,1562,-1,1563,1562,1533,-1,1532,1534,1586,-1,1577,1587,1525,-1,1525,1587,1534,-1,1576,1552,1588,-1,1577,1588,1587,-1,1589,1590,1591,-1,1588,1577,1576,-1,1551,1578,1569,-1,1552,1576,1553,-1,1438,1435,1592,-1,1553,1578,1551,-1,1593,1594,1580,-1,1578,1568,1569,-1,1579,1580,1437,-1,1568,1436,1435,-1,1595,1596,1581,-1,1436,1579,1437,-1,1483,1581,1481,-1,1579,1482,1580,-1,1597,1421,1461,-1,1582,1598,1448,-1,1556,1499,1423,-1,1581,1483,1556,-1,1599,1583,1584,-1,1422,1556,1423,-1,1599,1584,1600,-1,1572,1573,1583,-1,1571,1572,1582,-1,1582,1448,1427,-1,1573,1585,1584,-1,1583,1599,1598,-1,1601,1584,1585,-1,1534,1562,1525,-1,1602,1532,1586,-1,1464,1603,1604,-1,1602,1586,1605,-1,1587,1606,1586,-1,1552,1607,1608,-1,1606,1588,1608,-1,1607,1551,1609,-1,1608,1588,1552,-1,1609,1569,1438,-1,1551,1607,1552,-1,1594,1610,1443,-1,1569,1609,1551,-1,1592,1437,1594,-1,1569,1435,1438,-1,1596,1593,1481,-1,1437,1592,1435,-1,1595,1611,1612,-1,1437,1580,1594,-1,1597,1595,1422,-1,1580,1481,1593,-1,1461,1465,1613,-1,1481,1581,1596,-1,1598,1614,1460,-1,1595,1581,1422,-1,1599,1600,1615,-1,1597,1422,1421,-1,1461,1421,1448,-1,1616,1617,1600,-1,1582,1583,1598,-1,1598,1460,1448,-1,1584,1601,1600,-1,1614,1599,1615,-1,1616,1600,1601,-1,1534,1587,1586,-1,1618,1602,1605,-1,1618,1605,1619,-1,1587,1588,1606,-1,1606,1620,1605,-1,1607,1621,1622,-1,1620,1608,1622,-1,1621,1609,1440,-1,1622,1608,1607,-1,1456,1445,1623,-1,1607,1609,1621,-1,1592,1443,1439,-1,1440,1609,1438,-1,1624,1610,1593,-1,1592,1439,1438,-1,1612,1625,1626,-1,1594,1443,1592,-1,1596,1612,1624,-1,1594,1593,1610,-1,1613,1627,1628,-1,1596,1624,1593,-1,1597,1613,1611,-1,1596,1595,1612,-1,1469,1467,1466,-1,1611,1595,1597,-1,1615,1617,1629,-1,1613,1597,1461,-1,1461,1460,1465,-1,1617,1615,1600,-1,1598,1599,1614,-1,1466,1460,1614,-1,1470,1615,1629,-1,1630,1631,1617,-1,1617,1616,1630,-1,1586,1606,1605,-1,1632,1618,1619,-1,1632,1619,1633,-1,1606,1608,1620,-1,1620,1634,1619,-1,1621,1589,1635,-1,1634,1622,1635,-1,1589,1440,1636,-1,1621,1635,1622,-1,1439,1445,1636,-1,1621,1440,1589,-1,1637,1444,1610,-1,1439,1636,1440,-1,1626,1638,1639,-1,1443,1445,1439,-1,1624,1626,1637,-1,1610,1444,1443,-1,1628,1640,1641,-1,1624,1637,1610,-1,1611,1628,1625,-1,1624,1612,1626,-1,1467,1471,1642,-1,1611,1625,1612,-1,1465,1467,1627,-1,1613,1628,1611,-1,1466,1614,1470,-1,1613,1465,1627,-1,1643,1631,1644,-1,1631,1629,1617,-1,1614,1615,1470,-1,1469,1466,1470,-1,1468,1629,1643,-1,1645,1644,1631,-1,1631,1630,1645,-1,1605,1620,1619,-1,1646,1632,1633,-1,1646,1633,1647,-1,1620,1622,1634,-1,1634,1648,1633,-1,1649,1449,1650,-1,1648,1635,1591,-1,1636,1456,1590,-1,1589,1591,1635,-1,1651,1623,1444,-1,1636,1590,1589,-1,1652,1653,1639,-1,1456,1636,1445,-1,1637,1639,1651,-1,1444,1623,1445,-1,1641,1638,1625,-1,1637,1651,1444,-1,1654,1655,1640,-1,1637,1626,1639,-1,1642,1640,1627,-1,1625,1638,1626,-1,1473,1656,1471,-1,1625,1628,1641,-1,1472,1478,1473,-1,1627,1640,1628,-1,1469,1472,1471,-1,1642,1627,1467,-1,1657,1644,1658,-1,1629,1631,1643,-1,1470,1629,1468,-1,1468,1472,1469,-1,1644,1645,1659,-1,1643,1657,1477,-1,1659,1658,1644,-1,1619,1634,1633,-1,1660,1646,1647,-1,1647,1661,1662,-1,1634,1635,1648,-1,1647,1648,1663,-1,1455,1664,1590,-1,1591,1664,1663,-1,1450,1623,1665,-1,1591,1590,1664,-1,1451,1666,1667,-1,1455,1590,1456,-1,1651,1653,1665,-1,1623,1450,1456,-1,1668,1652,1638,-1,1651,1665,1623,-1,1669,1670,1671,-1,1653,1651,1639,-1,1641,1655,1668,-1,1638,1652,1639,-1,1672,1673,1674,-1,1641,1668,1638,-1,1642,1656,1654,-1,1640,1655,1641,-1,1675,1676,1677,-1,1640,1642,1654,-1,1478,1477,1678,-1,1642,1471,1656,-1,1679,1658,1485,-1,1643,1644,1657,-1,1468,1643,1477,-1,1472,1477,1478,-1,1658,1659,1680,-1,1657,1679,1678,-1,1681,1658,1680,-1,1633,1648,1647,-1,1660,1647,1662,-1,1661,1682,1683,-1,1648,1591,1663,-1,1661,1663,1684,-1,1455,1449,1649,-1,1649,1684,1664,-1,1685,1666,1451,-1,1649,1664,1455,-1,1665,1685,1451,-1,1450,1449,1455,-1,1652,1686,1653,-1,1451,1450,1665,-1,1687,1670,1669,-1,1685,1653,1686,-1,1668,1687,1669,-1,1669,1686,1652,-1,1688,1673,1672,-1,1669,1652,1668,-1,1654,1688,1672,-1,1672,1687,1655,-1,1480,1675,1677,-1,1672,1655,1654,-1,1473,1480,1677,-1,1677,1688,1656,-1,1689,1489,1479,-1,1677,1656,1473,-1,1678,1689,1479,-1,1657,1658,1679,-1,1477,1657,1678,-1,1678,1479,1478,-1,1658,1681,1485,-1,1679,1484,1689,-1,1690,1485,1681,-1,1647,1663,1661,-1,1662,1661,1683,-1,1682,1459,1691,-1,1663,1664,1684,-1,1682,1684,1692,-1,1666,1453,1667,-1,1649,1650,1692,-1,1667,1449,1451,-1,1650,1449,1667,-1,1686,1693,1685,-1,1686,1669,1671,-1,1665,1653,1685,-1,1666,1685,1693,-1,1670,1674,1694,-1,1671,1693,1686,-1,1672,1674,1687,-1,1673,1676,1695,-1,1668,1655,1687,-1,1674,1670,1687,-1,1677,1676,1688,-1,1675,1490,1696,-1,1654,1656,1688,-1,1676,1673,1688,-1,1479,1490,1480,-1,1489,1697,1698,-1,1473,1478,1480,-1,1490,1675,1480,-1,1484,1697,1689,-1,1679,1485,1484,-1,1678,1679,1689,-1,1697,1489,1689,-1,1485,1690,1486,-1,1484,1487,1697,-1,1699,1486,1690,-1,1661,1684,1682,-1,1683,1682,1691,-1,1463,1603,1464,-1,1684,1649,1692,-1,1700,1459,1692,-1,1452,1650,1667,-1,1700,1650,1452,-1,1666,1693,1701,-1,1452,1667,1453,-1,1693,1671,1702,-1,1453,1666,1701,-1,1703,1694,1704,-1,1693,1702,1701,-1,1703,1671,1670,-1,1702,1671,1703,-1,1674,1673,1705,-1,1703,1670,1694,-1,1706,1707,1695,-1,1694,1674,1705,-1,1676,1675,1706,-1,1705,1673,1695,-1,1708,1709,1696,-1,1695,1676,1706,-1,1708,1698,1710,-1,1706,1675,1696,-1,1708,1490,1489,-1,1696,1490,1708,-1,1697,1487,1711,-1,1708,1489,1698,-1,1495,1476,1493,-1,1711,1698,1697,-1,1486,1699,1488,-1,1711,1487,1493,-1,1494,1488,1699,-1,1682,1692,1459,-1,1691,1459,1458,-1,1712,1463,1457,-1,1692,1650,1700,-1,1457,1700,1712,-1,1453,1701,1713,-1,1712,1452,1454,-1,1701,1702,1714,-1,1453,1713,1454,-1,1703,1715,1702,-1,1701,1714,1713,-1,1716,1717,1718,-1,1714,1702,1715,-1,1694,1705,1719,-1,1715,1703,1704,-1,1720,1721,1722,-1,1694,1719,1704,-1,1723,1705,1695,-1,1719,1705,1723,-1,1724,1725,1726,-1,1695,1707,1723,-1,1727,1706,1696,-1,1707,1706,1727,-1,1728,1729,1730,-1,1727,1696,1709,-1,1698,1711,1731,-1,1709,1708,1710,-1,1475,1732,1733,-1,1698,1731,1710,-1,1734,1711,1493,-1,1734,1731,1711,-1,1476,1734,1493,-1,1494,1497,1495,-1,1488,1495,1493,-1,1459,1700,1457,-1,1458,1457,1735,-1,1603,1736,1604,-1,1700,1452,1712,-1,1603,1463,1712,-1,1737,1738,1736,-1,1736,1603,1454,-1,1739,1740,1737,-1,1737,1736,1713,-1,1741,1739,1718,-1,1739,1737,1714,-1,1715,1718,1739,-1,1704,1718,1715,-1,1722,1742,1716,-1,1716,1718,1704,-1,1743,1721,1720,-1,1719,1722,1716,-1,1726,1743,1720,-1,1720,1722,1723,-1,1744,1725,1724,-1,1707,1726,1720,-1,1745,1724,1730,-1,1724,1726,1727,-1,1746,1729,1728,-1,1709,1730,1724,-1,1747,1728,1733,-1,1728,1730,1710,-1,1748,1732,1475,-1,1731,1733,1728,-1,1474,1748,1475,-1,1475,1733,1734,-1,1501,1749,1474,-1,1497,1500,1496,-1,1495,1496,1476,-1,1457,1463,1735,-1,1462,1735,1463,-1,1736,1738,1604,-1,1454,1603,1712,-1,1737,1740,1738,-1,1713,1736,1454,-1,1739,1750,1740,-1,1714,1737,1713,-1,1741,1750,1739,-1,1715,1739,1714,-1,1741,1718,1717,-1,1717,1716,1742,-1,1722,1751,1742,-1,1719,1716,1704,-1,1721,1751,1722,-1,1723,1722,1719,-1,1726,1752,1743,-1,1707,1720,1723,-1,1725,1752,1726,-1,1727,1726,1707,-1,1745,1744,1724,-1,1709,1724,1727,-1,1729,1745,1730,-1,1710,1730,1709,-1,1747,1746,1728,-1,1731,1728,1710,-1,1732,1747,1733,-1,1734,1733,1731,-1,1474,1753,1748,-1,1476,1475,1734,-1,1749,1753,1474,-1,1496,1474,1476,-1,1502,1749,1501,-1,1500,1503,1501,-1,1754,1755,1756,-1,1757,1758,1759,-1,1760,1761,1762,-1,1763,1764,1765,-1,1756,1766,1762,-1,1767,1768,1769,-1,1755,1770,1756,-1,1768,1767,1771,-1,1772,1773,1774,-1,1775,1776,1777,-1,149,1773,1772,-1,1778,1774,1773,-1,1779,1770,1755,-1,1780,1770,1779,-1,1781,1780,1782,-1,1782,1683,1783,-1,1779,1782,1780,-1,1782,1783,1781,-1,1784,1783,1691,-1,1765,1766,1756,-1,1783,1784,1785,-1,1735,1786,1458,-1,1787,1784,1786,-1,1786,1735,1788,-1,1789,1780,1790,-1,1462,1788,1735,-1,1791,1754,1762,-1,1792,1760,1793,-1,1794,1761,1792,-1,1761,1794,1795,-1,1796,1794,1797,-1,1796,1798,1794,-1,1796,1799,1800,-1,1796,1801,1799,-1,1802,1803,1799,-1,1804,1802,1799,-1,1805,1802,1806,-1,1806,1802,1807,-1,1806,1808,1809,-1,1810,1808,1806,-1,1811,1808,1812,-1,1374,1809,1813,-1,1808,1811,1813,-1,1812,1808,1757,-1,1757,1759,1812,-1,1810,1814,1757,-1,1758,1815,1816,-1,1817,1815,1818,-1,1759,1758,1816,-1,1819,1817,1818,-1,1820,1821,152,-1,1822,1820,1823,-1,152,95,1820,-1,1820,95,1823,-1,1819,1818,1824,-1,1758,1814,1825,-1,1818,1815,1825,-1,1826,1827,1828,-1,1815,1758,1825,-1,1809,1805,1806,-1,1757,1814,1758,-1,1808,1810,1757,-1,1374,1531,1809,-1,1813,1809,1808,-1,1818,1829,1824,-1,1819,1824,1822,-1,1824,1829,1820,-1,1825,1830,1818,-1,1818,1830,1829,-1,1814,1831,1832,-1,1830,1825,1832,-1,1807,1831,1810,-1,1814,1832,1825,-1,1531,1805,1809,-1,1810,1831,1814,-1,1807,1810,1806,-1,1805,1803,1802,-1,1531,1561,1805,-1,1820,1822,1824,-1,168,152,1821,-1,168,1821,1833,-1,1830,1834,1829,-1,1829,1834,1821,-1,1832,1835,1830,-1,1830,1835,1834,-1,1831,1836,1837,-1,1835,1832,1837,-1,1804,1836,1807,-1,1831,1837,1832,-1,1561,1803,1805,-1,1807,1836,1831,-1,1804,1807,1802,-1,1563,1800,1803,-1,1561,1563,1803,-1,1820,1829,1821,-1,172,168,1833,-1,149,147,1773,-1,172,1833,1838,-1,1834,1839,1833,-1,1837,1840,1835,-1,1835,1840,1839,-1,1836,1826,1841,-1,1840,1837,1841,-1,1801,1826,1804,-1,1836,1841,1837,-1,1799,1803,1800,-1,1804,1826,1836,-1,1801,1804,1799,-1,1533,1798,1800,-1,1800,1563,1533,-1,1821,1834,1833,-1,182,172,1838,-1,1838,1842,183,-1,1834,1835,1839,-1,1839,1843,1838,-1,1841,1844,1840,-1,1840,1844,1843,-1,1769,1845,1846,-1,1844,1841,1828,-1,1797,1827,1801,-1,1826,1828,1841,-1,1796,1800,1798,-1,1801,1827,1826,-1,1797,1801,1796,-1,1532,1795,1798,-1,1798,1533,1532,-1,1833,1839,1838,-1,182,1838,183,-1,1842,1847,190,-1,1839,1840,1843,-1,1843,1848,1842,-1,1828,1849,1844,-1,1848,1844,1849,-1,1850,1827,1851,-1,1849,1828,1850,-1,1851,1797,1792,-1,1827,1850,1828,-1,1794,1798,1795,-1,1827,1797,1851,-1,1792,1797,1794,-1,1602,1791,1795,-1,1795,1532,1602,-1,1838,1843,1842,-1,183,1842,190,-1,1847,1852,199,-1,1843,1844,1848,-1,1848,1853,1847,-1,1850,1854,1849,-1,1853,1849,1854,-1,1855,1851,1793,-1,1854,1850,1855,-1,1856,1857,1767,-1,1851,1855,1850,-1,1761,1795,1791,-1,1792,1793,1851,-1,1760,1792,1761,-1,1618,1754,1791,-1,1791,1602,1618,-1,1842,1848,1847,-1,190,1847,199,-1,1852,1858,209,-1,1848,1849,1853,-1,1853,1859,1852,-1,1855,1860,1854,-1,1859,1854,1860,-1,1793,1861,1862,-1,1855,1862,1860,-1,1760,1766,1861,-1,1862,1855,1793,-1,1793,1760,1861,-1,1754,1618,1632,-1,1761,1791,1762,-1,1760,1762,1766,-1,1632,1755,1754,-1,1847,1853,1852,-1,199,1852,209,-1,1858,1863,148,-1,1853,1854,1859,-1,1859,1864,1858,-1,1862,1775,1860,-1,1775,1864,1860,-1,1776,1862,1861,-1,1776,1775,1862,-1,1764,1861,1766,-1,1776,1861,1764,-1,1764,1766,1765,-1,1755,1632,1646,-1,1762,1754,1756,-1,1765,1756,1770,-1,1660,1755,1646,-1,1852,1859,1858,-1,209,1858,148,-1,1863,1865,100,-1,1859,1860,1864,-1,1864,1866,1863,-1,1846,1867,1868,-1,1775,1777,1866,-1,1764,1869,1776,-1,1776,1869,1777,-1,1856,1870,1871,-1,1763,1869,1764,-1,1765,1770,1789,-1,1765,1789,1763,-1,1755,1660,1779,-1,1789,1770,1780,-1,1662,1779,1660,-1,1858,1864,1863,-1,148,1863,100,-1,1865,1872,144,-1,1864,1775,1866,-1,1873,1865,1866,-1,1874,1777,1869,-1,1874,1873,1777,-1,1875,1869,1763,-1,1874,1869,1875,-1,1876,1763,1789,-1,1876,1875,1763,-1,1781,1783,1785,-1,1790,1876,1789,-1,1779,1662,1782,-1,1781,1790,1780,-1,1683,1782,1662,-1,1863,1866,1865,-1,100,1865,144,-1,1778,1868,1877,-1,1866,1777,1873,-1,1872,1873,1878,-1,1879,1874,1875,-1,1879,1878,1874,-1,1880,1875,1876,-1,1879,1875,1880,-1,1881,1876,1790,-1,1880,1876,1881,-1,1882,1790,1781,-1,1881,1790,1882,-1,1786,1883,1787,-1,1882,1781,1785,-1,1691,1783,1683,-1,1865,1873,1872,-1,144,1872,147,-1,1778,1773,1868,-1,1873,1874,1878,-1,1878,1868,1773,-1,1846,1868,1769,-1,1879,1769,1868,-1,1884,1857,1856,-1,1880,1767,1769,-1,1885,1871,1870,-1,1881,1856,1767,-1,1886,1887,1787,-1,1870,1856,1882,-1,1887,1870,1787,-1,1787,1870,1785,-1,1458,1784,1691,-1,1878,1773,1872,-1,147,1872,1773,-1,1867,1877,1868,-1,1879,1868,1878,-1,1768,1845,1769,-1,1880,1769,1879,-1,1857,1771,1767,-1,1881,1767,1880,-1,1871,1884,1856,-1,1882,1856,1881,-1,1887,1885,1870,-1,1785,1870,1882,-1,1883,1886,1787,-1,1784,1787,1785,-1,1786,1788,1883,-1,1458,1786,1784,-1,1344,1888,1337,-1,1889,1890,52,-1,1891,1892,1893,-1,1894,1895,1896,-1,56,1897,59,-1,1898,1899,1900,-1,52,1890,53,-1,1901,62,63,-1,47,1902,82,-1,1902,47,1903,-1,95,89,1904,-1,1902,89,82,-1,1905,1906,64,-1,47,53,1903,-1,59,1907,63,-1,1901,1905,62,-1,1898,1908,1899,-1,1909,1908,1910,-1,63,1907,1901,-1,1910,1908,1898,-1,1900,57,23,-1,1900,1899,57,-1,1905,64,62,-1,1911,1912,1913,-1,1893,1914,1915,-1,1913,1894,1891,-1,1916,1917,1918,-1,1891,1915,1911,-1,1919,1920,1921,-1,1922,1916,1918,-1,1923,1888,1344,-1,1924,1925,1926,-1,1342,1923,1344,-1,1927,1926,1928,-1,1896,1917,1929,-1,1906,1930,1914,-1,1931,1932,1933,-1,1906,49,64,-1,1889,52,49,-1,49,1906,1889,-1,1934,1935,1936,-1,1937,1938,1939,-1,1935,1940,1903,-1,1941,1942,1943,-1,1944,1937,1939,-1,1815,1817,1945,-1,1941,1943,1945,-1,1759,1816,1946,-1,1816,1815,1947,-1,1948,1811,1812,-1,1949,1759,1946,-1,1950,1812,1949,-1,1370,1813,1948,-1,1813,1811,1948,-1,56,1899,1897,-1,1899,56,57,-1,1928,1951,1927,-1,1897,1907,59,-1,1897,1908,1952,-1,1953,1954,1901,-1,1952,1953,1907,-1,1954,1930,1905,-1,1901,1907,1953,-1,1936,1889,1914,-1,1901,1954,1905,-1,1935,1890,1936,-1,1906,1905,1930,-1,1914,1889,1906,-1,1944,1904,1937,-1,1890,1903,53,-1,1889,1936,1890,-1,1904,89,1902,-1,1935,1903,1890,-1,1940,1937,1902,-1,95,1904,1823,-1,1904,1944,1823,-1,1822,1823,1944,-1,1899,1908,1897,-1,1955,1909,1910,-1,1955,1956,1909,-1,1897,1952,1907,-1,1952,1909,1957,-1,1954,1958,1959,-1,1957,1958,1953,-1,1959,1915,1930,-1,1953,1958,1954,-1,1934,1936,1893,-1,1954,1959,1930,-1,1931,1935,1934,-1,1914,1930,1915,-1,1938,1940,1931,-1,1936,1914,1893,-1,1941,1960,1942,-1,1902,1937,1904,-1,1903,1940,1902,-1,1935,1931,1940,-1,1822,1944,1960,-1,1938,1937,1940,-1,1939,1942,1944,-1,1819,1822,1960,-1,1908,1909,1952,-1,1961,1956,1955,-1,1961,1962,1956,-1,1952,1957,1953,-1,1957,1956,1963,-1,1959,1964,1911,-1,1963,1964,1958,-1,1929,1916,1965,-1,1959,1958,1964,-1,1892,1932,1934,-1,1911,1915,1959,-1,1938,1933,1966,-1,1893,1915,1891,-1,1939,1966,1967,-1,1934,1893,1892,-1,1942,1967,1943,-1,1931,1934,1932,-1,1960,1944,1942,-1,1938,1931,1933,-1,1938,1966,1939,-1,1817,1819,1941,-1,1819,1960,1941,-1,1967,1942,1939,-1,1817,1941,1945,-1,1909,1956,1957,-1,1968,1962,1961,-1,1968,1969,1962,-1,1957,1963,1958,-1,1963,1962,1970,-1,1922,1971,1972,-1,1912,1964,1970,-1,1894,1973,1892,-1,1964,1912,1911,-1,1973,1974,1932,-1,1891,1911,1913,-1,1974,1975,1933,-1,1892,1891,1894,-1,1975,1976,1966,-1,1973,1932,1892,-1,1975,1974,1977,-1,1974,1933,1932,-1,1943,1967,1978,-1,1975,1966,1933,-1,1943,1979,1945,-1,1976,1978,1967,-1,1978,1979,1943,-1,1946,1947,1980,-1,1945,1947,1815,-1,1945,1979,1980,-1,1816,1947,1946,-1,1956,1962,1963,-1,1981,1969,1968,-1,1981,1982,1969,-1,1963,1970,1964,-1,1969,1983,1970,-1,1984,1895,1913,-1,1912,1983,1984,-1,1985,1973,1896,-1,1984,1913,1912,-1,1985,1977,1974,-1,1894,1913,1895,-1,1977,1986,1975,-1,1973,1894,1896,-1,1987,1977,1988,-1,1985,1974,1973,-1,1978,1976,1989,-1,1990,1980,1979,-1,1966,1976,1967,-1,1986,1989,1976,-1,1991,1946,1980,-1,1989,1992,1978,-1,1945,1980,1947,-1,1979,1992,1990,-1,1946,1993,1949,-1,1980,1990,1991,-1,1759,1949,1812,-1,1993,1946,1991,-1,1994,1950,1993,-1,1812,1950,1948,-1,1962,1969,1970,-1,1995,1982,1981,-1,1995,1996,1982,-1,1970,1983,1912,-1,1982,1997,1983,-1,1895,1998,1917,-1,1998,1984,1997,-1,1929,1988,1985,-1,1895,1984,1998,-1,1977,1987,1986,-1,1896,1895,1917,-1,1986,1999,1989,-1,1985,1896,1929,-1,1989,2000,1992,-1,2001,1990,1992,-1,1975,1986,1976,-1,1987,1999,1986,-1,1978,1992,1979,-1,1989,1999,2000,-1,1991,1990,2002,-1,1992,2000,2001,-1,1993,1991,2003,-1,1990,2001,2002,-1,2004,1950,1994,-1,1991,2002,2003,-1,1373,1948,2004,-1,1949,1993,1950,-1,2004,1948,1950,-1,1373,1370,1948,-1,1813,1370,1374,-1,1969,1982,1983,-1,2005,1996,1995,-1,2005,2006,1996,-1,1983,1997,1984,-1,1997,1996,2007,-1,1918,2008,1922,-1,1998,2007,1918,-1,1988,1929,1965,-1,1918,1917,1998,-1,1987,1988,2009,-1,1999,1987,2010,-1,1985,1988,1977,-1,1965,2009,1988,-1,2000,1999,2011,-1,2009,2010,1987,-1,2001,2000,2012,-1,1999,2010,2011,-1,2002,2001,2013,-1,2000,2011,2012,-1,2013,2014,2015,-1,2001,2012,2013,-1,2003,2002,2015,-1,1994,2003,2016,-1,1367,2004,1994,-1,1993,2003,1994,-1,2016,1368,1994,-1,1373,2004,1367,-1,1982,1996,1997,-1,2017,2006,2005,-1,2006,2018,1924,-1,1997,2007,1998,-1,2008,2007,2006,-1,1965,1916,1972,-1,1965,1920,2009,-1,1917,1916,1929,-1,1922,1972,1916,-1,2009,1919,2010,-1,1972,1920,1965,-1,2010,2019,2011,-1,1920,1919,2009,-1,2012,2011,2020,-1,1919,2019,2010,-1,2021,2022,2014,-1,2019,2020,2011,-1,2023,2015,2014,-1,2020,2021,2012,-1,1364,2016,2023,-1,2003,2015,2016,-1,2002,2013,2015,-1,2016,2015,2023,-1,2016,1364,1368,-1,1994,1368,1367,-1,1996,2006,2007,-1,2017,2018,2006,-1,2024,2025,1923,-1,2007,2008,1918,-1,2026,2008,1924,-1,1920,1972,2027,-1,1971,1922,2026,-1,2028,2019,1919,-1,1971,2027,1972,-1,2029,2020,2019,-1,2027,1921,1920,-1,2030,2031,2029,-1,1921,2028,1919,-1,2021,2031,2022,-1,2028,2029,2019,-1,2012,2021,2013,-1,2021,2020,2031,-1,1348,1351,2023,-1,2013,2021,2014,-1,2022,1348,2014,-1,2023,1351,1364,-1,2006,1924,2008,-1,2018,1925,1924,-1,1971,2032,2027,-1,2008,2026,1922,-1,1926,2033,2026,-1,1921,2027,2034,-1,1971,2033,2032,-1,2028,1921,2035,-1,2027,2032,2034,-1,2036,2035,2037,-1,1921,2034,2035,-1,2036,2030,2029,-1,2029,2028,2036,-1,2030,2038,2031,-1,1361,1349,2022,-1,2020,2029,2031,-1,2022,2031,2038,-1,1349,1348,2022,-1,2014,1348,2023,-1,1924,1926,2026,-1,1925,1928,1926,-1,2034,2032,2025,-1,2026,2033,1971,-1,1927,2039,2033,-1,2040,2025,2024,-1,2032,2039,2025,-1,2040,2037,2035,-1,2035,2034,2040,-1,2037,2041,2036,-1,1357,1359,2030,-1,2028,2035,2036,-1,2030,2036,2041,-1,1359,1361,2038,-1,1359,2038,2030,-1,2022,2038,1361,-1,1926,1927,2033,-1,1888,1951,1337,-1,2039,1888,1923,-1,2033,2039,2032,-1,2025,2039,1923,-1,1345,2040,2024,-1,1356,1355,2037,-1,2034,2025,2040,-1,1355,1357,2041,-1,1355,2041,2037,-1,2030,2041,1357,-1,2039,1927,1888,-1,1951,1888,1927,-1,1342,1341,1923,-1,1923,1341,2024,-1,1341,1345,2024,-1,1345,1356,2040,-1,2040,1356,2037,-1,1951,879,1337,-1,2018,1286,1925,-1,1928,881,882,-1,1289,2005,1995,-1,1287,2017,1288,-1,1968,1961,1292,-1,1981,1291,1290,-1,1955,1910,1294,-1,1955,1293,1961,-1,1295,1910,1898,-1,1910,1295,1294,-1,1900,769,1898,-1,1295,1898,769,-1,1900,23,29,-1,29,769,1900,-1,1292,1961,1293,-1,1955,1294,1293,-1,1981,1968,1291,-1,1968,1292,1291,-1,1289,1995,1290,-1,1995,1981,1290,-1,1288,2017,2005,-1,1288,2005,1289,-1,1287,1286,2018,-1,1287,2018,2017,-1,1925,881,1928,-1,1286,881,1925,-1,1951,882,879,-1,1928,882,1951,-1,2042,2043,2044,-1,2045,2046,2047,-1,2048,2046,2049,-1,2050,2051,2052,-1,2046,2045,2053,-1,2054,2055,2056,-1,2057,2058,2056,-1,2059,2042,2060,-1,2061,2062,2063,-1,1699,2064,2065,-1,1494,2065,2066,-1,2067,2065,2064,-1,1494,2066,1497,-1,2065,1494,1699,-1,1500,1497,2068,-1,2069,2070,2071,-1,2072,2071,2073,-1,2069,2074,2070,-1,2070,2073,2071,-1,1504,1503,2073,-1,2072,2073,1503,-1,2047,2057,2075,-1,2048,2049,2076,-1,2077,2044,2067,-1,1690,2064,1699,-1,2078,2079,2080,-1,1690,2081,2064,-1,2081,1681,2082,-1,1681,2081,1690,-1,1681,1680,2082,-1,1659,2082,1680,-1,2083,2082,1659,-1,2083,1659,1645,-1,1630,2084,1645,-1,1630,1616,2085,-1,2083,1645,2084,-1,2086,2087,2088,-1,1630,2085,2084,-1,1616,1601,2089,-1,2089,2085,1616,-1,2090,2091,2092,-1,2089,1601,2092,-1,2093,2094,2095,-1,2096,2097,2098,-1,2094,2099,2100,-1,2101,2102,2103,-1,2104,2105,2106,-1,2107,2094,2097,-1,2108,2109,2110,-1,2111,2099,2112,-1,2110,2113,2106,-1,2114,2103,2091,-1,2115,2116,2117,-1,1585,2092,1601,-1,1585,2090,2092,-1,1574,2090,1575,-1,2090,1585,1575,-1,2118,1574,1560,-1,1574,2118,2090,-1,1560,1549,2119,-1,1549,2120,2119,-1,2121,2120,1544,-1,2122,2118,2119,-1,2121,1539,2123,-1,2123,1539,1535,-1,1420,2124,1535,-1,1500,2068,2072,-1,2072,1503,1500,-1,2125,2126,2127,-1,2068,1497,2066,-1,2072,2068,2128,-1,2066,2065,2044,-1,2068,2043,2128,-1,2081,2129,2064,-1,2066,2044,2043,-1,2082,2130,2081,-1,2065,2067,2044,-1,2131,2082,2083,-1,2064,2129,2067,-1,2132,2083,2084,-1,2081,2130,2129,-1,2133,2084,2085,-1,2082,2131,2130,-1,2134,2085,2089,-1,2131,2083,2132,-1,2089,2092,2135,-1,2132,2084,2133,-1,2090,2118,2114,-1,2133,2085,2134,-1,2119,2136,2122,-1,2135,2134,2089,-1,2118,1560,2119,-1,2092,2091,2135,-1,2136,2120,2137,-1,2090,2114,2091,-1,2138,2121,2123,-1,1544,1539,2121,-1,1549,1544,2120,-1,2119,2120,2136,-1,1535,2124,2123,-1,2138,2137,2121,-1,2139,2123,2124,-1,2071,2072,2128,-1,2140,2141,2074,-1,2140,2074,2069,-1,2043,2068,2066,-1,2071,2128,2142,-1,2060,2143,2144,-1,2128,2059,2142,-1,2145,2067,2129,-1,2059,2043,2042,-1,2130,2080,2129,-1,2044,2077,2042,-1,2131,2078,2130,-1,2067,2145,2077,-1,2132,2146,2131,-1,2129,2080,2145,-1,2133,2147,2132,-1,2130,2078,2080,-1,2148,2133,2134,-1,2131,2146,2078,-1,2149,2134,2135,-1,2146,2132,2147,-1,2102,2135,2091,-1,2147,2133,2148,-1,2122,2150,2151,-1,2148,2134,2149,-1,2149,2135,2102,-1,2152,2150,2136,-1,2114,2118,2122,-1,2091,2103,2102,-1,2153,2137,2138,-1,2122,2151,2114,-1,2136,2150,2122,-1,2123,2139,2138,-1,2120,2121,2137,-1,2153,2152,2137,-1,2154,2138,2139,-1,2069,2071,2142,-1,2155,2156,2141,-1,2155,2141,2140,-1,2059,2128,2043,-1,2157,2069,2142,-1,2158,2042,2077,-1,2144,2157,2142,-1,2159,2077,2145,-1,2059,2060,2144,-1,2160,2145,2080,-1,2042,2158,2060,-1,2161,2162,2163,-1,2077,2159,2158,-1,2146,2164,2078,-1,2145,2160,2159,-1,2147,2165,2146,-1,2080,2079,2160,-1,2166,2147,2148,-1,2078,2164,2079,-1,2167,2148,2149,-1,2146,2165,2164,-1,2168,2149,2102,-1,2147,2166,2165,-1,2151,2169,2098,-1,2166,2148,2167,-1,2168,2167,2149,-1,2170,2169,2150,-1,2103,2114,2151,-1,2102,2101,2168,-1,2153,2171,2152,-1,2151,2098,2103,-1,2150,2169,2151,-1,2138,2154,2153,-1,2136,2137,2152,-1,2152,2171,2170,-1,2172,2153,2154,-1,2140,2069,2157,-1,2173,2174,2156,-1,2155,2173,2156,-1,2144,2142,2059,-1,2157,2175,2140,-1,2176,2060,2158,-1,2157,2052,2175,-1,2177,2158,2159,-1,2144,2143,2052,-1,2178,2159,2160,-1,2176,2143,2060,-1,2179,2160,2079,-1,2177,2176,2158,-1,2180,2079,2164,-1,2159,2178,2177,-1,2165,2161,2164,-1,2160,2179,2178,-1,2181,2165,2166,-1,2079,2180,2179,-1,2086,2166,2167,-1,2164,2161,2180,-1,2087,2167,2168,-1,2181,2161,2165,-1,2093,2168,2101,-1,2181,2166,2086,-1,2086,2167,2087,-1,2182,2096,2169,-1,2101,2103,2098,-1,2168,2093,2087,-1,2171,2183,2170,-1,2098,2097,2101,-1,2169,2096,2098,-1,2171,2153,2172,-1,2150,2152,2170,-1,2170,2183,2182,-1,2184,2171,2172,-1,2155,2140,2175,-1,2055,2054,2174,-1,2055,2174,2173,-1,2052,2157,2144,-1,2175,2185,2155,-1,2143,2061,2050,-1,2052,2051,2175,-1,2176,2186,2061,-1,2143,2050,2052,-1,2177,2187,2186,-1,2061,2143,2176,-1,2178,2188,2187,-1,2186,2176,2177,-1,2179,2189,2188,-1,2187,2177,2178,-1,2180,2163,2189,-1,2179,2188,2178,-1,2190,2191,2192,-1,2180,2189,2179,-1,2181,2192,2162,-1,2161,2163,2180,-1,2086,2088,2192,-1,2162,2161,2181,-1,2087,2095,2088,-1,2192,2181,2086,-1,2112,2193,2109,-1,2194,2107,2096,-1,2093,2101,2097,-1,2093,2095,2087,-1,2183,2195,2182,-1,2097,2094,2093,-1,2096,2107,2097,-1,2183,2171,2184,-1,2169,2170,2182,-1,2182,2195,2194,-1,2196,2183,2184,-1,2173,2155,2185,-1,2056,2058,2054,-1,2197,2051,2198,-1,2185,2175,2051,-1,2199,2173,2185,-1,2198,2050,2063,-1,2051,2197,2185,-1,2200,2201,2202,-1,2050,2198,2051,-1,2062,2186,2200,-1,2063,2050,2061,-1,2200,2187,2203,-1,2062,2061,2186,-1,2203,2188,2204,-1,2200,2186,2187,-1,2204,2189,2205,-1,2203,2187,2188,-1,2205,2163,2206,-1,2204,2188,2189,-1,2162,2191,2206,-1,2163,2205,2189,-1,2207,2208,2105,-1,2206,2163,2162,-1,2190,2088,2209,-1,2191,2162,2192,-1,2209,2095,2100,-1,2088,2190,2192,-1,2210,2099,2107,-1,2095,2209,2088,-1,2195,2211,2194,-1,2095,2094,2100,-1,2107,2099,2094,-1,2195,2183,2196,-1,2096,2182,2194,-1,2194,2211,2210,-1,2212,2195,2196,-1,2055,2173,2199,-1,2057,2213,2058,-1,2126,2197,2214,-1,2199,2185,2197,-1,2215,2055,2199,-1,2214,2198,2216,-1,2126,2199,2197,-1,2063,2217,2216,-1,2214,2197,2198,-1,2062,2202,2217,-1,2216,2198,2063,-1,2218,2219,2220,-1,2217,2063,2062,-1,2201,2203,2218,-1,2202,2062,2200,-1,2218,2204,2221,-1,2201,2200,2203,-1,2221,2205,2222,-1,2218,2203,2204,-1,2206,2223,2222,-1,2221,2204,2205,-1,2191,2224,2223,-1,2222,2205,2206,-1,2190,2225,2224,-1,2223,2206,2191,-1,2225,2209,2208,-1,2224,2191,2190,-1,2208,2100,2111,-1,2209,2225,2190,-1,2211,2193,2210,-1,2100,2208,2209,-1,2099,2111,2100,-1,2211,2195,2212,-1,2107,2194,2210,-1,2210,2193,2112,-1,2226,2211,2212,-1,2056,2055,2215,-1,2213,2047,2227,-1,2228,2127,2229,-1,2215,2199,2126,-1,2230,2056,2215,-1,2127,2214,2229,-1,2125,2215,2126,-1,2216,2231,2229,-1,2127,2126,2214,-1,2217,2232,2231,-1,2229,2214,2216,-1,2202,2233,2232,-1,2216,2217,2231,-1,2201,2220,2233,-1,2232,2217,2202,-1,2234,2219,2235,-1,2233,2202,2201,-1,2219,2221,2235,-1,2220,2201,2218,-1,2235,2222,2236,-1,2219,2218,2221,-1,2223,2237,2236,-1,2235,2221,2222,-1,2224,2238,2237,-1,2222,2223,2236,-1,2225,2207,2238,-1,2237,2223,2224,-1,2108,2105,2111,-1,2238,2224,2225,-1,2239,2110,2109,-1,2208,2207,2225,-1,2208,2111,2105,-1,2193,2211,2226,-1,2099,2210,2112,-1,2112,2109,2108,-1,2240,2193,2226,-1,2057,2056,2230,-1,2045,2047,2075,-1,2241,2230,2125,-1,2230,2215,2125,-1,2230,2241,2075,-1,2242,2125,2127,-1,2241,2125,2242,-1,2243,2244,2245,-1,2242,2127,2228,-1,2246,2229,2231,-1,2228,2229,2246,-1,2247,2231,2232,-1,2231,2247,2246,-1,2248,2232,2233,-1,2232,2248,2247,-1,2249,2233,2220,-1,2233,2249,2248,-1,2250,2220,2219,-1,2249,2220,2250,-1,2251,2252,2253,-1,2250,2219,2234,-1,2254,2235,2236,-1,2234,2235,2254,-1,2255,2236,2237,-1,2236,2255,2254,-1,2256,2237,2238,-1,2237,2256,2255,-1,2257,2238,2207,-1,2238,2257,2256,-1,2104,2207,2105,-1,2207,2104,2257,-1,2106,2105,2108,-1,2109,2193,2240,-1,2111,2112,2108,-1,2108,2110,2106,-1,2239,2109,2240,-1,2213,2057,2047,-1,2046,2048,2227,-1,2241,2258,2075,-1,2057,2230,2075,-1,2075,2258,2045,-1,2242,2259,2241,-1,2241,2259,2258,-1,2228,2260,2242,-1,2242,2260,2259,-1,2246,2243,2228,-1,2260,2228,2243,-1,2247,2244,2246,-1,2246,2244,2243,-1,2248,2261,2247,-1,2247,2261,2244,-1,2249,2262,2248,-1,2248,2262,2261,-1,2250,2263,2249,-1,2249,2263,2262,-1,2234,2264,2250,-1,2250,2264,2263,-1,2254,2251,2234,-1,2264,2234,2251,-1,2255,2252,2254,-1,2254,2252,2251,-1,2256,2265,2255,-1,2255,2265,2252,-1,2257,2266,2256,-1,2256,2266,2265,-1,2104,2267,2257,-1,2257,2267,2266,-1,2106,2268,2104,-1,2104,2268,2267,-1,2110,2116,2113,-1,2268,2106,2113,-1,2116,2110,2239,-1,2046,2227,2047,-1,2049,2046,2053,-1,2053,2045,2269,-1,2269,2258,2270,-1,2269,2045,2258,-1,2270,2259,2271,-1,2270,2258,2259,-1,2271,2260,2272,-1,2271,2259,2260,-1,2272,2243,2273,-1,2272,2260,2243,-1,2245,2273,2243,-1,2245,2244,2274,-1,2244,2261,2274,-1,2274,2261,2275,-1,2275,2262,2276,-1,2275,2261,2262,-1,2276,2263,2277,-1,2276,2262,2263,-1,2277,2264,2278,-1,2277,2263,2264,-1,2278,2251,2279,-1,2278,2264,2251,-1,2253,2279,2251,-1,2253,2252,2280,-1,2252,2265,2280,-1,2280,2265,2281,-1,2265,2266,2281,-1,2281,2266,2282,-1,2282,2267,2283,-1,2282,2266,2267,-1,2283,2268,2284,-1,2283,2267,2268,-1,2284,2113,2115,-1,2284,2268,2113,-1,2115,2113,2116,-1,2285,2286,2287,-1,2288,2289,2290,-1,2291,2292,2287,-1,2293,2139,2124,-1,2294,2295,2296,-1,2286,2297,2287,-1,2286,2285,1419,-1,2298,1420,1419,-1,2293,2154,2139,-1,2299,2290,2300,-1,2301,2299,2300,-1,2302,2299,2301,-1,2303,2304,2299,-1,2305,2304,2306,-1,2307,2306,2308,-1,2309,2305,2310,-1,2311,2299,2302,-1,1419,2285,2312,-1,2313,2297,2286,-1,2300,2290,2314,-1,2289,2314,2290,-1,2291,2287,2297,-1,2290,2297,2313,-1,2288,2290,2313,-1,2304,2305,2299,-1,2303,2299,2311,-1,2315,2316,2317,-1,2315,2318,2316,-1,1419,2312,2319,-1,2285,2320,2312,-1,2285,2321,2320,-1,2285,2322,2323,-1,2285,2323,2321,-1,2322,2285,2324,-1,2285,2305,2324,-1,2305,2325,2324,-1,2305,2326,2325,-1,2305,2327,2326,-1,2305,2328,2327,-1,2305,2309,2328,-1,2307,2310,2306,-1,2305,2306,2310,-1,2329,2330,2331,-1,2332,2333,2334,-1,2307,2333,2319,-1,2307,2335,2333,-1,2336,2335,2337,-1,2335,2338,2337,-1,2307,2338,2335,-1,2308,2306,2339,-1,2338,2307,2308,-1,2306,2117,2339,-1,2340,2333,2332,-1,1419,2319,2341,-1,1419,2341,2298,-1,2333,2340,2319,-1,2319,2340,2341,-1,2317,2316,2342,-1,2298,2343,2344,-1,2345,2346,2296,-1,2172,2293,2184,-1,2347,2295,2348,-1,2317,2342,2349,-1,2293,2350,2196,-1,2342,2330,2349,-1,2330,2329,2349,-1,2351,2352,2353,-1,2354,2331,2355,-1,2351,2353,2356,-1,2357,2355,2358,-1,2117,2116,2351,-1,2359,2360,2357,-1,2360,2361,2362,-1,2351,2363,2117,-1,2360,2359,2361,-1,2357,2358,2359,-1,2364,2355,2357,-1,2364,2354,2355,-1,2331,2330,2355,-1,2365,2355,2330,-1,2366,2298,2339,-1,2339,2367,2365,-1,2367,2339,2368,-1,2363,2369,2117,-1,2339,2370,2368,-1,2117,2369,2339,-1,2339,2369,2370,-1,2371,2363,2351,-1,2372,2371,2351,-1,2372,2351,2356,-1,2226,2350,2240,-1,2352,2351,2347,-1,2350,2226,2212,-1,2373,2352,2347,-1,2347,2348,2373,-1,2196,2350,2212,-1,1420,2345,2296,-1,2124,1420,2296,-1,2298,2374,1420,-1,1420,2374,2345,-1,2298,2375,2374,-1,2298,2344,2375,-1,2366,2365,2330,-1,2339,2365,2366,-1,2298,2366,2343,-1,2293,2172,2154,-1,2296,2346,2294,-1,2124,2296,2293,-1,2348,2295,2376,-1,2295,2294,2376,-1,2293,2196,2184,-1,2350,2351,2116,-1,2240,2350,2239,-1,2116,2239,2350,-1,2377,2378,2379,-1,2380,2381,2382,-1,2377,2379,2383,-1,2380,2384,2385,-1,2382,2384,2380,-1,2380,2377,2381,-1,2386,2381,2377,-1,2387,2388,2386,-1,2377,2383,2386,-1,2386,2388,2381,-1,2389,2390,2391,-1,2392,2393,2394,-1,2395,473,2396,-1,2397,2398,2399,-1,2400,2401,2402,-1,2403,2404,2405,-1,2405,2397,2403,-1,2404,2406,2407,-1,2406,2404,2403,-1,2408,2407,2409,-1,2406,2409,2407,-1,2410,2411,2408,-1,2408,2409,2410,-1,2411,2412,2413,-1,2412,2411,2410,-1,2414,2413,2415,-1,2412,2415,2413,-1,2415,2416,2417,-1,2417,2414,2415,-1,2417,2418,2419,-1,2418,2417,2416,-1,2420,2419,2421,-1,2418,2421,2419,-1,2117,2306,2420,-1,2420,2421,2117,-1,2398,2397,2405,-1,2398,2422,2399,-1,2401,2400,2422,-1,2399,2422,2400,-1,2402,2401,2423,-1,2423,2392,2424,-1,2424,2402,2423,-1,2393,2425,2394,-1,2392,2394,2424,-1,2426,2425,2427,-1,2393,2427,2425,-1,2428,2429,2426,-1,2426,2427,2428,-1,2429,2430,2431,-1,2430,2429,2428,-1,2432,2431,2433,-1,2430,2433,2431,-1,2434,2435,2432,-1,2432,2433,2434,-1,2435,2436,2437,-1,2436,2435,2434,-1,2436,2396,2437,-1,2437,2396,473,-1,560,564,2438,-1,2439,568,2440,-1,562,2441,571,-1,2442,2443,558,-1,2444,573,551,-1,2445,550,2446,-1,581,574,2447,-1,576,2448,2449,-1,2450,584,2451,-1,581,2451,584,-1,2450,2452,585,-1,585,584,2450,-1,594,2452,2453,-1,2452,594,585,-1,2454,591,2453,-1,594,2453,591,-1,593,591,2454,-1,2447,2451,581,-1,2447,574,2449,-1,573,2448,576,-1,576,2449,574,-1,551,2445,2444,-1,573,2444,2448,-1,550,571,2446,-1,551,550,2445,-1,2441,562,2443,-1,2446,571,2441,-1,2442,558,560,-1,2443,562,558,-1,2439,2438,564,-1,2438,2442,560,-1,569,2440,568,-1,568,2439,564,-1,473,2395,569,-1,569,2395,2440,-1,2455,2456,2457,-1,2458,2459,2460,-1,2461,2462,2463,-1,2464,2465,2466,-1,2461,2467,2468,-1,2469,2470,2276,-1,2471,2472,2274,-1,2275,2470,2471,-1,2273,2472,2473,-1,2474,2475,2476,-1,2272,2473,2477,-1,2478,2479,2480,-1,2477,2481,2271,-1,2482,2481,2483,-1,2484,2485,2486,-1,2487,2488,2489,-1,2490,2491,2492,-1,2483,2487,2492,-1,2485,2493,2494,-1,2485,2494,2486,-1,2495,2496,2497,-1,2498,2486,2494,-1,2499,2500,2456,-1,2049,2498,2076,-1,2501,2502,2503,-1,2500,2504,2505,-1,2506,2507,2508,-1,2505,2509,2507,-1,2510,2511,2512,-1,2513,2514,2507,-1,2515,2516,2517,-1,2518,2519,2520,-1,2511,2521,2522,-1,2523,2524,2525,-1,2526,2527,2528,-1,2529,2530,2531,-1,2530,2532,2533,-1,2516,2534,2512,-1,2535,2536,2537,-1,413,422,2538,-1,2539,2536,2540,-1,2541,2400,2402,-1,2397,2460,2542,-1,2541,2458,2400,-1,2424,2394,2543,-1,2543,2541,2424,-1,2425,2544,2545,-1,2394,2425,2545,-1,2544,2426,2429,-1,2544,2546,2545,-1,2431,2432,2547,-1,2547,2548,2431,-1,2549,2515,2550,-1,2432,2435,2547,-1,2514,2517,2508,-1,2551,2547,2435,-1,2437,473,475,-1,2435,2437,2551,-1,2117,2552,2115,-1,2553,2416,2415,-1,2459,2554,2542,-1,2403,2542,2555,-1,2542,2549,2555,-1,2556,2517,2557,-1,2515,2556,2550,-1,2514,2558,2557,-1,2549,2550,2555,-1,2557,2558,2553,-1,2559,2560,2279,-1,2561,2556,2557,-1,2562,2563,2564,-1,2470,2275,2276,-1,2565,2416,2553,-1,2565,2418,2416,-1,2565,2553,2564,-1,2421,2565,2552,-1,2418,2565,2421,-1,2117,2421,2552,-1,2284,2115,2563,-1,2283,2284,2566,-1,2552,2563,2115,-1,2552,2564,2563,-1,2283,2567,2282,-1,2552,2565,2564,-1,2284,2563,2566,-1,2566,2567,2283,-1,2412,2561,2415,-1,2553,2415,2561,-1,2558,2562,2564,-1,2557,2553,2561,-1,2410,2556,2412,-1,2561,2412,2556,-1,2566,2563,2562,-1,2568,2281,2282,-1,2567,2568,2282,-1,2558,2564,2553,-1,2569,2566,2562,-1,2569,2562,2513,-1,2410,2409,2550,-1,2550,2556,2410,-1,2513,2558,2514,-1,2514,2557,2517,-1,2406,2555,2409,-1,2550,2409,2555,-1,2517,2556,2515,-1,2403,2555,2406,-1,2567,2566,2569,-1,2570,2280,2281,-1,2570,2281,2568,-1,2513,2562,2558,-1,2571,2567,2569,-1,2572,2456,2465,-1,2509,2571,2569,-1,2554,2510,2534,-1,2507,2509,2513,-1,2507,2514,2508,-1,2554,2549,2542,-1,2397,2542,2403,-1,2516,2508,2517,-1,2515,2534,2516,-1,2460,2399,2458,-1,2460,2397,2399,-1,2554,2534,2549,-1,2542,2460,2459,-1,2399,2400,2458,-1,2568,2567,2571,-1,2253,2280,2570,-1,2253,2570,2559,-1,2509,2569,2513,-1,2568,2571,2573,-1,2512,2574,2575,-1,2504,2573,2571,-1,2516,2575,2508,-1,2504,2509,2505,-1,2534,2515,2549,-1,2505,2507,2506,-1,2459,2576,2554,-1,2575,2506,2508,-1,2458,2577,2459,-1,2512,2575,2516,-1,2521,2511,2510,-1,2534,2510,2512,-1,2554,2576,2510,-1,2541,2578,2579,-1,2541,2402,2424,-1,2577,2576,2459,-1,2579,2458,2541,-1,2545,2578,2543,-1,2545,2543,2394,-1,2578,2541,2543,-1,2426,2544,2425,-1,2570,2568,2573,-1,2279,2253,2559,-1,2484,2482,2491,-1,2504,2571,2509,-1,2570,2573,2580,-1,2502,2505,2506,-1,2580,2573,2499,-1,2503,2506,2575,-1,2499,2504,2500,-1,2522,2581,2582,-1,2502,2500,2505,-1,2576,2521,2510,-1,2503,2502,2506,-1,2577,2583,2576,-1,2503,2575,2574,-1,2522,2584,2511,-1,2512,2511,2574,-1,2585,2579,2586,-1,2587,2586,2578,-1,2577,2458,2579,-1,2576,2583,2521,-1,2546,2587,2545,-1,2579,2585,2577,-1,2544,2588,2546,-1,2578,2586,2579,-1,2544,2429,2548,-1,2587,2578,2545,-1,2547,2589,2548,-1,2547,2551,2590,-1,2429,2431,2548,-1,2548,2589,2588,-1,475,2590,2551,-1,2547,2590,2589,-1,2437,475,2551,-1,2559,2570,2580,-1,2278,2279,2560,-1,2591,2278,2560,-1,2499,2573,2504,-1,2559,2580,2592,-1,2457,2500,2502,-1,2592,2580,2572,-1,2584,2593,2594,-1,2572,2499,2456,-1,2594,2503,2574,-1,2456,2500,2457,-1,2584,2574,2511,-1,2457,2502,2501,-1,2583,2581,2521,-1,2594,2501,2503,-1,2593,2584,2595,-1,2594,2574,2584,-1,2596,2585,2597,-1,2598,2597,2586,-1,2583,2577,2585,-1,2521,2581,2522,-1,2599,2598,2587,-1,2585,2596,2583,-1,2600,2598,2599,-1,2586,2597,2585,-1,2588,2589,2601,-1,2587,2598,2586,-1,2546,2599,2587,-1,2590,2602,2589,-1,2544,2548,2588,-1,2588,2601,2603,-1,2590,474,477,-1,2589,2602,2601,-1,475,474,2590,-1,2560,2559,2592,-1,2277,2278,2591,-1,2591,2469,2277,-1,2572,2580,2499,-1,2560,2592,2604,-1,2605,2606,2607,-1,2604,2592,2464,-1,2607,2457,2501,-1,2464,2572,2465,-1,2605,2501,2594,-1,2465,2456,2455,-1,2527,2608,2525,-1,2455,2457,2607,-1,2522,2595,2584,-1,2605,2607,2501,-1,2593,2519,2518,-1,2593,2605,2594,-1,2609,2596,2610,-1,2598,2600,2611,-1,2581,2583,2596,-1,2522,2582,2595,-1,2599,2612,2600,-1,2596,2609,2581,-1,2613,2611,2600,-1,2597,2610,2596,-1,2599,2546,2603,-1,2611,2597,2598,-1,2601,2614,2603,-1,2602,2615,2601,-1,2546,2588,2603,-1,2612,2603,2614,-1,2602,477,481,-1,2601,2615,2614,-1,477,2602,2590,-1,2591,2560,2604,-1,2276,2277,2469,-1,2616,2475,2617,-1,2464,2592,2572,-1,2591,2604,2618,-1,2497,2465,2455,-1,2462,2618,2604,-1,2619,2455,2607,-1,2462,2464,2466,-1,2520,2620,2621,-1,2466,2465,2497,-1,2518,2605,2593,-1,2455,2619,2497,-1,2519,2593,2595,-1,2619,2607,2606,-1,2524,2595,2582,-1,2606,2605,2518,-1,2622,2623,2610,-1,2611,2613,2622,-1,2582,2581,2609,-1,2519,2595,2524,-1,2610,2597,2611,-1,2624,2582,2609,-1,2613,2600,2625,-1,2623,2609,2610,-1,2613,2626,2622,-1,2622,2610,2611,-1,2614,2627,2612,-1,2628,2614,2615,-1,2599,2603,2612,-1,2625,2612,2627,-1,2615,481,487,-1,2627,2614,2628,-1,481,2615,2602,-1,2469,2591,2618,-1,2471,2274,2275,-1,2629,2630,2631,-1,2462,2604,2464,-1,2469,2618,2632,-1,2466,2496,2463,-1,2618,2462,2461,-1,2633,2634,2635,-1,2462,2466,2463,-1,2619,2635,2495,-1,2497,2496,2466,-1,2606,2636,2635,-1,2497,2619,2495,-1,2518,2520,2636,-1,2606,2635,2619,-1,2519,2523,2520,-1,2606,2518,2636,-1,2637,2528,2623,-1,2624,2609,2623,-1,2524,2582,2624,-1,2519,2524,2523,-1,2637,2622,2626,-1,2525,2524,2624,-1,2626,2613,2638,-1,2528,2624,2623,-1,2626,2639,2637,-1,2637,2623,2622,-1,2627,2640,2625,-1,2628,494,2641,-1,2600,2612,2625,-1,2638,2625,2640,-1,2628,2615,487,-1,2627,2641,2640,-1,494,2628,487,-1,2470,2469,2632,-1,2472,2245,2274,-1,2642,2631,2643,-1,2632,2618,2461,-1,2470,2632,2644,-1,2467,2463,2645,-1,2632,2461,2468,-1,2645,2496,2629,-1,2463,2467,2461,-1,2629,2495,2634,-1,2463,2496,2645,-1,2621,2646,2647,-1,2495,2629,2496,-1,2633,2636,2621,-1,2495,2635,2634,-1,2608,2620,2523,-1,2636,2633,2635,-1,2527,2529,2648,-1,2621,2636,2520,-1,2525,2624,2528,-1,2520,2523,2620,-1,2526,2637,2639,-1,2525,2608,2523,-1,2639,2626,2649,-1,2527,2525,2528,-1,2639,2650,2526,-1,2526,2528,2637,-1,2640,2641,2651,-1,2641,501,2651,-1,2613,2625,2638,-1,2649,2638,2652,-1,2627,2628,2641,-1,2640,2651,2652,-1,494,501,2641,-1,2471,2470,2644,-1,2273,2245,2472,-1,2653,2468,2617,-1,2644,2632,2468,-1,2471,2644,2654,-1,2467,2655,2617,-1,2468,2653,2644,-1,2655,2645,2631,-1,2468,2467,2617,-1,2656,2657,2658,-1,2645,2655,2467,-1,2630,2634,2656,-1,2629,2631,2645,-1,2633,2647,2656,-1,2634,2630,2629,-1,2659,2660,2661,-1,2633,2656,2634,-1,2646,2620,2659,-1,2647,2633,2621,-1,2608,2648,2659,-1,2620,2646,2621,-1,2529,2526,2650,-1,2608,2659,2620,-1,2650,2639,2662,-1,2527,2648,2608,-1,2650,2530,2529,-1,2529,2527,2526,-1,2652,2651,2663,-1,2638,2640,2652,-1,2626,2638,2649,-1,2649,2664,2662,-1,2663,2651,395,-1,2652,2663,2664,-1,501,395,2651,-1,2472,2471,2654,-1,2272,2273,2473,-1,2653,2475,2665,-1,2654,2644,2653,-1,2654,2666,2472,-1,2667,2668,2669,-1,2653,2665,2654,-1,2655,2642,2616,-1,2617,2475,2653,-1,2670,2671,2672,-1,2655,2616,2617,-1,2630,2658,2643,-1,2631,2642,2655,-1,2673,2674,2675,-1,2630,2643,2631,-1,2647,2673,2657,-1,2658,2630,2656,-1,2646,2661,2673,-1,2647,2657,2656,-1,2531,2660,2648,-1,2646,2673,2647,-1,2532,2676,2539,-1,2661,2646,2659,-1,2530,2650,2677,-1,2659,2648,2660,-1,2662,2664,2678,-1,2531,2648,2529,-1,2664,2663,2679,-1,2649,2652,2664,-1,2639,2649,2662,-1,2662,2678,2677,-1,2679,2663,398,-1,2664,2679,2678,-1,395,398,2663,-1,2473,2472,2666,-1,2271,2272,2477,-1,2665,2474,2680,-1,2666,2654,2665,-1,2666,2681,2473,-1,2667,2682,2683,-1,2680,2666,2665,-1,2616,2684,2476,-1,2475,2474,2665,-1,2642,2668,2684,-1,2476,2475,2616,-1,2643,2685,2668,-1,2642,2684,2616,-1,2658,2671,2685,-1,2668,2642,2643,-1,2657,2675,2671,-1,2658,2685,2643,-1,2686,2687,2688,-1,2671,2658,2657,-1,2661,2686,2674,-1,2675,2657,2673,-1,2660,2689,2686,-1,2674,2673,2661,-1,2531,2533,2689,-1,2661,2660,2686,-1,2677,2678,2676,-1,2531,2689,2660,-1,2533,2531,2530,-1,2679,2690,2678,-1,2650,2662,2677,-1,2677,2676,2532,-1,2679,405,409,-1,2678,2690,2676,-1,398,405,2679,-1,2477,2473,2681,-1,2270,2271,2481,-1,2680,2480,2489,-1,2681,2666,2680,-1,2488,2477,2681,-1,2474,2478,2480,-1,2489,2681,2680,-1,2476,2683,2478,-1,2480,2680,2474,-1,2684,2667,2683,-1,2476,2478,2474,-1,2670,2691,2669,-1,2683,2476,2684,-1,2685,2670,2669,-1,2668,2667,2684,-1,2672,2692,2693,-1,2669,2668,2685,-1,2675,2692,2672,-1,2670,2685,2671,-1,2674,2688,2692,-1,2675,2672,2671,-1,2694,2687,2689,-1,2692,2675,2674,-1,2694,2533,2540,-1,2688,2674,2686,-1,2694,2695,2696,-1,2689,2687,2686,-1,2533,2694,2689,-1,2690,2697,2676,-1,2530,2677,2532,-1,2532,2539,2540,-1,2690,409,403,-1,2676,2697,2539,-1,409,2690,2679,-1,2481,2477,2488,-1,2482,2269,2270,-1,2479,2698,2699,-1,2488,2681,2489,-1,2483,2488,2487,-1,2699,2489,2480,-1,2487,2489,2699,-1,2682,2700,2701,-1,2699,2480,2479,-1,2701,2478,2683,-1,2479,2478,2701,-1,2691,2702,2703,-1,2701,2683,2682,-1,2703,2667,2669,-1,2682,2667,2703,-1,2693,2704,2705,-1,2703,2669,2691,-1,2705,2670,2672,-1,2691,2670,2705,-1,2688,2706,2692,-1,2705,2672,2693,-1,2696,2707,2708,-1,2693,2692,2706,-1,2708,2688,2687,-1,2688,2708,2706,-1,2696,2687,2694,-1,2687,2696,2708,-1,2540,2695,2694,-1,2697,2537,2539,-1,2533,2532,2540,-1,2540,2536,2695,-1,2697,403,533,-1,2539,2537,2536,-1,403,2697,2690,-1,2270,2481,2482,-1,2484,2053,2269,-1,2709,2698,2710,-1,2481,2488,2483,-1,2483,2492,2491,-1,2709,2487,2699,-1,2492,2487,2709,-1,2711,2700,2712,-1,2709,2699,2698,-1,2711,2479,2701,-1,2698,2479,2711,-1,2713,2702,2714,-1,2701,2700,2711,-1,2713,2682,2703,-1,2700,2682,2713,-1,2715,2704,2716,-1,2703,2702,2713,-1,2715,2691,2705,-1,2702,2691,2715,-1,2717,2718,2719,-1,2705,2704,2715,-1,2706,2717,2693,-1,2693,2717,2704,-1,2718,2706,2708,-1,2717,2706,2718,-1,2696,2695,2720,-1,2718,2708,2707,-1,2721,2535,2538,-1,2696,2720,2707,-1,2721,2695,2536,-1,2720,2695,2721,-1,2537,533,537,-1,2536,2535,2721,-1,533,2537,2697,-1,2269,2482,2484,-1,2053,2486,2049,-1,2722,2723,2724,-1,2482,2483,2491,-1,2491,2490,2485,-1,2722,2492,2709,-1,2490,2492,2722,-1,2725,2726,2727,-1,2709,2710,2722,-1,2726,2698,2711,-1,2710,2698,2726,-1,2728,2729,2730,-1,2711,2712,2726,-1,2730,2700,2713,-1,2700,2730,2712,-1,2731,2732,2733,-1,2713,2714,2730,-1,2733,2702,2715,-1,2702,2733,2714,-1,2734,2735,2736,-1,2715,2716,2733,-1,2734,2704,2717,-1,2716,2704,2734,-1,2718,2707,2737,-1,2717,2719,2734,-1,2707,2720,2738,-1,2718,2737,2719,-1,2721,2739,2720,-1,2707,2738,2737,-1,2740,2538,422,-1,2738,2720,2739,-1,2535,537,413,-1,2739,2721,2538,-1,537,2535,2537,-1,2053,2484,2486,-1,2498,2049,2486,-1,2741,2493,2485,-1,2484,2491,2485,-1,2485,2490,2741,-1,2724,2741,2490,-1,2724,2490,2722,-1,2710,2742,2723,-1,2723,2722,2710,-1,2725,2742,2710,-1,2725,2710,2726,-1,2712,2743,2727,-1,2727,2726,2712,-1,2729,2743,2712,-1,2729,2712,2730,-1,2744,2728,2730,-1,2730,2714,2744,-1,2732,2744,2714,-1,2732,2714,2733,-1,2716,2745,2731,-1,2731,2733,2716,-1,2736,2745,2716,-1,2736,2716,2734,-1,2719,2746,2735,-1,2735,2734,2719,-1,2747,2746,2719,-1,2719,2737,2747,-1,2748,2747,2737,-1,2737,2738,2748,-1,2749,2748,2738,-1,2738,2739,2749,-1,2740,2749,2739,-1,2740,2739,2538,-1,413,2538,2535,-1,2750,2751,2752,-1,2752,2454,2753,-1,2454,1316,2754,-1,2454,2754,2753,-1,2755,2756,2757,-1,2758,2454,2759,-1,2760,2761,2754,-1,1316,2760,2754,-1,2761,2762,2763,-1,2764,2765,2766,-1,2767,2758,2768,-1,2454,2758,2769,-1,2770,2771,2772,-1,2761,2760,2762,-1,2773,2774,2760,-1,2760,2774,2775,-1,2775,2774,2776,-1,2775,2777,2778,-1,2775,2776,2777,-1,2778,2779,2775,-1,2779,2780,2775,-1,2775,2780,2752,-1,2752,2780,2781,-1,2752,2781,2782,-1,2752,2782,2750,-1,2751,2783,2752,-1,2783,2759,2752,-1,2752,2759,2454,-1,2784,2785,2769,-1,2786,2787,2788,-1,2789,2790,2786,-1,2791,2792,2789,-1,2791,2793,2792,-1,2794,2795,2796,-1,2797,2798,2799,-1,2766,2800,2773,-1,2801,2802,2803,-1,2798,2804,2799,-1,2804,2805,2799,-1,2805,2806,2799,-1,2807,2808,2809,-1,2810,2799,2811,-1,2773,2760,2766,-1,2765,2800,2766,-1,2771,2809,2772,-1,2800,2809,2771,-1,2770,2796,2795,-1,2772,2796,2770,-1,2794,2756,2795,-1,2794,2757,2756,-1,2757,2812,2755,-1,2755,2812,2813,-1,2813,2812,2793,-1,2791,2813,2793,-1,2792,2790,2789,-1,2790,2787,2786,-1,2788,2814,2768,-1,2814,2788,2787,-1,2814,2767,2768,-1,2769,2758,2767,-1,2769,2785,2454,-1,2785,2784,2815,-1,2785,2803,2454,-1,2785,2816,2817,-1,2785,2817,2797,-1,2785,2797,2799,-1,2806,2818,2799,-1,2819,2799,2818,-1,2815,2820,2785,-1,2816,2785,2820,-1,2801,2803,2821,-1,2803,2822,2823,-1,2824,2764,2766,-1,2825,2826,2827,-1,2828,2829,593,-1,2830,2831,2832,-1,2823,2833,2834,-1,2832,2835,2830,-1,2836,2829,2828,-1,2835,2832,2837,-1,2837,2838,2839,-1,2454,2828,593,-1,2802,2828,2454,-1,2837,2839,2840,-1,2835,2837,2840,-1,2835,2840,2826,-1,2826,2840,2827,-1,2799,2841,2811,-1,2833,2810,2834,-1,2803,2823,2842,-1,2834,2842,2823,-1,2803,2842,2843,-1,2803,2843,2844,-1,2821,2803,2844,-1,2802,2454,2803,-1,2829,2836,2845,-1,2846,2847,2829,-1,2848,2846,2849,-1,2848,2826,2825,-1,2850,2851,2852,-1,2834,2853,2854,-1,2834,2810,2853,-1,2825,2855,2848,-1,2826,2848,2849,-1,2855,2856,2848,-1,2857,2858,2846,-1,2846,2858,2849,-1,2829,2857,2846,-1,2829,2845,2857,-1,2851,593,2829,-1,2850,2859,2851,-1,2860,2861,2851,-1,2862,2863,2864,-1,593,2865,2866,-1,2865,593,2859,-1,2867,2868,2869,-1,2867,2869,2870,-1,2867,2870,2871,-1,2872,2873,2855,-1,2874,2875,2876,-1,2825,2877,2872,-1,2878,2879,2880,-1,2879,2881,2882,-1,2879,2883,2881,-1,2882,2884,2879,-1,2879,2884,2862,-1,2862,2884,2863,-1,2862,2864,2861,-1,2861,2885,2886,-1,2864,2885,2861,-1,2886,2887,2861,-1,2861,2887,2851,-1,2851,2887,2852,-1,593,2851,2859,-1,2865,2859,2888,-1,2865,2888,2889,-1,2890,2891,2865,-1,2890,2892,2893,-1,2890,2893,2894,-1,2895,2890,2894,-1,2868,2867,2896,-1,735,593,2897,-1,2867,2871,2898,-1,2899,2900,2901,-1,2902,2903,2904,-1,2905,2906,2873,-1,2907,2868,2896,-1,2894,2907,2895,-1,2907,2896,2895,-1,2892,2890,2908,-1,2865,2908,2890,-1,2908,2865,2889,-1,2909,593,2866,-1,2910,2909,2866,-1,2897,593,2909,-1,2854,2853,2911,-1,1316,2912,2760,-1,1316,2913,2912,-1,2762,2760,2775,-1,2914,2808,2807,-1,2765,2809,2800,-1,2819,2808,2841,-1,2809,2765,2807,-1,2915,2916,2917,-1,2873,2918,2905,-1,2911,2853,2919,-1,2810,2811,2853,-1,2841,2920,2811,-1,1316,2921,2922,-1,2923,1316,2922,-1,2922,2924,2925,-1,2913,2926,2807,-1,2922,2925,2923,-1,2926,1316,2923,-1,2913,1316,2926,-1,2926,2914,2807,-1,2914,2841,2808,-1,2819,2841,2799,-1,2920,2841,2927,-1,2902,2904,2928,-1,2921,2929,2853,-1,2930,2919,2853,-1,2877,2825,2854,-1,2854,2825,2834,-1,2872,2855,2825,-1,2915,2918,2916,-1,2931,2932,2933,-1,2934,2935,2936,-1,2931,2933,2937,-1,2938,2939,2940,-1,2933,2932,2941,-1,2904,2942,2928,-1,2943,2944,2876,-1,2945,2876,2942,-1,2930,2946,2947,-1,2948,2942,2949,-1,2935,2950,2946,-1,2951,2875,2874,-1,2935,2946,2952,-1,2946,2953,2954,-1,2955,2956,2957,-1,2958,2936,2935,-1,2904,2949,2942,-1,2959,1316,2960,-1,735,2960,1316,-1,2921,1316,2959,-1,2946,2930,2929,-1,2921,2959,2961,-1,2921,2961,2962,-1,2853,2929,2930,-1,2921,2962,2963,-1,2921,2963,2929,-1,2946,2954,2952,-1,2934,2950,2935,-1,2946,2950,2947,-1,2947,2950,2937,-1,2933,2947,2937,-1,2947,2933,2964,-1,2947,2964,2965,-1,2947,2965,2966,-1,2938,2967,2944,-1,2968,2967,2969,-1,2875,2928,2876,-1,2970,2879,2855,-1,2971,2972,2973,-1,2883,2971,2974,-1,2975,2898,2976,-1,2977,2898,2975,-1,2948,2949,2978,-1,2979,2980,2981,-1,2982,2975,2983,-1,2971,2879,2878,-1,2880,2879,2970,-1,2905,2918,2915,-1,2984,2917,2940,-1,2985,2986,2987,-1,2928,2942,2876,-1,2988,2989,2990,-1,2945,2943,2876,-1,2991,2992,2993,-1,2943,2994,2944,-1,2938,2994,2939,-1,2944,2994,2938,-1,2939,2984,2940,-1,2992,2995,2988,-1,2917,2996,2940,-1,2997,2998,2985,-1,2996,2917,2916,-1,2999,2998,2997,-1,2995,2989,2988,-1,2873,2906,2855,-1,2995,2992,2991,-1,2906,2970,2855,-1,2991,2993,3000,-1,3001,2986,2985,-1,3000,2993,3002,-1,2971,2883,2879,-1,2973,2987,2971,-1,2983,2974,2971,-1,2987,2986,3003,-1,3002,3001,2985,-1,3000,3002,2998,-1,2985,2998,3002,-1,2987,2979,2981,-1,2977,2867,2898,-1,3004,3005,2981,-1,3006,2981,3005,-1,2901,3007,735,-1,2955,735,3008,-1,3009,3010,735,-1,2960,735,2955,-1,2957,2960,2955,-1,3011,2956,3012,-1,2957,2956,3011,-1,3011,3012,2969,-1,2967,2968,2944,-1,2969,3012,2968,-1,3004,2981,2980,-1,2897,2899,2901,-1,2975,2976,2983,-1,2977,3013,2867,-1,3014,735,3010,-1,3010,3015,3014,-1,2981,2971,2987,-1,3003,2979,2987,-1,2981,735,3014,-1,3008,735,2981,-1,3006,3008,2981,-1,2972,2971,2878,-1,2974,2983,2976,-1,3016,3017,2900,-1,3009,3018,3019,-1,3016,2900,2899,-1,735,2897,2901,-1,3020,3017,3016,-1,3021,735,3007,-1,3022,735,3021,-1,3022,3021,3023,-1,3018,735,3022,-1,3009,735,3018,-1,3009,3019,2977,-1,3019,3013,2977,-1,3013,3016,2867,-1,2867,3016,2899,-1,3024,3025,3026,-1,3027,3028,3029,-1,3030,3031,3032,-1,3032,3033,3030,-1,3031,3034,3032,-1,3034,3035,3032,-1,3036,3037,3038,-1,3039,3036,3038,-1,3037,3036,3034,-1,3040,3036,3041,-1,3040,3041,3042,-1,3041,3043,3044,-1,3044,3042,3041,-1,3036,3040,3034,-1,3034,3040,3035,-1,3045,3035,3046,-1,3035,3040,3046,-1,3047,3035,3045,-1,3048,3049,3050,-1,3051,3052,3053,-1,3053,3054,3051,-1,3052,3055,3053,-1,3055,3056,3053,-1,3057,3058,3059,-1,3060,3057,3059,-1,3058,3057,3055,-1,3061,3057,3062,-1,3061,3062,3063,-1,3062,3064,3065,-1,3065,3063,3062,-1,3057,3061,3055,-1,3055,3061,3056,-1,3066,3056,3067,-1,3056,3061,3067,-1,3068,3056,3066,-1,3069,3070,3071,-1,3071,3072,3069,-1,3070,3073,3071,-1,3073,3074,3071,-1,3075,3076,3077,-1,3078,3075,3077,-1,3076,3075,3073,-1,3079,3075,3080,-1,3079,3080,3081,-1,3080,3082,3083,-1,3083,3081,3080,-1,3075,3079,3073,-1,3073,3079,3074,-1,3084,3074,3085,-1,3074,3079,3085,-1,3086,3074,3084,-1,3087,1316,2454,-1,3088,3089,3090,-1,3091,3092,3093,-1,3094,3095,3096,-1,3097,3098,3099,-1,3100,3101,3102,-1,3103,3104,3105,-1,3106,3107,3108,-1,3106,3109,3101,-1,3110,3107,3111,-1,3107,3110,3108,-1,3112,3113,3111,-1,3110,3111,3113,-1,3112,3114,3115,-1,3115,3113,3112,-1,3102,3101,3109,-1,3106,3108,3109,-1,3103,3100,3104,-1,3100,3102,3104,-1,3094,3096,3105,-1,3096,3103,3105,-1,3099,3098,3095,-1,3099,3095,3094,-1,3097,3089,3088,-1,3097,3088,3098,-1,3090,3092,3091,-1,3089,3092,3090,-1,3087,3093,1316,-1,3091,3093,3087,-1,3116,3117,3118,-1,3119,3120,3102,-1,3102,3109,3119,-1,3121,3119,3109,-1,3122,3123,3124,-1,3121,3108,3125,-1,3126,3127,3128,-1,3108,3121,3109,-1,3110,3129,3125,-1,3130,3131,3132,-1,3133,3130,3127,-1,3132,3134,3115,-1,3115,3134,3113,-1,3135,3136,3137,-1,3138,3139,3140,-1,3141,3142,3143,-1,3144,3145,3146,-1,3147,3148,3149,-1,3150,3151,3152,-1,3153,3154,3155,-1,3156,3157,3158,-1,3159,3160,3161,-1,3162,3163,3157,-1,3164,3151,3165,-1,3166,3167,3168,-1,3169,3170,3171,-1,3172,3173,3174,-1,3175,3170,3176,-1,3177,3178,3179,-1,3180,3181,3182,-1,3183,3184,3185,-1,3186,3187,3188,-1,3189,3190,3191,-1,3192,3193,3194,-1,3195,3196,3197,-1,3198,1336,1335,-1,3199,3200,3201,-1,3202,3203,3204,-1,3205,3206,3207,-1,3208,3209,3210,-1,3211,3135,3212,-1,3213,3214,3215,-1,3216,3217,3137,-1,3135,3218,3219,-1,3220,3221,3222,-1,3223,3224,3225,-1,3226,3227,3222,-1,3228,3229,3230,-1,3230,3231,3232,-1,3233,3234,3230,-1,3235,3236,3233,-1,3237,3233,3236,-1,3238,3236,3235,-1,3239,3240,3216,-1,3241,3209,3242,-1,3243,3244,3197,-1,3199,3245,3246,-1,3210,3247,3248,-1,3203,3249,3200,-1,3205,3250,3213,-1,3190,3251,3211,-1,3244,3215,3195,-1,3252,3253,3254,-1,3196,3252,3255,-1,3194,3256,3253,-1,3189,3257,3258,-1,3183,3259,3260,-1,3261,3259,3258,-1,3262,3186,3263,-1,3192,3262,3264,-1,3265,3266,3178,-1,3185,3267,3265,-1,3268,3269,3181,-1,3270,3187,3269,-1,3271,3172,3272,-1,3272,3177,3273,-1,3168,3274,3275,-1,3275,3276,3182,-1,3163,3277,3166,-1,3278,3176,3174,-1,3279,3158,3160,-1,3169,3280,3165,-1,3154,3281,3161,-1,3282,3145,3150,-1,3148,3283,3155,-1,3284,3138,3144,-1,3117,3285,3149,-1,3140,3286,3143,-1,3287,3288,3118,-1,3289,3142,3290,-1,3287,3291,3120,-1,3292,3289,3293,-1,3120,3291,3104,-1,3294,3125,3292,-1,3295,3094,3105,-1,3291,3105,3104,-1,3094,3296,3099,-1,3291,3295,3105,-1,3297,3097,3298,-1,3094,3295,3296,-1,3297,3299,3089,-1,3298,3097,3099,-1,3092,3300,3093,-1,3097,3297,3089,-1,1316,3093,1315,-1,3300,3092,3299,-1,3113,3129,3110,-1,3129,3113,3134,-1,3133,3131,3130,-1,3125,3108,3110,-1,3301,3129,3134,-1,3294,3121,3125,-1,3129,3301,3292,-1,3302,3288,3119,-1,3291,3303,3295,-1,3120,3104,3102,-1,3302,3121,3294,-1,3296,3295,3304,-1,3302,3119,3121,-1,3305,3298,3306,-1,3288,3287,3120,-1,3291,3287,3303,-1,3305,3307,3297,-1,3296,3298,3099,-1,3304,3295,3303,-1,3299,3308,3300,-1,3306,3298,3296,-1,3305,3297,3298,-1,3093,3300,1315,-1,3089,3299,3092,-1,3308,3299,3307,-1,1314,1315,3300,-1,3134,3131,3301,-1,3131,3134,3132,-1,3133,3127,3126,-1,3292,3125,3129,-1,3131,3309,3301,-1,3293,3294,3292,-1,3301,3309,3289,-1,3310,3116,3302,-1,3287,3311,3303,-1,3288,3120,3119,-1,3310,3294,3293,-1,3304,3303,3312,-1,3302,3294,3310,-1,3313,3306,3314,-1,3116,3118,3288,-1,3118,3311,3287,-1,3313,3315,3305,-1,3304,3306,3296,-1,3312,3303,3311,-1,3316,3308,3307,-1,3314,3306,3304,-1,3305,3306,3313,-1,3308,1313,1314,-1,3297,3307,3299,-1,3307,3315,3316,-1,1314,3300,3308,-1,3309,3131,3133,-1,3317,3128,3318,-1,3126,3128,3317,-1,3289,3292,3301,-1,3319,3320,3321,-1,3290,3293,3289,-1,3309,3322,3142,-1,3323,3285,3310,-1,3118,3324,3311,-1,3116,3288,3302,-1,3323,3293,3290,-1,3311,3325,3312,-1,3310,3293,3323,-1,3326,3314,3327,-1,3116,3285,3117,-1,3117,3324,3118,-1,3326,3328,3313,-1,3312,3314,3304,-1,3325,3311,3324,-1,3316,3315,3329,-1,3327,3314,3312,-1,3313,3314,3326,-1,3308,3316,1313,-1,3305,3315,3307,-1,3329,3315,3328,-1,1312,1313,3316,-1,3133,3322,3309,-1,3126,3322,3133,-1,3317,3318,3330,-1,3142,3289,3309,-1,3331,3322,3126,-1,3141,3290,3142,-1,3143,3322,3331,-1,3332,3147,3323,-1,3324,3117,3333,-1,3285,3116,3310,-1,3141,3332,3290,-1,3324,3334,3325,-1,3323,3290,3332,-1,3335,3327,3336,-1,3285,3147,3149,-1,3117,3149,3333,-1,3335,3337,3326,-1,3325,3327,3312,-1,3334,3324,3333,-1,3329,3328,3338,-1,3336,3327,3325,-1,3335,3326,3327,-1,3316,3329,1312,-1,3313,3328,3315,-1,3338,3328,3337,-1,1311,1312,3329,-1,3317,3331,3126,-1,3339,3330,3318,-1,3340,3330,3339,-1,3143,3142,3322,-1,3317,3341,3331,-1,3143,3286,3141,-1,3140,3331,3341,-1,3342,3283,3332,-1,3333,3149,3343,-1,3147,3285,3323,-1,3342,3141,3286,-1,3334,3333,3344,-1,3332,3141,3342,-1,3345,3336,3346,-1,3283,3148,3147,-1,3148,3343,3149,-1,3345,3347,3335,-1,3334,3336,3325,-1,3344,3333,3343,-1,3348,3338,3337,-1,3346,3336,3334,-1,3345,3335,3336,-1,3329,3338,1311,-1,3326,3337,3328,-1,3348,3337,3347,-1,1310,1311,3338,-1,3330,3341,3317,-1,3349,3340,3339,-1,3349,3350,3340,-1,3140,3143,3331,-1,3330,3351,3341,-1,3139,3286,3140,-1,3138,3341,3351,-1,3352,3153,3342,-1,3148,3353,3343,-1,3283,3147,3332,-1,3139,3352,3286,-1,3343,3354,3344,-1,3342,3286,3352,-1,3355,3346,3356,-1,3283,3153,3155,-1,3155,3353,3148,-1,3355,3357,3345,-1,3344,3346,3334,-1,3354,3343,3353,-1,3347,3358,3348,-1,3346,3344,3356,-1,3355,3345,3346,-1,3338,3348,1310,-1,3335,3347,3337,-1,3347,3357,3358,-1,1309,1310,3348,-1,3340,3351,3330,-1,3320,3350,3349,-1,3350,3320,3319,-1,3138,3140,3341,-1,3123,3359,3321,-1,3138,3284,3139,-1,3144,3351,3360,-1,3361,3281,3352,-1,3353,3155,3362,-1,3153,3283,3342,-1,3284,3361,3139,-1,3353,3363,3354,-1,3352,3139,3361,-1,3364,3356,3365,-1,3153,3281,3154,-1,3155,3154,3362,-1,3366,3355,3364,-1,3354,3356,3344,-1,3353,3362,3363,-1,3367,3358,3357,-1,3365,3356,3354,-1,3355,3356,3364,-1,1308,1309,3358,-1,3345,3357,3347,-1,3357,3366,3367,-1,1309,3348,3358,-1,3340,3350,3360,-1,3340,3360,3351,-1,3368,3369,3124,-1,3144,3138,3351,-1,3350,3370,3360,-1,3144,3146,3284,-1,3360,3370,3145,-1,3371,3159,3361,-1,3362,3154,3372,-1,3281,3153,3352,-1,3371,3284,3146,-1,3363,3362,3373,-1,3371,3361,3284,-1,3365,3374,3375,-1,3159,3161,3281,-1,3154,3161,3372,-1,3375,3376,3364,-1,3363,3365,3354,-1,3362,3372,3373,-1,3367,3366,3377,-1,3374,3365,3363,-1,3375,3364,3365,-1,3358,3367,1308,-1,3355,3366,3357,-1,3366,3376,3377,-1,1307,1308,3367,-1,3319,3370,3350,-1,3232,3378,3379,-1,3122,3359,3123,-1,3145,3144,3360,-1,3380,3370,3319,-1,3282,3146,3145,-1,3150,3370,3380,-1,3381,3279,3371,-1,3161,3382,3372,-1,3159,3281,3361,-1,3282,3381,3146,-1,3373,3372,3383,-1,3371,3146,3381,-1,3374,3384,3385,-1,3159,3279,3160,-1,3160,3382,3161,-1,3385,3386,3375,-1,3373,3374,3363,-1,3383,3372,3382,-1,3376,3387,3377,-1,3374,3373,3384,-1,3385,3375,3374,-1,3377,1307,3367,-1,3364,3376,3366,-1,3376,3386,3387,-1,1306,1307,3377,-1,3319,3359,3380,-1,3359,3319,3321,-1,3388,3389,3390,-1,3150,3145,3370,-1,3359,3391,3380,-1,3150,3152,3282,-1,3380,3391,3151,-1,3392,3156,3381,-1,3382,3160,3393,-1,3279,3159,3371,-1,3392,3282,3152,-1,3382,3394,3383,-1,3392,3381,3282,-1,3395,3384,3396,-1,3156,3158,3279,-1,3160,3158,3393,-1,3397,3385,3395,-1,3383,3384,3373,-1,3382,3393,3394,-1,3386,3398,3387,-1,3396,3384,3383,-1,3385,3384,3395,-1,1305,1306,3387,-1,3375,3386,3376,-1,3386,3397,3398,-1,1306,3377,3387,-1,3391,3359,3122,-1,3399,3368,3400,-1,3399,3369,3368,-1,3151,3150,3380,-1,3401,3391,3122,-1,3164,3152,3151,-1,3391,3401,3165,-1,3402,3162,3392,-1,3158,3403,3393,-1,3156,3279,3381,-1,3402,3152,3164,-1,3394,3393,3404,-1,3392,3152,3402,-1,3396,3405,3406,-1,3162,3157,3156,-1,3158,3157,3403,-1,3406,3407,3395,-1,3394,3396,3383,-1,3393,3403,3404,-1,3398,3397,3408,-1,3396,3394,3405,-1,3395,3396,3406,-1,3398,1304,1305,-1,3385,3397,3386,-1,3397,3407,3408,-1,1305,3387,3398,-1,3122,3369,3401,-1,3369,3122,3124,-1,3409,3399,3400,-1,3165,3151,3391,-1,3410,3401,3369,-1,3280,3164,3165,-1,3401,3410,3169,-1,3411,3277,3402,-1,3157,3412,3403,-1,3162,3156,3392,-1,3411,3164,3280,-1,3404,3403,3413,-1,3402,3164,3411,-1,3405,3414,3415,-1,3162,3277,3163,-1,3163,3412,3157,-1,3416,3406,3415,-1,3404,3405,3394,-1,3403,3412,3413,-1,3408,3407,3417,-1,3405,3404,3414,-1,3415,3406,3405,-1,3398,3408,1304,-1,3395,3407,3397,-1,3417,3407,3416,-1,1303,1304,3408,-1,3399,3410,3369,-1,3418,3409,3400,-1,3419,3409,3418,-1,3169,3165,3401,-1,3420,3410,3399,-1,3171,3280,3169,-1,3170,3410,3420,-1,3421,3167,3411,-1,3412,3163,3422,-1,3277,3162,3402,-1,3421,3280,3171,-1,3412,3423,3413,-1,3411,3280,3421,-1,3414,3424,3425,-1,3277,3167,3166,-1,3166,3422,3163,-1,3426,3415,3425,-1,3413,3414,3404,-1,3412,3422,3423,-1,3427,3417,3416,-1,3414,3413,3424,-1,3425,3415,3414,-1,3408,3417,1303,-1,3406,3416,3407,-1,3427,3416,3426,-1,1302,1303,3417,-1,3409,3420,3399,-1,3428,3419,3418,-1,3419,3428,3429,-1,3170,3169,3410,-1,3409,3430,3420,-1,3175,3171,3170,-1,3420,3430,3176,-1,3431,3274,3421,-1,3422,3166,3432,-1,3167,3277,3411,-1,3431,3171,3175,-1,3422,3433,3423,-1,3431,3421,3171,-1,3424,3434,3435,-1,3274,3168,3167,-1,3168,3432,3166,-1,3436,3425,3435,-1,3423,3424,3413,-1,3422,3432,3433,-1,3437,3427,3426,-1,3434,3424,3423,-1,3425,3424,3435,-1,3417,3427,1302,-1,3415,3426,3416,-1,3426,3436,3437,-1,1301,1302,3427,-1,3419,3430,3409,-1,3389,3429,3428,-1,3438,3439,3440,-1,3176,3170,3420,-1,3441,3442,3390,-1,3278,3175,3176,-1,3430,3443,3174,-1,3444,3276,3431,-1,3168,3445,3432,-1,3274,3167,3421,-1,3278,3444,3175,-1,3432,3446,3433,-1,3431,3175,3444,-1,3434,3447,3448,-1,3276,3275,3274,-1,3275,3445,3168,-1,3448,3449,3435,-1,3433,3434,3423,-1,3446,3432,3445,-1,3450,3437,3436,-1,3434,3433,3447,-1,3435,3434,3448,-1,3437,1301,3427,-1,3425,3436,3426,-1,3436,3449,3450,-1,1300,1301,3437,-1,3419,3443,3430,-1,3429,3443,3419,-1,3388,3390,3442,-1,3174,3176,3430,-1,3451,3443,3429,-1,3174,3173,3278,-1,3443,3451,3172,-1,3452,3180,3444,-1,3275,3453,3445,-1,3276,3274,3431,-1,3452,3278,3173,-1,3445,3454,3446,-1,3444,3278,3452,-1,3455,3447,3456,-1,3180,3182,3276,-1,3275,3182,3453,-1,3457,3448,3455,-1,3446,3447,3433,-1,3445,3453,3454,-1,3450,3449,3458,-1,3447,3446,3456,-1,3448,3447,3455,-1,1299,1300,3450,-1,3435,3449,3436,-1,3449,3457,3458,-1,1300,3437,3450,-1,3429,3388,3451,-1,3388,3429,3389,-1,3459,3442,3441,-1,3172,3174,3443,-1,3460,3451,3388,-1,3271,3173,3172,-1,3451,3460,3272,-1,3461,3268,3452,-1,3182,3462,3453,-1,3180,3276,3444,-1,3461,3173,3271,-1,3454,3453,3463,-1,3452,3173,3461,-1,3456,3464,3465,-1,3180,3268,3181,-1,3181,3462,3182,-1,3466,3455,3465,-1,3454,3456,3446,-1,3453,3462,3463,-1,3458,3457,3467,-1,3456,3454,3464,-1,3465,3455,3456,-1,3450,3458,1299,-1,3448,3457,3449,-1,3467,3457,3466,-1,1298,1299,3458,-1,3442,3460,3388,-1,3468,3459,3441,-1,3469,3459,3468,-1,3272,3172,3451,-1,3470,3460,3442,-1,3273,3271,3272,-1,3177,3460,3470,-1,3471,3270,3461,-1,3462,3181,3472,-1,3268,3180,3452,-1,3471,3271,3273,-1,3462,3473,3463,-1,3461,3271,3471,-1,3464,3474,3475,-1,3268,3270,3269,-1,3269,3472,3181,-1,3476,3465,3475,-1,3463,3464,3454,-1,3462,3472,3473,-1,3477,3467,3466,-1,3464,3463,3474,-1,3475,3465,3464,-1,3458,3467,1298,-1,3455,3466,3457,-1,3477,3466,3476,-1,1297,1298,3467,-1,3459,3470,3442,-1,3440,3469,3468,-1,3478,3479,3480,-1,3177,3272,3460,-1,3459,3481,3470,-1,3179,3273,3177,-1,3470,3481,3178,-1,3482,3188,3471,-1,3472,3269,3483,-1,3270,3268,3461,-1,3482,3273,3179,-1,3472,3484,3473,-1,3482,3471,3273,-1,3474,3485,3486,-1,3188,3187,3270,-1,3187,3483,3269,-1,3487,3475,3486,-1,3473,3474,3463,-1,3472,3483,3484,-1,3488,3477,3476,-1,3485,3474,3473,-1,3486,3475,3474,-1,3467,3477,1297,-1,3465,3476,3466,-1,3476,3487,3488,-1,1296,1297,3477,-1,3469,3481,3459,-1,3489,3438,3480,-1,3439,3438,3489,-1,3178,3177,3470,-1,3490,3481,3469,-1,3266,3179,3178,-1,3481,3490,3265,-1,3491,3263,3482,-1,3187,3492,3483,-1,3188,3270,3471,-1,3266,3491,3179,-1,3483,3493,3484,-1,3482,3179,3491,-1,3485,3494,3495,-1,3263,3186,3188,-1,3186,3492,3187,-1,3495,3496,3486,-1,3484,3485,3473,-1,3493,3483,3492,-1,3497,3488,3487,-1,3485,3484,3494,-1,3486,3485,3495,-1,3488,1296,3477,-1,3475,3487,3476,-1,3497,3487,3496,-1,1317,1296,3488,-1,3469,3439,3490,-1,3439,3469,3440,-1,3498,3499,3500,-1,3265,3178,3481,-1,3501,3502,3478,-1,3265,3267,3266,-1,3490,3503,3185,-1,3504,3264,3491,-1,3186,3505,3492,-1,3263,3188,3482,-1,3504,3266,3267,-1,3492,3506,3493,-1,3504,3491,3266,-1,3507,3494,3508,-1,3264,3262,3263,-1,3262,3505,3186,-1,3509,3495,3507,-1,3493,3494,3484,-1,3492,3505,3506,-1,3497,3496,3510,-1,3494,3493,3508,-1,3495,3494,3507,-1,3488,3497,1317,-1,3486,3496,3487,-1,3496,3509,3510,-1,1318,1317,3497,-1,3439,3503,3490,-1,3503,3439,3489,-1,3479,3478,3502,-1,3185,3265,3490,-1,3489,3511,3503,-1,3184,3267,3185,-1,3503,3511,3183,-1,3512,3193,3504,-1,3262,3513,3505,-1,3264,3263,3491,-1,3512,3267,3184,-1,3505,3514,3506,-1,3504,3267,3512,-1,3508,3515,3516,-1,3193,3192,3264,-1,3192,3513,3262,-1,3517,3507,3516,-1,3506,3508,3493,-1,3514,3505,3513,-1,3518,3510,3509,-1,3515,3508,3506,-1,3516,3507,3508,-1,3510,1318,3497,-1,3495,3509,3496,-1,3509,3517,3518,-1,1319,1318,3510,-1,3489,3479,3511,-1,3479,3489,3480,-1,3502,3501,3519,-1,3183,3185,3503,-1,3520,3511,3479,-1,3260,3184,3183,-1,3511,3520,3259,-1,3521,3256,3512,-1,3192,3522,3513,-1,3193,3264,3504,-1,3260,3521,3184,-1,3513,3523,3514,-1,3512,3184,3521,-1,3524,3515,3525,-1,3256,3194,3193,-1,3194,3522,3192,-1,3524,3526,3516,-1,3514,3515,3506,-1,3513,3522,3523,-1,3527,3518,3517,-1,3515,3514,3525,-1,3516,3515,3524,-1,1320,1319,3518,-1,3507,3517,3509,-1,3517,3526,3527,-1,1319,3510,3518,-1,3502,3520,3479,-1,3499,3519,3501,-1,3528,3529,3530,-1,3259,3183,3511,-1,3530,3531,3500,-1,3259,3261,3260,-1,3520,3532,3258,-1,3533,3254,3521,-1,3194,3534,3522,-1,3256,3193,3512,-1,3533,3260,3261,-1,3522,3535,3523,-1,3521,3260,3533,-1,3525,3536,3537,-1,3254,3253,3256,-1,3194,3253,3534,-1,3538,3524,3537,-1,3523,3525,3514,-1,3522,3534,3535,-1,3527,3526,3539,-1,3525,3523,3536,-1,3537,3524,3525,-1,3518,3527,1320,-1,3516,3526,3517,-1,3526,3538,3539,-1,1321,1320,3527,-1,3502,3532,3520,-1,3532,3502,3519,-1,3498,3500,3531,-1,3258,3259,3520,-1,3540,3532,3519,-1,3257,3261,3258,-1,3189,3532,3540,-1,3541,3255,3533,-1,3253,3542,3534,-1,3254,3256,3521,-1,3541,3261,3257,-1,3535,3534,3543,-1,3533,3261,3541,-1,3536,3544,3545,-1,3255,3252,3254,-1,3252,3542,3253,-1,3546,3537,3545,-1,3535,3536,3523,-1,3534,3542,3543,-1,3547,3539,3538,-1,3536,3535,3544,-1,3545,3537,3536,-1,3539,1321,3527,-1,3524,3538,3526,-1,3547,3538,3546,-1,1322,1321,3539,-1,3519,3498,3540,-1,3498,3519,3499,-1,3548,3549,3550,-1,3189,3258,3532,-1,3551,3552,3528,-1,3191,3257,3189,-1,3540,3553,3190,-1,3243,3197,3541,-1,3252,3554,3542,-1,3255,3254,3533,-1,3243,3257,3191,-1,3542,3555,3543,-1,3243,3541,3257,-1,3544,3556,3557,-1,3197,3196,3255,-1,3196,3554,3252,-1,3558,3545,3557,-1,3543,3544,3535,-1,3542,3554,3555,-1,3559,3547,3546,-1,3544,3543,3556,-1,3545,3544,3557,-1,3539,3547,1322,-1,3537,3546,3538,-1,3546,3558,3559,-1,1323,1322,3547,-1,3498,3553,3540,-1,3553,3498,3531,-1,3529,3528,3552,-1,3190,3189,3540,-1,3531,3560,3553,-1,3211,3191,3190,-1,3553,3560,3251,-1,3212,3243,3191,-1,3196,3561,3554,-1,3197,3255,3541,-1,3191,3211,3212,-1,3554,3562,3555,-1,3244,3243,3212,-1,3556,3563,3564,-1,3244,3195,3197,-1,3195,3561,3196,-1,3565,3557,3564,-1,3555,3556,3543,-1,3562,3554,3561,-1,3566,3559,3558,-1,3563,3556,3555,-1,3564,3557,3556,-1,3559,1323,3547,-1,3545,3558,3546,-1,3558,3565,3566,-1,1324,1323,3559,-1,3531,3529,3560,-1,3529,3531,3530,-1,3552,3551,3567,-1,3251,3190,3553,-1,3568,3560,3529,-1,3136,3211,3251,-1,3560,3568,3569,-1,3244,3212,3219,-1,3251,3569,3136,-1,3195,3214,3561,-1,3135,3211,3136,-1,3561,3570,3562,-1,3135,3219,3212,-1,3571,3563,3572,-1,3219,3215,3244,-1,3215,3214,3195,-1,3571,3573,3564,-1,3562,3563,3555,-1,3561,3214,3570,-1,3574,3566,3565,-1,3563,3562,3572,-1,3564,3563,3571,-1,1325,1324,3566,-1,3557,3565,3558,-1,3565,3573,3574,-1,1324,3559,3566,-1,3552,3568,3529,-1,3549,3567,3551,-1,3575,3576,3577,-1,3569,3251,3560,-1,3577,3578,3550,-1,3569,3216,3136,-1,3579,3239,3568,-1,3219,3580,3215,-1,3239,3216,3569,-1,3213,3580,3206,-1,3136,3216,3137,-1,3214,3250,3570,-1,3135,3137,3218,-1,3572,3581,3582,-1,3580,3219,3218,-1,3215,3580,3213,-1,3583,3571,3582,-1,3570,3572,3562,-1,3214,3213,3250,-1,3574,3573,3584,-1,3572,3570,3581,-1,3582,3571,3572,-1,3566,3574,1325,-1,3564,3573,3565,-1,3573,3583,3584,-1,1326,1325,3574,-1,3552,3579,3568,-1,3579,3552,3567,-1,3548,3550,3578,-1,3239,3569,3568,-1,3585,3579,3567,-1,3586,3224,3240,-1,3579,3585,3586,-1,3587,3218,3137,-1,3586,3240,3239,-1,3588,3580,3218,-1,3217,3216,3240,-1,3589,3590,3591,-1,3217,3587,3137,-1,3581,3592,3593,-1,3587,3588,3218,-1,3588,3206,3580,-1,3594,3582,3593,-1,3250,3581,3570,-1,3213,3206,3205,-1,3595,3584,3583,-1,3581,3250,3592,-1,3593,3582,3581,-1,3584,1326,3574,-1,3571,3583,3573,-1,3595,3583,3594,-1,1327,1326,3584,-1,3567,3548,3585,-1,3548,3567,3549,-1,3378,3596,3379,-1,3586,3239,3579,-1,3597,3575,3598,-1,3599,3217,3240,-1,3585,3600,3225,-1,3601,3587,3217,-1,3224,3586,3225,-1,3602,3588,3587,-1,3599,3240,3224,-1,3603,3206,3588,-1,3217,3599,3601,-1,3592,3241,3604,-1,3587,3601,3602,-1,3603,3588,3602,-1,3605,3593,3604,-1,3205,3592,3250,-1,3206,3603,3207,-1,3606,3595,3594,-1,3592,3205,3241,-1,3593,3592,3604,-1,3584,3595,1327,-1,3582,3594,3583,-1,3594,3605,3606,-1,1328,1327,3595,-1,3548,3600,3585,-1,3600,3548,3578,-1,3575,3597,3576,-1,3225,3586,3585,-1,3600,3578,3607,-1,3608,3599,3224,-1,3607,3221,3600,-1,3609,3601,3599,-1,3223,3225,3221,-1,3591,3602,3601,-1,3608,3224,3223,-1,3590,3603,3602,-1,3609,3599,3608,-1,3247,3207,3603,-1,3609,3591,3601,-1,3591,3590,3602,-1,3610,3604,3242,-1,3207,3241,3205,-1,3603,3590,3247,-1,3611,3606,3605,-1,3209,3241,3207,-1,3242,3604,3241,-1,3606,1328,3595,-1,3593,3605,3594,-1,3605,3610,3611,-1,1329,1328,3606,-1,3578,3576,3607,-1,3576,3578,3577,-1,3598,3612,3597,-1,3221,3225,3600,-1,3607,3576,3613,-1,3223,3220,3614,-1,3222,3221,3607,-1,3608,3614,3615,-1,3220,3223,3221,-1,3609,3615,3616,-1,3614,3608,3223,-1,3591,3616,3589,-1,3615,3609,3608,-1,3590,3589,3248,-1,3616,3591,3609,-1,3210,3617,3245,-1,3208,3618,3242,-1,3247,3209,3207,-1,3248,3247,3590,-1,3619,3611,3610,-1,3209,3247,3210,-1,3242,3209,3208,-1,1330,1329,3611,-1,3604,3610,3605,-1,3610,3618,3619,-1,1329,3606,3611,-1,3597,3613,3576,-1,3596,3612,3598,-1,3620,3220,3227,-1,3613,3222,3607,-1,3379,3228,3232,-1,3621,3614,3620,-1,3226,3222,3613,-1,3622,3615,3621,-1,3227,3220,3222,-1,3623,3616,3622,-1,3620,3614,3220,-1,3624,3589,3623,-1,3621,3615,3614,-1,3617,3248,3624,-1,3622,3616,3615,-1,3625,3202,3204,-1,3589,3616,3623,-1,3626,3208,3245,-1,3248,3589,3624,-1,3619,3618,3627,-1,3210,3248,3617,-1,3245,3208,3210,-1,3611,3619,1330,-1,3242,3618,3610,-1,3618,3626,3627,-1,1331,1330,3619,-1,3597,3628,3613,-1,3628,3597,3612,-1,3226,3629,3630,-1,3628,3226,3613,-1,3612,3631,3628,-1,3227,3630,3632,-1,3628,3629,3226,-1,3620,3632,3633,-1,3226,3630,3227,-1,3621,3633,3634,-1,3227,3632,3620,-1,3622,3634,3635,-1,3620,3633,3621,-1,3623,3635,3636,-1,3621,3634,3622,-1,3624,3636,3637,-1,3622,3635,3623,-1,3617,3637,3246,-1,3636,3624,3623,-1,3201,3627,3626,-1,3637,3617,3624,-1,3246,3245,3617,-1,3627,1331,3619,-1,3208,3626,3618,-1,3201,3626,3199,-1,1332,1331,3627,-1,3612,3378,3631,-1,3378,3612,3596,-1,3629,3638,3639,-1,3631,3629,3628,-1,3378,3640,3631,-1,3630,3639,3641,-1,3631,3638,3629,-1,3632,3641,3642,-1,3629,3639,3630,-1,3633,3642,3643,-1,3630,3641,3632,-1,3634,3643,3644,-1,3632,3642,3633,-1,3635,3644,3645,-1,3633,3643,3634,-1,3636,3645,3646,-1,3634,3644,3635,-1,3637,3646,3204,-1,3635,3645,3636,-1,3246,3204,3203,-1,3637,3636,3646,-1,3246,3637,3204,-1,3627,3201,1332,-1,3245,3199,3626,-1,3199,3203,3200,-1,1333,1332,3201,-1,3640,3378,3232,-1,3647,3648,3231,-1,3648,3638,3640,-1,3640,3638,3631,-1,3640,3231,3648,-1,3649,3639,3638,-1,3638,3648,3649,-1,3650,3641,3639,-1,3639,3649,3650,-1,3651,3642,3641,-1,3641,3650,3651,-1,3652,3643,3642,-1,3642,3651,3652,-1,3653,3644,3643,-1,3643,3652,3653,-1,3654,3645,3644,-1,3644,3653,3654,-1,3655,3646,3645,-1,3645,3654,3655,-1,3625,3204,3646,-1,3646,3655,3625,-1,3202,3198,3249,-1,3200,1333,3201,-1,3246,3203,3199,-1,3203,3202,3249,-1,1334,1333,3200,-1,3228,3230,3232,-1,3229,3235,3233,-1,3649,3648,3656,-1,3232,3231,3640,-1,3231,3234,3647,-1,3650,3649,3657,-1,3648,3647,3656,-1,3651,3650,3658,-1,3649,3656,3657,-1,3652,3651,3659,-1,3650,3657,3658,-1,3653,3652,3660,-1,3651,3658,3659,-1,3654,3653,3661,-1,3652,3659,3660,-1,3655,3654,3662,-1,3653,3660,3661,-1,3625,3655,3663,-1,3654,3661,3662,-1,3202,3625,3664,-1,3655,3662,3663,-1,3249,3198,1335,-1,3663,3664,3625,-1,1335,1334,3249,-1,3664,3198,3202,-1,1334,3200,3249,-1,3229,3233,3230,-1,3230,3234,3231,-1,3237,3665,3234,-1,3233,3237,3234,-1,3665,3666,3647,-1,3234,3665,3647,-1,3666,3667,3656,-1,3647,3666,3656,-1,3667,3668,3657,-1,3656,3667,3657,-1,3668,3669,3658,-1,3657,3668,3658,-1,3669,3670,3659,-1,3658,3669,3659,-1,3670,3671,3660,-1,3659,3670,3660,-1,3671,3672,3661,-1,3660,3671,3661,-1,3672,3673,3662,-1,3661,3672,3662,-1,3673,3674,3663,-1,3662,3673,3663,-1,3674,3675,3664,-1,3663,3674,3664,-1,3664,3675,3198,-1,1336,3198,3675,-1,3676,3237,3236,-1,3238,3677,3678,-1,3666,3679,3667,-1,3680,3665,3681,-1,3682,3670,3669,-1,3683,3668,3684,-1,3685,3672,3686,-1,3671,3687,3686,-1,3688,3674,3673,-1,3673,3685,3688,-1,3674,3689,3675,-1,3689,3674,3688,-1,1336,3675,3690,-1,3689,3690,3675,-1,3686,3672,3671,-1,1336,3690,1338,-1,3685,3673,3672,-1,3671,3670,3687,-1,3683,3682,3669,-1,3682,3687,3670,-1,3667,3684,3668,-1,3668,3683,3669,-1,3666,3680,3679,-1,3667,3679,3684,-1,3665,3237,3681,-1,3666,3665,3680,-1,3681,3237,3676,-1,3238,3678,3236,-1,3676,3236,3678,-1,3238,3235,3229,-1,3228,3379,3238,-1,3228,3238,3229,-1,3596,3598,3238,-1,3596,3238,3379,-1,3575,3577,3238,-1,3575,3238,3598,-1,3550,3549,3238,-1,3550,3238,3577,-1,3551,3528,3238,-1,3551,3238,3549,-1,3238,3530,3677,-1,3530,3238,3528,-1,3677,3500,3499,-1,3530,3500,3677,-1,3677,3501,3478,-1,3499,3501,3677,-1,3677,3480,3438,-1,3478,3480,3677,-1,3440,3468,3114,-1,3438,3440,3677,-1,3441,3390,3114,-1,3441,3114,3468,-1,3389,3428,3114,-1,3389,3114,3390,-1,3368,3115,3400,-1,3114,3418,3400,-1,3349,3115,3320,-1,3321,3115,3123,-1,3130,3132,3115,-1,3128,3115,3318,-1,3115,3128,3127,-1,3130,3115,3127,-1,3349,3339,3115,-1,3339,3318,3115,-1,3115,3124,3123,-1,3320,3115,3321,-1,3368,3124,3115,-1,3400,3115,3114,-1,3428,3418,3114,-1,3677,3440,3114,-1,3691,3692,3693,-1,3692,3694,3693,-1,3695,3694,3692,-1,3691,3696,3697,-1,3697,3692,3691,-1,3698,3699,3700,-1,3701,3702,3697,-1,3701,3697,3696,-1,3703,3697,3704,-1,3697,3705,3704,-1,3699,3706,3707,-1,3708,3709,3697,-1,3697,3703,3708,-1,3695,3699,3710,-1,3709,3711,3712,-1,3711,3709,3708,-1,3713,3714,3715,-1,3716,3717,3709,-1,3716,3709,3718,-1,3718,3709,3712,-1,3697,3702,3705,-1,3719,3720,3721,-1,3722,3723,3724,-1,3725,3726,3727,-1,3728,3729,3730,-1,3731,3732,3733,-1,3732,3731,3726,-1,3734,3733,3735,-1,3732,3735,3733,-1,3677,3114,3734,-1,3734,3735,3677,-1,3731,3727,3726,-1,3729,3725,3727,-1,3728,3730,3736,-1,3725,3729,3728,-1,3719,3721,3736,-1,3736,3730,3719,-1,3720,3723,3722,-1,3721,3720,3722,-1,3724,3695,3692,-1,3724,3723,3695,-1,3737,3713,3738,-1,3713,3739,3738,-1,3713,3737,3714,-1,3699,3713,3740,-1,3713,3715,3740,-1,3741,3699,3742,-1,3699,3740,3742,-1,3699,3741,3706,-1,3699,3707,3700,-1,3695,3710,3743,-1,3699,3698,3710,-1,3694,3695,3743,-1,3744,3745,3746,-1,3701,3747,3702,-1,3744,3748,3749,-1,3750,3751,3752,-1,3753,3754,3755,-1,3756,3757,3758,-1,3759,3760,3761,-1,3762,3763,3764,-1,3762,3764,3765,-1,3764,3763,3766,-1,3767,3768,3769,-1,3762,3765,3770,-1,3767,3770,3768,-1,3752,3757,3771,-1,3751,3772,3773,-1,3774,3775,3773,-1,3776,3777,3778,-1,3775,3779,3780,-1,3781,3782,3783,-1,3704,3784,3703,-1,3785,3786,3787,-1,3704,3705,3788,-1,3747,3789,3702,-1,3784,3790,3791,-1,3792,3793,3794,-1,3795,3794,3789,-1,3796,3797,3798,-1,3799,3800,3792,-1,3801,3802,3803,-1,3804,3805,3806,-1,3701,3807,3747,-1,3808,3807,3696,-1,3809,3691,3693,-1,3691,3808,3696,-1,3809,3808,3691,-1,3788,3705,3789,-1,3810,3693,3694,-1,3785,3811,3812,-1,3813,3787,3712,-1,3785,3813,3814,-1,3784,3814,3703,-1,3813,3712,3711,-1,3786,3815,3816,-1,3817,3818,3819,-1,3820,3817,3821,-1,3756,3763,3762,-1,3820,3718,3816,-1,3822,3818,3823,-1,3821,3717,3820,-1,3821,3817,3819,-1,3820,3717,3716,-1,3819,3818,3822,-1,3712,3787,3718,-1,3820,3716,3718,-1,3787,3816,3718,-1,3817,3820,3816,-1,3780,3823,3818,-1,3817,3816,3815,-1,3812,3786,3785,-1,3708,3814,3813,-1,3711,3708,3813,-1,3813,3785,3787,-1,3703,3814,3708,-1,3818,3817,3815,-1,3779,3823,3780,-1,3824,3825,3826,-1,3786,3816,3787,-1,3815,3827,3818,-1,3828,3829,3811,-1,3815,3830,3827,-1,3785,3814,3811,-1,3812,3830,3786,-1,3814,3784,3791,-1,3831,3790,3794,-1,3784,3704,3788,-1,3811,3814,3791,-1,3788,3790,3784,-1,3705,3702,3789,-1,3780,3818,3827,-1,3774,3779,3775,-1,3830,3832,3833,-1,3830,3815,3786,-1,3834,3780,3827,-1,3812,3829,3832,-1,3827,3830,3833,-1,3793,3835,3831,-1,3812,3832,3830,-1,3791,3831,3828,-1,3812,3811,3829,-1,3828,3811,3791,-1,3795,3747,3836,-1,3790,3788,3789,-1,3790,3831,3791,-1,3836,3807,3837,-1,3794,3790,3789,-1,3795,3789,3747,-1,3809,3838,3808,-1,3701,3696,3807,-1,3747,3807,3836,-1,3838,3809,3810,-1,3808,3838,3837,-1,3810,3809,3693,-1,3775,3780,3834,-1,3772,3774,3773,-1,3839,3833,3840,-1,3834,3827,3833,-1,3775,3834,3841,-1,3832,3842,3840,-1,3834,3833,3839,-1,3842,3829,3783,-1,3832,3840,3833,-1,3783,3828,3835,-1,3829,3842,3832,-1,3843,3844,3799,-1,3828,3783,3829,-1,3792,3795,3845,-1,3828,3831,3835,-1,3845,3836,3846,-1,3794,3793,3831,-1,3837,3838,3847,-1,3792,3794,3795,-1,3845,3795,3836,-1,3847,3838,3848,-1,3807,3808,3837,-1,3837,3847,3846,-1,3810,3848,3838,-1,3773,3775,3841,-1,3750,3772,3751,-1,3849,3839,3850,-1,3841,3834,3839,-1,3773,3841,3851,-1,3850,3840,3776,-1,3839,3849,3841,-1,3842,3782,3776,-1,3840,3850,3839,-1,3852,3853,3854,-1,3842,3776,3840,-1,3781,3835,3852,-1,3782,3842,3783,-1,3793,3800,3852,-1,3835,3781,3783,-1,3799,3845,3855,-1,3793,3852,3835,-1,3846,3847,3856,-1,3800,3793,3792,-1,3799,3792,3845,-1,3856,3847,3857,-1,3836,3837,3846,-1,3846,3856,3855,-1,3848,3857,3847,-1,3751,3773,3851,-1,3771,3750,3752,-1,3849,3858,3859,-1,3851,3841,3849,-1,3851,3860,3751,-1,3850,3778,3858,-1,3849,3859,3851,-1,3861,3862,3863,-1,3850,3858,3849,-1,3782,3864,3777,-1,3778,3850,3776,-1,3781,3854,3864,-1,3777,3776,3782,-1,3844,3853,3800,-1,3864,3782,3781,-1,3843,3865,3802,-1,3852,3854,3781,-1,3855,3856,3865,-1,3800,3853,3852,-1,3844,3800,3799,-1,3856,3866,3867,-1,3845,3846,3855,-1,3855,3865,3843,-1,3857,3866,3856,-1,3752,3751,3860,-1,3868,3771,3757,-1,3859,3869,3870,-1,3860,3851,3859,-1,3860,3871,3752,-1,3858,3825,3869,-1,3859,3870,3860,-1,3778,3826,3825,-1,3869,3859,3858,-1,3777,3861,3826,-1,3825,3858,3778,-1,3864,3862,3861,-1,3826,3778,3777,-1,3854,3872,3862,-1,3777,3864,3861,-1,3853,3796,3872,-1,3864,3854,3862,-1,3796,3844,3801,-1,3853,3872,3854,-1,3844,3796,3853,-1,3865,3867,3873,-1,3799,3855,3843,-1,3843,3802,3801,-1,3867,3865,3856,-1,3757,3752,3871,-1,3756,3874,3868,-1,3875,3871,3870,-1,3871,3860,3870,-1,3758,3871,3875,-1,3876,3870,3869,-1,3875,3870,3876,-1,3877,3869,3825,-1,3876,3869,3877,-1,3878,3879,3880,-1,3877,3825,3824,-1,3881,3826,3861,-1,3824,3826,3881,-1,3872,3882,3862,-1,3881,3861,3863,-1,3796,3798,3872,-1,3862,3882,3863,-1,3801,3797,3796,-1,3872,3798,3882,-1,3803,3883,3806,-1,3802,3873,3883,-1,3844,3843,3801,-1,3801,3803,3797,-1,3873,3802,3865,-1,3868,3757,3756,-1,3874,3762,3767,-1,3760,3758,3875,-1,3757,3871,3758,-1,3763,3758,3760,-1,3755,3875,3876,-1,3760,3875,3755,-1,3744,3876,3877,-1,3755,3876,3744,-1,3824,3745,3877,-1,3877,3745,3744,-1,3880,3824,3881,-1,3824,3880,3745,-1,3863,3878,3881,-1,3881,3878,3880,-1,3884,3863,3882,-1,3863,3884,3878,-1,3885,3882,3798,-1,3882,3885,3884,-1,3886,3798,3797,-1,3798,3886,3885,-1,3805,3797,3803,-1,3886,3797,3805,-1,3883,3803,3802,-1,3874,3756,3762,-1,3770,3767,3762,-1,3759,3766,3763,-1,3756,3758,3763,-1,3759,3763,3760,-1,3754,3761,3760,-1,3754,3760,3755,-1,3749,3753,3755,-1,3749,3755,3744,-1,3746,3748,3744,-1,3746,3745,3887,-1,3880,3888,3887,-1,3887,3745,3880,-1,3879,3888,3880,-1,3879,3878,3889,-1,3889,3884,3890,-1,3889,3878,3884,-1,3890,3885,3891,-1,3890,3884,3885,-1,3891,3886,3892,-1,3891,3885,3886,-1,3804,3892,3805,-1,3892,3886,3805,-1,3806,3805,3803,-1,3893,3894,3895,-1,3896,3897,3898,-1,3899,3900,3901,-1,3902,3903,3904,-1,3905,3906,3902,-1,3907,3901,3908,-1,3909,3910,3911,-1,3905,3912,3913,-1,3914,3915,3916,-1,3909,3917,3912,-1,3918,3919,3920,-1,3919,3910,3920,-1,3921,3922,3923,-1,3922,3919,3918,-1,3924,3925,3926,-1,3918,3927,3922,-1,3925,3928,3929,-1,3921,3923,3930,-1,3929,3931,3932,-1,3933,3934,3894,-1,3895,3928,3924,-1,3935,3936,3937,-1,3767,3938,3874,-1,3932,3938,3939,-1,3767,3940,3938,-1,3941,3894,3942,-1,3933,3943,3944,-1,3945,3940,3767,-1,3946,3947,3948,-1,3767,3769,3945,-1,3949,3950,3947,-1,3948,3941,3951,-1,3952,3953,3954,-1,3955,3951,3954,-1,3956,3897,3950,-1,3955,3957,3946,-1,3958,3898,3959,-1,3960,3896,3961,-1,3962,3963,3964,-1,3965,3966,3967,-1,3962,3964,3967,-1,3964,3963,3968,-1,3969,3960,3970,-1,3971,3972,3717,-1,3960,3973,3970,-1,3974,3949,3957,-1,3975,3973,3961,-1,3960,3961,3973,-1,3976,3914,3977,-1,3958,3975,3961,-1,3978,3979,3980,-1,3975,3958,3979,-1,3978,3980,1372,-1,3981,3982,3983,-1,3980,3982,1372,-1,3984,3981,3985,-1,3979,3958,3980,-1,3982,3980,3983,-1,3981,3983,3985,-1,3959,3980,3958,-1,3959,3956,3974,-1,3986,3966,3969,-1,3960,3969,3966,-1,3896,3898,3961,-1,3960,3966,3965,-1,3962,3967,3986,-1,3966,3986,3967,-1,3983,3980,3959,-1,3987,3988,3984,-1,3985,3987,3984,-1,3898,3958,3961,-1,3959,3974,3983,-1,3989,3965,3990,-1,3896,3960,3965,-1,3897,3956,3898,-1,3991,3964,3992,-1,3989,3896,3965,-1,3990,3965,3967,-1,3992,3968,3971,-1,3967,3964,3991,-1,3968,3992,3964,-1,3985,3983,3974,-1,3993,3994,3988,-1,3987,3993,3988,-1,3956,3959,3898,-1,3974,3957,3985,-1,3995,3989,3996,-1,3991,3997,3998,-1,3897,3896,3989,-1,3956,3950,3949,-1,3990,3967,3991,-1,3995,3897,3989,-1,3998,3999,3996,-1,3996,3989,3990,-1,3821,4000,3971,-1,3998,3990,3991,-1,3997,3992,4000,-1,3717,3821,3971,-1,3971,3968,3972,-1,3987,3985,3957,-1,4001,3994,3993,-1,4002,4001,3993,-1,3949,3974,3956,-1,3957,3955,3987,-1,3999,4003,3996,-1,3998,4004,3999,-1,3950,3897,3995,-1,3949,3947,3946,-1,3996,3990,3998,-1,4005,3950,3995,-1,3999,4006,4003,-1,4003,3995,3996,-1,3819,4007,4000,-1,3992,3971,4000,-1,3991,3992,3997,-1,3997,4007,4004,-1,3821,3819,4000,-1,3993,3987,3955,-1,4008,4001,4002,-1,3904,4008,4002,-1,3946,3957,3949,-1,3993,3955,3954,-1,4006,4009,4003,-1,4005,3995,4003,-1,3947,3950,4005,-1,3948,3951,3946,-1,4006,3999,4010,-1,3943,3947,4005,-1,4006,4011,4009,-1,4009,4005,4003,-1,3822,4012,4007,-1,3997,4000,4007,-1,3998,3997,4004,-1,4004,4012,4010,-1,3819,3822,4007,-1,4002,3993,3954,-1,3903,4008,3904,-1,4013,4014,4015,-1,3951,3955,3946,-1,3953,4002,3954,-1,4011,3944,4009,-1,3943,4005,4009,-1,3948,3947,3943,-1,3941,3952,3951,-1,4011,4006,4016,-1,3933,3948,3943,-1,4011,4017,3944,-1,3944,3943,4009,-1,3823,4018,4012,-1,4004,4007,4012,-1,3999,4004,4010,-1,4010,4018,4016,-1,3822,3823,4012,-1,3904,4002,3953,-1,3906,3903,3902,-1,3952,3942,4019,-1,3952,3954,3951,-1,3953,4020,3904,-1,3952,4019,3953,-1,3934,3944,4017,-1,3941,3948,3933,-1,3952,3941,3942,-1,4017,4011,4021,-1,3894,3941,3933,-1,4016,4018,4022,-1,3934,3933,3944,-1,3779,4022,4018,-1,4010,4012,4018,-1,4006,4010,4016,-1,4016,4022,4021,-1,3823,3779,4018,-1,3902,3904,4020,-1,3913,3906,3905,-1,4023,4019,4024,-1,4020,3953,4019,-1,4025,3902,4020,-1,4024,3942,3893,-1,4020,4019,4023,-1,3895,3934,4026,-1,4019,3942,4024,-1,4026,4017,4027,-1,3894,3893,3942,-1,4021,4022,4028,-1,3895,3894,3934,-1,4026,3934,4017,-1,4028,4022,3774,-1,4011,4016,4021,-1,4021,4028,4027,-1,3779,3774,4022,-1,3905,3902,4025,-1,3917,3913,3912,-1,4023,4029,4030,-1,4025,4020,4023,-1,4025,4031,3905,-1,4024,4032,4029,-1,4025,4023,4030,-1,3893,3924,4032,-1,4023,4024,4029,-1,3928,4026,4033,-1,4032,4024,3893,-1,4027,4028,4034,-1,3924,3893,3895,-1,3928,3895,4026,-1,4034,4028,3772,-1,4017,4021,4027,-1,4027,4034,4033,-1,3774,3772,4028,-1,3912,3905,4031,-1,3911,3917,3909,-1,4030,4035,4036,-1,4031,4025,4030,-1,4031,4037,3912,-1,4029,4038,4035,-1,4030,4036,4031,-1,4032,3926,4038,-1,4029,4035,4030,-1,3940,4039,3899,-1,4029,4032,4038,-1,4033,4034,3931,-1,4032,3924,3926,-1,3925,3924,3928,-1,4034,3750,3771,-1,4026,4027,4033,-1,4033,3931,3929,-1,3772,3750,4034,-1,3909,3912,4037,-1,4040,3911,3910,-1,4036,3916,3915,-1,4037,4031,4036,-1,4041,3909,4037,-1,4035,4042,3916,-1,3915,4037,4036,-1,4038,4043,4042,-1,4035,3916,4036,-1,3926,3937,4043,-1,4035,4038,4042,-1,3937,3925,3939,-1,4038,3926,4043,-1,3925,3937,3926,-1,3931,3771,3868,-1,3928,4033,3929,-1,3929,3932,3939,-1,3771,3931,4034,-1,3910,3909,4041,-1,3919,4044,4040,-1,3976,4041,3915,-1,4041,4037,3915,-1,3920,4041,3976,-1,4045,4046,4047,-1,3976,3915,3914,-1,4048,3916,4042,-1,3914,3916,4048,-1,4049,4042,4043,-1,4048,4042,4049,-1,3936,4043,3937,-1,3936,4049,4043,-1,3937,3939,3935,-1,3932,3868,3874,-1,3925,3929,3939,-1,3939,3938,3935,-1,3868,3932,3931,-1,4040,3910,3919,-1,3922,3921,4044,-1,4050,3920,3976,-1,3910,4041,3920,-1,3918,3920,4050,-1,4051,4052,4053,-1,3976,3977,4050,-1,4052,3914,4048,-1,3977,3914,4052,-1,4045,4048,4049,-1,4052,4048,4045,-1,4014,4049,3936,-1,4045,4049,4014,-1,3901,3936,3935,-1,4014,3936,3901,-1,3938,3940,3935,-1,3940,3901,3935,-1,3874,3938,3932,-1,3922,4044,3919,-1,3923,3922,3927,-1,3927,3918,4054,-1,4054,4050,4055,-1,4054,3918,4050,-1,3977,4056,4055,-1,4055,4050,3977,-1,4051,4056,3977,-1,4051,3977,4052,-1,4047,4053,4052,-1,4047,4052,4045,-1,4013,4046,4045,-1,4013,4045,4014,-1,3907,4015,4014,-1,3907,4014,3901,-1,3900,3908,3901,-1,3899,3901,3940,-1,3940,3945,4039,-1,1362,1360,4057,-1,4058,4059,4060,-1,4057,4061,1362,-1,4057,1360,4062,-1,1363,4063,1369,-1,4064,1363,1352,-1,4065,1369,4063,-1,1363,4064,4063,-1,1365,1369,4065,-1,4066,4065,4067,-1,1365,4068,1366,-1,1371,1366,4069,-1,1350,4064,1352,-1,3978,1372,1371,-1,4070,4062,1358,-1,1350,1362,4061,-1,1353,4071,1354,-1,1358,4062,1360,-1,4072,4073,4074,-1,4075,1353,1347,-1,4076,4077,1346,-1,1346,4077,1347,-1,1346,1340,4076,-1,4078,3688,4079,-1,3688,4078,3689,-1,4078,4080,3689,-1,1339,3690,4080,-1,3689,4080,3690,-1,1338,3690,1339,-1,1340,1343,4081,-1,4075,4071,1353,-1,4075,1347,4077,-1,4082,4083,4084,-1,4085,4083,4086,-1,4087,4082,4074,-1,4082,4088,4072,-1,4089,4090,4091,-1,4092,4093,4094,-1,4095,4096,4097,-1,4097,4096,4098,-1,4060,3735,4058,-1,3681,4099,4100,-1,3735,4060,3677,-1,4093,4101,4098,-1,4099,3676,4102,-1,4084,4103,4088,-1,4104,4105,4106,-1,4071,4107,4103,-1,4070,1358,1354,-1,4071,4070,1354,-1,4108,4109,4110,-1,4111,4085,4105,-1,4112,4113,4114,-1,4115,4116,4117,-1,1343,4080,4081,-1,4080,1343,1339,-1,3676,3678,4102,-1,4081,4076,1340,-1,4081,4078,4118,-1,4119,4120,4077,-1,4118,4119,4076,-1,4120,4107,4075,-1,4077,4076,4119,-1,4103,4121,4070,-1,4077,4120,4075,-1,4121,4111,4062,-1,4107,4071,4075,-1,4122,4061,4104,-1,4071,4103,4070,-1,4105,4104,4111,-1,4070,4121,4062,-1,4057,4062,4111,-1,4063,4064,4123,-1,4061,4064,1350,-1,4104,4061,4057,-1,4065,4066,4068,-1,4122,4123,4064,-1,4066,4124,4125,-1,4123,4067,4063,-1,4069,4125,3975,-1,1366,4068,4069,-1,1365,4065,4068,-1,4069,4068,4125,-1,4069,3978,1371,-1,3979,3978,4069,-1,4080,4078,4081,-1,3685,4079,3688,-1,3685,4126,4079,-1,4081,4118,4076,-1,4118,4079,4127,-1,4120,4128,4129,-1,4127,4128,4119,-1,4129,4088,4107,-1,4119,4128,4120,-1,4085,4121,4084,-1,4120,4129,4107,-1,4130,4106,4131,-1,4107,4088,4103,-1,4111,4104,4057,-1,4121,4103,4084,-1,4105,4131,4106,-1,4121,4085,4111,-1,4123,4132,4067,-1,4133,4066,4067,-1,4061,4122,4064,-1,4122,4104,4106,-1,4063,4067,4065,-1,4134,4132,4123,-1,4135,4125,4124,-1,4067,4132,4133,-1,4135,3975,4125,-1,4068,4066,4125,-1,3975,3979,4069,-1,4078,4079,4118,-1,3686,4126,3685,-1,3686,4136,4126,-1,4118,4127,4119,-1,4127,4126,4137,-1,4129,4138,4072,-1,4137,4138,4128,-1,4101,4087,4139,-1,4128,4138,4129,-1,4105,4086,4131,-1,4072,4088,4129,-1,4113,4140,4116,-1,4088,4082,4084,-1,4086,4108,4131,-1,4084,4083,4085,-1,4106,4134,4122,-1,4105,4085,4086,-1,4132,4141,4133,-1,4141,4116,4140,-1,4122,4134,4123,-1,4130,4142,4134,-1,4124,4143,4144,-1,4142,4141,4132,-1,4133,4143,4124,-1,4135,3970,3973,-1,4066,4133,4124,-1,4135,4124,4144,-1,3975,4135,3973,-1,4079,4126,4127,-1,3687,4136,3686,-1,3687,4145,4136,-1,4127,4137,4128,-1,4137,4136,4146,-1,4147,4095,4148,-1,4073,4138,4146,-1,4087,4149,4083,-1,4138,4073,4072,-1,4149,4108,4086,-1,4082,4072,4074,-1,4108,4110,4131,-1,4087,4083,4082,-1,4110,4117,4130,-1,4083,4149,4086,-1,4140,4143,4141,-1,4134,4142,4132,-1,4106,4130,4134,-1,4130,4131,4110,-1,4112,4140,4113,-1,4117,4116,4142,-1,3970,4135,4144,-1,4133,4141,4143,-1,4144,4143,4150,-1,3969,3970,4144,-1,4126,4136,4137,-1,3682,4145,3687,-1,3682,4151,4145,-1,4137,4146,4138,-1,4145,4152,4146,-1,4153,4139,4074,-1,4073,4152,4153,-1,4101,4092,4149,-1,4073,4153,4074,-1,4092,4109,4108,-1,4087,4074,4139,-1,4109,4154,4110,-1,4149,4087,4101,-1,4155,4109,4094,-1,4092,4108,4149,-1,4142,4116,4141,-1,4130,4117,4142,-1,4115,4117,4154,-1,4112,4156,4157,-1,4115,4113,4116,-1,4157,3986,4150,-1,3969,4144,4150,-1,4143,4140,4150,-1,3986,3969,4150,-1,4136,4145,4146,-1,3683,4151,3682,-1,3683,4158,4151,-1,4146,4152,4073,-1,4151,4159,4152,-1,4139,4160,4098,-1,4153,4159,4160,-1,4096,4161,4093,-1,4139,4153,4160,-1,4109,4155,4154,-1,4101,4139,4098,-1,4154,4162,4115,-1,4092,4101,4093,-1,4115,4163,4113,-1,4164,4165,4166,-1,4110,4154,4117,-1,4162,4154,4155,-1,4167,4157,4156,-1,4163,4115,4162,-1,4140,4112,4150,-1,4114,4113,4163,-1,4157,3963,3962,-1,3986,4157,3962,-1,4150,4112,4157,-1,4145,4151,4152,-1,3684,4158,3683,-1,3684,4168,4158,-1,4152,4159,4153,-1,4169,4159,4158,-1,4097,4170,4095,-1,4160,4169,4097,-1,4094,4093,4161,-1,4097,4098,4160,-1,4155,4094,4171,-1,4162,4155,4172,-1,4092,4094,4109,-1,4161,4171,4094,-1,4163,4162,4173,-1,4171,4172,4155,-1,4114,4163,4174,-1,4162,4172,4173,-1,4156,4114,4165,-1,4174,4163,4173,-1,4165,4114,4174,-1,4157,4167,3963,-1,4112,4114,4156,-1,4164,4167,4156,-1,3968,3963,4167,-1,4151,4158,4159,-1,3679,4168,3684,-1,4168,3680,4100,-1,4159,4169,4160,-1,4170,4169,4168,-1,4161,4096,4147,-1,4161,4091,4171,-1,4098,4096,4093,-1,4095,4147,4096,-1,4171,4090,4172,-1,4147,4091,4161,-1,4172,4175,4173,-1,4091,4090,4171,-1,4174,4173,4176,-1,4090,4175,4172,-1,4165,4174,4177,-1,4175,4176,4173,-1,4178,4164,4166,-1,4174,4176,4177,-1,4178,3717,3972,-1,4164,3968,4167,-1,4156,4165,4164,-1,4164,4178,3972,-1,3972,3968,4164,-1,4158,4168,4169,-1,3679,3680,4168,-1,4058,3735,3732,-1,4169,4170,4097,-1,4179,4170,4100,-1,4091,4147,4180,-1,4148,4095,4179,-1,4181,4175,4090,-1,4148,4180,4147,-1,4182,4176,4175,-1,4180,4089,4091,-1,4183,4184,4182,-1,4089,4181,4090,-1,4177,4184,4185,-1,4181,4182,4175,-1,4176,4184,4177,-1,4177,4185,4166,-1,4178,4166,3697,-1,4165,4177,4166,-1,4185,3697,4166,-1,3717,4178,3709,-1,4168,4100,4170,-1,3680,3681,4100,-1,4148,4186,4180,-1,4170,4179,4095,-1,4099,4187,4179,-1,4089,4180,4188,-1,4148,4187,4186,-1,4181,4089,4189,-1,4180,4186,4188,-1,4190,4189,4191,-1,4089,4188,4189,-1,4190,4183,4182,-1,4182,4181,4190,-1,4183,4192,4184,-1,3692,4185,4192,-1,4176,4182,4184,-1,4185,4184,4192,-1,3692,3697,4185,-1,3697,3709,4178,-1,4100,4099,4179,-1,3681,3676,4099,-1,4059,4193,4186,-1,4179,4187,4148,-1,4102,4059,4187,-1,4193,4194,4188,-1,4188,4186,4193,-1,4194,4191,4189,-1,4189,4188,4194,-1,4191,4195,4190,-1,3721,3722,4183,-1,4181,4189,4190,-1,4183,4190,4195,-1,3722,3724,4192,-1,3722,4192,4183,-1,4192,3724,3692,-1,4099,4102,4187,-1,4060,3678,3677,-1,4058,4196,4193,-1,4187,4059,4186,-1,4193,4059,4058,-1,4194,4196,3725,-1,4194,4193,4196,-1,3728,3736,4191,-1,3736,3721,4195,-1,3736,4195,4191,-1,4183,4195,3721,-1,4059,4102,4060,-1,3678,4060,4102,-1,3732,3726,4058,-1,4058,3726,4196,-1,3726,3725,4196,-1,3725,3728,4194,-1,4194,3728,4191,-1,4197,4198,4199,-1,4200,4201,4202,-1,4203,4204,4205,-1,4206,4207,4208,-1,4203,4209,4210,-1,4211,4212,4213,-1,4214,4215,4216,-1,4217,4212,4214,-1,4218,4215,4219,-1,4220,4221,4222,-1,4223,4219,4224,-1,4225,4226,4227,-1,4224,4228,4229,-1,4230,4228,4231,-1,4232,4233,4234,-1,4235,4236,4237,-1,4238,4239,4240,-1,4231,4235,4240,-1,4233,4241,4242,-1,4233,4242,4234,-1,4243,4244,4245,-1,4246,4234,4242,-1,4247,4248,4198,-1,4249,4246,4250,-1,4251,4252,4253,-1,4248,4254,4255,-1,4256,4257,4258,-1,4255,4259,4257,-1,4260,4261,4262,-1,4263,4264,4257,-1,4265,4266,4267,-1,4268,4269,4270,-1,4261,4271,4272,-1,4273,4274,4275,-1,4276,4277,4278,-1,4279,4280,4281,-1,4280,4282,4283,-1,4266,4284,4262,-1,4285,4286,4287,-1,3921,3930,4288,-1,4289,4286,4290,-1,4291,1395,1391,-1,1402,4202,4292,-1,4291,4200,1395,-1,1393,1389,4293,-1,4293,4291,1393,-1,1387,4294,4295,-1,1389,1387,4295,-1,4294,1385,1384,-1,4294,4296,4295,-1,1381,1379,4297,-1,4297,4298,1381,-1,4299,4265,4300,-1,1379,1377,4297,-1,4264,4267,4258,-1,4301,4297,1377,-1,1375,1372,3982,-1,1377,1375,4301,-1,1419,4302,4303,-1,4304,1415,1410,-1,4201,4305,4292,-1,1400,4292,4306,-1,4292,4299,4306,-1,4307,4267,4308,-1,4265,4307,4300,-1,4264,4309,4308,-1,4299,4300,4306,-1,4308,4309,4304,-1,4310,4311,4312,-1,4313,4307,4308,-1,4314,4315,4316,-1,4212,4217,4213,-1,4317,1415,4304,-1,4317,1414,1415,-1,4317,4304,4316,-1,1416,4317,4302,-1,1414,4317,1416,-1,1419,1416,4302,-1,4318,4303,4315,-1,4319,4318,4320,-1,4302,4315,4303,-1,4302,4316,4315,-1,4319,4321,4322,-1,4302,4317,4316,-1,4318,4315,4320,-1,4320,4321,4319,-1,1408,4313,1410,-1,4304,1410,4313,-1,4309,4314,4316,-1,4308,4304,4313,-1,1407,4307,1408,-1,4313,1408,4307,-1,4320,4315,4314,-1,4323,4324,4322,-1,4321,4323,4322,-1,4309,4316,4304,-1,4325,4320,4314,-1,4325,4314,4263,-1,1407,1404,4300,-1,4300,4307,1407,-1,4263,4309,4264,-1,4264,4308,4267,-1,1401,4306,1404,-1,4300,1404,4306,-1,4267,4307,4265,-1,1400,4306,1401,-1,4321,4320,4325,-1,4326,4327,4324,-1,4326,4324,4323,-1,4263,4314,4309,-1,4328,4321,4325,-1,4329,4198,4207,-1,4259,4328,4325,-1,4305,4260,4284,-1,4257,4259,4263,-1,4257,4264,4258,-1,4305,4299,4292,-1,1402,4292,1400,-1,4266,4258,4267,-1,4265,4284,4266,-1,4202,1397,4200,-1,4202,1402,1397,-1,4305,4284,4299,-1,4292,4202,4201,-1,1397,1395,4200,-1,4323,4321,4328,-1,4330,4327,4326,-1,4330,4326,4310,-1,4259,4325,4263,-1,4323,4328,4331,-1,4262,4332,4333,-1,4254,4331,4328,-1,4266,4333,4258,-1,4254,4259,4255,-1,4284,4265,4299,-1,4255,4257,4256,-1,4201,4334,4305,-1,4333,4256,4258,-1,4200,4335,4201,-1,4262,4333,4266,-1,4271,4261,4260,-1,4284,4260,4262,-1,4305,4334,4260,-1,4291,4336,4337,-1,4291,1391,1393,-1,4335,4334,4201,-1,4337,4200,4291,-1,4295,4336,4293,-1,4295,4293,1389,-1,4336,4291,4293,-1,1385,4294,1387,-1,4326,4323,4331,-1,4312,4330,4310,-1,4232,4230,4239,-1,4254,4328,4259,-1,4326,4331,4338,-1,4252,4255,4256,-1,4338,4331,4247,-1,4253,4256,4333,-1,4247,4254,4248,-1,4272,4339,4340,-1,4252,4248,4255,-1,4334,4271,4260,-1,4253,4252,4256,-1,4335,4341,4334,-1,4253,4333,4332,-1,4272,4342,4261,-1,4262,4261,4332,-1,4343,4337,4344,-1,4345,4344,4336,-1,4335,4200,4337,-1,4334,4341,4271,-1,4296,4345,4295,-1,4337,4343,4335,-1,4294,4346,4296,-1,4336,4344,4337,-1,4294,1384,4298,-1,4345,4336,4295,-1,4297,4347,4298,-1,4297,4301,4348,-1,1384,1381,4298,-1,4298,4347,4346,-1,3982,4348,4301,-1,4297,4348,4347,-1,1375,3982,4301,-1,4310,4326,4338,-1,4349,4312,4311,-1,4350,4349,4311,-1,4247,4331,4254,-1,4310,4338,4351,-1,4199,4248,4252,-1,4351,4338,4329,-1,4342,4352,4353,-1,4329,4247,4198,-1,4353,4253,4332,-1,4198,4248,4199,-1,4342,4332,4261,-1,4199,4252,4251,-1,4341,4339,4271,-1,4353,4251,4253,-1,4352,4342,4354,-1,4353,4332,4342,-1,4355,4343,4356,-1,4357,4356,4344,-1,4341,4335,4343,-1,4271,4339,4272,-1,4358,4357,4345,-1,4343,4355,4341,-1,4359,4357,4358,-1,4344,4356,4343,-1,4346,4347,4360,-1,4345,4357,4344,-1,4296,4358,4345,-1,4348,4361,4347,-1,4294,4298,4346,-1,4346,4360,4362,-1,4348,3981,3984,-1,4347,4361,4360,-1,3982,3981,4348,-1,4311,4310,4351,-1,4363,4349,4350,-1,4350,4211,4363,-1,4329,4338,4247,-1,4311,4351,4364,-1,4365,4366,4367,-1,4364,4351,4206,-1,4367,4199,4251,-1,4206,4329,4207,-1,4365,4251,4353,-1,4207,4198,4197,-1,4277,4368,4275,-1,4197,4199,4367,-1,4272,4354,4342,-1,4365,4367,4251,-1,4352,4269,4268,-1,4352,4365,4353,-1,4369,4355,4370,-1,4357,4359,4371,-1,4339,4341,4355,-1,4272,4340,4354,-1,4358,4372,4359,-1,4355,4369,4339,-1,4373,4371,4359,-1,4356,4370,4355,-1,4358,4296,4362,-1,4371,4356,4357,-1,4360,4374,4362,-1,4361,4375,4360,-1,4296,4346,4362,-1,4372,4362,4374,-1,4361,3984,3988,-1,4360,4375,4374,-1,3984,4361,4348,-1,4350,4311,4364,-1,4213,4363,4211,-1,4376,4221,4377,-1,4206,4351,4329,-1,4350,4364,4378,-1,4245,4207,4197,-1,4204,4378,4364,-1,4379,4197,4367,-1,4204,4206,4208,-1,4270,4380,4381,-1,4208,4207,4245,-1,4268,4365,4352,-1,4197,4379,4245,-1,4269,4352,4354,-1,4379,4367,4366,-1,4274,4354,4340,-1,4366,4365,4268,-1,4382,4383,4370,-1,4371,4373,4382,-1,4340,4339,4369,-1,4269,4354,4274,-1,4370,4356,4371,-1,4384,4340,4369,-1,4373,4359,4385,-1,4383,4369,4370,-1,4373,4386,4382,-1,4382,4370,4371,-1,4374,4387,4372,-1,4388,4374,4375,-1,4358,4362,4372,-1,4385,4372,4387,-1,4375,3988,3994,-1,4387,4374,4388,-1,3988,4375,4361,-1,4211,4350,4378,-1,4214,4216,4217,-1,4389,4390,4391,-1,4204,4364,4206,-1,4211,4378,4392,-1,4208,4244,4205,-1,4378,4204,4203,-1,4393,4394,4395,-1,4204,4208,4205,-1,4379,4395,4243,-1,4245,4244,4208,-1,4366,4396,4395,-1,4245,4379,4243,-1,4268,4270,4396,-1,4366,4395,4379,-1,4269,4273,4270,-1,4366,4268,4396,-1,4397,4278,4383,-1,4384,4369,4383,-1,4274,4340,4384,-1,4269,4274,4273,-1,4397,4382,4386,-1,4275,4274,4384,-1,4386,4373,4398,-1,4278,4384,4383,-1,4386,4399,4397,-1,4397,4383,4382,-1,4387,4400,4385,-1,4388,4001,4401,-1,4359,4372,4385,-1,4398,4385,4400,-1,4388,4375,3994,-1,4387,4401,4400,-1,4001,4388,3994,-1,4212,4211,4392,-1,4215,4402,4216,-1,4403,4391,4404,-1,4392,4378,4203,-1,4212,4392,4405,-1,4209,4205,4406,-1,4392,4203,4210,-1,4406,4244,4389,-1,4205,4209,4203,-1,4389,4243,4394,-1,4205,4244,4406,-1,4381,4407,4408,-1,4243,4389,4244,-1,4393,4396,4381,-1,4243,4395,4394,-1,4368,4380,4273,-1,4396,4393,4395,-1,4277,4279,4409,-1,4381,4396,4270,-1,4275,4384,4278,-1,4270,4273,4380,-1,4276,4397,4399,-1,4275,4368,4273,-1,4399,4386,4410,-1,4277,4275,4278,-1,4399,4411,4276,-1,4276,4278,4397,-1,4400,4401,4412,-1,4401,4008,4412,-1,4373,4385,4398,-1,4410,4398,4413,-1,4387,4388,4401,-1,4400,4412,4413,-1,4001,4008,4401,-1,4214,4212,4405,-1,4218,4402,4215,-1,4414,4210,4377,-1,4405,4392,4210,-1,4214,4405,4415,-1,4209,4416,4377,-1,4210,4414,4405,-1,4416,4406,4391,-1,4210,4209,4377,-1,4417,4418,4419,-1,4406,4416,4209,-1,4390,4394,4417,-1,4389,4391,4406,-1,4393,4408,4417,-1,4394,4390,4389,-1,4420,4421,4422,-1,4393,4417,4394,-1,4407,4380,4420,-1,4408,4393,4381,-1,4368,4409,4420,-1,4380,4407,4381,-1,4279,4276,4411,-1,4368,4420,4380,-1,4411,4399,4423,-1,4277,4409,4368,-1,4411,4280,4279,-1,4279,4277,4276,-1,4413,4412,4424,-1,4398,4400,4413,-1,4386,4398,4410,-1,4410,4425,4423,-1,4424,4412,3903,-1,4413,4424,4425,-1,4008,3903,4412,-1,4215,4214,4415,-1,4223,4218,4219,-1,4414,4221,4426,-1,4415,4405,4414,-1,4415,4427,4215,-1,4428,4429,4430,-1,4414,4426,4415,-1,4416,4403,4376,-1,4377,4221,4414,-1,4431,4432,4433,-1,4416,4376,4377,-1,4390,4419,4404,-1,4391,4403,4416,-1,4434,4435,4436,-1,4390,4404,4391,-1,4408,4434,4418,-1,4419,4390,4417,-1,4407,4422,4434,-1,4408,4418,4417,-1,4281,4421,4409,-1,4407,4434,4408,-1,4282,4437,4289,-1,4422,4407,4420,-1,4280,4411,4438,-1,4420,4409,4421,-1,4423,4425,4439,-1,4281,4409,4279,-1,4425,4424,4440,-1,4410,4413,4425,-1,4399,4410,4423,-1,4423,4439,4438,-1,4440,4424,3906,-1,4425,4440,4439,-1,3903,3906,4424,-1,4219,4215,4427,-1,4229,4223,4224,-1,4426,4220,4441,-1,4427,4415,4426,-1,4427,4442,4219,-1,4428,4443,4444,-1,4441,4427,4426,-1,4376,4445,4222,-1,4221,4220,4426,-1,4403,4429,4445,-1,4222,4221,4376,-1,4404,4446,4429,-1,4403,4445,4376,-1,4419,4432,4446,-1,4429,4403,4404,-1,4418,4436,4432,-1,4419,4446,4404,-1,4447,4448,4449,-1,4432,4419,4418,-1,4422,4447,4435,-1,4436,4418,4434,-1,4421,4450,4447,-1,4435,4434,4422,-1,4281,4283,4450,-1,4422,4421,4447,-1,4438,4439,4437,-1,4281,4450,4421,-1,4283,4281,4280,-1,4440,4451,4439,-1,4411,4423,4438,-1,4438,4437,4282,-1,4440,3913,3917,-1,4439,4451,4437,-1,3906,3913,4440,-1,4224,4219,4442,-1,4452,4229,4228,-1,4441,4227,4237,-1,4442,4427,4441,-1,4236,4224,4442,-1,4220,4225,4227,-1,4237,4442,4441,-1,4222,4444,4225,-1,4227,4441,4220,-1,4445,4428,4444,-1,4222,4225,4220,-1,4431,4453,4430,-1,4444,4222,4445,-1,4446,4431,4430,-1,4429,4428,4445,-1,4433,4454,4455,-1,4430,4429,4446,-1,4436,4454,4433,-1,4431,4446,4432,-1,4435,4449,4454,-1,4436,4433,4432,-1,4456,4448,4450,-1,4454,4436,4435,-1,4456,4283,4290,-1,4449,4435,4447,-1,4456,4457,4458,-1,4450,4448,4447,-1,4283,4456,4450,-1,4451,4459,4437,-1,4280,4438,4282,-1,4282,4289,4290,-1,4451,3917,3911,-1,4437,4459,4289,-1,3917,4451,4440,-1,4228,4224,4236,-1,4230,4460,4452,-1,4226,4461,4462,-1,4236,4442,4237,-1,4231,4236,4235,-1,4462,4237,4227,-1,4235,4237,4462,-1,4443,4463,4464,-1,4462,4227,4226,-1,4464,4225,4444,-1,4226,4225,4464,-1,4453,4465,4466,-1,4464,4444,4443,-1,4466,4428,4430,-1,4443,4428,4466,-1,4455,4467,4468,-1,4466,4430,4453,-1,4468,4431,4433,-1,4453,4431,4468,-1,4449,4469,4454,-1,4468,4433,4455,-1,4458,4470,4471,-1,4455,4454,4469,-1,4471,4449,4448,-1,4449,4471,4469,-1,4458,4448,4456,-1,4448,4458,4471,-1,4290,4457,4456,-1,4459,4287,4289,-1,4283,4282,4290,-1,4290,4286,4457,-1,4459,3911,4040,-1,4289,4287,4286,-1,3911,4459,4451,-1,4452,4228,4230,-1,4232,4472,4460,-1,4473,4461,4474,-1,4228,4236,4231,-1,4231,4240,4239,-1,4473,4235,4462,-1,4240,4235,4473,-1,4475,4463,4476,-1,4473,4462,4461,-1,4475,4226,4464,-1,4461,4226,4475,-1,4477,4465,4478,-1,4464,4463,4475,-1,4477,4443,4466,-1,4463,4443,4477,-1,4479,4467,4480,-1,4466,4465,4477,-1,4479,4453,4468,-1,4465,4453,4479,-1,4481,4482,4483,-1,4468,4467,4479,-1,4469,4481,4455,-1,4455,4481,4467,-1,4482,4469,4471,-1,4481,4469,4482,-1,4458,4457,4484,-1,4482,4471,4470,-1,4485,4285,4288,-1,4458,4484,4470,-1,4485,4457,4286,-1,4484,4457,4485,-1,4287,4040,4044,-1,4286,4285,4485,-1,4040,4287,4459,-1,4460,4230,4232,-1,4472,4234,4249,-1,4486,4487,4488,-1,4230,4231,4239,-1,4239,4238,4233,-1,4486,4240,4473,-1,4238,4240,4486,-1,4489,4490,4491,-1,4473,4474,4486,-1,4490,4461,4475,-1,4474,4461,4490,-1,4492,4493,4494,-1,4475,4476,4490,-1,4494,4463,4477,-1,4463,4494,4476,-1,4495,4496,4497,-1,4477,4478,4494,-1,4497,4465,4479,-1,4465,4497,4478,-1,4498,4499,4500,-1,4479,4480,4497,-1,4498,4467,4481,-1,4480,4467,4498,-1,4482,4470,4501,-1,4481,4483,4498,-1,4470,4484,4502,-1,4482,4501,4483,-1,4485,4503,4484,-1,4470,4502,4501,-1,4504,4288,3930,-1,4502,4484,4503,-1,4285,4044,3921,-1,4503,4485,4288,-1,4044,4285,4287,-1,4472,4232,4234,-1,4246,4249,4234,-1,4505,4241,4233,-1,4232,4239,4233,-1,4233,4238,4505,-1,4488,4505,4238,-1,4488,4238,4486,-1,4474,4506,4487,-1,4487,4486,4474,-1,4489,4506,4474,-1,4489,4474,4490,-1,4476,4507,4491,-1,4491,4490,4476,-1,4493,4507,4476,-1,4493,4476,4494,-1,4508,4492,4494,-1,4494,4478,4508,-1,4496,4508,4478,-1,4496,4478,4497,-1,4480,4509,4495,-1,4495,4497,4480,-1,4500,4509,4480,-1,4500,4480,4498,-1,4483,4510,4499,-1,4499,4498,4483,-1,4511,4510,4483,-1,4483,4501,4511,-1,4512,4511,4501,-1,4501,4502,4512,-1,4513,4512,4502,-1,4502,4503,4513,-1,4504,4513,4503,-1,4504,4503,4288,-1,3921,4288,4285,-1,4514,4515,4516,-1,4517,4518,4519,-1,4520,4518,4249,-1,4521,4522,4523,-1,4518,4517,4472,-1,4524,4525,4526,-1,4527,4528,4526,-1,4529,4514,4530,-1,4531,4532,4533,-1,4534,4535,4536,-1,4537,4536,4538,-1,4539,4536,4535,-1,4537,4538,4540,-1,4536,4537,4534,-1,4541,4540,4542,-1,4543,4544,4545,-1,4546,4545,4547,-1,4543,4548,4544,-1,4544,4547,4545,-1,4549,4550,4547,-1,4546,4547,4550,-1,4519,4527,4551,-1,4520,4249,4250,-1,4552,4516,4539,-1,4553,4535,4534,-1,4554,4555,4556,-1,4553,4557,4535,-1,4557,4558,4559,-1,4558,4557,4553,-1,4558,4560,4559,-1,4561,4559,4560,-1,4562,4559,4561,-1,4562,4561,4563,-1,4564,4565,4563,-1,4564,4566,4567,-1,4562,4563,4565,-1,4568,4569,4570,-1,4564,4567,4565,-1,4566,4571,4572,-1,4572,4567,4566,-1,4573,4574,4575,-1,4572,4571,4575,-1,4576,4577,4578,-1,4579,4580,4581,-1,4577,4582,4583,-1,4584,4585,4586,-1,4587,4588,4589,-1,4590,4577,4580,-1,4591,4592,4593,-1,4594,4582,4595,-1,4593,4596,4589,-1,4597,4586,4574,-1,4303,2286,1419,-1,4598,4575,4571,-1,4598,4573,4575,-1,4599,4573,4600,-1,4573,4598,4600,-1,4601,4599,4602,-1,4599,4601,4573,-1,4602,4603,4604,-1,4603,4605,4604,-1,4606,4605,4607,-1,4608,4601,4604,-1,4606,4609,4610,-1,4610,4609,4611,-1,2306,2304,4611,-1,4541,4542,4546,-1,4546,4550,4541,-1,4612,4613,4614,-1,4542,4540,4538,-1,4546,4542,4615,-1,4538,4536,4516,-1,4542,4515,4615,-1,4557,4616,4535,-1,4538,4516,4515,-1,4559,4617,4557,-1,4536,4539,4516,-1,4618,4559,4562,-1,4535,4616,4539,-1,4619,4562,4565,-1,4557,4617,4616,-1,4620,4565,4567,-1,4559,4618,4617,-1,4621,4567,4572,-1,4618,4562,4619,-1,4572,4575,4622,-1,4619,4565,4620,-1,4573,4601,4597,-1,4620,4567,4621,-1,4604,4623,4608,-1,4622,4621,4572,-1,4601,4602,4604,-1,4575,4574,4622,-1,4623,4605,4624,-1,4573,4597,4574,-1,4625,4606,4610,-1,4607,4609,4606,-1,4603,4607,4605,-1,4604,4605,4623,-1,4611,2304,4610,-1,4625,4624,4606,-1,2303,4610,2304,-1,4545,4546,4615,-1,4626,4627,4548,-1,4626,4548,4543,-1,4515,4542,4538,-1,4545,4615,4628,-1,4530,4629,4630,-1,4615,4529,4628,-1,4631,4539,4616,-1,4529,4515,4514,-1,4617,4556,4616,-1,4516,4552,4514,-1,4618,4554,4617,-1,4539,4631,4552,-1,4619,4632,4618,-1,4616,4556,4631,-1,4620,4633,4619,-1,4617,4554,4556,-1,4634,4620,4621,-1,4618,4632,4554,-1,4635,4621,4622,-1,4632,4619,4633,-1,4585,4622,4574,-1,4633,4620,4634,-1,4608,4636,4637,-1,4634,4621,4635,-1,4635,4622,4585,-1,4638,4636,4623,-1,4597,4601,4608,-1,4574,4586,4585,-1,4639,4624,4625,-1,4608,4637,4597,-1,4623,4636,4608,-1,4610,2303,4625,-1,4605,4606,4624,-1,4639,4638,4624,-1,2311,4625,2303,-1,4543,4545,4628,-1,4640,4641,4627,-1,4640,4627,4626,-1,4529,4615,4515,-1,4642,4543,4628,-1,4643,4514,4552,-1,4630,4642,4628,-1,4644,4552,4631,-1,4529,4530,4630,-1,4645,4631,4556,-1,4514,4643,4530,-1,4646,4647,4648,-1,4552,4644,4643,-1,4632,4649,4554,-1,4631,4645,4644,-1,4633,4650,4632,-1,4556,4555,4645,-1,4651,4633,4634,-1,4554,4649,4555,-1,4652,4634,4635,-1,4632,4650,4649,-1,4653,4635,4585,-1,4633,4651,4650,-1,4637,4654,4581,-1,4651,4634,4652,-1,4653,4652,4635,-1,4655,4654,4636,-1,4586,4597,4637,-1,4585,4584,4653,-1,4639,4656,4638,-1,4637,4581,4586,-1,4636,4654,4637,-1,4625,2311,4639,-1,4623,4624,4638,-1,4638,4656,4655,-1,2302,4639,2311,-1,4626,4543,4642,-1,4657,4658,4641,-1,4640,4657,4641,-1,4630,4628,4529,-1,4642,4659,4626,-1,4660,4530,4643,-1,4642,4523,4659,-1,4661,4643,4644,-1,4630,4629,4523,-1,4662,4644,4645,-1,4660,4629,4530,-1,4663,4645,4555,-1,4661,4660,4643,-1,4664,4555,4649,-1,4644,4662,4661,-1,4650,4646,4649,-1,4645,4663,4662,-1,4665,4650,4651,-1,4555,4664,4663,-1,4568,4651,4652,-1,4649,4646,4664,-1,4569,4652,4653,-1,4665,4646,4650,-1,4576,4653,4584,-1,4665,4651,4568,-1,4568,4652,4569,-1,4666,4579,4654,-1,4584,4586,4581,-1,4653,4576,4569,-1,4656,4667,4655,-1,4581,4580,4584,-1,4654,4579,4581,-1,4656,4639,2302,-1,4636,4638,4655,-1,4655,4667,4666,-1,2301,4656,2302,-1,4640,4626,4659,-1,4525,4524,4658,-1,4525,4658,4657,-1,4523,4642,4630,-1,4659,4668,4640,-1,4629,4531,4521,-1,4523,4522,4659,-1,4660,4669,4531,-1,4629,4521,4523,-1,4661,4670,4669,-1,4531,4629,4660,-1,4662,4671,4670,-1,4669,4660,4661,-1,4663,4672,4671,-1,4670,4661,4662,-1,4664,4648,4672,-1,4663,4671,4662,-1,4673,4674,4675,-1,4664,4672,4663,-1,4665,4675,4647,-1,4646,4648,4664,-1,4568,4570,4675,-1,4647,4646,4665,-1,4569,4578,4570,-1,4675,4665,4568,-1,4595,4676,4592,-1,4677,4590,4579,-1,4576,4584,4580,-1,4576,4578,4569,-1,4667,4678,4666,-1,4580,4577,4576,-1,4579,4590,4580,-1,4667,4656,2301,-1,4654,4655,4666,-1,4666,4678,4677,-1,2300,4667,2301,-1,4657,4640,4668,-1,4526,4528,4524,-1,4679,4522,4680,-1,4668,4659,4522,-1,4681,4657,4668,-1,4680,4521,4533,-1,4522,4679,4668,-1,4682,4683,4684,-1,4521,4680,4522,-1,4532,4669,4682,-1,4533,4521,4531,-1,4682,4670,4685,-1,4532,4531,4669,-1,4685,4671,4686,-1,4682,4669,4670,-1,4686,4672,4687,-1,4685,4670,4671,-1,4687,4648,4688,-1,4686,4671,4672,-1,4647,4674,4688,-1,4648,4687,4672,-1,4689,4690,4588,-1,4688,4648,4647,-1,4673,4570,4691,-1,4674,4647,4675,-1,4691,4578,4583,-1,4570,4673,4675,-1,4692,4582,4590,-1,4578,4691,4570,-1,4678,4693,4677,-1,4578,4577,4583,-1,4590,4582,4577,-1,4678,4667,2300,-1,4579,4666,4677,-1,4677,4693,4692,-1,2314,4678,2300,-1,4525,4657,4681,-1,4527,4694,4528,-1,4613,4679,4695,-1,4681,4668,4679,-1,4696,4525,4681,-1,4695,4680,4697,-1,4613,4681,4679,-1,4533,4698,4697,-1,4695,4679,4680,-1,4532,4684,4698,-1,4697,4680,4533,-1,4699,4700,4701,-1,4698,4533,4532,-1,4683,4685,4699,-1,4684,4532,4682,-1,4699,4686,4702,-1,4683,4682,4685,-1,4702,4687,4703,-1,4699,4685,4686,-1,4688,4704,4703,-1,4702,4686,4687,-1,4674,4705,4704,-1,4703,4687,4688,-1,4673,4706,4705,-1,4704,4688,4674,-1,4706,4691,4690,-1,4705,4674,4673,-1,4690,4583,4594,-1,4691,4706,4673,-1,4693,4676,4692,-1,4583,4690,4691,-1,4582,4594,4583,-1,4693,4678,2314,-1,4590,4677,4692,-1,4692,4676,4595,-1,2289,4693,2314,-1,4526,4525,4696,-1,4694,4519,4707,-1,4708,4614,4709,-1,4696,4681,4613,-1,4710,4526,4696,-1,4614,4695,4709,-1,4612,4696,4613,-1,4697,4711,4709,-1,4614,4613,4695,-1,4698,4712,4711,-1,4709,4695,4697,-1,4684,4713,4712,-1,4697,4698,4711,-1,4683,4701,4713,-1,4712,4698,4684,-1,4714,4700,4715,-1,4713,4684,4683,-1,4700,4702,4715,-1,4701,4683,4699,-1,4715,4703,4716,-1,4700,4699,4702,-1,4704,4717,4716,-1,4715,4702,4703,-1,4705,4718,4717,-1,4703,4704,4716,-1,4706,4689,4718,-1,4717,4704,4705,-1,4591,4588,4594,-1,4718,4705,4706,-1,2313,4593,4592,-1,4690,4689,4706,-1,4690,4594,4588,-1,4676,4693,2289,-1,4582,4692,4595,-1,4595,4592,4591,-1,2288,4676,2289,-1,4527,4526,4710,-1,4517,4519,4551,-1,4719,4710,4612,-1,4710,4696,4612,-1,4710,4719,4551,-1,4720,4612,4614,-1,4719,4612,4720,-1,4721,4722,4402,-1,4720,4614,4708,-1,4723,4709,4711,-1,4708,4709,4723,-1,4724,4711,4712,-1,4711,4724,4723,-1,4725,4712,4713,-1,4712,4725,4724,-1,4726,4713,4701,-1,4713,4726,4725,-1,4727,4701,4700,-1,4726,4701,4727,-1,4728,4729,4330,-1,4727,4700,4714,-1,4730,4715,4716,-1,4714,4715,4730,-1,4731,4716,4717,-1,4716,4731,4730,-1,4732,4717,4718,-1,4717,4732,4731,-1,4733,4718,4689,-1,4718,4733,4732,-1,4587,4689,4588,-1,4689,4587,4733,-1,4589,4588,4591,-1,4592,4676,2288,-1,4594,4595,4591,-1,4591,4593,4589,-1,2313,4592,2288,-1,4694,4527,4519,-1,4518,4520,4707,-1,4719,4734,4551,-1,4527,4710,4551,-1,4551,4734,4517,-1,4720,4735,4719,-1,4719,4735,4734,-1,4708,4736,4720,-1,4720,4736,4735,-1,4723,4721,4708,-1,4736,4708,4721,-1,4724,4722,4723,-1,4723,4722,4721,-1,4725,4737,4724,-1,4724,4737,4722,-1,4726,4738,4725,-1,4725,4738,4737,-1,4727,4739,4726,-1,4726,4739,4738,-1,4714,4740,4727,-1,4727,4740,4739,-1,4730,4728,4714,-1,4740,4714,4728,-1,4731,4729,4730,-1,4730,4729,4728,-1,4732,4741,4731,-1,4731,4741,4729,-1,4733,4742,4732,-1,4732,4742,4741,-1,4587,4743,4733,-1,4733,4743,4742,-1,4589,4744,4587,-1,4587,4744,4743,-1,4593,2286,4596,-1,4744,4589,4596,-1,2286,4593,2313,-1,4518,4707,4519,-1,4249,4518,4472,-1,4472,4517,4460,-1,4460,4734,4452,-1,4460,4517,4734,-1,4452,4735,4229,-1,4452,4734,4735,-1,4229,4736,4223,-1,4229,4735,4736,-1,4223,4721,4218,-1,4223,4736,4721,-1,4402,4218,4721,-1,4402,4722,4216,-1,4722,4737,4216,-1,4216,4737,4217,-1,4217,4738,4213,-1,4217,4737,4738,-1,4213,4739,4363,-1,4213,4738,4739,-1,4363,4740,4349,-1,4363,4739,4740,-1,4349,4728,4312,-1,4349,4740,4728,-1,4330,4312,4728,-1,4330,4729,4327,-1,4729,4741,4327,-1,4327,4741,4324,-1,4741,4742,4324,-1,4324,4742,4322,-1,4322,4743,4319,-1,4322,4742,4743,-1,4319,4744,4318,-1,4319,4743,4744,-1,4318,4596,4303,-1,4318,4744,4596,-1,4303,4596,2286,-1,4745,4746,4747,-1,4748,4749,4750,-1,4751,4747,4752,-1,4753,4754,4755,-1,4756,4749,4757,-1,4754,4758,4759,-1,4760,4761,4762,-1,4762,4763,4764,-1,4765,4766,4767,-1,2404,4768,4748,-1,4769,4770,4771,-1,4772,4773,4774,-1,4751,4775,4745,-1,4769,4776,4777,-1,4778,4779,4780,-1,4781,4782,4783,-1,4784,4775,4785,-1,4786,4787,4788,-1,4789,4785,4790,-1,4789,4790,4791,-1,4792,4793,4794,-1,4793,4795,4791,-1,4795,4796,4797,-1,4798,4799,4800,-1,4801,4796,4792,-1,4802,4803,4804,-1,4805,4806,4807,-1,4808,4809,4810,-1,4811,4810,4812,-1,4813,4814,4803,-1,4815,4816,4753,-1,4808,4810,4811,-1,4812,4817,4811,-1,4537,4818,4812,-1,4819,4818,4540,-1,4820,4752,4821,-1,4541,4822,4819,-1,4819,4822,4798,-1,4823,4550,4549,-1,4550,4823,4822,-1,4824,4761,4756,-1,2404,2407,4768,-1,4825,4826,2411,-1,2413,4825,2411,-1,4827,4828,4825,-1,4827,2413,2414,-1,2407,2408,4768,-1,2417,4829,4830,-1,4831,4829,4832,-1,4830,2414,2417,-1,2419,4829,2417,-1,4758,4826,4825,-1,4829,2420,4832,-1,4826,4833,4768,-1,2419,2420,4829,-1,4757,4833,4758,-1,2306,4832,2420,-1,2398,2405,4834,-1,4835,2428,4836,-1,4837,4750,4749,-1,2423,4838,2392,-1,4839,4837,4760,-1,2398,4840,2422,-1,4840,2398,4834,-1,2423,4841,4838,-1,4842,4836,2393,-1,2427,2393,4836,-1,4838,4843,4842,-1,2428,2427,4836,-1,2430,2428,4835,-1,4844,4845,4846,-1,2430,4835,4847,-1,4848,4849,4850,-1,4847,2434,2433,-1,4851,4852,4853,-1,4848,2434,4847,-1,2396,2436,4850,-1,4848,4850,2436,-1,2414,4830,4827,-1,4832,2306,4611,-1,4829,4831,4830,-1,4611,4854,4832,-1,4826,2408,2411,-1,4828,4830,4855,-1,4768,2408,4826,-1,4856,4831,4854,-1,2413,4827,4825,-1,4854,4831,4832,-1,4828,4827,4830,-1,4855,4831,4856,-1,4609,4857,4854,-1,4854,4611,4609,-1,2405,4748,4834,-1,4858,4759,4828,-1,2405,2404,4748,-1,4759,4858,4755,-1,4833,4748,4768,-1,4856,4857,4859,-1,4833,4826,4758,-1,4825,4828,4759,-1,4857,4856,4854,-1,4830,4831,4855,-1,4858,4828,4855,-1,4860,4856,4859,-1,4607,4861,4857,-1,4857,4609,4607,-1,2422,4841,2401,-1,4750,4834,4748,-1,2423,2401,4841,-1,4749,4748,4833,-1,4756,4837,4749,-1,4834,4750,4840,-1,4862,4755,4858,-1,4755,4862,4815,-1,4758,4825,4759,-1,4833,4757,4749,-1,4858,4855,4860,-1,4758,4754,4757,-1,4863,4859,4861,-1,4861,4859,4857,-1,4855,4856,4860,-1,4862,4858,4860,-1,4864,4859,4863,-1,4603,4865,4861,-1,4861,4607,4603,-1,4866,4867,4868,-1,2392,4842,2393,-1,4869,4841,4840,-1,4841,2422,4840,-1,4838,4842,2392,-1,4839,4840,4750,-1,4841,4843,4838,-1,4837,4756,4761,-1,4869,4843,4841,-1,4757,4754,4870,-1,4839,4869,4840,-1,4816,4821,4871,-1,4750,4837,4839,-1,4864,4872,4820,-1,4815,4820,4821,-1,4754,4759,4755,-1,4870,4756,4757,-1,4862,4860,4864,-1,4754,4753,4870,-1,4873,4865,4874,-1,4865,4863,4861,-1,4860,4859,4864,-1,4820,4862,4864,-1,4872,4863,4873,-1,4602,4874,4865,-1,4865,4603,4602,-1,2436,2434,4848,-1,4875,4850,4849,-1,4876,4877,4849,-1,2430,4847,2433,-1,4849,4847,4845,-1,4846,4836,4878,-1,4845,4835,4846,-1,4842,4879,4878,-1,4846,4835,4836,-1,4879,4843,4880,-1,4878,4836,4842,-1,4881,4869,4839,-1,4879,4842,4843,-1,4882,4764,4883,-1,4843,4869,4880,-1,4870,4824,4756,-1,4880,4869,4881,-1,4807,4884,4816,-1,4881,4839,4760,-1,4884,4870,4753,-1,4761,4760,4837,-1,4872,4885,4752,-1,4815,4862,4820,-1,4753,4755,4815,-1,4884,4824,4870,-1,4752,4747,4821,-1,4884,4753,4816,-1,4886,4874,4887,-1,4863,4865,4873,-1,4864,4863,4872,-1,4752,4820,4872,-1,4874,4602,4599,-1,4873,4886,4885,-1,4600,4874,4599,-1,4848,4847,4849,-1,4875,4849,4877,-1,4852,4876,4853,-1,4847,4835,4845,-1,4876,4845,4844,-1,4878,4888,4889,-1,4846,4889,4844,-1,4879,4868,4888,-1,4889,4846,4878,-1,4868,4880,4890,-1,4888,4878,4879,-1,4882,4881,4760,-1,4879,4880,4868,-1,4824,4891,4761,-1,4890,4880,4881,-1,4805,4892,4806,-1,4882,4890,4881,-1,4806,4824,4884,-1,4882,4760,4762,-1,4746,4893,4871,-1,4891,4762,4761,-1,4824,4806,4891,-1,4894,4751,4885,-1,4816,4815,4821,-1,4807,4806,4884,-1,4751,4745,4747,-1,4807,4816,4871,-1,4895,4887,4896,-1,4873,4874,4886,-1,4872,4873,4885,-1,4751,4752,4885,-1,4874,4600,4887,-1,4886,4895,4894,-1,4598,4887,4600,-1,4849,4845,4876,-1,4877,4876,4852,-1,4851,4853,4897,-1,4889,4898,4844,-1,4844,4898,4853,-1,4888,4867,4899,-1,4889,4899,4898,-1,4900,4901,4902,-1,4899,4889,4888,-1,4866,4890,4883,-1,4867,4888,4868,-1,4765,4764,4903,-1,4868,4890,4866,-1,4904,4905,4892,-1,4890,4882,4883,-1,4891,4892,4763,-1,4882,4762,4764,-1,4906,4907,4893,-1,4762,4891,4763,-1,4807,4893,4805,-1,4891,4806,4892,-1,4908,4745,4784,-1,4894,4909,4775,-1,4871,4821,4747,-1,4893,4807,4871,-1,4910,4895,4896,-1,4746,4871,4747,-1,4910,4896,4911,-1,4886,4887,4895,-1,4885,4886,4894,-1,4894,4775,4751,-1,4887,4598,4896,-1,4895,4910,4909,-1,4571,4896,4598,-1,4853,4876,4844,-1,4912,4851,4897,-1,4788,4913,4914,-1,4912,4897,4915,-1,4898,4916,4897,-1,4867,4917,4918,-1,4916,4899,4918,-1,4917,4866,4919,-1,4918,4899,4867,-1,4919,4883,4765,-1,4866,4917,4867,-1,4905,4920,4773,-1,4883,4919,4866,-1,4903,4763,4905,-1,4883,4764,4765,-1,4907,4904,4805,-1,4763,4903,4764,-1,4906,4921,4922,-1,4763,4892,4905,-1,4908,4906,4746,-1,4892,4805,4904,-1,4784,4789,4923,-1,4805,4893,4907,-1,4909,4924,4785,-1,4906,4893,4746,-1,4910,4911,4925,-1,4908,4746,4745,-1,4784,4745,4775,-1,4566,4926,4911,-1,4894,4895,4909,-1,4909,4785,4775,-1,4896,4571,4911,-1,4924,4910,4925,-1,4566,4911,4571,-1,4853,4898,4897,-1,4927,4912,4915,-1,4927,4915,4928,-1,4898,4899,4916,-1,4916,4929,4915,-1,4917,4930,4931,-1,4929,4918,4931,-1,4930,4919,4767,-1,4931,4918,4917,-1,4777,4772,4932,-1,4917,4919,4930,-1,4903,4773,4766,-1,4767,4919,4765,-1,4933,4920,4904,-1,4903,4766,4765,-1,4922,4934,4935,-1,4905,4773,4903,-1,4907,4922,4933,-1,4905,4904,4920,-1,4923,4936,4937,-1,4907,4933,4904,-1,4908,4923,4921,-1,4907,4906,4922,-1,4793,4791,4790,-1,4921,4906,4908,-1,4925,4926,4938,-1,4923,4908,4784,-1,4784,4785,4789,-1,4926,4925,4911,-1,4909,4910,4924,-1,4790,4785,4924,-1,4794,4925,4938,-1,4564,4939,4926,-1,4926,4566,4564,-1,4897,4916,4915,-1,4940,4927,4928,-1,4940,4928,4941,-1,4916,4918,4929,-1,4929,4942,4928,-1,4930,4900,4943,-1,4942,4931,4943,-1,4900,4767,4944,-1,4930,4943,4931,-1,4766,4772,4944,-1,4930,4767,4900,-1,4945,4774,4920,-1,4766,4944,4767,-1,4935,4946,4947,-1,4773,4772,4766,-1,4933,4935,4945,-1,4920,4774,4773,-1,4937,4948,4949,-1,4933,4945,4920,-1,4921,4937,4934,-1,4933,4922,4935,-1,4791,4795,4950,-1,4921,4934,4922,-1,4789,4791,4936,-1,4923,4937,4921,-1,4790,4924,4794,-1,4923,4789,4936,-1,4951,4939,4952,-1,4939,4938,4926,-1,4924,4925,4794,-1,4793,4790,4794,-1,4792,4938,4951,-1,4563,4952,4939,-1,4939,4564,4563,-1,4915,4929,4928,-1,4953,4940,4941,-1,4953,4941,4954,-1,4929,4931,4942,-1,4942,4955,4941,-1,4956,4771,4957,-1,4955,4943,4902,-1,4944,4777,4901,-1,4900,4902,4943,-1,4958,4932,4774,-1,4944,4901,4900,-1,4959,4960,4947,-1,4777,4944,4772,-1,4945,4947,4958,-1,4774,4932,4772,-1,4949,4946,4934,-1,4945,4958,4774,-1,4961,4962,4948,-1,4945,4935,4947,-1,4950,4948,4936,-1,4934,4946,4935,-1,4797,4963,4795,-1,4934,4937,4949,-1,4796,4802,4797,-1,4936,4948,4937,-1,4793,4796,4795,-1,4950,4936,4791,-1,4964,4952,4965,-1,4938,4939,4951,-1,4794,4938,4792,-1,4792,4796,4793,-1,4952,4563,4561,-1,4951,4964,4801,-1,4561,4965,4952,-1,4928,4942,4941,-1,4966,4953,4954,-1,4954,4967,4968,-1,4942,4943,4955,-1,4954,4955,4969,-1,4776,4970,4901,-1,4902,4970,4969,-1,4769,4932,4971,-1,4902,4901,4970,-1,4770,4972,4973,-1,4776,4901,4777,-1,4958,4960,4971,-1,4932,4769,4777,-1,4974,4959,4946,-1,4958,4971,4932,-1,4975,4976,4977,-1,4960,4958,4947,-1,4949,4962,4974,-1,4946,4959,4947,-1,4978,4979,4980,-1,4949,4974,4946,-1,4950,4963,4961,-1,4948,4962,4949,-1,4981,4982,4983,-1,4948,4950,4961,-1,4802,4801,4984,-1,4950,4795,4963,-1,4985,4965,4809,-1,4951,4952,4964,-1,4792,4951,4801,-1,4796,4801,4802,-1,4965,4561,4560,-1,4964,4985,4984,-1,4558,4965,4560,-1,4941,4955,4954,-1,4966,4954,4968,-1,4967,4986,4987,-1,4955,4902,4969,-1,4967,4969,4988,-1,4776,4771,4956,-1,4956,4988,4970,-1,4989,4972,4770,-1,4956,4970,4776,-1,4971,4989,4770,-1,4769,4771,4776,-1,4959,4990,4960,-1,4770,4769,4971,-1,4991,4976,4975,-1,4989,4960,4990,-1,4974,4991,4975,-1,4975,4990,4959,-1,4992,4979,4978,-1,4975,4959,4974,-1,4961,4992,4978,-1,4978,4991,4962,-1,4804,4981,4983,-1,4978,4962,4961,-1,4797,4804,4983,-1,4983,4992,4963,-1,4993,4813,4803,-1,4983,4963,4797,-1,4984,4993,4803,-1,4964,4965,4985,-1,4801,4964,4984,-1,4984,4803,4802,-1,4965,4558,4809,-1,4985,4808,4993,-1,4553,4809,4558,-1,4954,4969,4967,-1,4968,4967,4987,-1,4986,4779,4994,-1,4969,4970,4988,-1,4986,4988,4995,-1,4972,4783,4973,-1,4956,4957,4995,-1,4973,4771,4770,-1,4957,4771,4973,-1,4990,4996,4989,-1,4990,4975,4977,-1,4971,4960,4989,-1,4972,4989,4996,-1,4976,4980,4997,-1,4977,4996,4990,-1,4978,4980,4991,-1,4979,4982,4998,-1,4974,4962,4991,-1,4980,4976,4991,-1,4983,4982,4992,-1,4981,4814,4999,-1,4961,4963,4992,-1,4982,4979,4992,-1,4803,4814,4804,-1,4813,5000,5001,-1,4797,4802,4804,-1,4814,4981,4804,-1,4808,5000,4993,-1,4985,4809,4808,-1,4984,4985,4993,-1,5000,4813,4993,-1,4809,4553,4810,-1,4808,4811,5000,-1,4534,4810,4553,-1,4967,4988,4986,-1,4987,4986,4994,-1,4787,4913,4788,-1,4988,4956,4995,-1,5002,4779,4995,-1,4782,4957,4973,-1,5002,4957,4782,-1,4972,4996,5003,-1,4782,4973,4783,-1,4996,4977,5004,-1,4783,4972,5003,-1,5005,4997,5006,-1,4996,5004,5003,-1,5005,4977,4976,-1,5004,4977,5005,-1,4980,4979,5007,-1,5005,4976,4997,-1,5008,5009,4998,-1,4997,4980,5007,-1,4982,4981,5008,-1,5007,4979,4998,-1,5010,5011,4999,-1,4998,4982,5008,-1,5010,5001,5012,-1,5008,4981,4999,-1,5010,4814,4813,-1,4999,4814,5010,-1,5000,4811,5013,-1,5010,4813,5001,-1,4818,4800,4817,-1,5013,5001,5000,-1,4810,4534,4812,-1,5013,4811,4817,-1,4537,4812,4534,-1,4986,4995,4779,-1,4994,4779,4778,-1,5014,4787,4780,-1,4995,4957,5002,-1,4780,5002,5014,-1,4783,5003,5015,-1,5014,4782,4781,-1,5003,5004,5016,-1,4783,5015,4781,-1,5005,5017,5004,-1,5003,5016,5015,-1,5018,5019,5020,-1,5016,5004,5017,-1,4997,5007,5021,-1,5017,5005,5006,-1,5022,5023,5024,-1,4997,5021,5006,-1,5025,5007,4998,-1,5021,5007,5025,-1,5026,5027,5028,-1,4998,5009,5025,-1,5029,5008,4999,-1,5009,5008,5029,-1,5030,5031,5032,-1,5029,4999,5011,-1,5001,5013,5033,-1,5011,5010,5012,-1,4799,5034,5035,-1,5001,5033,5012,-1,5036,5013,4817,-1,5036,5033,5013,-1,4800,5036,4817,-1,4537,4540,4818,-1,4812,4818,4817,-1,4779,5002,4780,-1,4778,4780,5037,-1,4913,5038,4914,-1,5002,4782,5014,-1,4913,4787,5014,-1,5039,5040,5038,-1,5038,4913,4781,-1,5041,5042,5039,-1,5039,5038,5015,-1,5043,5041,5020,-1,5041,5039,5016,-1,5017,5020,5041,-1,5006,5020,5017,-1,5024,5044,5018,-1,5018,5020,5006,-1,5045,5023,5022,-1,5021,5024,5018,-1,5028,5045,5022,-1,5022,5024,5025,-1,5046,5027,5026,-1,5009,5028,5022,-1,5047,5026,5032,-1,5026,5028,5029,-1,5048,5031,5030,-1,5011,5032,5026,-1,5049,5030,5035,-1,5030,5032,5012,-1,5050,5034,4799,-1,5033,5035,5030,-1,4798,5050,4799,-1,4799,5035,5036,-1,4822,5051,4798,-1,4540,4541,4819,-1,4818,4819,4800,-1,4780,4787,5037,-1,4786,5037,4787,-1,5038,5040,4914,-1,4781,4913,5014,-1,5039,5042,5040,-1,5015,5038,4781,-1,5041,5052,5042,-1,5016,5039,5015,-1,5043,5052,5041,-1,5017,5041,5016,-1,5043,5020,5019,-1,5019,5018,5044,-1,5024,5053,5044,-1,5021,5018,5006,-1,5023,5053,5024,-1,5025,5024,5021,-1,5028,5054,5045,-1,5009,5022,5025,-1,5027,5054,5028,-1,5029,5028,5009,-1,5047,5046,5026,-1,5011,5026,5029,-1,5031,5047,5032,-1,5012,5032,5011,-1,5049,5048,5030,-1,5033,5030,5012,-1,5034,5049,5035,-1,5036,5035,5033,-1,4798,5055,5050,-1,4800,4799,5036,-1,5051,5055,4798,-1,4819,4798,4800,-1,4823,5051,4822,-1,4541,4550,4822,-1,5056,5057,5058,-1,5059,5060,5061,-1,5062,5063,5064,-1,5065,5066,5067,-1,5058,5068,5064,-1,5069,5070,5071,-1,5057,5072,5058,-1,5070,5069,5073,-1,5074,5075,5076,-1,5077,5078,5079,-1,5080,5075,5074,-1,5081,5076,5075,-1,5082,5072,5057,-1,5083,5072,5082,-1,5084,5083,5085,-1,5085,4987,5086,-1,5082,5085,5083,-1,5085,5086,5084,-1,5087,5086,4994,-1,5067,5068,5058,-1,5086,5087,5088,-1,5037,5089,4778,-1,5090,5087,5089,-1,5089,5037,5091,-1,5092,5083,5093,-1,4786,5091,5037,-1,5094,5056,5064,-1,5095,5062,5096,-1,5097,5063,5095,-1,5063,5097,5098,-1,5099,5097,5100,-1,5099,5101,5097,-1,5099,5102,5103,-1,5099,5104,5102,-1,5105,5106,5102,-1,5107,5105,5102,-1,5108,5105,5109,-1,5109,5105,5110,-1,5109,5111,5112,-1,5113,5111,5109,-1,5114,5111,5115,-1,2396,5112,5116,-1,5111,5114,5116,-1,5115,5111,5059,-1,5059,5061,5115,-1,5113,5117,5059,-1,5060,5118,5119,-1,5120,5118,5121,-1,5061,5060,5119,-1,5122,5120,5121,-1,5123,5124,5125,-1,5126,5123,5127,-1,5125,3739,5123,-1,5123,3739,5127,-1,5122,5121,5128,-1,5060,5117,5129,-1,5121,5118,5129,-1,5130,5131,5132,-1,5118,5060,5129,-1,5112,5108,5109,-1,5059,5117,5060,-1,5111,5113,5059,-1,2396,4850,5112,-1,5116,5112,5111,-1,5121,5133,5128,-1,5122,5128,5126,-1,5128,5133,5123,-1,5129,5134,5121,-1,5121,5134,5133,-1,5117,5135,5136,-1,5134,5129,5136,-1,5110,5135,5113,-1,5117,5136,5129,-1,4850,5108,5112,-1,5113,5135,5117,-1,5110,5113,5109,-1,5108,5106,5105,-1,4850,4875,5108,-1,5123,5126,5128,-1,5137,5125,5124,-1,5137,5124,5138,-1,5134,5139,5133,-1,5133,5139,5124,-1,5136,5140,5134,-1,5134,5140,5139,-1,5135,5141,5142,-1,5140,5136,5142,-1,5107,5141,5110,-1,5135,5142,5136,-1,4875,5106,5108,-1,5110,5141,5135,-1,5107,5110,5105,-1,4877,5103,5106,-1,4875,4877,5106,-1,5123,5133,5124,-1,5143,5137,5138,-1,5080,5144,5075,-1,5143,5138,5145,-1,5139,5146,5138,-1,5142,5147,5140,-1,5140,5147,5146,-1,5141,5130,5148,-1,5147,5142,5148,-1,5104,5130,5107,-1,5141,5148,5142,-1,5102,5106,5103,-1,5107,5130,5141,-1,5104,5107,5102,-1,4852,5101,5103,-1,5103,4877,4852,-1,5124,5139,5138,-1,5149,5143,5145,-1,5145,5150,5151,-1,5139,5140,5146,-1,5146,5152,5145,-1,5148,5153,5147,-1,5147,5153,5152,-1,5071,5154,5155,-1,5153,5148,5132,-1,5100,5131,5104,-1,5130,5132,5148,-1,5099,5103,5101,-1,5104,5131,5130,-1,5100,5104,5099,-1,4851,5098,5101,-1,5101,4852,4851,-1,5138,5146,5145,-1,5149,5145,5151,-1,5150,5156,5157,-1,5146,5147,5152,-1,5152,5158,5150,-1,5132,5159,5153,-1,5158,5153,5159,-1,5160,5131,5161,-1,5159,5132,5160,-1,5161,5100,5095,-1,5131,5160,5132,-1,5097,5101,5098,-1,5131,5100,5161,-1,5095,5100,5097,-1,4912,5094,5098,-1,5098,4851,4912,-1,5145,5152,5150,-1,5151,5150,5157,-1,5156,5162,5163,-1,5152,5153,5158,-1,5158,5164,5156,-1,5160,5165,5159,-1,5164,5159,5165,-1,5166,5161,5096,-1,5165,5160,5166,-1,5167,5168,5069,-1,5161,5166,5160,-1,5063,5098,5094,-1,5095,5096,5161,-1,5062,5095,5063,-1,4927,5056,5094,-1,5094,4912,4927,-1,5150,5158,5156,-1,5157,5156,5163,-1,5162,5169,5170,-1,5158,5159,5164,-1,5164,5171,5162,-1,5166,5172,5165,-1,5171,5165,5172,-1,5096,5173,5174,-1,5166,5174,5172,-1,5062,5068,5173,-1,5174,5166,5096,-1,5096,5062,5173,-1,5056,4927,4940,-1,5063,5094,5064,-1,5062,5064,5068,-1,4940,5057,5056,-1,5156,5164,5162,-1,5163,5162,5170,-1,5169,5175,5176,-1,5164,5165,5171,-1,5171,5177,5169,-1,5174,5077,5172,-1,5077,5177,5172,-1,5078,5174,5173,-1,5078,5077,5174,-1,5066,5173,5068,-1,5078,5173,5066,-1,5066,5068,5067,-1,5057,4940,4953,-1,5064,5056,5058,-1,5067,5058,5072,-1,4966,5057,4953,-1,5162,5171,5169,-1,5170,5169,5176,-1,5175,5178,5179,-1,5171,5172,5177,-1,5177,5180,5175,-1,5155,5181,5182,-1,5077,5079,5180,-1,5066,5183,5078,-1,5078,5183,5079,-1,5167,5184,5185,-1,5065,5183,5066,-1,5067,5072,5092,-1,5067,5092,5065,-1,5057,4966,5082,-1,5092,5072,5083,-1,4968,5082,4966,-1,5169,5177,5175,-1,5176,5175,5179,-1,5178,5186,5187,-1,5177,5077,5180,-1,5188,5178,5180,-1,5189,5079,5183,-1,5189,5188,5079,-1,5190,5183,5065,-1,5189,5183,5190,-1,5191,5065,5092,-1,5191,5190,5065,-1,5084,5086,5088,-1,5093,5191,5092,-1,5082,4968,5085,-1,5084,5093,5083,-1,4987,5085,4968,-1,5175,5180,5178,-1,5179,5178,5187,-1,5081,5182,5192,-1,5180,5079,5188,-1,5186,5188,5193,-1,5194,5189,5190,-1,5194,5193,5189,-1,5195,5190,5191,-1,5194,5190,5195,-1,5196,5191,5093,-1,5195,5191,5196,-1,5197,5093,5084,-1,5196,5093,5197,-1,5089,5198,5090,-1,5197,5084,5088,-1,4994,5086,4987,-1,5178,5188,5186,-1,5187,5186,5144,-1,5081,5075,5182,-1,5188,5189,5193,-1,5193,5182,5075,-1,5155,5182,5071,-1,5194,5071,5182,-1,5199,5168,5167,-1,5195,5069,5071,-1,5200,5185,5184,-1,5196,5167,5069,-1,5201,5202,5090,-1,5184,5167,5197,-1,5202,5184,5090,-1,5090,5184,5088,-1,4778,5087,4994,-1,5193,5075,5186,-1,5144,5186,5075,-1,5181,5192,5182,-1,5194,5182,5193,-1,5070,5154,5071,-1,5195,5071,5194,-1,5168,5073,5069,-1,5196,5069,5195,-1,5185,5199,5167,-1,5197,5167,5196,-1,5202,5200,5184,-1,5088,5184,5197,-1,5198,5201,5090,-1,5087,5090,5088,-1,5089,5091,5198,-1,4778,5089,5087,-1,2453,5203,2454,-1,5204,5205,3720,-1,5206,5207,5208,-1,5209,5210,5211,-1,3733,5212,3731,-1,3111,5213,3112,-1,3720,5205,3723,-1,5214,3729,3727,-1,3695,5215,3699,-1,5215,3695,5216,-1,3739,3713,5217,-1,5215,3713,3699,-1,5218,5219,3730,-1,3695,3723,5216,-1,3731,5220,3727,-1,5214,5218,3729,-1,3111,5221,5213,-1,5222,5221,3107,-1,3727,5220,5214,-1,3107,5221,3111,-1,3112,3734,3114,-1,3112,5213,3734,-1,5218,3730,3729,-1,5223,5224,5225,-1,5208,5226,5227,-1,5225,5209,5206,-1,5228,5229,5230,-1,5206,5227,5223,-1,5231,5232,5233,-1,5234,5228,5230,-1,5235,5203,2453,-1,5236,3090,5237,-1,2452,5235,2453,-1,5238,5237,3091,-1,5211,5229,5239,-1,5219,5240,5226,-1,5241,5242,5243,-1,5219,3719,3730,-1,5204,3720,3719,-1,3719,5219,5204,-1,5244,5245,5246,-1,5247,5248,5249,-1,5245,5250,5216,-1,5251,5252,5253,-1,5254,5247,5249,-1,5118,5120,5255,-1,5251,5253,5255,-1,5061,5119,5256,-1,5119,5118,5257,-1,5258,5114,5115,-1,5259,5061,5256,-1,5260,5115,5259,-1,2395,5116,5258,-1,5116,5114,5258,-1,3733,5213,5212,-1,5213,3733,3734,-1,3091,3087,5238,-1,5212,5220,3731,-1,5212,5221,5261,-1,5262,5263,5214,-1,5261,5262,5220,-1,5263,5240,5218,-1,5214,5220,5262,-1,5246,5204,5226,-1,5214,5263,5218,-1,5245,5205,5246,-1,5219,5218,5240,-1,5226,5204,5219,-1,5254,5217,5247,-1,5205,5216,3723,-1,5204,5246,5205,-1,5217,3713,5215,-1,5245,5216,5205,-1,5250,5247,5215,-1,3739,5217,5127,-1,5217,5254,5127,-1,5126,5127,5254,-1,5213,5221,5212,-1,3106,5222,3107,-1,3106,5264,5222,-1,5212,5261,5220,-1,5261,5222,5265,-1,5263,5266,5267,-1,5265,5266,5262,-1,5267,5227,5240,-1,5262,5266,5263,-1,5244,5246,5208,-1,5263,5267,5240,-1,5241,5245,5244,-1,5226,5240,5227,-1,5248,5250,5241,-1,5246,5226,5208,-1,5251,5268,5252,-1,5215,5247,5217,-1,5216,5250,5215,-1,5245,5241,5250,-1,5126,5254,5268,-1,5248,5247,5250,-1,5249,5252,5254,-1,5122,5126,5268,-1,5221,5222,5261,-1,3101,5264,3106,-1,3101,5269,5264,-1,5261,5265,5262,-1,5265,5264,5270,-1,5267,5271,5223,-1,5270,5271,5266,-1,5239,5228,5272,-1,5267,5266,5271,-1,5207,5242,5244,-1,5223,5227,5267,-1,5248,5243,5273,-1,5208,5227,5206,-1,5249,5273,5274,-1,5244,5208,5207,-1,5252,5274,5253,-1,5241,5244,5242,-1,5268,5254,5252,-1,5248,5241,5243,-1,5248,5273,5249,-1,5120,5122,5251,-1,5122,5268,5251,-1,5274,5252,5249,-1,5120,5251,5255,-1,5222,5264,5265,-1,3100,5269,3101,-1,3100,5275,5269,-1,5265,5270,5266,-1,5270,5269,5276,-1,5234,5277,5278,-1,5224,5271,5276,-1,5209,5279,5207,-1,5271,5224,5223,-1,5279,5280,5242,-1,5206,5223,5225,-1,5280,5281,5243,-1,5207,5206,5209,-1,5281,5282,5273,-1,5279,5242,5207,-1,5281,5280,5283,-1,5280,5243,5242,-1,5253,5274,5284,-1,5281,5273,5243,-1,5253,5285,5255,-1,5282,5284,5274,-1,5284,5285,5253,-1,5256,5257,5286,-1,5255,5257,5118,-1,5255,5285,5286,-1,5119,5257,5256,-1,5264,5269,5270,-1,3103,5275,3100,-1,3103,5287,5275,-1,5270,5276,5271,-1,5275,5288,5276,-1,5289,5210,5225,-1,5224,5288,5289,-1,5290,5279,5211,-1,5289,5225,5224,-1,5290,5283,5280,-1,5209,5225,5210,-1,5283,5291,5281,-1,5279,5209,5211,-1,5292,5283,5293,-1,5290,5280,5279,-1,5284,5282,5294,-1,5295,5286,5285,-1,5273,5282,5274,-1,5291,5294,5282,-1,5296,5256,5286,-1,5294,5297,5284,-1,5255,5286,5257,-1,5285,5297,5295,-1,5256,5298,5259,-1,5286,5295,5296,-1,5061,5259,5115,-1,5298,5256,5296,-1,5299,5260,5298,-1,5115,5260,5258,-1,5269,5275,5276,-1,3096,5287,3103,-1,3096,5300,5287,-1,5276,5288,5224,-1,5287,5301,5288,-1,5210,5302,5229,-1,5302,5289,5301,-1,5239,5293,5290,-1,5210,5289,5302,-1,5283,5292,5291,-1,5211,5210,5229,-1,5291,5303,5294,-1,5290,5211,5239,-1,5294,5304,5297,-1,5305,5295,5297,-1,5281,5291,5282,-1,5292,5303,5291,-1,5284,5297,5285,-1,5294,5303,5304,-1,5296,5295,5306,-1,5297,5304,5305,-1,5298,5296,5307,-1,5295,5305,5306,-1,5308,5260,5299,-1,5296,5306,5307,-1,2440,5258,5308,-1,5259,5298,5260,-1,5308,5258,5260,-1,2440,2395,5258,-1,5116,2395,2396,-1,5275,5287,5288,-1,3095,5300,3096,-1,3095,5309,5300,-1,5288,5301,5289,-1,5301,5300,5310,-1,5230,5311,5234,-1,5302,5310,5230,-1,5293,5239,5272,-1,5230,5229,5302,-1,5292,5293,5312,-1,5303,5292,5313,-1,5290,5293,5283,-1,5272,5312,5293,-1,5304,5303,5314,-1,5312,5313,5292,-1,5305,5304,5315,-1,5303,5313,5314,-1,5306,5305,5316,-1,5304,5314,5315,-1,5316,5317,5318,-1,5305,5315,5316,-1,5307,5306,5318,-1,5299,5307,5319,-1,2439,5308,5299,-1,5298,5307,5299,-1,5319,2438,5299,-1,2440,5308,2439,-1,5287,5300,5301,-1,3098,5309,3095,-1,5309,3088,5236,-1,5301,5310,5302,-1,5311,5310,5309,-1,5272,5228,5278,-1,5272,5232,5312,-1,5229,5228,5239,-1,5234,5278,5228,-1,5312,5231,5313,-1,5278,5232,5272,-1,5313,5320,5314,-1,5232,5231,5312,-1,5315,5314,5321,-1,5231,5320,5313,-1,5322,5323,5317,-1,5320,5321,5314,-1,5324,5318,5317,-1,5321,5322,5315,-1,2442,5319,5324,-1,5307,5318,5319,-1,5306,5316,5318,-1,5319,5318,5324,-1,5319,2442,2438,-1,5299,2438,2439,-1,5300,5309,5310,-1,3098,3088,5309,-1,5325,5326,5235,-1,5310,5311,5230,-1,5327,5311,5236,-1,5232,5278,5328,-1,5277,5234,5327,-1,5329,5320,5231,-1,5277,5328,5278,-1,5330,5321,5320,-1,5328,5233,5232,-1,5331,5332,5330,-1,5233,5329,5231,-1,5322,5332,5323,-1,5329,5330,5320,-1,5315,5322,5316,-1,5322,5321,5332,-1,2441,2443,5324,-1,5316,5322,5317,-1,5323,2441,5317,-1,5324,2443,2442,-1,5309,5236,5311,-1,3088,3090,5236,-1,5277,5333,5328,-1,5311,5327,5234,-1,5237,5334,5327,-1,5233,5328,5335,-1,5277,5334,5333,-1,5329,5233,5336,-1,5328,5333,5335,-1,5337,5336,5338,-1,5233,5335,5336,-1,5337,5331,5330,-1,5330,5329,5337,-1,5331,5339,5332,-1,2445,2446,5323,-1,5321,5330,5332,-1,5323,5332,5339,-1,2446,2441,5323,-1,5317,2441,5324,-1,5236,5237,5327,-1,3090,3091,5237,-1,5335,5333,5326,-1,5327,5334,5277,-1,5238,5340,5334,-1,5341,5326,5325,-1,5333,5340,5326,-1,5341,5338,5336,-1,5336,5335,5341,-1,5338,5342,5337,-1,2448,2444,5331,-1,5329,5336,5337,-1,5331,5337,5342,-1,2444,2445,5339,-1,2444,5339,5331,-1,5323,5339,2445,-1,5237,5238,5334,-1,5203,3087,2454,-1,5340,5203,5235,-1,5334,5340,5333,-1,5326,5340,5235,-1,2451,5341,5325,-1,2447,2449,5338,-1,5335,5326,5341,-1,2449,2448,5342,-1,2449,5342,5338,-1,5331,5342,2448,-1,5340,5238,5203,-1,3087,5203,5238,-1,2452,2450,5235,-1,5235,2450,5325,-1,2450,2451,5325,-1,2451,2447,5341,-1,5341,2447,5338,-1,5343,3741,5344,-1,5345,5346,5179,-1,5347,5348,5349,-1,5350,5351,5352,-1,3883,5353,5354,-1,5355,5348,5356,-1,5357,5358,3804,-1,5354,5359,5357,-1,3740,5360,5344,-1,5361,5362,5363,-1,5364,5365,5366,-1,5367,5368,5369,-1,5370,5371,5372,-1,5373,5374,5375,-1,5373,5376,5377,-1,5370,5364,5376,-1,5369,5378,5366,-1,5379,5380,5381,-1,5381,5380,5382,-1,5374,5379,5381,-1,5383,5384,5385,-1,5386,5385,5387,-1,5345,5187,5387,-1,5345,5387,5385,-1,5388,5389,5144,-1,5387,5144,5389,-1,5380,5176,5346,-1,5144,5080,5388,-1,3715,3714,5390,-1,5390,3740,3715,-1,5368,5360,5390,-1,3737,5363,5391,-1,3737,5391,3714,-1,5125,5392,3739,-1,3740,5344,3742,-1,3737,3738,5392,-1,5360,5367,5352,-1,5393,3698,3700,-1,3738,3739,5392,-1,3706,3741,5343,-1,5394,5395,5343,-1,5395,5349,5396,-1,3706,5395,3707,-1,3707,5397,3700,-1,3710,3698,5398,-1,5356,5399,5400,-1,3710,5398,5401,-1,3810,5401,5402,-1,3810,3743,5401,-1,5358,5403,5404,-1,3694,3743,3810,-1,5391,5390,3714,-1,5363,3737,5392,-1,5125,5361,5392,-1,5367,5369,5405,-1,3742,5344,3741,-1,5367,5360,5368,-1,3740,5390,5360,-1,5361,5363,5392,-1,5368,5390,5391,-1,5378,5363,5362,-1,5137,5406,5361,-1,5361,5125,5137,-1,5393,3700,5397,-1,5397,3707,5395,-1,5394,5344,5352,-1,3706,5343,5395,-1,5405,5369,5365,-1,5394,5343,5344,-1,5368,5391,5378,-1,5344,5360,5352,-1,5407,5406,5408,-1,5406,5362,5361,-1,5391,5363,5378,-1,5369,5368,5378,-1,5366,5362,5407,-1,5143,5408,5406,-1,5406,5137,5143,-1,3743,3710,5401,-1,3848,3810,5402,-1,5402,5409,3848,-1,3698,5393,5398,-1,5402,5398,5410,-1,5411,5397,5396,-1,5411,5410,5393,-1,5349,5394,5351,-1,5397,5411,5393,-1,5412,5413,5350,-1,5395,5396,5397,-1,5405,5350,5367,-1,5394,5349,5395,-1,5370,5414,5365,-1,5394,5352,5351,-1,5365,5414,5405,-1,5352,5367,5350,-1,5415,5408,5416,-1,5362,5406,5407,-1,5378,5362,5366,-1,5365,5369,5366,-1,5408,5143,5149,-1,5407,5415,5364,-1,5151,5408,5149,-1,5401,5398,5402,-1,3857,3848,5409,-1,5409,5417,3866,-1,5398,5393,5410,-1,5409,5410,5418,-1,5355,5396,5348,-1,5355,5418,5411,-1,5347,5351,5413,-1,5396,5355,5411,-1,5412,5419,5413,-1,5349,5348,5396,-1,5412,5405,5414,-1,5351,5347,5349,-1,5370,5372,5414,-1,5350,5413,5351,-1,5370,5376,5371,-1,5412,5350,5405,-1,5377,5416,5420,-1,5407,5408,5415,-1,5366,5407,5364,-1,5364,5370,5365,-1,5408,5151,5416,-1,5415,5377,5376,-1,5157,5416,5151,-1,5402,5410,5409,-1,3857,5409,3866,-1,5417,5421,3867,-1,5410,5411,5418,-1,5417,5418,5422,-1,5347,5399,5348,-1,5356,5422,5355,-1,5419,5423,5424,-1,5356,5348,5399,-1,5424,5347,5413,-1,5424,5399,5347,-1,5414,5425,5412,-1,5424,5413,5419,-1,5371,5426,5372,-1,5425,5419,5412,-1,5373,5427,5371,-1,5414,5372,5425,-1,5374,5420,5379,-1,5415,5416,5377,-1,5364,5415,5376,-1,5376,5373,5371,-1,5416,5157,5420,-1,5377,5374,5373,-1,5163,5420,5157,-1,5409,5418,5417,-1,3866,5417,3867,-1,5421,5353,3873,-1,5418,5355,5422,-1,5421,5422,5428,-1,5399,5424,5429,-1,5356,5400,5428,-1,5423,5430,5431,-1,5400,5399,5429,-1,5419,5425,5430,-1,5429,5424,5423,-1,5432,5426,5433,-1,5423,5419,5430,-1,5432,5425,5372,-1,5432,5430,5425,-1,5427,5375,5434,-1,5426,5432,5372,-1,5375,5381,5435,-1,5371,5427,5426,-1,5377,5420,5374,-1,5375,5427,5373,-1,5420,5163,5379,-1,5374,5381,5375,-1,5170,5379,5163,-1,5417,5422,5421,-1,3867,5421,3873,-1,5403,5358,5357,-1,5422,5356,5428,-1,5436,5353,5428,-1,5423,5437,5429,-1,5400,5438,5436,-1,5439,5440,5431,-1,5438,5429,5437,-1,5430,5432,5439,-1,5437,5423,5431,-1,5433,5441,5442,-1,5439,5431,5430,-1,5426,5427,5441,-1,5439,5432,5433,-1,5435,5443,5434,-1,5441,5433,5426,-1,5382,5444,5435,-1,5434,5441,5427,-1,5384,5382,5346,-1,5375,5435,5434,-1,5379,5170,5380,-1,5435,5381,5382,-1,5176,5380,5170,-1,5421,5428,5353,-1,3873,5353,3883,-1,5400,5429,5438,-1,5428,5400,5436,-1,5436,5359,5354,-1,5445,5438,5437,-1,5438,5445,5359,-1,5446,5437,5431,-1,5445,5437,5446,-1,5439,5433,5447,-1,5431,5440,5446,-1,5448,5442,5449,-1,5440,5439,5447,-1,5441,5434,5450,-1,5447,5433,5442,-1,5451,5452,5453,-1,5442,5441,5450,-1,5454,5453,5383,-1,5450,5434,5443,-1,5455,5383,5385,-1,5444,5443,5435,-1,5384,5444,5382,-1,5176,5179,5346,-1,5380,5346,5382,-1,5353,5436,5354,-1,3883,5354,3806,-1,5456,5403,5445,-1,5436,5438,5359,-1,5445,5403,5359,-1,5457,5456,5446,-1,5446,5456,5445,-1,5458,5459,5457,-1,5440,5457,5446,-1,5448,5460,5458,-1,5458,5457,5440,-1,5461,5448,5449,-1,5447,5448,5458,-1,5452,5462,5449,-1,5450,5449,5442,-1,5450,5452,5449,-1,5443,5452,5450,-1,5463,5454,5383,-1,5443,5453,5452,-1,5464,5455,5385,-1,5444,5383,5453,-1,5465,5386,5387,-1,5179,5187,5345,-1,5346,5345,5384,-1,5354,5357,3806,-1,3804,3806,5357,-1,5403,5456,5404,-1,5359,5403,5357,-1,5404,5456,5466,-1,5456,5457,5466,-1,5466,5457,5459,-1,5459,5458,5460,-1,5448,5467,5460,-1,5447,5458,5440,-1,5461,5467,5448,-1,5442,5448,5447,-1,5461,5449,5462,-1,5462,5452,5468,-1,5468,5452,5451,-1,5451,5453,5469,-1,5454,5469,5453,-1,5444,5453,5443,-1,5455,5463,5383,-1,5384,5383,5444,-1,5386,5464,5385,-1,5345,5385,5384,-1,5389,5465,5387,-1,5187,5144,5387,-1,
        ]
    }
}
Shape{
    appearance Appearance {
        material  Material 	{
            diffuseColor 0.8117647058823529 0.8117647058823529 0.8117647058823529
            specularColor 0.7529411764705882 0.7529411764705882 0.7529411764705882
            ambientIntensity 0.2
            transparency 0
            shininess 0.5
        }
    }
    geometry IndexedFaceSet {
        ccw TRUE
        solid FALSE
        coord DEF co Coordinate {
            point [
                -1.5673 0.0377 -1.9685, -1.5699 0.0307 -0.2475, -1.5692 0.0327 -0.2529, -1.5677 0.0367 -0.2635, -1.567 0.0385 -0.2689, -1.5685 0.0347 -0.2581, -1.5638 0.0453 -0.2904, -1.5646 0.0437 -0.285, -1.5662 0.0403 -0.2742, -1.5654 0.042 -0.2796, -1.5629 0.0469 -0.2958, -1.5582 0.0547 -1.9685, -1.5621 0.0484 -0.3012, -1.5612 0.0499 -0.3066, -1.5571 0.0562 -0.329, -1.555 0.0592 -0.3395, -1.5592 0.0531 -0.3181, -1.5528 0.0621 -0.3494, -1.546 0.0696 -1.9685, -1.55 0.0653 -0.3605, -1.547 0.0685 -0.3712, -1.5405 0.0747 -0.3914, -1.5311 0.0818 -1.9685, -1.544 0.0716 -0.3811, -1.5223 0.0871 -0.4306, -1.5275 0.0841 -0.4213, -1.5365 0.078 -0.4018, -1.5096 0.0926 -0.4482, -1.514 0.0909 -1.9685, -1.5163 0.09 -0.4397, -1.5018 0.0951 -0.4562, -1.4956 0.0965 -1.9685, -1.493 0.097 -0.4629, -1.4832 0.0982 -0.4679, -1.4723 0.0983 -0.4705, -1.4764 0.0984 -1.9685, -1.4669 0.098 -0.472, -1.4572 0.0965 -1.9685, -1.4615 0.0973 -0.4738, -1.4565 0.0964 -0.4762, -1.3945 0.0547 -1.9685, -1.3925 0.0515 -0.5488, -1.3898 0.0468 -0.5504, -1.4517 0.0953 -0.4794, -1.4158 0.0776 -0.5198, -1.4127 0.0751 -0.524, -1.4217 0.0818 -1.9685, -1.432 0.0879 -0.4985, -1.4387 0.0909 -1.9685, -1.4356 0.0896 -0.4944, -1.4286 0.086 -0.5027, -1.4253 0.0841 -0.5069, -1.4393 0.0912 -0.4904, -1.4221 0.0821 -0.5112, -1.4189 0.0799 -0.5155, -1.4432 0.0927 -0.4865, -1.4068 0.0696 -1.9685, -1.4098 0.0725 -0.5282, -1.4069 0.0697 -0.5322, -1.404 0.0667 -0.5361, -1.4011 0.0633 -0.5398, -1.3982 0.0598 -0.5433, -1.3953 0.0558 -0.5463, -1.4473 0.0941 -0.4828, -1.3872 0.0418 -0.5512, -1.3854 0.0377 -1.9685, -1.3844 0.0351 -0.5512, -1.3821 0.0283 -0.5512, -1.3798 0.0192 -1.9685, -1.3803 0.0214 -0.5512, -1.379 0.0143 -0.5512, -1.3782 0.0072 -0.5512, -1.378 -0.0 -1.9685, -1.378 -0.0 -0.5512, -1.5324 0.0809 -0.4112, -1.5729 0.0192 -1.9685, -1.5706 0.0285 -0.2423, -1.5719 0.0232 -0.2323, -1.5713 0.026 -0.2372, -1.5725 0.0203 -0.2275, -1.5732 0.0174 -0.2226, -1.5741 0.0093 -0.2154, -1.5737 0.0139 -0.2184, -1.5748 -0.0 -1.9685, -1.5744 0.0046 -0.2124, -1.5748 -0.0 -0.2094, -1.4068 -0.0696 -1.9685, -1.4039 -0.0666 -0.5362, -1.4068 -0.0697 -0.5323, -1.4098 -0.0725 -0.5282, -1.4127 -0.0751 -0.5241, -1.4157 -0.0775 -0.52, -1.4217 -0.0818 -1.9685, -1.422 -0.082 -0.5114, -1.4188 -0.0798 -0.5157, -1.4286 -0.086 -0.5028, -1.4252 -0.0841 -0.5071, -1.432 -0.0879 -0.4986, -1.4387 -0.0909 -1.9685, -1.4474 -0.0941 -0.4828, -1.4572 -0.0965 -1.9685, -1.5224 -0.087 -0.4303, -1.5274 -0.0841 -0.4213, -1.5311 -0.0818 -1.9685, -1.514 -0.0909 -1.9685, -1.4668 -0.0979 -0.4718, -1.4614 -0.0973 -0.4737, -1.4932 -0.097 -0.4627, -1.502 -0.095 -0.456, -1.4956 -0.0965 -1.9685, -1.4833 -0.0982 -0.4678, -1.4764 -0.0984 -1.9685, -1.5163 -0.09 -0.4396, -1.5096 -0.0926 -0.4481, -1.4723 -0.0983 -0.4705, -1.4518 -0.0953 -0.4794, -1.4565 -0.0964 -0.4764, -1.4433 -0.0927 -0.4865, -1.4356 -0.0896 -0.4945, -1.4393 -0.0912 -0.4904, -1.5324 -0.0809 -0.4111, -1.5404 -0.0747 -0.3914, -1.5365 -0.0779 -0.4016, -1.544 -0.0715 -0.3809, -1.546 -0.0696 -1.9685, -1.547 -0.0685 -0.3711, -1.5499 -0.0654 -0.3605, -1.5528 -0.0621 -0.3494, -1.555 -0.0592 -0.3396, -1.5582 -0.0547 -1.9685, -1.5612 -0.0499 -0.3066, -1.5621 -0.0483 -0.301, -1.5571 -0.0563 -0.3292, -1.5592 -0.0532 -0.3182, -1.5673 -0.0377 -1.9685, -1.5654 -0.0419 -0.2794, -1.5662 -0.0402 -0.2741, -1.563 -0.0468 -0.2956, -1.572 -0.0235 -0.2321, -1.5729 -0.0192 -1.9685, -1.5713 -0.026 -0.2372, -1.5692 -0.0327 -0.2529, -1.5699 -0.0306 -0.2476, -1.5743 -0.0102 -0.2138, -1.5732 -0.0177 -0.2224, -1.5726 -0.0207 -0.2272, -1.5738 -0.0142 -0.218, -1.5677 -0.0366 -0.2634, -1.5685 -0.0347 -0.2581, -1.5746 -0.0054 -0.211, -1.5706 -0.0284 -0.2424, -1.567 -0.0384 -0.2688, -1.5638 -0.0452 -0.2902, -1.5646 -0.0436 -0.2848, -1.401 -0.0633 -0.54, -1.3945 -0.0547 -1.9685, -1.3981 -0.0597 -0.5434, -1.3925 -0.0515 -0.5489, -1.3953 -0.0558 -0.5466, -1.3898 -0.0468 -0.5504, -1.3854 -0.0377 -1.9685, -1.3844 -0.0351 -0.5512, -1.3872 -0.0418 -0.5512, -1.3821 -0.0283 -0.5512, -1.3798 -0.0192 -1.9685, -1.379 -0.0143 -0.5512, -1.3803 -0.0214 -0.5512, -1.3782 -0.0072 -0.5512, 1.5673 -0.0377 -1.9685, 1.5699 -0.0307 -0.2475, 1.5692 -0.0327 -0.2529, 1.5677 -0.0367 -0.2635, 1.567 -0.0385 -0.2689, 1.5685 -0.0347 -0.2581, 1.5638 -0.0453 -0.2904, 1.5646 -0.0437 -0.285, 1.5662 -0.0403 -0.2742, 1.5654 -0.042 -0.2796, 1.5629 -0.0469 -0.2958, 1.5582 -0.0547 -1.9685, 1.5621 -0.0484 -0.3012, 1.5612 -0.0499 -0.3066, 1.5571 -0.0562 -0.329, 1.555 -0.0592 -0.3395, 1.5592 -0.0531 -0.3181, 1.5528 -0.0621 -0.3494, 1.546 -0.0696 -1.9685, 1.55 -0.0653 -0.3605, 1.547 -0.0685 -0.3712, 1.5405 -0.0747 -0.3914, 1.5311 -0.0818 -1.9685, 1.544 -0.0716 -0.3811, 1.5223 -0.0871 -0.4306, 1.5275 -0.0841 -0.4213, 1.5365 -0.078 -0.4018, 1.5096 -0.0926 -0.4482, 1.514 -0.0909 -1.9685, 1.5163 -0.09 -0.4397, 1.5018 -0.0951 -0.4562, 1.4956 -0.0965 -1.9685, 1.493 -0.097 -0.4629, 1.4832 -0.0982 -0.4679, 1.4723 -0.0983 -0.4705, 1.4764 -0.0984 -1.9685, 1.4669 -0.098 -0.472, 1.4572 -0.0965 -1.9685, 1.4615 -0.0973 -0.4738, 1.4565 -0.0964 -0.4762, 1.3945 -0.0547 -1.9685, 1.3925 -0.0515 -0.5488, 1.3898 -0.0468 -0.5504, 1.4517 -0.0953 -0.4794, 1.4158 -0.0776 -0.5198, 1.4127 -0.0751 -0.524, 1.4217 -0.0818 -1.9685, 1.432 -0.0879 -0.4985, 1.4387 -0.0909 -1.9685, 1.4356 -0.0896 -0.4944, 1.4286 -0.086 -0.5027, 1.4253 -0.0841 -0.5069, 1.4393 -0.0912 -0.4904, 1.4221 -0.0821 -0.5112, 1.4189 -0.0799 -0.5155, 1.4432 -0.0927 -0.4865, 1.4068 -0.0696 -1.9685, 1.4098 -0.0725 -0.5282, 1.4069 -0.0697 -0.5322, 1.404 -0.0667 -0.5361, 1.4011 -0.0633 -0.5398, 1.3982 -0.0598 -0.5433, 1.3953 -0.0558 -0.5463, 1.4473 -0.0941 -0.4828, 1.3872 -0.0418 -0.5512, 1.3854 -0.0377 -1.9685, 1.3844 -0.0351 -0.5512, 1.3821 -0.0283 -0.5512, 1.3798 -0.0192 -1.9685, 1.3803 -0.0214 -0.5512, 1.379 -0.0143 -0.5512, 1.3782 -0.0072 -0.5512, 1.378 0.0 -1.9685, 1.378 -0.0 -0.5512, 1.5324 -0.0809 -0.4112, 1.5729 -0.0192 -1.9685, 1.5706 -0.0285 -0.2423, 1.5719 -0.0232 -0.2323, 1.5713 -0.026 -0.2372, 1.5725 -0.0203 -0.2275, 1.5732 -0.0174 -0.2226, 1.5741 -0.0093 -0.2154, 1.5737 -0.0139 -0.2184, 1.5748 0.0 -1.9685, 1.5744 -0.0046 -0.2124, 1.5748 0.0 -0.2094, 1.4068 0.0696 -1.9685, 1.4039 0.0666 -0.5362, 1.4068 0.0697 -0.5323, 1.4098 0.0725 -0.5282, 1.4127 0.0751 -0.5241, 1.4157 0.0775 -0.52, 1.4217 0.0818 -1.9685, 1.422 0.082 -0.5114, 1.4188 0.0798 -0.5157, 1.4286 0.086 -0.5028, 1.4252 0.0841 -0.5071, 1.432 0.0879 -0.4986, 1.4387 0.0909 -1.9685, 1.4474 0.0941 -0.4828, 1.4572 0.0965 -1.9685, 1.5224 0.087 -0.4303, 1.5274 0.0841 -0.4213, 1.5311 0.0818 -1.9685, 1.514 0.0909 -1.9685, 1.4668 0.0979 -0.4718, 1.4614 0.0973 -0.4737, 1.4932 0.097 -0.4627, 1.502 0.095 -0.456, 1.4956 0.0965 -1.9685, 1.4833 0.0982 -0.4678, 1.4764 0.0984 -1.9685, 1.5163 0.09 -0.4396, 1.5096 0.0926 -0.4481, 1.4723 0.0983 -0.4705, 1.4518 0.0953 -0.4794, 1.4565 0.0964 -0.4764, 1.4433 0.0927 -0.4865, 1.4356 0.0896 -0.4945, 1.4393 0.0912 -0.4904, 1.5324 0.0809 -0.4111, 1.5404 0.0747 -0.3914, 1.5365 0.0779 -0.4016, 1.544 0.0715 -0.3809, 1.546 0.0696 -1.9685, 1.547 0.0685 -0.3711, 1.5499 0.0654 -0.3605, 1.5528 0.0621 -0.3494, 1.555 0.0592 -0.3396, 1.5582 0.0547 -1.9685, 1.5612 0.0499 -0.3066, 1.5621 0.0483 -0.301, 1.5571 0.0563 -0.3292, 1.5592 0.0532 -0.3182, 1.5673 0.0377 -1.9685, 1.5654 0.0419 -0.2794, 1.5662 0.0402 -0.2741, 1.563 0.0468 -0.2956, 1.572 0.0235 -0.2321, 1.5729 0.0192 -1.9685, 1.5713 0.026 -0.2372, 1.5692 0.0327 -0.2529, 1.5699 0.0306 -0.2476, 1.5743 0.0102 -0.2138, 1.5732 0.0177 -0.2224, 1.5726 0.0207 -0.2272, 1.5738 0.0142 -0.218, 1.5677 0.0366 -0.2634, 1.5685 0.0347 -0.2581, 1.5746 0.0054 -0.211, 1.5706 0.0284 -0.2424, 1.567 0.0384 -0.2688, 1.5638 0.0452 -0.2902, 1.5646 0.0436 -0.2848, 1.401 0.0633 -0.54, 1.3945 0.0547 -1.9685, 1.3981 0.0597 -0.5434, 1.3925 0.0515 -0.5489, 1.3953 0.0558 -0.5466, 1.3898 0.0468 -0.5504, 1.3854 0.0377 -1.9685, 1.3844 0.0351 -0.5512, 1.3872 0.0418 -0.5512, 1.3821 0.0283 -0.5512, 1.3798 0.0192 -1.9685, 1.379 0.0143 -0.5512, 1.3803 0.0214 -0.5512, 1.3782 0.0072 -0.5512, -1.1104 -0.6299 2.4763, -1.1104 -0.6339 2.4763, -1.1104 -0.6339 2.3154, -1.1104 -0.6299 2.3154, -1.1576 -0.6339 2.3154, -1.1576 -0.6299 2.3154, -1.1576 -0.6339 2.7879, -1.1576 -0.6299 2.7879, -1.1104 -0.6339 2.7879, -1.1104 -0.6299 2.7879, -1.1104 -0.6339 2.5567, -1.1104 -0.6299 2.5567, -0.9372 -0.6339 2.7879, -0.9372 -0.6299 2.7879, -0.8742 -0.6339 2.7879, -0.8742 -0.6299 2.7879, -1.0159 -0.6339 2.5969, -1.0159 -0.6299 2.5969, -0.8742 -0.6339 2.3154, -0.8742 -0.6299 2.3154, -0.9372 -0.6339 2.3154, -0.9372 -0.6299 2.3154, -1.0553 -0.6339 2.5466, -1.0553 -0.6299 2.5466, -0.7639 -0.6339 2.7276, -0.8112 -0.6339 2.7879, -0.8112 -0.6339 2.3154, -0.4962 -0.6339 2.7879, -0.5435 -0.6339 2.7879, -0.5435 -0.6339 2.3858, -0.7403 -0.6339 2.7879, -0.4962 -0.6339 2.3154, -0.5671 -0.6339 2.3154, -0.7639 -0.6339 2.3154, -0.3309 -0.6339 2.5969, -0.3387 -0.6339 2.5366, -0.3072 -0.6339 2.5868, -0.197 -0.6339 2.7477, -0.2285 -0.6339 2.7778, -0.2364 -0.6339 2.7175, -0.26 -0.6339 2.5265, -0.26 -0.6339 2.5868, -0.4096 -0.6339 2.6773, -0.4096 -0.6339 2.6371, -0.3624 -0.6339 2.6471, -0.2206 -0.6339 2.5768, -0.3545 -0.6339 2.617, -0.3702 -0.6339 2.5567, -0.4017 -0.6339 2.5969, -0.3624 -0.6339 2.6673, -0.4332 -0.6339 2.4461, -0.4254 -0.6339 2.4059, -0.386 -0.6339 2.4461, -0.3072 -0.6339 2.5265, -0.26 -0.6339 2.3757, -0.2206 -0.6339 2.3255, -0.2285 -0.6339 2.3858, -0.4017 -0.6339 2.3556, -0.3545 -0.6339 2.3858, -0.3781 -0.6339 2.416, -0.26 -0.6339 2.3154, -0.323 -0.6339 2.3757, -0.323 -0.6339 2.3154, -0.3387 -0.6339 2.7778, -0.3072 -0.6339 2.7276, -0.3072 -0.6339 2.7879, -0.26 -0.6339 2.7276, -0.2679 -0.6339 2.7879, -0.2285 -0.6339 2.5165, -0.1891 -0.6339 2.5567, -0.1891 -0.6339 2.4662, -0.1419 -0.6339 2.4763, -0.1576 -0.6339 2.5165, -0.2049 -0.6339 2.4964, -0.1576 -0.6339 2.3858, -0.1419 -0.6339 2.426, -0.1891 -0.6339 2.4361, -0.2049 -0.6339 2.4059, -0.1891 -0.6339 2.3456, -0.3624 -0.6339 2.3255, -0.1734 -0.6339 2.7075, -0.2206 -0.6339 2.6974, -0.4017 -0.6339 2.7175, -0.3545 -0.6339 2.6974, -0.3702 -0.6339 2.7577, -0.3309 -0.6339 2.7175, -0.2128 -0.6339 2.6773, -0.1655 -0.6339 2.6773, -0.008 -0.6339 2.6974, -0.0553 -0.6339 2.7175, -0.0238 -0.6339 2.6673, 0.2282 -0.6339 2.6673, 0.2203 -0.6339 2.7175, 0.1809 -0.6339 2.6673, 0.0077 -0.6339 2.3255, 0.0471 -0.6339 2.3757, 0.0156 -0.6339 2.3858, 0.118 -0.6339 2.3757, 0.1573 -0.6339 2.3255, 0.1494 -0.6339 2.3858, 0.1888 -0.6339 2.3456, 0.1731 -0.6339 2.4059, 0.118 -0.6339 2.3154, 0.0471 -0.6339 2.3154, -0.008 -0.6339 2.4059, -0.0238 -0.6339 2.3456, -0.0238 -0.6339 2.4361, -0.0553 -0.6339 2.3858, -0.071 -0.6339 2.426, -0.0317 -0.6339 2.4763, -0.071 -0.6339 2.6773, -0.0317 -0.6339 2.627, -0.0789 -0.6339 2.627, 0.0156 -0.6339 2.7175, -0.0238 -0.6339 2.7577, 0.0077 -0.6339 2.7778, 0.0471 -0.6339 2.7276, 0.118 -0.6339 2.7879, 0.0471 -0.6339 2.7879, 0.118 -0.6339 2.7276, 0.1494 -0.6339 2.7175, 0.1573 -0.6339 2.7778, 0.1731 -0.6339 2.6974, 0.1888 -0.6339 2.7577, 0.2203 -0.6339 2.3858, 0.1809 -0.6339 2.4361, -0.0789 -0.6339 2.4763, 0.2282 -0.6339 2.4361, 0.5589 -0.6339 2.5969, 0.6061 -0.6339 2.7879, 0.5589 -0.6339 2.7879, 0.3384 -0.6339 2.5969, 0.3384 -0.6339 2.7879, 0.2912 -0.6339 2.7879, 0.3384 -0.6339 2.5366, 0.2912 -0.6339 2.3154, 0.5589 -0.6339 2.5366, 0.6061 -0.6339 2.3154, 0.5589 -0.6339 2.3154, 0.3384 -0.6339 2.3154, 0.9841 -0.6339 2.3154, 0.8581 -0.6339 2.7879, 0.8975 -0.6339 2.4763, 0.7479 -0.6339 2.4361, 0.6691 -0.6339 2.3154, 0.7164 -0.6339 2.3154, 0.7557 -0.6339 2.4763, 0.9369 -0.6339 2.3154, 0.9054 -0.6339 2.4361, 0.7951 -0.6339 2.7879, 0.8266 -0.6339 2.7477, -0.9214 -0.6339 1.6405, -0.8427 -0.6339 1.6405, -0.9214 -0.6339 1.7008, -0.9687 -0.6339 1.6405, -1.1025 -0.6339 1.7008, -1.1576 -0.6339 1.6405, -0.9214 -0.6339 1.4998, -0.9687 -0.6339 1.4998, -0.8427 -0.6339 1.7008, -0.9687 -0.6339 1.7008, -0.9214 -0.6339 1.9722, -0.9687 -0.6339 1.8918, -0.9687 -0.6339 1.9722, -1.1576 -0.6339 1.7008, -0.7009 -0.6339 1.5802, -0.6852 -0.6339 1.5099, -0.6773 -0.6339 1.5601, -0.7009 -0.6339 1.8918, -0.6852 -0.6339 1.9622, -0.7246 -0.6339 1.932, -0.7246 -0.6339 1.54, -0.7482 -0.6339 1.5702, -0.7639 -0.6339 1.6104, -0.7324 -0.6339 1.6405, -0.5356 -0.6339 1.7008, -0.4962 -0.6339 1.6908, -0.5356 -0.6339 1.7712, -0.5435 -0.6339 1.6405, -0.5041 -0.6339 1.6405, -0.4962 -0.6339 1.7813, -0.6773 -0.6339 1.9119, -0.638 -0.6339 1.922, -0.512 -0.6339 1.8617, -0.5435 -0.6339 1.8315, -0.5041 -0.6339 1.8315, -0.5907 -0.6339 1.9622, -0.638 -0.6339 1.9722, -0.5986 -0.6339 1.9119, -0.575 -0.6339 1.8918, -0.5513 -0.6339 1.932, -0.7797 -0.6339 1.7813, -0.7403 -0.6339 1.7712, -0.7718 -0.6339 1.8315, -0.7324 -0.6339 1.8315, -0.7639 -0.6339 1.8617, -0.7482 -0.6339 1.9019, -0.7718 -0.6339 1.6405, -0.7403 -0.6339 1.7008, -0.7797 -0.6339 1.6908, -0.5277 -0.6339 1.9019, -0.512 -0.6339 1.6104, -0.5277 -0.6339 1.5702, -0.575 -0.6339 1.5802, -0.5513 -0.6339 1.54, -0.5907 -0.6339 1.5099, -0.5986 -0.6339 1.5601, -0.638 -0.6339 1.5501, -0.638 -0.6339 1.4998, -0.197 -0.6339 1.6405, -0.1183 -0.6339 1.6405, -0.197 -0.6339 1.7008, -0.2443 -0.6339 1.6405, -0.3781 -0.6339 1.7008, -0.4332 -0.6339 1.6405, -0.197 -0.6339 1.4998, -0.2443 -0.6339 1.4998, -0.1183 -0.6339 1.7008, -0.2443 -0.6339 1.7008, -0.197 -0.6339 1.9722, -0.2443 -0.6339 1.8918, -0.2443 -0.6339 1.9722, -0.4332 -0.6339 1.7008, 0.1416 -0.6339 1.5099, 0.1022 -0.6339 1.5601, 0.1022 -0.6339 1.4998, 0.1337 -0.6339 1.5702, 0.1809 -0.6339 1.6606, 0.1731 -0.6339 1.6204, 0.2203 -0.6339 1.6104, 0.2282 -0.6339 1.6606, 0.2046 -0.6339 1.5702, 0.1573 -0.6339 1.5903, 0.1731 -0.6339 1.53, 0.2282 -0.6339 1.9722, 0.1809 -0.6339 1.9722, 0.0707 -0.6339 1.5601, 0.0707 -0.6339 1.4998, 0.0313 -0.6339 1.5099, 0.0392 -0.6339 1.5702, -0.0002 -0.6339 1.53, 0.0156 -0.6339 1.5903, -0.0317 -0.6339 1.5702, -0.0002 -0.6339 1.6204, -0.0474 -0.6339 1.6104, -0.008 -0.6339 1.6606, -0.0553 -0.6339 1.6606, 0.2912 -0.6339 1.9019, 0.2912 -0.6339 1.8215, 0.3384 -0.6339 1.8918, 0.3384 -0.6339 1.9722, 0.3857 -0.6339 1.9722, 0.3384 -0.6339 1.4998, 0.3857 -0.6339 1.4998, 0.5274 -0.6339 1.5802, 0.5431 -0.6339 1.5099, 0.551 -0.6339 1.5601, 0.5274 -0.6339 1.8918, 0.5431 -0.6339 1.9622, 0.5038 -0.6339 1.932, 0.5038 -0.6339 1.54, 0.4802 -0.6339 1.5702, 0.4644 -0.6339 1.6104, 0.4959 -0.6339 1.6405, 0.6928 -0.6339 1.7008, 0.7321 -0.6339 1.6908, 0.6928 -0.6339 1.7712, 0.6849 -0.6339 1.6405, 0.7243 -0.6339 1.6405, 0.7321 -0.6339 1.7813, 0.551 -0.6339 1.9119, 0.5904 -0.6339 1.922, 0.7164 -0.6339 1.8617, 0.6849 -0.6339 1.8315, 0.7243 -0.6339 1.8315, 0.6376 -0.6339 1.9622, 0.5904 -0.6339 1.9722, 0.6298 -0.6339 1.9119, 0.6534 -0.6339 1.8918, 0.677 -0.6339 1.932, 0.4487 -0.6339 1.7813, 0.488 -0.6339 1.7712, 0.4565 -0.6339 1.8315, 0.4959 -0.6339 1.8315, 0.4644 -0.6339 1.8617, 0.4802 -0.6339 1.9019, 0.4565 -0.6339 1.6405, 0.488 -0.6339 1.7008, 0.4487 -0.6339 1.6908, 0.7006 -0.6339 1.9019, 0.7164 -0.6339 1.6104, 0.7006 -0.6339 1.5702, 0.6534 -0.6339 1.5802, 0.677 -0.6339 1.54, 0.6376 -0.6339 1.5099, 0.6298 -0.6339 1.5601, 0.5904 -0.6339 1.5501, 0.5904 -0.6339 1.4998, 0.8739 -0.6339 1.5802, 0.8896 -0.6339 1.5099, 0.8975 -0.6339 1.5601, 0.8739 -0.6339 1.8918, 0.8896 -0.6339 1.9622, 0.8502 -0.6339 1.932, 0.8502 -0.6339 1.54, 0.8266 -0.6339 1.5702, 0.8109 -0.6339 1.6104, 0.8424 -0.6339 1.6405, 1.0392 -0.6339 1.7008, 1.0786 -0.6339 1.6908, 1.0392 -0.6339 1.7712, 1.0313 -0.6339 1.6405, 1.0707 -0.6339 1.6405, 1.0786 -0.6339 1.7813, 0.8975 -0.6339 1.9119, 0.9369 -0.6339 1.922, 0.9841 -0.6339 1.9622, 0.9369 -0.6339 1.9722, 0.9762 -0.6339 1.9119, 0.9998 -0.6339 1.8918, 1.0235 -0.6339 1.932, 1.0313 -0.6339 1.8315, 1.0471 -0.6339 1.9019, 0.7951 -0.6339 1.7813, 0.8345 -0.6339 1.7712, 0.803 -0.6339 1.8315, 0.8424 -0.6339 1.8315, 0.8109 -0.6339 1.8617, 0.8266 -0.6339 1.9019, 0.803 -0.6339 1.6405, 0.8345 -0.6339 1.7008, 0.7951 -0.6339 1.6908, 1.0628 -0.6339 1.8617, 1.0707 -0.6339 1.8315, 1.0628 -0.6339 1.6104, 1.0471 -0.6339 1.5702, 0.9998 -0.6339 1.5802, 1.0235 -0.6339 1.54, 0.9841 -0.6339 1.5099, 0.9762 -0.6339 1.5601, 0.9369 -0.6339 1.5501, 0.9369 -0.6339 1.4998, 1.4565 -0.6339 1.9722, 1.4093 -0.6339 1.9722, 1.2991 -0.6339 1.5601, 1.1416 -0.6339 1.9722, 1.2676 -0.6339 1.4998, 1.3306 -0.6339 1.4998, 1.1888 -0.6339 1.9722, -0.7639 -0.6299 2.7276, -0.7639 -0.6299 2.3154, -0.8112 -0.6299 2.3154, -0.8112 -0.6299 2.7879, -0.7403 -0.6299 2.7879, -0.5435 -0.6299 2.3858, -0.5435 -0.6299 2.7879, -0.4962 -0.6299 2.7879, -0.4962 -0.6299 2.3154, -0.5671 -0.6299 2.3154, -0.1655 -0.6299 2.6773, -0.2128 -0.6299 2.6773, -0.2206 -0.6299 2.6974, -0.2364 -0.6299 2.7175, -0.26 -0.6299 2.7276, -0.3072 -0.6299 2.7276, -0.3309 -0.6299 2.7175, -0.3545 -0.6299 2.6974, -0.3624 -0.6299 2.6673, -0.3624 -0.6299 2.6471, -0.3545 -0.6299 2.617, -0.3309 -0.6299 2.5969, -0.3072 -0.6299 2.5868, -0.26 -0.6299 2.5868, -0.2206 -0.6299 2.5768, -0.1891 -0.6299 2.5567, -0.1576 -0.6299 2.5165, -0.1419 -0.6299 2.4763, -0.1419 -0.6299 2.426, -0.1576 -0.6299 2.3858, -0.1891 -0.6299 2.3456, -0.2206 -0.6299 2.3255, -0.26 -0.6299 2.3154, -0.323 -0.6299 2.3154, -0.3624 -0.6299 2.3255, -0.4017 -0.6299 2.3556, -0.4254 -0.6299 2.4059, -0.4332 -0.6299 2.4461, -0.386 -0.6299 2.4461, -0.3781 -0.6299 2.416, -0.3545 -0.6299 2.3858, -0.323 -0.6299 2.3757, -0.26 -0.6299 2.3757, -0.2285 -0.6299 2.3858, -0.2049 -0.6299 2.4059, -0.1891 -0.6299 2.4361, -0.1891 -0.6299 2.4662, -0.2049 -0.6299 2.4964, -0.2285 -0.6299 2.5165, -0.26 -0.6299 2.5265, -0.3072 -0.6299 2.5265, -0.3387 -0.6299 2.5366, -0.3702 -0.6299 2.5567, -0.4017 -0.6299 2.5969, -0.4096 -0.6299 2.6371, -0.4096 -0.6299 2.6773, -0.4017 -0.6299 2.7175, -0.3702 -0.6299 2.7577, -0.3387 -0.6299 2.7778, -0.3072 -0.6299 2.7879, -0.2679 -0.6299 2.7879, -0.2285 -0.6299 2.7778, -0.197 -0.6299 2.7477, -0.1734 -0.6299 2.7075, 0.1809 -0.6299 2.4361, 0.2282 -0.6299 2.4361, 0.2203 -0.6299 2.3858, 0.1888 -0.6299 2.3456, 0.1573 -0.6299 2.3255, 0.118 -0.6299 2.3154, 0.0471 -0.6299 2.3154, 0.0077 -0.6299 2.3255, -0.0238 -0.6299 2.3456, -0.0553 -0.6299 2.3858, -0.071 -0.6299 2.426, -0.0789 -0.6299 2.4763, -0.0789 -0.6299 2.627, -0.071 -0.6299 2.6773, -0.0553 -0.6299 2.7175, -0.0238 -0.6299 2.7577, 0.0077 -0.6299 2.7778, 0.0471 -0.6299 2.7879, 0.118 -0.6299 2.7879, 0.1573 -0.6299 2.7778, 0.1888 -0.6299 2.7577, 0.2203 -0.6299 2.7175, 0.2282 -0.6299 2.6673, 0.1809 -0.6299 2.6673, 0.1731 -0.6299 2.6974, 0.1494 -0.6299 2.7175, 0.118 -0.6299 2.7276, 0.0471 -0.6299 2.7276, 0.0156 -0.6299 2.7175, -0.008 -0.6299 2.6974, -0.0238 -0.6299 2.6673, -0.0317 -0.6299 2.627, -0.0317 -0.6299 2.4763, -0.0238 -0.6299 2.4361, -0.008 -0.6299 2.4059, 0.0156 -0.6299 2.3858, 0.0471 -0.6299 2.3757, 0.118 -0.6299 2.3757, 0.1494 -0.6299 2.3858, 0.1731 -0.6299 2.4059, 0.3384 -0.6299 2.5366, 0.3384 -0.6299 2.3154, 0.2912 -0.6299 2.3154, 0.2912 -0.6299 2.7879, 0.3384 -0.6299 2.7879, 0.3384 -0.6299 2.5969, 0.5589 -0.6299 2.5969, 0.5589 -0.6299 2.7879, 0.6061 -0.6299 2.7879, 0.6061 -0.6299 2.3154, 0.5589 -0.6299 2.3154, 0.5589 -0.6299 2.5366, 0.7951 -0.6299 2.7879, 0.8581 -0.6299 2.7879, 0.9841 -0.6299 2.3154, 0.9369 -0.6299 2.3154, 0.9054 -0.6299 2.4361, 0.7479 -0.6299 2.4361, 0.7164 -0.6299 2.3154, 0.6691 -0.6299 2.3154, 0.8975 -0.6299 2.4763, 0.8266 -0.6299 2.7477, 0.7557 -0.6299 2.4763, -1.1576 -0.6299 1.7008, -0.9687 -0.6299 1.9722, -0.9214 -0.6299 1.9722, -0.9214 -0.6299 1.7008, -0.8427 -0.6299 1.7008, -0.8427 -0.6299 1.6405, -0.9214 -0.6299 1.6405, -0.9214 -0.6299 1.4998, -0.9687 -0.6299 1.4998, -0.9687 -0.6299 1.6405, -1.1576 -0.6299 1.6405, -0.9687 -0.6299 1.8918, -1.1025 -0.6299 1.7008, -0.9687 -0.6299 1.7008, -0.7797 -0.6299 1.6908, -0.7797 -0.6299 1.7813, -0.7718 -0.6299 1.8315, -0.7639 -0.6299 1.8617, -0.7482 -0.6299 1.9019, -0.7246 -0.6299 1.932, -0.6852 -0.6299 1.9622, -0.638 -0.6299 1.9722, -0.5907 -0.6299 1.9622, -0.5513 -0.6299 1.932, -0.5277 -0.6299 1.9019, -0.512 -0.6299 1.8617, -0.5041 -0.6299 1.8315, -0.4962 -0.6299 1.7813, -0.4962 -0.6299 1.6908, -0.5041 -0.6299 1.6405, -0.512 -0.6299 1.6104, -0.5277 -0.6299 1.5702, -0.5513 -0.6299 1.54, -0.5907 -0.6299 1.5099, -0.638 -0.6299 1.4998, -0.6852 -0.6299 1.5099, -0.7246 -0.6299 1.54, -0.7482 -0.6299 1.5702, -0.7639 -0.6299 1.6104, -0.7718 -0.6299 1.6405, -0.7324 -0.6299 1.8315, -0.7403 -0.6299 1.7712, -0.7403 -0.6299 1.7008, -0.7324 -0.6299 1.6405, -0.7009 -0.6299 1.5802, -0.6773 -0.6299 1.5601, -0.638 -0.6299 1.5501, -0.5986 -0.6299 1.5601, -0.575 -0.6299 1.5802, -0.5435 -0.6299 1.6405, -0.5356 -0.6299 1.7008, -0.5356 -0.6299 1.7712, -0.5435 -0.6299 1.8315, -0.575 -0.6299 1.8918, -0.5986 -0.6299 1.9119, -0.638 -0.6299 1.922, -0.6773 -0.6299 1.9119, -0.7009 -0.6299 1.8918, -0.4332 -0.6299 1.7008, -0.2443 -0.6299 1.9722, -0.197 -0.6299 1.9722, -0.197 -0.6299 1.7008, -0.1183 -0.6299 1.7008, -0.1183 -0.6299 1.6405, -0.197 -0.6299 1.6405, -0.197 -0.6299 1.4998, -0.2443 -0.6299 1.4998, -0.2443 -0.6299 1.6405, -0.4332 -0.6299 1.6405, -0.2443 -0.6299 1.8918, -0.3781 -0.6299 1.7008, -0.2443 -0.6299 1.7008, -0.0553 -0.6299 1.6606, -0.008 -0.6299 1.6606, -0.0002 -0.6299 1.6204, 0.0156 -0.6299 1.5903, 0.0392 -0.6299 1.5702, 0.0707 -0.6299 1.5601, 0.1022 -0.6299 1.5601, 0.1337 -0.6299 1.5702, 0.1573 -0.6299 1.5903, 0.1731 -0.6299 1.6204, 0.1809 -0.6299 1.6606, 0.1809 -0.6299 1.9722, 0.2282 -0.6299 1.9722, 0.2282 -0.6299 1.6606, 0.2203 -0.6299 1.6104, 0.2046 -0.6299 1.5702, 0.1731 -0.6299 1.53, 0.1416 -0.6299 1.5099, 0.1022 -0.6299 1.4998, 0.0707 -0.6299 1.4998, 0.0313 -0.6299 1.5099, -0.0002 -0.6299 1.53, -0.0317 -0.6299 1.5702, -0.0474 -0.6299 1.6104, 0.3857 -0.6299 1.9722, 0.3857 -0.6299 1.4998, 0.3384 -0.6299 1.4998, 0.3384 -0.6299 1.8918, 0.2912 -0.6299 1.8215, 0.2912 -0.6299 1.9019, 0.3384 -0.6299 1.9722, 0.4487 -0.6299 1.6908, 0.4487 -0.6299 1.7813, 0.4565 -0.6299 1.8315, 0.4644 -0.6299 1.8617, 0.4802 -0.6299 1.9019, 0.5038 -0.6299 1.932, 0.5431 -0.6299 1.9622, 0.5904 -0.6299 1.9722, 0.6376 -0.6299 1.9622, 0.677 -0.6299 1.932, 0.7006 -0.6299 1.9019, 0.7164 -0.6299 1.8617, 0.7243 -0.6299 1.8315, 0.7321 -0.6299 1.7813, 0.7321 -0.6299 1.6908, 0.7243 -0.6299 1.6405, 0.7164 -0.6299 1.6104, 0.7006 -0.6299 1.5702, 0.677 -0.6299 1.54, 0.6376 -0.6299 1.5099, 0.5904 -0.6299 1.4998, 0.5431 -0.6299 1.5099, 0.5038 -0.6299 1.54, 0.4802 -0.6299 1.5702, 0.4644 -0.6299 1.6104, 0.4565 -0.6299 1.6405, 0.4959 -0.6299 1.8315, 0.488 -0.6299 1.7712, 0.488 -0.6299 1.7008, 0.4959 -0.6299 1.6405, 0.5274 -0.6299 1.5802, 0.551 -0.6299 1.5601, 0.5904 -0.6299 1.5501, 0.6298 -0.6299 1.5601, 0.6534 -0.6299 1.5802, 0.6849 -0.6299 1.6405, 0.6928 -0.6299 1.7008, 0.6928 -0.6299 1.7712, 0.6849 -0.6299 1.8315, 0.6534 -0.6299 1.8918, 0.6298 -0.6299 1.9119, 0.5904 -0.6299 1.922, 0.551 -0.6299 1.9119, 0.5274 -0.6299 1.8918, 0.7951 -0.6299 1.6908, 0.7951 -0.6299 1.7813, 0.803 -0.6299 1.8315, 0.8109 -0.6299 1.8617, 0.8266 -0.6299 1.9019, 0.8502 -0.6299 1.932, 0.8896 -0.6299 1.9622, 0.9369 -0.6299 1.9722, 0.9841 -0.6299 1.9622, 1.0235 -0.6299 1.932, 1.0471 -0.6299 1.9019, 1.0628 -0.6299 1.8617, 1.0707 -0.6299 1.8315, 1.0786 -0.6299 1.7813, 1.0786 -0.6299 1.6908, 1.0707 -0.6299 1.6405, 1.0628 -0.6299 1.6104, 1.0471 -0.6299 1.5702, 1.0235 -0.6299 1.54, 0.9841 -0.6299 1.5099, 0.9369 -0.6299 1.4998, 0.8896 -0.6299 1.5099, 0.8502 -0.6299 1.54, 0.8266 -0.6299 1.5702, 0.8109 -0.6299 1.6104, 0.803 -0.6299 1.6405, 0.8424 -0.6299 1.8315, 0.8345 -0.6299 1.7712, 0.8345 -0.6299 1.7008, 0.8424 -0.6299 1.6405, 0.8739 -0.6299 1.5802, 0.8975 -0.6299 1.5601, 0.9369 -0.6299 1.5501, 0.9762 -0.6299 1.5601, 0.9998 -0.6299 1.5802, 1.0313 -0.6299 1.6405, 1.0392 -0.6299 1.7008, 1.0392 -0.6299 1.7712, 1.0313 -0.6299 1.8315, 0.9998 -0.6299 1.8918, 0.9762 -0.6299 1.9119, 0.9369 -0.6299 1.922, 0.8975 -0.6299 1.9119, 0.8739 -0.6299 1.8918, 1.4565 -0.6299 1.9722, 1.3306 -0.6299 1.4998, 1.2676 -0.6299 1.4998, 1.1416 -0.6299 1.9722, 1.1888 -0.6299 1.9722, 1.2991 -0.6299 1.5601, 1.4093 -0.6299 1.9722, -0.6444 0.145 0.0, -0.6444 0.145 -0.0079, -0.6444 -0.1536 -0.0079, -0.6444 -0.1536 0.0, -0.6071 -0.1536 -0.0079, -0.6071 -0.1536 0.0, -0.6071 0.1069 -0.0079, -0.6071 0.1069 0.0, -0.4204 0.1069 -0.0079, -0.4204 0.1069 0.0, -0.4204 0.145 -0.0079, -0.4204 0.145 0.0, -0.3147 -0.0964 -0.0079, -0.352 -0.1091 -0.0079, -0.3271 -0.0774 -0.0079, -0.128 -0.0774 -0.0079, -0.1343 -0.1091 -0.0079, -0.1654 -0.0774 -0.0079, -0.3022 0.1386 -0.0079, -0.2711 0.1069 -0.0079, -0.296 0.1005 -0.0079, -0.2151 0.1069 -0.0079, -0.184 0.1386 -0.0079, -0.1903 0.1005 -0.0079, -0.1591 0.1259 -0.0079, -0.1716 0.0878 -0.0079, -0.2151 0.145 -0.0079, -0.2711 0.145 -0.0079, -0.3147 0.0878 -0.0079, -0.3271 0.1259 -0.0079, -0.3271 0.0688 -0.0079, -0.352 0.1005 -0.0079, -0.3645 0.0751 -0.0079, -0.3333 0.0433 -0.0079, -0.3645 -0.0837 -0.0079, -0.3333 -0.052 -0.0079, -0.3707 -0.052 -0.0079, -0.3707 0.0433 -0.0079, -0.296 -0.1091 -0.0079, -0.3271 -0.1346 -0.0079, -0.3022 -0.1473 -0.0079, -0.2711 -0.1155 -0.0079, -0.2151 -0.1536 -0.0079, -0.2711 -0.1536 -0.0079, -0.2151 -0.1155 -0.0079, -0.1903 -0.1091 -0.0079, -0.184 -0.1473 -0.0079, -0.1716 -0.0964 -0.0079, -0.1591 -0.1346 -0.0079, -0.1343 0.1005 -0.0079, -0.1654 0.0688 -0.0079, -0.128 0.0688 -0.0079, -0.0783 0.145 -0.0079, -0.0409 0.0052 -0.0079, -0.0783 -0.1536 -0.0079, -0.0409 -0.0329 -0.0079, 0.1457 0.145 -0.0079, -0.0409 0.1069 -0.0079, 0.1208 0.0052 -0.0079, 0.1208 -0.0329 -0.0079, -0.0409 -0.1155 -0.0079, 0.1457 -0.1155 -0.0079, 0.1457 -0.1536 -0.0079, 0.1457 0.1069 -0.0079, 0.4381 0.0751 -0.0079, 0.407 0.0433 -0.0079, 0.4008 0.0688 -0.0079, 0.4443 0.0433 -0.0079, 0.407 -0.052 -0.0079, 0.4443 -0.052 -0.0079, 0.4257 -0.1091 -0.0079, 0.3883 -0.0964 -0.0079, 0.4008 -0.0774 -0.0079, 0.3697 -0.1091 -0.0079, 0.4008 -0.1346 -0.0079, 0.3759 -0.1473 -0.0079, 0.3448 -0.1155 -0.0079, 0.3448 -0.1536 -0.0079, 0.4381 -0.0837 -0.0079, 0.2328 -0.1155 -0.0079, 0.1955 -0.1536 -0.0079, 0.2328 0.1069 -0.0079, 0.1955 0.145 -0.0079, 0.3448 0.1069 -0.0079, 0.3759 0.1386 -0.0079, 0.3697 0.1005 -0.0079, 0.3883 0.0878 -0.0079, 0.4008 0.1259 -0.0079, 0.4257 0.1005 -0.0079, 0.3448 0.145 -0.0079, 0.7429 0.145 -0.0079, 0.6434 -0.1536 -0.0079, 0.6745 0.0433 -0.0079, 0.5563 0.0688 -0.0079, 0.4941 0.145 -0.0079, 0.5314 0.145 -0.0079, 0.5625 0.0433 -0.0079, 0.7056 0.145 -0.0079, 0.6807 0.0688 -0.0079, 0.5936 -0.1536 -0.0079, 0.6185 -0.1282 -0.0079, -0.1654 0.0688 0.0, -0.128 0.0688 0.0, -0.1343 0.1005 0.0, -0.1591 0.1259 0.0, -0.184 0.1386 0.0, -0.2151 0.145 0.0, -0.2711 0.145 0.0, -0.3022 0.1386 0.0, -0.3271 0.1259 0.0, -0.352 0.1005 0.0, -0.3645 0.0751 0.0, -0.3707 0.0433 0.0, -0.3707 -0.052 0.0, -0.3645 -0.0837 0.0, -0.352 -0.1091 0.0, -0.3271 -0.1346 0.0, -0.3022 -0.1473 0.0, -0.2711 -0.1536 0.0, -0.2151 -0.1536 0.0, -0.184 -0.1473 0.0, -0.1591 -0.1346 0.0, -0.1343 -0.1091 0.0, -0.128 -0.0774 0.0, -0.1654 -0.0774 0.0, -0.1716 -0.0964 0.0, -0.1903 -0.1091 0.0, -0.2151 -0.1155 0.0, -0.2711 -0.1155 0.0, -0.296 -0.1091 0.0, -0.3147 -0.0964 0.0, -0.3271 -0.0774 0.0, -0.3333 -0.052 0.0, -0.3333 0.0433 0.0, -0.3271 0.0688 0.0, -0.3147 0.0878 0.0, -0.296 0.1005 0.0, -0.2711 0.1069 0.0, -0.2151 0.1069 0.0, -0.1903 0.1005 0.0, -0.1716 0.0878 0.0, -0.0409 0.1069 0.0, 0.1457 0.1069 0.0, 0.1457 0.145 0.0, -0.0783 0.145 0.0, -0.0783 -0.1536 0.0, 0.1457 -0.1536 0.0, 0.1457 -0.1155 0.0, -0.0409 -0.1155 0.0, -0.0409 -0.0329 0.0, 0.1208 -0.0329 0.0, 0.1208 0.0052 0.0, -0.0409 0.0052 0.0, 0.1955 -0.1536 0.0, 0.3448 -0.1536 0.0, 0.3759 -0.1473 0.0, 0.4008 -0.1346 0.0, 0.4257 -0.1091 0.0, 0.4381 -0.0837 0.0, 0.4443 -0.052 0.0, 0.4443 0.0433 0.0, 0.4381 0.0751 0.0, 0.4257 0.1005 0.0, 0.4008 0.1259 0.0, 0.3759 0.1386 0.0, 0.3448 0.145 0.0, 0.1955 0.145 0.0, 0.3448 -0.1155 0.0, 0.2328 -0.1155 0.0, 0.2328 0.1069 0.0, 0.3448 0.1069 0.0, 0.3697 0.1005 0.0, 0.3883 0.0878 0.0, 0.4008 0.0688 0.0, 0.407 0.0433 0.0, 0.407 -0.052 0.0, 0.4008 -0.0774 0.0, 0.3883 -0.0964 0.0, 0.3697 -0.1091 0.0, 0.5936 -0.1536 0.0, 0.6434 -0.1536 0.0, 0.7429 0.145 0.0, 0.7056 0.145 0.0, 0.6807 0.0688 0.0, 0.5563 0.0688 0.0, 0.5314 0.145 0.0, 0.4941 0.145 0.0, 0.6745 0.0433 0.0, 0.6185 -0.1282 0.0, 0.5625 0.0433 0.0, 0.5625 0.0433 0.0
            ]
        }
        coordIndex [
            0,1,2,-1,0,3,4,-1,5,3,0,-1,6,0,7,-1,0,4,8,-1,9,0,8,-1,9,7,0,-1,0,10,11,-1,10,0,6,-1,12,11,10,-1,12,13,11,-1,14,15,11,-1,14,11,16,-1,11,17,18,-1,17,11,15,-1,18,19,20,-1,17,19,18,-1,18,21,22,-1,20,23,18,-1,24,22,25,-1,21,26,22,-1,27,28,29,-1,28,24,29,-1,30,31,28,-1,28,27,30,-1,32,33,31,-1,32,31,30,-1,22,24,28,-1,34,35,33,-1,31,33,35,-1,36,37,35,-1,35,34,36,-1,38,39,37,-1,38,37,36,-1,40,41,42,-1,43,37,39,-1,44,45,46,-1,47,48,49,-1,47,50,48,-1,51,46,50,-1,48,50,46,-1,52,49,48,-1,46,51,53,-1,54,44,46,-1,54,46,53,-1,52,48,55,-1,46,45,56,-1,56,57,58,-1,45,57,56,-1,56,59,60,-1,58,59,56,-1,61,40,60,-1,56,60,40,-1,61,62,40,-1,63,55,48,-1,63,48,37,-1,41,40,62,-1,43,63,37,-1,64,65,42,-1,40,42,65,-1,65,64,66,-1,67,68,65,-1,65,66,67,-1,69,70,68,-1,69,68,67,-1,68,71,72,-1,71,68,70,-1,71,73,72,-1,74,25,22,-1,18,23,21,-1,74,22,26,-1,2,5,0,-1,11,13,16,-1,0,75,76,-1,1,0,76,-1,77,78,75,-1,75,78,76,-1,79,75,80,-1,79,77,75,-1,75,81,82,-1,80,75,82,-1,81,83,84,-1,83,81,75,-1,84,83,85,-1,86,87,88,-1,86,89,90,-1,88,89,86,-1,91,92,90,-1,86,90,92,-1,93,92,94,-1,92,91,94,-1,95,92,96,-1,92,93,96,-1,95,97,98,-1,98,92,95,-1,98,99,100,-1,101,102,103,-1,104,101,103,-1,105,100,106,-1,107,108,109,-1,110,109,111,-1,112,104,113,-1,108,104,109,-1,113,104,108,-1,104,112,101,-1,111,114,110,-1,110,107,109,-1,100,105,111,-1,114,111,105,-1,100,115,116,-1,116,106,100,-1,98,117,99,-1,100,99,115,-1,118,119,98,-1,117,98,119,-1,102,120,103,-1,118,98,97,-1,121,103,122,-1,103,120,122,-1,121,123,124,-1,124,103,121,-1,125,126,124,-1,125,124,123,-1,127,128,129,-1,127,124,126,-1,129,130,131,-1,129,132,133,-1,134,135,136,-1,137,134,129,-1,138,139,140,-1,141,142,134,-1,139,143,83,-1,144,139,145,-1,144,146,139,-1,147,148,134,-1,143,139,146,-1,85,83,149,-1,145,139,138,-1,149,83,143,-1,139,134,150,-1,140,139,150,-1,141,134,148,-1,134,142,150,-1,151,134,136,-1,147,134,151,-1,134,152,153,-1,134,153,135,-1,129,131,137,-1,134,137,152,-1,128,132,129,-1,129,133,130,-1,127,129,124,-1,87,86,154,-1,154,155,156,-1,155,154,86,-1,155,157,158,-1,156,155,158,-1,159,155,160,-1,155,159,157,-1,160,161,162,-1,159,160,162,-1,163,160,164,-1,160,163,161,-1,164,165,166,-1,163,164,166,-1,167,164,72,-1,164,167,165,-1,167,72,73,-1,168,169,170,-1,168,171,172,-1,173,171,168,-1,174,168,175,-1,168,172,176,-1,177,168,176,-1,177,175,168,-1,168,178,179,-1,178,168,174,-1,180,179,178,-1,180,181,179,-1,182,183,179,-1,182,179,184,-1,179,185,186,-1,185,179,183,-1,186,187,188,-1,185,187,186,-1,186,189,190,-1,188,191,186,-1,192,190,193,-1,189,194,190,-1,195,196,197,-1,196,192,197,-1,198,199,196,-1,196,195,198,-1,200,201,199,-1,200,199,198,-1,190,192,196,-1,202,203,201,-1,199,201,203,-1,204,205,203,-1,203,202,204,-1,206,207,205,-1,206,205,204,-1,208,209,210,-1,211,205,207,-1,212,213,214,-1,215,216,217,-1,215,218,216,-1,219,214,218,-1,216,218,214,-1,220,217,216,-1,214,219,221,-1,222,212,214,-1,222,214,221,-1,220,216,223,-1,214,213,224,-1,224,225,226,-1,213,225,224,-1,224,227,228,-1,226,227,224,-1,229,208,228,-1,224,228,208,-1,229,230,208,-1,231,223,216,-1,231,216,205,-1,209,208,230,-1,211,231,205,-1,232,233,210,-1,208,210,233,-1,233,232,234,-1,235,236,233,-1,233,234,235,-1,237,238,236,-1,237,236,235,-1,236,239,240,-1,239,236,238,-1,239,241,240,-1,242,193,190,-1,186,191,189,-1,242,190,194,-1,170,173,168,-1,179,181,184,-1,168,243,244,-1,169,168,244,-1,245,246,243,-1,243,246,244,-1,247,243,248,-1,247,245,243,-1,243,249,250,-1,248,243,250,-1,249,251,252,-1,251,249,243,-1,252,251,253,-1,254,255,256,-1,254,257,258,-1,256,257,254,-1,259,260,258,-1,254,258,260,-1,261,260,262,-1,260,259,262,-1,263,260,264,-1,260,261,264,-1,263,265,266,-1,266,260,263,-1,266,267,268,-1,269,270,271,-1,272,269,271,-1,273,268,274,-1,275,276,277,-1,278,277,279,-1,280,272,281,-1,276,272,277,-1,281,272,276,-1,272,280,269,-1,279,282,278,-1,278,275,277,-1,268,273,279,-1,282,279,273,-1,268,283,284,-1,284,274,268,-1,266,285,267,-1,268,267,283,-1,286,287,266,-1,285,266,287,-1,270,288,271,-1,286,266,265,-1,289,271,290,-1,271,288,290,-1,289,291,292,-1,292,271,289,-1,293,294,292,-1,293,292,291,-1,295,296,297,-1,295,292,294,-1,297,298,299,-1,297,300,301,-1,302,303,304,-1,305,302,297,-1,306,307,308,-1,309,310,302,-1,307,311,251,-1,312,307,313,-1,312,314,307,-1,315,316,302,-1,311,307,314,-1,253,251,317,-1,313,307,306,-1,317,251,311,-1,307,302,318,-1,308,307,318,-1,309,302,316,-1,302,310,318,-1,319,302,304,-1,315,302,319,-1,302,320,321,-1,302,321,303,-1,297,299,305,-1,302,305,320,-1,296,300,297,-1,297,301,298,-1,295,297,292,-1,255,254,322,-1,322,323,324,-1,323,322,254,-1,323,325,326,-1,324,323,326,-1,327,323,328,-1,323,327,325,-1,328,329,330,-1,327,328,330,-1,331,328,332,-1,328,331,329,-1,332,333,334,-1,331,332,334,-1,335,332,240,-1,332,335,333,-1,335,240,241,-1,11,18,22,-1,104,103,65,-1,11,28,0,-1,28,11,22,-1,75,0,31,-1,28,31,0,-1,35,75,31,-1,83,35,37,-1,35,83,75,-1,56,129,46,-1,134,139,48,-1,104,65,68,-1,124,40,103,-1,164,160,100,-1,72,111,109,-1,92,98,155,-1,98,160,155,-1,155,86,92,-1,100,111,164,-1,98,100,160,-1,72,109,68,-1,164,111,72,-1,65,103,40,-1,68,109,104,-1,129,56,124,-1,124,56,40,-1,46,129,134,-1,139,37,48,-1,134,48,46,-1,37,139,83,-1,323,254,260,-1,216,214,302,-1,323,266,328,-1,266,323,260,-1,332,328,268,-1,266,268,328,-1,279,332,268,-1,240,279,277,-1,279,240,332,-1,292,208,271,-1,233,236,272,-1,216,302,307,-1,224,297,214,-1,243,168,199,-1,251,203,205,-1,190,196,179,-1,196,168,179,-1,179,186,190,-1,199,203,243,-1,196,199,168,-1,251,205,307,-1,243,203,251,-1,302,214,297,-1,307,205,216,-1,208,292,224,-1,224,292,297,-1,271,208,233,-1,236,277,272,-1,233,272,271,-1,277,236,240,-1,336,337,338,-1,336,338,339,-1,339,338,340,-1,339,340,341,-1,341,340,342,-1,341,342,343,-1,343,342,344,-1,343,344,345,-1,345,344,346,-1,345,346,347,-1,347,346,348,-1,347,348,349,-1,349,348,350,-1,349,350,351,-1,351,350,352,-1,351,352,353,-1,353,352,354,-1,353,354,355,-1,355,354,356,-1,355,356,357,-1,357,356,358,-1,357,358,359,-1,359,358,337,-1,359,337,336,-1,352,348,346,-1,358,346,337,-1,346,340,337,-1,356,354,352,-1,356,352,358,-1,352,350,348,-1,344,342,346,-1,346,358,352,-1,342,340,346,-1,337,340,338,-1,360,361,362,-1,363,364,365,-1,360,366,361,-1,367,363,365,-1,365,360,368,-1,368,367,365,-1,365,366,360,-1,360,362,369,-1,370,371,372,-1,373,374,375,-1,372,376,377,-1,378,379,380,-1,381,377,376,-1,370,382,383,-1,383,371,370,-1,384,382,380,-1,385,378,380,-1,386,387,388,-1,372,389,376,-1,390,391,392,-1,393,394,395,-1,396,397,398,-1,389,372,371,-1,399,400,401,-1,402,403,400,-1,404,381,376,-1,404,405,381,-1,406,407,408,-1,409,408,405,-1,410,411,412,-1,410,412,413,-1,392,414,413,-1,394,415,397,-1,388,387,395,-1,393,395,387,-1,394,393,415,-1,415,398,397,-1,396,390,397,-1,396,391,390,-1,391,414,392,-1,414,410,413,-1,406,412,411,-1,411,407,406,-1,408,409,406,-1,409,405,404,-1,416,373,417,-1,374,402,375,-1,382,384,383,-1,384,380,379,-1,378,385,418,-1,418,419,420,-1,385,419,418,-1,420,421,399,-1,419,421,420,-1,421,400,399,-1,401,400,403,-1,403,402,374,-1,375,417,373,-1,417,422,416,-1,416,422,423,-1,424,425,426,-1,427,428,429,-1,430,431,432,-1,433,434,435,-1,435,436,437,-1,438,431,439,-1,440,441,432,-1,442,443,440,-1,444,443,442,-1,442,445,444,-1,426,446,447,-1,447,448,445,-1,449,450,424,-1,451,450,449,-1,452,451,449,-1,453,454,455,-1,456,457,455,-1,458,459,456,-1,429,428,458,-1,437,460,461,-1,428,459,458,-1,459,457,456,-1,457,453,455,-1,454,452,455,-1,454,451,452,-1,424,450,425,-1,425,446,426,-1,446,448,447,-1,448,462,445,-1,462,444,445,-1,440,443,441,-1,432,441,430,-1,430,439,431,-1,438,433,431,-1,438,434,433,-1,434,436,435,-1,436,460,437,-1,460,463,461,-1,464,465,466,-1,467,468,469,-1,470,469,471,-1,472,473,465,-1,472,474,473,-1,472,467,470,-1,465,464,472,-1,472,464,467,-1,470,467,469,-1,470,471,475,-1,476,477,478,-1,479,480,481,-1,479,482,480,-1,483,476,484,-1,478,482,484,-1,478,484,476,-1,477,485,486,-1,482,479,484,-1,477,486,478,-1,486,485,482,-1,480,482,485,-1,487,488,489,-1,490,491,492,-1,490,493,487,-1,490,494,493,-1,489,488,495,-1,487,489,496,-1,497,498,489,-1,497,499,498,-1,496,489,498,-1,499,500,491,-1,492,491,500,-1,499,491,498,-1,496,491,490,-1,487,496,490,-1,501,502,503,-1,504,505,506,-1,507,501,508,-1,509,508,510,-1,511,512,513,-1,514,515,511,-1,516,513,512,-1,517,518,505,-1,519,520,521,-1,522,523,518,-1,524,525,522,-1,525,526,522,-1,527,528,529,-1,528,530,529,-1,530,531,529,-1,532,531,530,-1,504,532,530,-1,533,510,534,-1,534,527,535,-1,534,528,527,-1,532,504,506,-1,505,504,517,-1,505,518,523,-1,522,518,524,-1,526,525,536,-1,536,520,519,-1,525,520,536,-1,521,513,516,-1,520,513,521,-1,511,515,512,-1,537,514,538,-1,514,537,515,-1,538,539,540,-1,514,539,538,-1,541,539,542,-1,540,539,541,-1,541,543,544,-1,542,543,541,-1,502,543,503,-1,544,543,502,-1,501,507,502,-1,501,510,508,-1,509,510,533,-1,533,534,535,-1,545,546,547,-1,548,549,550,-1,548,551,545,-1,548,552,551,-1,547,546,553,-1,545,547,554,-1,555,556,547,-1,555,557,556,-1,547,556,554,-1,557,558,549,-1,550,549,558,-1,557,549,556,-1,554,548,545,-1,549,548,554,-1,559,560,561,-1,562,560,559,-1,563,564,565,-1,566,563,565,-1,565,564,567,-1,564,568,567,-1,569,568,562,-1,570,571,566,-1,566,571,563,-1,567,568,569,-1,569,562,559,-1,560,572,561,-1,573,572,574,-1,572,573,561,-1,574,575,576,-1,572,575,574,-1,576,577,578,-1,575,577,576,-1,578,579,580,-1,577,579,578,-1,579,581,580,-1,580,581,582,-1,583,584,585,-1,583,585,586,-1,586,585,587,-1,585,588,589,-1,585,589,587,-1,590,591,592,-1,593,594,595,-1,596,590,597,-1,598,597,599,-1,600,601,602,-1,603,604,600,-1,605,602,601,-1,606,607,594,-1,608,609,610,-1,611,612,607,-1,613,614,611,-1,614,615,611,-1,616,617,618,-1,617,619,618,-1,619,620,618,-1,621,620,619,-1,593,621,619,-1,622,599,623,-1,623,616,624,-1,623,617,616,-1,621,593,595,-1,594,593,606,-1,594,607,612,-1,611,607,613,-1,615,614,625,-1,625,609,608,-1,614,609,625,-1,610,602,605,-1,609,602,610,-1,600,604,601,-1,626,603,627,-1,603,626,604,-1,627,628,629,-1,603,628,627,-1,630,628,631,-1,629,628,630,-1,630,632,633,-1,631,632,630,-1,591,632,592,-1,633,632,591,-1,590,596,591,-1,590,599,597,-1,598,599,622,-1,622,623,624,-1,634,635,636,-1,637,638,639,-1,640,634,641,-1,642,641,643,-1,644,645,646,-1,647,648,644,-1,649,646,645,-1,650,651,638,-1,652,653,651,-1,654,655,652,-1,655,656,652,-1,657,658,655,-1,659,660,661,-1,660,662,661,-1,662,663,661,-1,664,663,662,-1,637,664,662,-1,665,643,666,-1,666,659,667,-1,666,660,659,-1,664,637,639,-1,638,637,650,-1,638,651,653,-1,652,651,654,-1,656,655,658,-1,668,657,669,-1,657,668,658,-1,669,646,649,-1,657,646,669,-1,644,648,645,-1,670,647,671,-1,647,670,648,-1,671,672,673,-1,647,672,671,-1,674,672,675,-1,673,672,674,-1,674,676,677,-1,675,676,674,-1,635,676,636,-1,677,676,635,-1,634,640,635,-1,634,643,641,-1,642,643,665,-1,665,666,667,-1,678,679,680,-1,680,681,682,-1,680,683,678,-1,680,684,681,-1,680,682,683,-1,685,360,369,-1,685,369,686,-1,686,369,362,-1,686,362,687,-1,687,362,361,-1,687,361,688,-1,688,361,366,-1,688,366,689,-1,689,366,365,-1,689,365,690,-1,690,365,364,-1,690,364,691,-1,691,364,363,-1,691,363,692,-1,692,363,367,-1,692,367,693,-1,693,367,368,-1,693,368,694,-1,694,368,360,-1,694,360,685,-1,695,423,422,-1,695,422,696,-1,696,422,417,-1,696,417,697,-1,697,417,375,-1,697,375,698,-1,698,375,402,-1,698,402,699,-1,699,402,400,-1,699,400,700,-1,700,400,421,-1,700,421,701,-1,701,421,419,-1,701,419,702,-1,702,419,385,-1,702,385,703,-1,703,385,380,-1,703,380,704,-1,704,380,382,-1,704,382,705,-1,705,382,370,-1,705,370,706,-1,706,370,372,-1,706,372,707,-1,707,372,377,-1,707,377,708,-1,708,377,381,-1,708,381,709,-1,709,381,405,-1,709,405,710,-1,710,405,408,-1,710,408,711,-1,711,408,407,-1,711,407,712,-1,712,407,411,-1,712,411,713,-1,713,411,410,-1,713,410,714,-1,714,410,414,-1,714,414,715,-1,715,414,391,-1,715,391,716,-1,716,391,396,-1,716,396,717,-1,717,396,398,-1,717,398,718,-1,718,398,415,-1,718,415,719,-1,719,415,393,-1,719,393,720,-1,720,393,387,-1,720,387,721,-1,721,387,386,-1,721,386,722,-1,722,386,388,-1,722,388,723,-1,723,388,395,-1,723,395,724,-1,724,395,394,-1,724,394,725,-1,725,394,397,-1,725,397,726,-1,726,397,390,-1,726,390,727,-1,727,390,392,-1,727,392,728,-1,728,392,413,-1,728,413,729,-1,729,413,412,-1,729,412,730,-1,730,412,406,-1,730,406,731,-1,731,406,409,-1,731,409,732,-1,732,409,404,-1,732,404,733,-1,733,404,376,-1,733,376,734,-1,734,376,389,-1,734,389,735,-1,735,389,371,-1,735,371,736,-1,736,371,383,-1,736,383,737,-1,737,383,384,-1,737,384,738,-1,738,384,379,-1,738,379,739,-1,739,379,378,-1,739,378,740,-1,740,378,418,-1,740,418,741,-1,741,418,420,-1,741,420,742,-1,742,420,399,-1,742,399,743,-1,743,399,401,-1,743,401,744,-1,744,401,403,-1,744,403,745,-1,745,403,374,-1,745,374,746,-1,746,374,373,-1,746,373,747,-1,747,373,416,-1,747,416,748,-1,748,416,423,-1,748,423,695,-1,749,461,463,-1,749,463,750,-1,750,463,460,-1,750,460,751,-1,751,460,436,-1,751,436,752,-1,752,436,434,-1,752,434,753,-1,753,434,438,-1,753,438,754,-1,754,438,439,-1,754,439,755,-1,755,439,430,-1,755,430,756,-1,756,430,441,-1,756,441,757,-1,757,441,443,-1,757,443,758,-1,758,443,444,-1,758,444,759,-1,759,444,462,-1,759,462,760,-1,760,462,448,-1,760,448,761,-1,761,448,446,-1,761,446,762,-1,762,446,425,-1,762,425,763,-1,763,425,450,-1,763,450,764,-1,764,450,451,-1,764,451,765,-1,765,451,454,-1,765,454,766,-1,766,454,453,-1,766,453,767,-1,767,453,457,-1,767,457,768,-1,768,457,459,-1,768,459,769,-1,769,459,428,-1,769,428,770,-1,770,428,427,-1,770,427,771,-1,771,427,429,-1,771,429,772,-1,772,429,458,-1,772,458,773,-1,773,458,456,-1,773,456,774,-1,774,456,455,-1,774,455,775,-1,775,455,452,-1,775,452,776,-1,776,452,449,-1,776,449,777,-1,777,449,424,-1,777,424,778,-1,778,424,426,-1,778,426,779,-1,779,426,447,-1,779,447,780,-1,780,447,445,-1,780,445,781,-1,781,445,442,-1,781,442,782,-1,782,442,440,-1,782,440,783,-1,783,440,432,-1,783,432,784,-1,784,432,431,-1,784,431,785,-1,785,431,433,-1,785,433,786,-1,786,433,435,-1,786,435,787,-1,787,435,437,-1,787,437,788,-1,788,437,461,-1,788,461,749,-1,789,470,475,-1,789,475,790,-1,790,475,471,-1,790,471,791,-1,791,471,469,-1,791,469,792,-1,792,469,468,-1,792,468,793,-1,793,468,467,-1,793,467,794,-1,794,467,464,-1,794,464,795,-1,795,464,466,-1,795,466,796,-1,796,466,465,-1,796,465,797,-1,797,465,473,-1,797,473,798,-1,798,473,474,-1,798,474,799,-1,799,474,472,-1,799,472,800,-1,800,472,470,-1,800,470,789,-1,801,485,477,-1,801,477,802,-1,802,477,476,-1,802,476,803,-1,803,476,483,-1,803,483,804,-1,804,483,484,-1,804,484,805,-1,805,484,479,-1,805,479,806,-1,806,479,481,-1,806,481,807,-1,807,481,480,-1,807,480,808,-1,808,480,485,-1,808,485,801,-1,809,478,486,-1,809,486,810,-1,810,486,482,-1,810,482,811,-1,811,482,478,-1,811,478,809,-1,812,500,499,-1,812,499,813,-1,813,499,497,-1,813,497,814,-1,814,497,489,-1,814,489,815,-1,815,489,495,-1,815,495,816,-1,816,495,488,-1,816,488,817,-1,817,488,487,-1,817,487,818,-1,818,487,493,-1,818,493,819,-1,819,493,494,-1,819,494,820,-1,820,494,490,-1,820,490,821,-1,821,490,492,-1,821,492,822,-1,822,492,500,-1,822,500,812,-1,823,498,491,-1,823,491,824,-1,824,491,496,-1,824,496,825,-1,825,496,498,-1,825,498,823,-1,826,535,527,-1,826,527,827,-1,827,527,529,-1,827,529,828,-1,828,529,531,-1,828,531,829,-1,829,531,532,-1,829,532,830,-1,830,532,506,-1,830,506,831,-1,831,506,505,-1,831,505,832,-1,832,505,523,-1,832,523,833,-1,833,523,522,-1,833,522,834,-1,834,522,526,-1,834,526,835,-1,835,526,536,-1,835,536,836,-1,836,536,519,-1,836,519,837,-1,837,519,521,-1,837,521,838,-1,838,521,516,-1,838,516,839,-1,839,516,512,-1,839,512,840,-1,840,512,515,-1,840,515,841,-1,841,515,537,-1,841,537,842,-1,842,537,538,-1,842,538,843,-1,843,538,540,-1,843,540,844,-1,844,540,541,-1,844,541,845,-1,845,541,544,-1,845,544,846,-1,846,544,502,-1,846,502,847,-1,847,502,507,-1,847,507,848,-1,848,507,508,-1,848,508,849,-1,849,508,509,-1,849,509,850,-1,850,509,533,-1,850,533,851,-1,851,533,535,-1,851,535,826,-1,852,530,528,-1,852,528,853,-1,853,528,534,-1,853,534,854,-1,854,534,510,-1,854,510,855,-1,855,510,501,-1,855,501,856,-1,856,501,503,-1,856,503,857,-1,857,503,543,-1,857,543,858,-1,858,543,542,-1,858,542,859,-1,859,542,539,-1,859,539,860,-1,860,539,514,-1,860,514,861,-1,861,514,511,-1,861,511,862,-1,862,511,513,-1,862,513,863,-1,863,513,520,-1,863,520,864,-1,864,520,525,-1,864,525,865,-1,865,525,524,-1,865,524,866,-1,866,524,518,-1,866,518,867,-1,867,518,517,-1,867,517,868,-1,868,517,504,-1,868,504,869,-1,869,504,530,-1,869,530,852,-1,870,558,557,-1,870,557,871,-1,871,557,555,-1,871,555,872,-1,872,555,547,-1,872,547,873,-1,873,547,553,-1,873,553,874,-1,874,553,546,-1,874,546,875,-1,875,546,545,-1,875,545,876,-1,876,545,551,-1,876,551,877,-1,877,551,552,-1,877,552,878,-1,878,552,548,-1,878,548,879,-1,879,548,550,-1,879,550,880,-1,880,550,558,-1,880,558,870,-1,881,556,549,-1,881,549,882,-1,882,549,554,-1,882,554,883,-1,883,554,556,-1,883,556,881,-1,884,582,581,-1,884,581,885,-1,885,581,579,-1,885,579,886,-1,886,579,577,-1,886,577,887,-1,887,577,575,-1,887,575,888,-1,888,575,572,-1,888,572,889,-1,889,572,560,-1,889,560,890,-1,890,560,562,-1,890,562,891,-1,891,562,568,-1,891,568,892,-1,892,568,564,-1,892,564,893,-1,893,564,563,-1,893,563,894,-1,894,563,571,-1,894,571,895,-1,895,571,570,-1,895,570,896,-1,896,570,566,-1,896,566,897,-1,897,566,565,-1,897,565,898,-1,898,565,567,-1,898,567,899,-1,899,567,569,-1,899,569,900,-1,900,569,559,-1,900,559,901,-1,901,559,561,-1,901,561,902,-1,902,561,573,-1,902,573,903,-1,903,573,574,-1,903,574,904,-1,904,574,576,-1,904,576,905,-1,905,576,578,-1,905,578,906,-1,906,578,580,-1,906,580,907,-1,907,580,582,-1,907,582,884,-1,908,587,589,-1,908,589,909,-1,909,589,588,-1,909,588,910,-1,910,588,585,-1,910,585,911,-1,911,585,584,-1,911,584,912,-1,912,584,583,-1,912,583,913,-1,913,583,586,-1,913,586,914,-1,914,586,587,-1,914,587,908,-1,915,624,616,-1,915,616,916,-1,916,616,618,-1,916,618,917,-1,917,618,620,-1,917,620,918,-1,918,620,621,-1,918,621,919,-1,919,621,595,-1,919,595,920,-1,920,595,594,-1,920,594,921,-1,921,594,612,-1,921,612,922,-1,922,612,611,-1,922,611,923,-1,923,611,615,-1,923,615,924,-1,924,615,625,-1,924,625,925,-1,925,625,608,-1,925,608,926,-1,926,608,610,-1,926,610,927,-1,927,610,605,-1,927,605,928,-1,928,605,601,-1,928,601,929,-1,929,601,604,-1,929,604,930,-1,930,604,626,-1,930,626,931,-1,931,626,627,-1,931,627,932,-1,932,627,629,-1,932,629,933,-1,933,629,630,-1,933,630,934,-1,934,630,633,-1,934,633,935,-1,935,633,591,-1,935,591,936,-1,936,591,596,-1,936,596,937,-1,937,596,597,-1,937,597,938,-1,938,597,598,-1,938,598,939,-1,939,598,622,-1,939,622,940,-1,940,622,624,-1,940,624,915,-1,941,619,617,-1,941,617,942,-1,942,617,623,-1,942,623,943,-1,943,623,599,-1,943,599,944,-1,944,599,590,-1,944,590,945,-1,945,590,592,-1,945,592,946,-1,946,592,632,-1,946,632,947,-1,947,632,631,-1,947,631,948,-1,948,631,628,-1,948,628,949,-1,949,628,603,-1,949,603,950,-1,950,603,600,-1,950,600,951,-1,951,600,602,-1,951,602,952,-1,952,602,609,-1,952,609,953,-1,953,609,614,-1,953,614,954,-1,954,614,613,-1,954,613,955,-1,955,613,607,-1,955,607,956,-1,956,607,606,-1,956,606,957,-1,957,606,593,-1,957,593,958,-1,958,593,619,-1,958,619,941,-1,959,667,659,-1,959,659,960,-1,960,659,661,-1,960,661,961,-1,961,661,663,-1,961,663,962,-1,962,663,664,-1,962,664,963,-1,963,664,639,-1,963,639,964,-1,964,639,638,-1,964,638,965,-1,965,638,653,-1,965,653,966,-1,966,653,652,-1,966,652,967,-1,967,652,656,-1,967,656,968,-1,968,656,658,-1,968,658,969,-1,969,658,668,-1,969,668,970,-1,970,668,669,-1,970,669,971,-1,971,669,649,-1,971,649,972,-1,972,649,645,-1,972,645,973,-1,973,645,648,-1,973,648,974,-1,974,648,670,-1,974,670,975,-1,975,670,671,-1,975,671,976,-1,976,671,673,-1,976,673,977,-1,977,673,674,-1,977,674,978,-1,978,674,677,-1,978,677,979,-1,979,677,635,-1,979,635,980,-1,980,635,640,-1,980,640,981,-1,981,640,641,-1,981,641,982,-1,982,641,642,-1,982,642,983,-1,983,642,665,-1,983,665,984,-1,984,665,667,-1,984,667,959,-1,985,662,660,-1,985,660,986,-1,986,660,666,-1,986,666,987,-1,987,666,643,-1,987,643,988,-1,988,643,634,-1,988,634,989,-1,989,634,636,-1,989,636,990,-1,990,636,676,-1,990,676,991,-1,991,676,675,-1,991,675,992,-1,992,675,672,-1,992,672,993,-1,993,672,647,-1,993,647,994,-1,994,647,644,-1,994,644,995,-1,995,644,646,-1,995,646,996,-1,996,646,657,-1,996,657,997,-1,997,657,655,-1,997,655,998,-1,998,655,654,-1,998,654,999,-1,999,654,651,-1,999,651,1000,-1,1000,651,650,-1,1000,650,1001,-1,1001,650,637,-1,1001,637,1002,-1,1002,637,662,-1,1002,662,985,-1,1003,678,683,-1,1003,683,1004,-1,1004,683,682,-1,1004,682,1005,-1,1005,682,681,-1,1005,681,1006,-1,1006,681,684,-1,1006,684,1007,-1,1007,684,680,-1,1007,680,1008,-1,1008,680,679,-1,1008,679,1009,-1,1009,679,678,-1,1009,678,1003,-1,1010,1011,1012,-1,1010,1012,1013,-1,1013,1012,1014,-1,1013,1014,1015,-1,1015,1014,1016,-1,1015,1016,1017,-1,1017,1016,1018,-1,1017,1018,1019,-1,1019,1018,1020,-1,1019,1020,1021,-1,1021,1020,1011,-1,1021,1011,1010,-1,1016,1020,1018,-1,1016,1012,1011,-1,1016,1014,1012,-1,1020,1016,1011,-1,1022,1023,1024,-1,1025,1026,1027,-1,1028,1029,1030,-1,1031,1032,1033,-1,1033,1034,1035,-1,1036,1029,1037,-1,1038,1039,1030,-1,1040,1041,1038,-1,1042,1041,1040,-1,1040,1043,1042,-1,1024,1044,1045,-1,1043,1046,1047,-1,1048,1049,1022,-1,1050,1049,1048,-1,1051,1050,1048,-1,1052,1053,1054,-1,1055,1056,1054,-1,1057,1058,1055,-1,1027,1026,1057,-1,1035,1059,1060,-1,1026,1058,1057,-1,1058,1056,1055,-1,1056,1052,1054,-1,1053,1051,1054,-1,1053,1050,1051,-1,1022,1049,1023,-1,1023,1044,1024,-1,1044,1046,1045,-1,1045,1046,1043,-1,1047,1042,1043,-1,1038,1041,1039,-1,1030,1039,1028,-1,1028,1037,1029,-1,1036,1031,1029,-1,1036,1032,1031,-1,1032,1034,1033,-1,1034,1059,1035,-1,1059,1061,1060,-1,1062,1063,1064,-1,1063,1065,1064,-1,1062,1066,1067,-1,1065,1068,1069,-1,1070,1071,1072,-1,1072,1064,1070,-1,1070,1064,1065,-1,1068,1065,1063,-1,1063,1062,1067,-1,1066,1073,1067,-1,1074,1075,1076,-1,1077,1075,1074,-1,1077,1078,1075,-1,1077,1079,1078,-1,1080,1081,1082,-1,1083,1081,1084,-1,1085,1083,1084,-1,1085,1086,1083,-1,1086,1085,1087,-1,1078,1088,1082,-1,1089,1087,1090,-1,1091,1090,1092,-1,1093,1094,1095,-1,1089,1086,1087,-1,1096,1095,1097,-1,1084,1081,1080,-1,1080,1082,1088,-1,1088,1078,1079,-1,1096,1098,1076,-1,1098,1074,1076,-1,1098,1096,1097,-1,1097,1095,1094,-1,1099,1093,1091,-1,1094,1093,1099,-1,1090,1091,1089,-1,1099,1091,1092,-1,1100,1101,1102,-1,1103,1104,1105,-1,1103,1106,1104,-1,1107,1100,1108,-1,1102,1106,1108,-1,1102,1108,1100,-1,1101,1109,1110,-1,1106,1103,1108,-1,1101,1110,1102,-1,1110,1109,1106,-1,1104,1106,1109,-1,1111,1060,1061,-1,1111,1061,1112,-1,1112,1061,1059,-1,1112,1059,1113,-1,1113,1059,1034,-1,1113,1034,1114,-1,1114,1034,1032,-1,1114,1032,1115,-1,1115,1032,1036,-1,1115,1036,1116,-1,1116,1036,1037,-1,1116,1037,1117,-1,1117,1037,1028,-1,1117,1028,1118,-1,1118,1028,1039,-1,1118,1039,1119,-1,1119,1039,1041,-1,1119,1041,1120,-1,1120,1041,1042,-1,1120,1042,1121,-1,1121,1042,1047,-1,1121,1047,1122,-1,1122,1047,1046,-1,1122,1046,1123,-1,1123,1046,1044,-1,1123,1044,1124,-1,1124,1044,1023,-1,1124,1023,1125,-1,1125,1023,1049,-1,1125,1049,1126,-1,1126,1049,1050,-1,1126,1050,1127,-1,1127,1050,1053,-1,1127,1053,1128,-1,1128,1053,1052,-1,1128,1052,1129,-1,1129,1052,1056,-1,1129,1056,1130,-1,1130,1056,1058,-1,1130,1058,1131,-1,1131,1058,1026,-1,1131,1026,1132,-1,1132,1026,1025,-1,1132,1025,1133,-1,1133,1025,1027,-1,1133,1027,1134,-1,1134,1027,1057,-1,1134,1057,1135,-1,1135,1057,1055,-1,1135,1055,1136,-1,1136,1055,1054,-1,1136,1054,1137,-1,1137,1054,1051,-1,1137,1051,1138,-1,1138,1051,1048,-1,1138,1048,1139,-1,1139,1048,1022,-1,1139,1022,1140,-1,1140,1022,1024,-1,1140,1024,1141,-1,1141,1024,1045,-1,1141,1045,1142,-1,1142,1045,1043,-1,1142,1043,1143,-1,1143,1043,1040,-1,1143,1040,1144,-1,1144,1040,1038,-1,1144,1038,1145,-1,1145,1038,1030,-1,1145,1030,1146,-1,1146,1030,1029,-1,1146,1029,1147,-1,1147,1029,1031,-1,1147,1031,1148,-1,1148,1031,1033,-1,1148,1033,1149,-1,1149,1033,1035,-1,1149,1035,1150,-1,1150,1035,1060,-1,1150,1060,1111,-1,1151,1067,1073,-1,1151,1073,1152,-1,1152,1073,1066,-1,1152,1066,1153,-1,1153,1066,1062,-1,1153,1062,1154,-1,1154,1062,1064,-1,1154,1064,1155,-1,1155,1064,1072,-1,1155,1072,1156,-1,1156,1072,1071,-1,1156,1071,1157,-1,1157,1071,1070,-1,1157,1070,1158,-1,1158,1070,1065,-1,1158,1065,1159,-1,1159,1065,1069,-1,1159,1069,1160,-1,1160,1069,1068,-1,1160,1068,1161,-1,1161,1068,1063,-1,1161,1063,1162,-1,1162,1063,1067,-1,1162,1067,1151,-1,1163,1090,1087,-1,1163,1087,1164,-1,1164,1087,1085,-1,1164,1085,1165,-1,1165,1085,1084,-1,1165,1084,1166,-1,1166,1084,1080,-1,1166,1080,1167,-1,1167,1080,1088,-1,1167,1088,1168,-1,1168,1088,1079,-1,1168,1079,1169,-1,1169,1079,1077,-1,1169,1077,1170,-1,1170,1077,1074,-1,1170,1074,1171,-1,1171,1074,1098,-1,1171,1098,1172,-1,1172,1098,1097,-1,1172,1097,1173,-1,1173,1097,1094,-1,1173,1094,1174,-1,1174,1094,1099,-1,1174,1099,1175,-1,1175,1099,1092,-1,1175,1092,1176,-1,1176,1092,1090,-1,1176,1090,1163,-1,1177,1086,1089,-1,1177,1089,1178,-1,1178,1089,1091,-1,1178,1091,1179,-1,1179,1091,1093,-1,1179,1093,1180,-1,1180,1093,1095,-1,1180,1095,1181,-1,1181,1095,1096,-1,1181,1096,1182,-1,1182,1096,1076,-1,1182,1076,1183,-1,1183,1076,1075,-1,1183,1075,1184,-1,1184,1075,1078,-1,1184,1078,1185,-1,1185,1078,1082,-1,1185,1082,1186,-1,1186,1082,1081,-1,1186,1081,1187,-1,1187,1081,1083,-1,1187,1083,1188,-1,1188,1083,1086,-1,1188,1086,1177,-1,1189,1109,1101,-1,1189,1101,1190,-1,1190,1101,1100,-1,1190,1100,1191,-1,1191,1100,1107,-1,1191,1107,1192,-1,1192,1107,1108,-1,1192,1108,1193,-1,1193,1108,1103,-1,1193,1103,1194,-1,1194,1103,1105,-1,1194,1105,1195,-1,1195,1105,1104,-1,1195,1104,1196,-1,1196,1104,1109,-1,1196,1109,1189,-1,1197,1102,1110,-1,1197,1110,1198,-1,1198,1110,1106,-1,1198,1106,1199,-1,1199,1106,1102,-1,1199,1102,1197,-1,
        ]
    }
}