#VRML V2.0 utf8
# 3D model generated by easyeda2kicad.py (https://github.com/uPesy/easyeda2kicad.py)

Shape{
    appearance Appearance {
        material  Material 	{
            diffuseColor 0.792156862745098 0.8196078431372549 0.9333333333333333
            specularColor 0.396078431372549 0.4117647058823529 0.4666666666666667
            ambientIntensity 0.2
            transparency 0
            shininess 0.5
        }
    }
    geometry IndexedFaceSet {
        ccw TRUE
        solid FALSE
        coord DEF co Coordinate {
            point [
                0.0984 0.3642 0.0079, 0.0984 0.2461 0.0079, -0.5669 0.3642 0.0079, -0.5669 0.2461 0.0079, -0.5906 0.3484 0.0079, -0.5906 0.2618 0.0079, -0.5906 0.3484 0.0787, -0.5669 0.3642 0.0787, 0.0984 0.3642 0.0787, 0.0984 0.2461 0.0787, -0.5669 0.2461 0.0787, -0.5906 0.2618 0.0787, -0.5906 0.2618 0.0787
            ]
        }
        coordIndex [
            0,1,2,-1,2,1,3,-1,2,3,4,-1,4,3,5,-1,6,7,4,-1,4,7,2,-1,8,9,0,-1,0,9,1,-1,7,8,2,-1,2,8,0,-1,9,8,10,-1,10,8,7,-1,10,7,11,-1,11,7,6,-1,9,10,1,-1,1,10,3,-1,10,11,3,-1,3,11,5,-1,
        ]
    }
}
Shape{
    appearance Appearance {
        material  Material 	{
            diffuseColor 0.9686274509803922 0.8784313725490196 0.6
            specularColor 0.6784313725490196 0.615686274509804 0.4196078431372549
            ambientIntensity 0.2
            transparency 0
            shininess 0.5
        }
    }
    geometry IndexedFaceSet {
        ccw TRUE
        solid FALSE
        coord DEF co Coordinate {
            point [
                -0.5906 0.3484 0.0787, -0.5906 0.3484 0.0079, -0.5906 0.2618 0.0787, -0.5906 0.2618 0.0079, -0.5906 0.2618 0.0079
            ]
        }
        coordIndex [
            0,1,2,-1,2,1,3,-1,
        ]
    }
}
Shape{
    appearance Appearance {
        material  Material 	{
            diffuseColor 0.792156862745098 0.8196078431372549 0.9333333333333333
            specularColor 0.396078431372549 0.4117647058823529 0.4666666666666667
            ambientIntensity 0.2
            transparency 0
            shininess 0.5
        }
    }
    geometry IndexedFaceSet {
        ccw TRUE
        solid FALSE
        coord DEF co Coordinate {
            point [
                0.0984 0.0591 0.0079, 0.0984 -0.0591 0.0079, -0.5669 0.0591 0.0079, -0.5669 -0.0591 0.0079, -0.5906 0.0433 0.0079, -0.5906 -0.0433 0.0079, -0.5906 0.0433 0.0787, -0.5669 0.0591 0.0787, 0.0984 0.0591 0.0787, 0.0984 -0.0591 0.0787, -0.5669 -0.0591 0.0787, -0.5906 -0.0433 0.0787, -0.5906 -0.0433 0.0787
            ]
        }
        coordIndex [
            0,1,2,-1,2,1,3,-1,2,3,4,-1,4,3,5,-1,6,7,4,-1,4,7,2,-1,8,9,0,-1,0,9,1,-1,7,8,2,-1,2,8,0,-1,9,8,10,-1,10,8,7,-1,10,7,11,-1,11,7,6,-1,9,10,1,-1,1,10,3,-1,10,11,3,-1,3,11,5,-1,
        ]
    }
}
Shape{
    appearance Appearance {
        material  Material 	{
            diffuseColor 0.9686274509803922 0.8784313725490196 0.6
            specularColor 0.6784313725490196 0.615686274509804 0.4196078431372549
            ambientIntensity 0.2
            transparency 0
            shininess 0.5
        }
    }
    geometry IndexedFaceSet {
        ccw TRUE
        solid FALSE
        coord DEF co Coordinate {
            point [
                -0.5906 0.0433 0.0787, -0.5906 0.0433 0.0079, -0.5906 -0.0433 0.0787, -0.5906 -0.0433 0.0079, -0.5906 -0.0433 0.0079
            ]
        }
        coordIndex [
            0,1,2,-1,2,1,3,-1,
        ]
    }
}
Shape{
    appearance Appearance {
        material  Material 	{
            diffuseColor 0.792156862745098 0.8196078431372549 0.9333333333333333
            specularColor 0.396078431372549 0.4117647058823529 0.4666666666666667
            ambientIntensity 0.2
            transparency 0
            shininess 0.5
        }
    }
    geometry IndexedFaceSet {
        ccw TRUE
        solid FALSE
        coord DEF co Coordinate {
            point [
                -0.3445 -0.4626 0.0079, -0.2461 -0.4626 0.0079, -0.3445 -0.5669 0.0079, -0.2461 -0.5669 0.0079, -0.3287 -0.5906 0.0079, -0.2618 -0.5906 0.0079, -0.3287 -0.5906 0.0787, -0.3445 -0.5669 0.0787, -0.2618 -0.5906 0.0787, -0.2461 -0.5669 0.0787, -0.3445 -0.4626 0.0787, -0.2461 -0.4626 0.0787, -0.2461 -0.4626 0.0787
            ]
        }
        coordIndex [
            0,1,2,-1,2,1,3,-1,2,3,4,-1,4,3,5,-1,6,7,4,-1,4,7,2,-1,6,8,7,-1,7,8,9,-1,7,9,10,-1,10,9,11,-1,7,10,2,-1,2,10,0,-1,10,11,0,-1,0,11,1,-1,11,9,1,-1,1,9,3,-1,
        ]
    }
}
Shape{
    appearance Appearance {
        material  Material 	{
            diffuseColor 0.9686274509803922 0.8784313725490196 0.6
            specularColor 0.6784313725490196 0.615686274509804 0.4196078431372549
            ambientIntensity 0.2
            transparency 0
            shininess 0.5
        }
    }
    geometry IndexedFaceSet {
        ccw TRUE
        solid FALSE
        coord DEF co Coordinate {
            point [
                -0.2461 -0.5669 0.0787, -0.2618 -0.5906 0.0787, -0.2461 -0.5669 0.0079, -0.2618 -0.5906 0.0079, -0.3287 -0.5906 0.0787, -0.3287 -0.5906 0.0079, -0.3287 -0.5906 0.0079
            ]
        }
        coordIndex [
            0,1,2,-1,2,1,3,-1,4,5,1,-1,1,5,3,-1,
        ]
    }
}
Shape{
    appearance Appearance {
        material  Material 	{
            diffuseColor 0.792156862745098 0.8196078431372549 0.9333333333333333
            specularColor 0.396078431372549 0.4117647058823529 0.4666666666666667
            ambientIntensity 0.2
            transparency 0
            shininess 0.5
        }
    }
    geometry IndexedFaceSet {
        ccw TRUE
        solid FALSE
        coord DEF co Coordinate {
            point [
                -0.1476 -0.4626 0.0079, -0.0492 -0.4626 0.0079, -0.1476 -0.5669 0.0079, -0.0492 -0.5669 0.0079, -0.1319 -0.5906 0.0079, -0.065 -0.5906 0.0079, -0.065 -0.5906 0.0079
            ]
        }
        coordIndex [
            0,1,2,-1,2,1,3,-1,2,3,4,-1,4,3,5,-1,
        ]
    }
}
Shape{
    appearance Appearance {
        material  Material 	{
            diffuseColor 0.9686274509803922 0.8784313725490196 0.6
            specularColor 0.6784313725490196 0.615686274509804 0.4196078431372549
            ambientIntensity 0.2
            transparency 0
            shininess 0.5
        }
    }
    geometry IndexedFaceSet {
        ccw TRUE
        solid FALSE
        coord DEF co Coordinate {
            point [
                -0.1319 -0.5906 0.0787, -0.1476 -0.5669 0.0787, -0.1319 -0.5906 0.0079, -0.1476 -0.5669 0.0079, -0.1476 -0.5669 0.0079
            ]
        }
        coordIndex [
            0,1,2,-1,2,1,3,-1,
        ]
    }
}
Shape{
    appearance Appearance {
        material  Material 	{
            diffuseColor 0.792156862745098 0.8196078431372549 0.9333333333333333
            specularColor 0.396078431372549 0.4117647058823529 0.4666666666666667
            ambientIntensity 0.2
            transparency 0
            shininess 0.5
        }
    }
    geometry IndexedFaceSet {
        ccw TRUE
        solid FALSE
        coord DEF co Coordinate {
            point [
                -0.1319 -0.5906 0.0787, -0.065 -0.5906 0.0787, -0.1476 -0.5669 0.0787, -0.0492 -0.5669 0.0787, -0.1476 -0.4626 0.0787, -0.0492 -0.4626 0.0787, -0.1476 -0.5669 0.0079, -0.1476 -0.4626 0.0079, -0.0492 -0.4626 0.0079, -0.0492 -0.5669 0.0079, -0.065 -0.5906 0.0079, -0.065 -0.5906 0.0079
            ]
        }
        coordIndex [
            0,1,2,-1,2,1,3,-1,2,3,4,-1,4,3,5,-1,2,4,6,-1,6,4,7,-1,4,5,7,-1,7,5,8,-1,5,3,8,-1,8,3,9,-1,3,1,9,-1,9,1,10,-1,
        ]
    }
}
Shape{
    appearance Appearance {
        material  Material 	{
            diffuseColor 0.9686274509803922 0.8784313725490196 0.6
            specularColor 0.6784313725490196 0.615686274509804 0.4196078431372549
            ambientIntensity 0.2
            transparency 0
            shininess 0.5
        }
    }
    geometry IndexedFaceSet {
        ccw TRUE
        solid FALSE
        coord DEF co Coordinate {
            point [
                -0.1319 -0.5906 0.0787, -0.1319 -0.5906 0.0079, -0.065 -0.5906 0.0787, -0.065 -0.5906 0.0079, -0.065 -0.5906 0.0079
            ]
        }
        coordIndex [
            0,1,2,-1,2,1,3,-1,
        ]
    }
}
Shape{
    appearance Appearance {
        material  Material 	{
            diffuseColor 0.792156862745098 0.8196078431372549 0.9333333333333333
            specularColor 0.396078431372549 0.4117647058823529 0.4666666666666667
            ambientIntensity 0.2
            transparency 0
            shininess 0.5
        }
    }
    geometry IndexedFaceSet {
        ccw TRUE
        solid FALSE
        coord DEF co Coordinate {
            point [
                0.0492 -0.4626 0.0079, 0.1476 -0.4626 0.0079, 0.0492 -0.5669 0.0079, 0.1476 -0.5669 0.0079, 0.065 -0.5906 0.0079, 0.1319 -0.5906 0.0079, 0.1319 -0.5906 0.0079
            ]
        }
        coordIndex [
            0,1,2,-1,2,1,3,-1,2,3,4,-1,4,3,5,-1,
        ]
    }
}
Shape{
    appearance Appearance {
        material  Material 	{
            diffuseColor 0.9686274509803922 0.8784313725490196 0.6
            specularColor 0.6784313725490196 0.615686274509804 0.4196078431372549
            ambientIntensity 0.2
            transparency 0
            shininess 0.5
        }
    }
    geometry IndexedFaceSet {
        ccw TRUE
        solid FALSE
        coord DEF co Coordinate {
            point [
                0.065 -0.5906 0.0787, 0.0492 -0.5669 0.0787, 0.065 -0.5906 0.0079, 0.0492 -0.5669 0.0079, 0.0492 -0.5669 0.0079
            ]
        }
        coordIndex [
            0,1,2,-1,2,1,3,-1,
        ]
    }
}
Shape{
    appearance Appearance {
        material  Material 	{
            diffuseColor 0.792156862745098 0.8196078431372549 0.9333333333333333
            specularColor 0.396078431372549 0.4117647058823529 0.4666666666666667
            ambientIntensity 0.2
            transparency 0
            shininess 0.5
        }
    }
    geometry IndexedFaceSet {
        ccw TRUE
        solid FALSE
        coord DEF co Coordinate {
            point [
                0.065 -0.5906 0.0787, 0.1319 -0.5906 0.0787, 0.0492 -0.5669 0.0787, 0.1476 -0.5669 0.0787, 0.0492 -0.4626 0.0787, 0.1476 -0.4626 0.0787, 0.0492 -0.5669 0.0079, 0.0492 -0.4626 0.0079, 0.1476 -0.4626 0.0079, 0.1476 -0.5669 0.0079, 0.1319 -0.5906 0.0079, 0.1319 -0.5906 0.0079
            ]
        }
        coordIndex [
            0,1,2,-1,2,1,3,-1,2,3,4,-1,4,3,5,-1,2,4,6,-1,6,4,7,-1,4,5,7,-1,7,5,8,-1,5,3,8,-1,8,3,9,-1,3,1,9,-1,9,1,10,-1,
        ]
    }
}
Shape{
    appearance Appearance {
        material  Material 	{
            diffuseColor 0.9686274509803922 0.8784313725490196 0.6
            specularColor 0.6784313725490196 0.615686274509804 0.4196078431372549
            ambientIntensity 0.2
            transparency 0
            shininess 0.5
        }
    }
    geometry IndexedFaceSet {
        ccw TRUE
        solid FALSE
        coord DEF co Coordinate {
            point [
                0.065 -0.5906 0.0787, 0.065 -0.5906 0.0079, 0.1319 -0.5906 0.0787, 0.1319 -0.5906 0.0079, 0.1319 -0.5906 0.0079
            ]
        }
        coordIndex [
            0,1,2,-1,2,1,3,-1,
        ]
    }
}
Shape{
    appearance Appearance {
        material  Material 	{
            diffuseColor 0.792156862745098 0.8196078431372549 0.9333333333333333
            specularColor 0.396078431372549 0.4117647058823529 0.4666666666666667
            ambientIntensity 0.2
            transparency 0
            shininess 0.5
        }
    }
    geometry IndexedFaceSet {
        ccw TRUE
        solid FALSE
        coord DEF co Coordinate {
            point [
                0.2461 -0.4626 0.0079, 0.3445 -0.4626 0.0079, 0.2461 -0.5669 0.0079, 0.3445 -0.5669 0.0079, 0.2618 -0.5906 0.0079, 0.3287 -0.5906 0.0079, 0.2618 -0.5906 0.0787, 0.2461 -0.5669 0.0787, 0.2461 -0.5669 0.0787
            ]
        }
        coordIndex [
            0,1,2,-1,2,1,3,-1,2,3,4,-1,4,3,5,-1,6,7,4,-1,4,7,2,-1,
        ]
    }
}
Shape{
    appearance Appearance {
        material  Material 	{
            diffuseColor 0.9686274509803922 0.8784313725490196 0.6
            specularColor 0.6784313725490196 0.615686274509804 0.4196078431372549
            ambientIntensity 0.2
            transparency 0
            shininess 0.5
        }
    }
    geometry IndexedFaceSet {
        ccw TRUE
        solid FALSE
        coord DEF co Coordinate {
            point [
                0.2618 -0.5906 0.0787, 0.3287 -0.5906 0.0787, 0.2461 -0.5669 0.0787, 0.3445 -0.5669 0.0787, 0.2461 -0.4626 0.0787, 0.3445 -0.4626 0.0787, 0.3445 -0.4626 0.0787
            ]
        }
        coordIndex [
            0,1,2,-1,2,1,3,-1,2,3,4,-1,4,3,5,-1,
        ]
    }
}
Shape{
    appearance Appearance {
        material  Material 	{
            diffuseColor 0.792156862745098 0.8196078431372549 0.9333333333333333
            specularColor 0.396078431372549 0.4117647058823529 0.4666666666666667
            ambientIntensity 0.2
            transparency 0
            shininess 0.5
        }
    }
    geometry IndexedFaceSet {
        ccw TRUE
        solid FALSE
        coord DEF co Coordinate {
            point [
                0.2461 -0.5669 0.0787, 0.2461 -0.4626 0.0787, 0.2461 -0.5669 0.0079, 0.2461 -0.4626 0.0079, 0.3445 -0.4626 0.0787, 0.3445 -0.4626 0.0079, 0.3445 -0.5669 0.0787, 0.3445 -0.5669 0.0079, 0.3287 -0.5906 0.0787, 0.3287 -0.5906 0.0079, 0.3287 -0.5906 0.0079
            ]
        }
        coordIndex [
            0,1,2,-1,2,1,3,-1,1,4,3,-1,3,4,5,-1,4,6,5,-1,5,6,7,-1,6,8,7,-1,7,8,9,-1,
        ]
    }
}
Shape{
    appearance Appearance {
        material  Material 	{
            diffuseColor 0.9686274509803922 0.8784313725490196 0.6
            specularColor 0.6784313725490196 0.615686274509804 0.4196078431372549
            ambientIntensity 0.2
            transparency 0
            shininess 0.5
        }
    }
    geometry IndexedFaceSet {
        ccw TRUE
        solid FALSE
        coord DEF co Coordinate {
            point [
                0.2618 -0.5906 0.0787, 0.2618 -0.5906 0.0079, 0.3287 -0.5906 0.0787, 0.3287 -0.5906 0.0079, 0.3287 -0.5906 0.0079
            ]
        }
        coordIndex [
            0,1,2,-1,2,1,3,-1,
        ]
    }
}
Shape{
    appearance Appearance {
        material  Material 	{
            diffuseColor 0.792156862745098 0.8196078431372549 0.9333333333333333
            specularColor 0.396078431372549 0.4117647058823529 0.4666666666666667
            ambientIntensity 0.2
            transparency 0
            shininess 0.5
        }
    }
    geometry IndexedFaceSet {
        ccw TRUE
        solid FALSE
        coord DEF co Coordinate {
            point [
                0.5906 0.3258 0.0079, 0.5906 0.3927 0.0079, 0.5669 0.31 0.0079, 0.5669 0.4085 0.0079, 0.4331 0.31 0.0079, 0.4331 0.4085 0.0079, 0.4331 0.4085 0.0079
            ]
        }
        coordIndex [
            0,1,2,-1,2,1,3,-1,2,3,4,-1,4,3,5,-1,
        ]
    }
}
Shape{
    appearance Appearance {
        material  Material 	{
            diffuseColor 0.9686274509803922 0.8784313725490196 0.6
            specularColor 0.6784313725490196 0.615686274509804 0.4196078431372549
            ambientIntensity 0.2
            transparency 0
            shininess 0.5
        }
    }
    geometry IndexedFaceSet {
        ccw TRUE
        solid FALSE
        coord DEF co Coordinate {
            point [
                0.4331 0.31 0.0079, 0.4331 0.31 0.0, 0.5669 0.31 0.0079, 0.5669 0.31 0.0, 0.5906 0.3258 0.0, 0.5906 0.3927 0.0, 0.5906 0.3258 0.0079, 0.5906 0.3927 0.0079, 0.5906 0.3927 0.0079
            ]
        }
        coordIndex [
            0,1,2,-1,2,1,3,-1,4,5,6,-1,6,5,7,-1,
        ]
    }
}
Shape{
    appearance Appearance {
        material  Material 	{
            diffuseColor 0.43137254901960786 0.45098039215686275 0.43137254901960786
            specularColor 0.34509803921568627 0.3607843137254902 0.34509803921568627
            ambientIntensity 0.2
            transparency 0
            shininess 0.5
        }
    }
    geometry IndexedFaceSet {
        ccw TRUE
        solid FALSE
        coord DEF co Coordinate {
            point [
                0.4331 0.31 0.0, 0.4331 0.4085 0.0, 0.5669 0.31 0.0, 0.5669 0.4085 0.0, 0.5906 0.3258 0.0, 0.5906 0.3927 0.0, 0.5906 0.3927 0.0
            ]
        }
        coordIndex [
            0,1,2,-1,2,1,3,-1,2,3,4,-1,4,3,5,-1,
        ]
    }
}
Shape{
    appearance Appearance {
        material  Material 	{
            diffuseColor 0.9686274509803922 0.8784313725490196 0.6
            specularColor 0.6784313725490196 0.615686274509804 0.4196078431372549
            ambientIntensity 0.2
            transparency 0
            shininess 0.5
        }
    }
    geometry IndexedFaceSet {
        ccw TRUE
        solid FALSE
        coord DEF co Coordinate {
            point [
                0.5906 0.3927 0.0079, 0.5906 0.3927 0.0, 0.5669 0.4085 0.0079, 0.5669 0.4085 0.0, 0.5669 0.4085 0.0
            ]
        }
        coordIndex [
            0,1,2,-1,2,1,3,-1,
        ]
    }
}
Shape{
    appearance Appearance {
        material  Material 	{
            diffuseColor 0.792156862745098 0.8196078431372549 0.9333333333333333
            specularColor 0.396078431372549 0.4117647058823529 0.4666666666666667
            ambientIntensity 0.2
            transparency 0
            shininess 0.5
        }
    }
    geometry IndexedFaceSet {
        ccw TRUE
        solid FALSE
        coord DEF co Coordinate {
            point [
                0.4331 0.4085 0.0079, 0.4331 0.4085 0.0, 0.4331 0.31 0.0079, 0.4331 0.31 0.0, 0.4331 0.31 0.0
            ]
        }
        coordIndex [
            0,1,2,-1,2,1,3,-1,
        ]
    }
}
Shape{
    appearance Appearance {
        material  Material 	{
            diffuseColor 0.9686274509803922 0.8784313725490196 0.6
            specularColor 0.6784313725490196 0.615686274509804 0.4196078431372549
            ambientIntensity 0.2
            transparency 0
            shininess 0.5
        }
    }
    geometry IndexedFaceSet {
        ccw TRUE
        solid FALSE
        coord DEF co Coordinate {
            point [
                0.5669 0.4085 0.0079, 0.5669 0.4085 0.0, 0.4331 0.4085 0.0079, 0.4331 0.4085 0.0, 0.4331 0.4085 0.0
            ]
        }
        coordIndex [
            0,1,2,-1,2,1,3,-1,
        ]
    }
}
Shape{
    appearance Appearance {
        material  Material 	{
            diffuseColor 0.792156862745098 0.8196078431372549 0.9333333333333333
            specularColor 0.396078431372549 0.4117647058823529 0.4666666666666667
            ambientIntensity 0.2
            transparency 0
            shininess 0.5
        }
    }
    geometry IndexedFaceSet {
        ccw TRUE
        solid FALSE
        coord DEF co Coordinate {
            point [
                0.5669 0.31 0.0079, 0.5669 0.31 0.0, 0.5906 0.3258 0.0079, 0.5906 0.3258 0.0, 0.5906 0.1959 0.0079, 0.5906 0.1093 0.0079, 0.5669 0.2116 0.0079, 0.5669 0.0935 0.0079, 0.1969 0.2116 0.0079, 0.1969 0.0935 0.0079, 0.1969 0.0935 0.0079
            ]
        }
        coordIndex [
            0,1,2,-1,2,1,3,-1,4,5,6,-1,6,5,7,-1,6,7,8,-1,8,7,9,-1,
        ]
    }
}
Shape{
    appearance Appearance {
        material  Material 	{
            diffuseColor 0.9686274509803922 0.8784313725490196 0.6
            specularColor 0.6784313725490196 0.615686274509804 0.4196078431372549
            ambientIntensity 0.2
            transparency 0
            shininess 0.5
        }
    }
    geometry IndexedFaceSet {
        ccw TRUE
        solid FALSE
        coord DEF co Coordinate {
            point [
                0.5906 0.1093 0.0787, 0.5669 0.0935 0.0787, 0.5906 0.1093 0.0079, 0.5669 0.0935 0.0079, 0.5669 0.0935 0.0079
            ]
        }
        coordIndex [
            0,1,2,-1,2,1,3,-1,
        ]
    }
}
Shape{
    appearance Appearance {
        material  Material 	{
            diffuseColor 0.43137254901960786 0.45098039215686275 0.43137254901960786
            specularColor 0.34509803921568627 0.3607843137254902 0.34509803921568627
            ambientIntensity 0.2
            transparency 0
            shininess 0.5
        }
    }
    geometry IndexedFaceSet {
        ccw TRUE
        solid FALSE
        coord DEF co Coordinate {
            point [
                0.1969 0.2116 0.0787, 0.5669 0.2116 0.0787, 0.1969 0.2116 0.0079, 0.5669 0.2116 0.0079, 0.5669 0.2116 0.0079
            ]
        }
        coordIndex [
            0,1,2,-1,2,1,3,-1,
        ]
    }
}
Shape{
    appearance Appearance {
        material  Material 	{
            diffuseColor 0.792156862745098 0.8196078431372549 0.9333333333333333
            specularColor 0.396078431372549 0.4117647058823529 0.4666666666666667
            ambientIntensity 0.2
            transparency 0
            shininess 0.5
        }
    }
    geometry IndexedFaceSet {
        ccw TRUE
        solid FALSE
        coord DEF co Coordinate {
            point [
                0.1969 0.0935 0.0787, 0.1969 0.2116 0.0787, 0.1969 0.0935 0.0079, 0.1969 0.2116 0.0079, 0.1969 0.2116 0.0079
            ]
        }
        coordIndex [
            0,1,2,-1,2,1,3,-1,
        ]
    }
}
Shape{
    appearance Appearance {
        material  Material 	{
            diffuseColor 0.9686274509803922 0.8784313725490196 0.6
            specularColor 0.6784313725490196 0.615686274509804 0.4196078431372549
            ambientIntensity 0.2
            transparency 0
            shininess 0.5
        }
    }
    geometry IndexedFaceSet {
        ccw TRUE
        solid FALSE
        coord DEF co Coordinate {
            point [
                0.1969 0.2116 0.0787, 0.1969 0.0935 0.0787, 0.5669 0.2116 0.0787, 0.5669 0.0935 0.0787, 0.5906 0.1959 0.0787, 0.5906 0.1093 0.0787, 0.5906 0.1093 0.0787
            ]
        }
        coordIndex [
            0,1,2,-1,2,1,3,-1,2,3,4,-1,4,3,5,-1,
        ]
    }
}
Shape{
    appearance Appearance {
        material  Material 	{
            diffuseColor 0.792156862745098 0.8196078431372549 0.9333333333333333
            specularColor 0.396078431372549 0.4117647058823529 0.4666666666666667
            ambientIntensity 0.2
            transparency 0
            shininess 0.5
        }
    }
    geometry IndexedFaceSet {
        ccw TRUE
        solid FALSE
        coord DEF co Coordinate {
            point [
                0.5669 0.2116 0.0787, 0.5906 0.1959 0.0787, 0.5669 0.2116 0.0079, 0.5906 0.1959 0.0079, 0.5669 0.0935 0.0787, 0.1969 0.0935 0.0787, 0.5669 0.0935 0.0079, 0.1969 0.0935 0.0079, 0.1969 0.0935 0.0079
            ]
        }
        coordIndex [
            0,1,2,-1,2,1,3,-1,4,5,6,-1,6,5,7,-1,
        ]
    }
}
Shape{
    appearance Appearance {
        material  Material 	{
            diffuseColor 0.9686274509803922 0.8784313725490196 0.6
            specularColor 0.6784313725490196 0.615686274509804 0.4196078431372549
            ambientIntensity 0.2
            transparency 0
            shininess 0.5
        }
    }
    geometry IndexedFaceSet {
        ccw TRUE
        solid FALSE
        coord DEF co Coordinate {
            point [
                0.5906 0.1093 0.0787, 0.5906 0.1093 0.0079, 0.5906 0.1959 0.0787, 0.5906 0.1959 0.0079, 0.5906 0.1959 0.0079
            ]
        }
        coordIndex [
            0,1,2,-1,2,1,3,-1,
        ]
    }
}
Shape{
    appearance Appearance {
        material  Material 	{
            diffuseColor 0.792156862745098 0.8196078431372549 0.9333333333333333
            specularColor 0.396078431372549 0.4117647058823529 0.4666666666666667
            ambientIntensity 0.2
            transparency 0
            shininess 0.5
        }
    }
    geometry IndexedFaceSet {
        ccw TRUE
        solid FALSE
        coord DEF co Coordinate {
            point [
                0.1969 -0.2116 0.0079, 0.1969 -0.0935 0.0079, 0.5669 -0.2116 0.0079, 0.5669 -0.0935 0.0079, 0.5906 -0.1959 0.0079, 0.5906 -0.1093 0.0079, 0.5906 -0.1959 0.0787, 0.5669 -0.2116 0.0787, 0.1969 -0.0935 0.0787, 0.5669 -0.0935 0.0787, 0.1969 -0.2116 0.0787, 0.5906 -0.1093 0.0787, 0.5906 -0.1093 0.0787
            ]
        }
        coordIndex [
            0,1,2,-1,2,1,3,-1,2,3,4,-1,4,3,5,-1,6,7,4,-1,4,7,2,-1,8,9,1,-1,1,9,3,-1,10,8,0,-1,0,8,1,-1,8,10,9,-1,9,10,7,-1,9,7,11,-1,11,7,6,-1,9,11,3,-1,3,11,5,-1,
        ]
    }
}
Shape{
    appearance Appearance {
        material  Material 	{
            diffuseColor 0.9686274509803922 0.8784313725490196 0.6
            specularColor 0.6784313725490196 0.615686274509804 0.4196078431372549
            ambientIntensity 0.2
            transparency 0
            shininess 0.5
        }
    }
    geometry IndexedFaceSet {
        ccw TRUE
        solid FALSE
        coord DEF co Coordinate {
            point [
                0.5669 -0.2116 0.0787, 0.1969 -0.2116 0.0787, 0.5669 -0.2116 0.0079, 0.1969 -0.2116 0.0079, 0.5906 -0.1959 0.0787, 0.5906 -0.1959 0.0079, 0.5906 -0.1093 0.0787, 0.5906 -0.1093 0.0079, 0.5906 -0.1093 0.0079
            ]
        }
        coordIndex [
            0,1,2,-1,2,1,3,-1,4,5,6,-1,6,5,7,-1,
        ]
    }
}
Shape{
    appearance Appearance {
        material  Material 	{
            diffuseColor 0.792156862745098 0.8196078431372549 0.9333333333333333
            specularColor 0.396078431372549 0.4117647058823529 0.4666666666666667
            ambientIntensity 0.2
            transparency 0
            shininess 0.5
        }
    }
    geometry IndexedFaceSet {
        ccw TRUE
        solid FALSE
        coord DEF co Coordinate {
            point [
                0.065 0.5906 0.0079, 0.1319 0.5906 0.0079, 0.0492 0.5669 0.0079, 0.1476 0.5669 0.0079, 0.0492 0.4626 0.0079, 0.1476 0.4626 0.0079, 0.1319 0.5906 0.0787, 0.1476 0.5669 0.0787, 0.0492 0.5669 0.0787, 0.065 0.5906 0.0787, 0.0492 0.4626 0.0787, 0.1476 0.4626 0.0787, 0.1476 0.4626 0.0787
            ]
        }
        coordIndex [
            0,1,2,-1,2,1,3,-1,2,3,4,-1,4,3,5,-1,6,7,1,-1,1,7,3,-1,8,9,2,-1,2,9,0,-1,10,8,4,-1,4,8,2,-1,10,11,8,-1,8,11,7,-1,8,7,9,-1,9,7,6,-1,
        ]
    }
}
Shape{
    appearance Appearance {
        material  Material 	{
            diffuseColor 0.9686274509803922 0.8784313725490196 0.6
            specularColor 0.6784313725490196 0.615686274509804 0.4196078431372549
            ambientIntensity 0.2
            transparency 0
            shininess 0.5
        }
    }
    geometry IndexedFaceSet {
        ccw TRUE
        solid FALSE
        coord DEF co Coordinate {
            point [
                0.1476 0.5669 0.0787, 0.1476 0.4626 0.0787, 0.1476 0.5669 0.0079, 0.1476 0.4626 0.0079, 0.1476 0.4626 0.0079
            ]
        }
        coordIndex [
            0,1,2,-1,2,1,3,-1,
        ]
    }
}
Shape{
    appearance Appearance {
        material  Material 	{
            diffuseColor 0.792156862745098 0.8196078431372549 0.9333333333333333
            specularColor 0.396078431372549 0.4117647058823529 0.4666666666666667
            ambientIntensity 0.2
            transparency 0
            shininess 0.5
        }
    }
    geometry IndexedFaceSet {
        ccw TRUE
        solid FALSE
        coord DEF co Coordinate {
            point [
                0.1476 0.4626 0.0787, 0.0492 0.4626 0.0787, 0.1476 0.4626 0.0079, 0.0492 0.4626 0.0079, 0.0492 0.4626 0.0079
            ]
        }
        coordIndex [
            0,1,2,-1,2,1,3,-1,
        ]
    }
}
Shape{
    appearance Appearance {
        material  Material 	{
            diffuseColor 0.9686274509803922 0.8784313725490196 0.6
            specularColor 0.6784313725490196 0.615686274509804 0.4196078431372549
            ambientIntensity 0.2
            transparency 0
            shininess 0.5
        }
    }
    geometry IndexedFaceSet {
        ccw TRUE
        solid FALSE
        coord DEF co Coordinate {
            point [
                0.1319 0.5906 0.0787, 0.1319 0.5906 0.0079, 0.065 0.5906 0.0787, 0.065 0.5906 0.0079, 0.065 0.5906 0.0079
            ]
        }
        coordIndex [
            0,1,2,-1,2,1,3,-1,
        ]
    }
}
Shape{
    appearance Appearance {
        material  Material 	{
            diffuseColor 0.792156862745098 0.8196078431372549 0.9333333333333333
            specularColor 0.396078431372549 0.4117647058823529 0.4666666666666667
            ambientIntensity 0.2
            transparency 0
            shininess 0.5
        }
    }
    geometry IndexedFaceSet {
        ccw TRUE
        solid FALSE
        coord DEF co Coordinate {
            point [
                -0.0492 0.4626 0.0079, -0.1476 0.4626 0.0079, -0.0492 0.5669 0.0079, -0.1476 0.5669 0.0079, -0.065 0.5906 0.0079, -0.1319 0.5906 0.0079, -0.1319 0.5906 0.0079
            ]
        }
        coordIndex [
            0,1,2,-1,2,1,3,-1,2,3,4,-1,4,3,5,-1,
        ]
    }
}
Shape{
    appearance Appearance {
        material  Material 	{
            diffuseColor 0.9686274509803922 0.8784313725490196 0.6
            specularColor 0.6784313725490196 0.615686274509804 0.4196078431372549
            ambientIntensity 0.2
            transparency 0
            shininess 0.5
        }
    }
    geometry IndexedFaceSet {
        ccw TRUE
        solid FALSE
        coord DEF co Coordinate {
            point [
                -0.065 0.5906 0.0787, -0.0492 0.5669 0.0787, -0.065 0.5906 0.0079, -0.0492 0.5669 0.0079, -0.0492 0.5669 0.0079
            ]
        }
        coordIndex [
            0,1,2,-1,2,1,3,-1,
        ]
    }
}
Shape{
    appearance Appearance {
        material  Material 	{
            diffuseColor 0.792156862745098 0.8196078431372549 0.9333333333333333
            specularColor 0.396078431372549 0.4117647058823529 0.4666666666666667
            ambientIntensity 0.2
            transparency 0
            shininess 0.5
        }
    }
    geometry IndexedFaceSet {
        ccw TRUE
        solid FALSE
        coord DEF co Coordinate {
            point [
                -0.1476 0.5669 0.0787, -0.1319 0.5906 0.0787, -0.1476 0.5669 0.0079, -0.1319 0.5906 0.0079, -0.1319 0.5906 0.0079
            ]
        }
        coordIndex [
            0,1,2,-1,2,1,3,-1,
        ]
    }
}
Shape{
    appearance Appearance {
        material  Material 	{
            diffuseColor 0.9686274509803922 0.8784313725490196 0.6
            specularColor 0.6784313725490196 0.615686274509804 0.4196078431372549
            ambientIntensity 0.2
            transparency 0
            shininess 0.5
        }
    }
    geometry IndexedFaceSet {
        ccw TRUE
        solid FALSE
        coord DEF co Coordinate {
            point [
                -0.1476 0.4626 0.0787, -0.1476 0.5669 0.0787, -0.1476 0.4626 0.0079, -0.1476 0.5669 0.0079, -0.1476 0.5669 0.0079
            ]
        }
        coordIndex [
            0,1,2,-1,2,1,3,-1,
        ]
    }
}
Shape{
    appearance Appearance {
        material  Material 	{
            diffuseColor 0.792156862745098 0.8196078431372549 0.9333333333333333
            specularColor 0.396078431372549 0.4117647058823529 0.4666666666666667
            ambientIntensity 0.2
            transparency 0
            shininess 0.5
        }
    }
    geometry IndexedFaceSet {
        ccw TRUE
        solid FALSE
        coord DEF co Coordinate {
            point [
                -0.065 0.5906 0.0787, -0.1319 0.5906 0.0787, -0.0492 0.5669 0.0787, -0.1476 0.5669 0.0787, -0.0492 0.4626 0.0787, -0.1476 0.4626 0.0787, -0.0492 0.5669 0.0079, -0.0492 0.4626 0.0079, -0.1476 0.4626 0.0079, -0.1476 0.4626 0.0079
            ]
        }
        coordIndex [
            0,1,2,-1,2,1,3,-1,2,3,4,-1,4,3,5,-1,2,4,6,-1,6,4,7,-1,4,5,7,-1,7,5,8,-1,
        ]
    }
}
Shape{
    appearance Appearance {
        material  Material 	{
            diffuseColor 0.9686274509803922 0.8784313725490196 0.6
            specularColor 0.6784313725490196 0.615686274509804 0.4196078431372549
            ambientIntensity 0.2
            transparency 0
            shininess 0.5
        }
    }
    geometry IndexedFaceSet {
        ccw TRUE
        solid FALSE
        coord DEF co Coordinate {
            point [
                -0.065 0.5906 0.0787, -0.065 0.5906 0.0079, -0.1319 0.5906 0.0787, -0.1319 0.5906 0.0079, 0.065 -0.5906 0.0079, 0.1319 -0.5906 0.0079, 0.0492 -0.5669 0.0079, 0.1476 -0.5669 0.0079, 0.0492 -0.4626 0.0079, 0.1476 -0.4626 0.0079, 0.1319 -0.5906 -0.0, 0.1476 -0.5669 -0.0, 0.1476 -0.5669 -0.0
            ]
        }
        coordIndex [
            0,1,2,-1,2,1,3,-1,4,5,6,-1,6,5,7,-1,6,7,8,-1,8,7,9,-1,5,10,7,-1,7,10,11,-1,
        ]
    }
}
Shape{
    appearance Appearance {
        material  Material 	{
            diffuseColor 0.792156862745098 0.8196078431372549 0.9333333333333333
            specularColor 0.396078431372549 0.4117647058823529 0.4666666666666667
            ambientIntensity 0.2
            transparency 0
            shininess 0.5
        }
    }
    geometry IndexedFaceSet {
        ccw TRUE
        solid FALSE
        coord DEF co Coordinate {
            point [
                0.1476 -0.5669 0.0079, 0.1476 -0.5669 -0.0, 0.1476 -0.4626 0.0079, 0.1476 -0.4626 0.0, 0.0492 -0.4626 0.0079, 0.0492 -0.4626 0.0, 0.0492 -0.4626 0.0
            ]
        }
        coordIndex [
            0,1,2,-1,2,1,3,-1,2,3,4,-1,4,3,5,-1,
        ]
    }
}
Shape{
    appearance Appearance {
        material  Material 	{
            diffuseColor 0.43137254901960786 0.45098039215686275 0.43137254901960786
            specularColor 0.34509803921568627 0.3607843137254902 0.34509803921568627
            ambientIntensity 0.2
            transparency 0
            shininess 0.5
        }
    }
    geometry IndexedFaceSet {
        ccw TRUE
        solid FALSE
        coord DEF co Coordinate {
            point [
                0.0492 -0.4626 0.0, 0.1476 -0.4626 0.0, 0.0492 -0.5669 0.0, 0.1476 -0.5669 -0.0, 0.065 -0.5906 0.0, 0.1319 -0.5906 -0.0, 0.1319 -0.5906 -0.0
            ]
        }
        coordIndex [
            0,1,2,-1,2,1,3,-1,2,3,4,-1,4,3,5,-1,
        ]
    }
}
Shape{
    appearance Appearance {
        material  Material 	{
            diffuseColor 0.792156862745098 0.8196078431372549 0.9333333333333333
            specularColor 0.396078431372549 0.4117647058823529 0.4666666666666667
            ambientIntensity 0.2
            transparency 0
            shininess 0.5
        }
    }
    geometry IndexedFaceSet {
        ccw TRUE
        solid FALSE
        coord DEF co Coordinate {
            point [
                0.0492 -0.4626 0.0079, 0.0492 -0.4626 0.0, 0.0492 -0.5669 0.0079, 0.0492 -0.5669 0.0, 0.0492 -0.5669 0.0
            ]
        }
        coordIndex [
            0,1,2,-1,2,1,3,-1,
        ]
    }
}
Shape{
    appearance Appearance {
        material  Material 	{
            diffuseColor 0.9686274509803922 0.8784313725490196 0.6
            specularColor 0.6784313725490196 0.615686274509804 0.4196078431372549
            ambientIntensity 0.2
            transparency 0
            shininess 0.5
        }
    }
    geometry IndexedFaceSet {
        ccw TRUE
        solid FALSE
        coord DEF co Coordinate {
            point [
                0.065 -0.5906 0.0, 0.1319 -0.5906 -0.0, 0.065 -0.5906 0.0079, 0.1319 -0.5906 0.0079, 0.1319 -0.5906 0.0079
            ]
        }
        coordIndex [
            0,1,2,-1,2,1,3,-1,
        ]
    }
}
Shape{
    appearance Appearance {
        material  Material 	{
            diffuseColor 0.792156862745098 0.8196078431372549 0.9333333333333333
            specularColor 0.396078431372549 0.4117647058823529 0.4666666666666667
            ambientIntensity 0.2
            transparency 0
            shininess 0.5
        }
    }
    geometry IndexedFaceSet {
        ccw TRUE
        solid FALSE
        coord DEF co Coordinate {
            point [
                0.0492 -0.5669 0.0079, 0.0492 -0.5669 0.0, 0.065 -0.5906 0.0079, 0.065 -0.5906 0.0, 0.065 -0.5906 0.0
            ]
        }
        coordIndex [
            0,1,2,-1,2,1,3,-1,
        ]
    }
}
Shape{
    appearance Appearance {
        material  Material 	{
            diffuseColor 0.9686274509803922 0.8784313725490196 0.6
            specularColor 0.6784313725490196 0.615686274509804 0.4196078431372549
            ambientIntensity 0.2
            transparency 0
            shininess 0.5
        }
    }
    geometry IndexedFaceSet {
        ccw TRUE
        solid FALSE
        coord DEF co Coordinate {
            point [
                -0.1319 -0.5906 0.0079, -0.065 -0.5906 0.0079, -0.1476 -0.5669 0.0079, -0.0492 -0.5669 0.0079, -0.1476 -0.4626 0.0079, -0.0492 -0.4626 0.0079, -0.065 -0.5906 0.0, -0.0492 -0.5669 0.0, -0.0492 -0.4626 0.0, -0.0492 -0.4626 0.0
            ]
        }
        coordIndex [
            0,1,2,-1,2,1,3,-1,2,3,4,-1,4,3,5,-1,1,6,3,-1,3,6,7,-1,3,7,5,-1,5,7,8,-1,
        ]
    }
}
Shape{
    appearance Appearance {
        material  Material 	{
            diffuseColor 0.792156862745098 0.8196078431372549 0.9333333333333333
            specularColor 0.396078431372549 0.4117647058823529 0.4666666666666667
            ambientIntensity 0.2
            transparency 0
            shininess 0.5
        }
    }
    geometry IndexedFaceSet {
        ccw TRUE
        solid FALSE
        coord DEF co Coordinate {
            point [
                -0.0492 -0.4626 0.0079, -0.0492 -0.4626 0.0, -0.1476 -0.4626 0.0079, -0.1476 -0.4626 0.0, -0.1476 -0.4626 0.0
            ]
        }
        coordIndex [
            0,1,2,-1,2,1,3,-1,
        ]
    }
}
Shape{
    appearance Appearance {
        material  Material 	{
            diffuseColor 0.43137254901960786 0.45098039215686275 0.43137254901960786
            specularColor 0.34509803921568627 0.3607843137254902 0.34509803921568627
            ambientIntensity 0.2
            transparency 0
            shininess 0.5
        }
    }
    geometry IndexedFaceSet {
        ccw TRUE
        solid FALSE
        coord DEF co Coordinate {
            point [
                -0.1476 -0.4626 0.0, -0.0492 -0.4626 0.0, -0.1476 -0.5669 0.0, -0.0492 -0.5669 0.0, -0.1319 -0.5906 0.0, -0.065 -0.5906 0.0, -0.065 -0.5906 0.0
            ]
        }
        coordIndex [
            0,1,2,-1,2,1,3,-1,2,3,4,-1,4,3,5,-1,
        ]
    }
}
Shape{
    appearance Appearance {
        material  Material 	{
            diffuseColor 0.792156862745098 0.8196078431372549 0.9333333333333333
            specularColor 0.396078431372549 0.4117647058823529 0.4666666666666667
            ambientIntensity 0.2
            transparency 0
            shininess 0.5
        }
    }
    geometry IndexedFaceSet {
        ccw TRUE
        solid FALSE
        coord DEF co Coordinate {
            point [
                -0.1476 -0.4626 0.0079, -0.1476 -0.4626 0.0, -0.1476 -0.5669 0.0079, -0.1476 -0.5669 0.0, -0.1476 -0.5669 0.0
            ]
        }
        coordIndex [
            0,1,2,-1,2,1,3,-1,
        ]
    }
}
Shape{
    appearance Appearance {
        material  Material 	{
            diffuseColor 0.9686274509803922 0.8784313725490196 0.6
            specularColor 0.6784313725490196 0.615686274509804 0.4196078431372549
            ambientIntensity 0.2
            transparency 0
            shininess 0.5
        }
    }
    geometry IndexedFaceSet {
        ccw TRUE
        solid FALSE
        coord DEF co Coordinate {
            point [
                -0.1319 -0.5906 0.0, -0.065 -0.5906 0.0, -0.1319 -0.5906 0.0079, -0.065 -0.5906 0.0079, -0.1476 -0.5669 0.0079, -0.1476 -0.5669 0.0, -0.1476 -0.5669 0.0
            ]
        }
        coordIndex [
            0,1,2,-1,2,1,3,-1,4,5,2,-1,2,5,0,-1,
        ]
    }
}
Shape{
    appearance Appearance {
        material  Material 	{
            diffuseColor 0.792156862745098 0.8196078431372549 0.9333333333333333
            specularColor 0.396078431372549 0.4117647058823529 0.4666666666666667
            ambientIntensity 0.2
            transparency 0
            shininess 0.5
        }
    }
    geometry IndexedFaceSet {
        ccw TRUE
        solid FALSE
        coord DEF co Coordinate {
            point [
                -0.3287 -0.5906 0.0079, -0.2618 -0.5906 0.0079, -0.3445 -0.5669 0.0079, -0.2461 -0.5669 0.0079, -0.3445 -0.4626 0.0079, -0.2461 -0.4626 0.0079, -0.2618 -0.5906 -0.0, -0.2461 -0.5669 -0.0, -0.2461 -0.5669 -0.0
            ]
        }
        coordIndex [
            0,1,2,-1,2,1,3,-1,2,3,4,-1,4,3,5,-1,1,6,3,-1,3,6,7,-1,
        ]
    }
}
Shape{
    appearance Appearance {
        material  Material 	{
            diffuseColor 0.9686274509803922 0.8784313725490196 0.6
            specularColor 0.6784313725490196 0.615686274509804 0.4196078431372549
            ambientIntensity 0.2
            transparency 0
            shininess 0.5
        }
    }
    geometry IndexedFaceSet {
        ccw TRUE
        solid FALSE
        coord DEF co Coordinate {
            point [
                -0.2461 -0.5669 0.0079, -0.2461 -0.5669 -0.0, -0.2461 -0.4626 0.0079, -0.2461 -0.4626 0.0, -0.3445 -0.4626 0.0079, -0.3445 -0.4626 0.0, -0.3445 -0.4626 0.0
            ]
        }
        coordIndex [
            0,1,2,-1,2,1,3,-1,2,3,4,-1,4,3,5,-1,
        ]
    }
}
Shape{
    appearance Appearance {
        material  Material 	{
            diffuseColor 0.43137254901960786 0.45098039215686275 0.43137254901960786
            specularColor 0.34509803921568627 0.3607843137254902 0.34509803921568627
            ambientIntensity 0.2
            transparency 0
            shininess 0.5
        }
    }
    geometry IndexedFaceSet {
        ccw TRUE
        solid FALSE
        coord DEF co Coordinate {
            point [
                -0.3445 -0.4626 0.0, -0.2461 -0.4626 0.0, -0.3445 -0.5669 0.0, -0.2461 -0.5669 -0.0, -0.3287 -0.5906 0.0, -0.2618 -0.5906 -0.0, -0.2618 -0.5906 -0.0
            ]
        }
        coordIndex [
            0,1,2,-1,2,1,3,-1,2,3,4,-1,4,3,5,-1,
        ]
    }
}
Shape{
    appearance Appearance {
        material  Material 	{
            diffuseColor 0.792156862745098 0.8196078431372549 0.9333333333333333
            specularColor 0.396078431372549 0.4117647058823529 0.4666666666666667
            ambientIntensity 0.2
            transparency 0
            shininess 0.5
        }
    }
    geometry IndexedFaceSet {
        ccw TRUE
        solid FALSE
        coord DEF co Coordinate {
            point [
                -0.3445 -0.4626 0.0079, -0.3445 -0.4626 0.0, -0.3445 -0.5669 0.0079, -0.3445 -0.5669 0.0, -0.3445 -0.5669 0.0
            ]
        }
        coordIndex [
            0,1,2,-1,2,1,3,-1,
        ]
    }
}
Shape{
    appearance Appearance {
        material  Material 	{
            diffuseColor 0.9686274509803922 0.8784313725490196 0.6
            specularColor 0.6784313725490196 0.615686274509804 0.4196078431372549
            ambientIntensity 0.2
            transparency 0
            shininess 0.5
        }
    }
    geometry IndexedFaceSet {
        ccw TRUE
        solid FALSE
        coord DEF co Coordinate {
            point [
                -0.3287 -0.5906 0.0, -0.2618 -0.5906 -0.0, -0.3287 -0.5906 0.0079, -0.2618 -0.5906 0.0079, -0.3445 -0.5669 0.0079, -0.3445 -0.5669 0.0, -0.3445 -0.5669 0.0
            ]
        }
        coordIndex [
            0,1,2,-1,2,1,3,-1,4,5,2,-1,2,5,0,-1,
        ]
    }
}
Shape{
    appearance Appearance {
        material  Material 	{
            diffuseColor 0.792156862745098 0.8196078431372549 0.9333333333333333
            specularColor 0.396078431372549 0.4117647058823529 0.4666666666666667
            ambientIntensity 0.2
            transparency 0
            shininess 0.5
        }
    }
    geometry IndexedFaceSet {
        ccw TRUE
        solid FALSE
        coord DEF co Coordinate {
            point [
                -0.5906 0.0433 0.0079, -0.5906 -0.0433 0.0079, -0.5669 0.0591 0.0079, -0.5669 -0.0591 0.0079, 0.0984 0.0591 0.0079, 0.0984 -0.0591 0.0079, 0.0984 -0.0591 0.0079
            ]
        }
        coordIndex [
            0,1,2,-1,2,1,3,-1,2,3,4,-1,4,3,5,-1,
        ]
    }
}
Shape{
    appearance Appearance {
        material  Material 	{
            diffuseColor 0.9686274509803922 0.8784313725490196 0.6
            specularColor 0.6784313725490196 0.615686274509804 0.4196078431372549
            ambientIntensity 0.2
            transparency 0
            shininess 0.5
        }
    }
    geometry IndexedFaceSet {
        ccw TRUE
        solid FALSE
        coord DEF co Coordinate {
            point [
                -0.5906 0.0433 0.0, -0.5906 -0.0433 0.0, -0.5906 0.0433 0.0079, -0.5906 -0.0433 0.0079, -0.5906 -0.0433 0.0079
            ]
        }
        coordIndex [
            0,1,2,-1,2,1,3,-1,
        ]
    }
}
Shape{
    appearance Appearance {
        material  Material 	{
            diffuseColor 0.792156862745098 0.8196078431372549 0.9333333333333333
            specularColor 0.396078431372549 0.4117647058823529 0.4666666666666667
            ambientIntensity 0.2
            transparency 0
            shininess 0.5
        }
    }
    geometry IndexedFaceSet {
        ccw TRUE
        solid FALSE
        coord DEF co Coordinate {
            point [
                -0.5906 -0.0433 0.0079, -0.5906 -0.0433 0.0, -0.5669 -0.0591 0.0079, -0.5669 -0.0591 0.0, -0.5669 -0.0591 0.0
            ]
        }
        coordIndex [
            0,1,2,-1,2,1,3,-1,
        ]
    }
}
Shape{
    appearance Appearance {
        material  Material 	{
            diffuseColor 0.43137254901960786 0.45098039215686275 0.43137254901960786
            specularColor 0.34509803921568627 0.3607843137254902 0.34509803921568627
            ambientIntensity 0.2
            transparency 0
            shininess 0.5
        }
    }
    geometry IndexedFaceSet {
        ccw TRUE
        solid FALSE
        coord DEF co Coordinate {
            point [
                0.0984 0.0591 0.0, 0.0984 -0.0591 0.0, -0.5669 0.0591 0.0, -0.5669 -0.0591 0.0, -0.5906 0.0433 0.0, -0.5906 -0.0433 0.0, -0.5906 -0.0433 0.0
            ]
        }
        coordIndex [
            0,1,2,-1,2,1,3,-1,2,3,4,-1,4,3,5,-1,
        ]
    }
}
Shape{
    appearance Appearance {
        material  Material 	{
            diffuseColor 0.792156862745098 0.8196078431372549 0.9333333333333333
            specularColor 0.396078431372549 0.4117647058823529 0.4666666666666667
            ambientIntensity 0.2
            transparency 0
            shininess 0.5
        }
    }
    geometry IndexedFaceSet {
        ccw TRUE
        solid FALSE
        coord DEF co Coordinate {
            point [
                -0.5669 -0.0591 0.0079, -0.5669 -0.0591 0.0, 0.0984 -0.0591 0.0079, 0.0984 -0.0591 0.0, 0.0984 -0.0591 0.0
            ]
        }
        coordIndex [
            0,1,2,-1,2,1,3,-1,
        ]
    }
}
Shape{
    appearance Appearance {
        material  Material 	{
            diffuseColor 0.9686274509803922 0.8784313725490196 0.6
            specularColor 0.6784313725490196 0.615686274509804 0.4196078431372549
            ambientIntensity 0.2
            transparency 0
            shininess 0.5
        }
    }
    geometry IndexedFaceSet {
        ccw TRUE
        solid FALSE
        coord DEF co Coordinate {
            point [
                0.0984 0.0591 0.0079, 0.0984 0.0591 0.0, -0.5669 0.0591 0.0079, -0.5669 0.0591 0.0, -0.5669 0.0591 0.0
            ]
        }
        coordIndex [
            0,1,2,-1,2,1,3,-1,
        ]
    }
}
Shape{
    appearance Appearance {
        material  Material 	{
            diffuseColor 0.792156862745098 0.8196078431372549 0.9333333333333333
            specularColor 0.396078431372549 0.4117647058823529 0.4666666666666667
            ambientIntensity 0.2
            transparency 0
            shininess 0.5
        }
    }
    geometry IndexedFaceSet {
        ccw TRUE
        solid FALSE
        coord DEF co Coordinate {
            point [
                0.0984 -0.0591 0.0079, 0.0984 -0.0591 0.0, 0.0984 0.0591 0.0079, 0.0984 0.0591 0.0, 0.0984 0.0591 0.0
            ]
        }
        coordIndex [
            0,1,2,-1,2,1,3,-1,
        ]
    }
}
Shape{
    appearance Appearance {
        material  Material 	{
            diffuseColor 0.9686274509803922 0.8784313725490196 0.6
            specularColor 0.6784313725490196 0.615686274509804 0.4196078431372549
            ambientIntensity 0.2
            transparency 0
            shininess 0.5
        }
    }
    geometry IndexedFaceSet {
        ccw TRUE
        solid FALSE
        coord DEF co Coordinate {
            point [
                -0.5669 0.0591 0.0079, -0.5669 0.0591 0.0, -0.5906 0.0433 0.0079, -0.5906 0.0433 0.0, -0.5906 0.0433 0.0
            ]
        }
        coordIndex [
            0,1,2,-1,2,1,3,-1,
        ]
    }
}
Shape{
    appearance Appearance {
        material  Material 	{
            diffuseColor 0.43137254901960786 0.45098039215686275 0.43137254901960786
            specularColor 0.34509803921568627 0.3607843137254902 0.34509803921568627
            ambientIntensity 0.2
            transparency 0
            shininess 0.5
        }
    }
    geometry IndexedFaceSet {
        ccw TRUE
        solid FALSE
        coord DEF co Coordinate {
            point [
                -0.5906 0.3484 0.0079, -0.5906 0.2618 0.0079, -0.5669 0.3642 0.0079, -0.5669 0.2461 0.0079, 0.0984 0.3642 0.0079, 0.0984 0.2461 0.0079, 0.0984 0.2461 0.0079
            ]
        }
        coordIndex [
            0,1,2,-1,2,1,3,-1,2,3,4,-1,4,3,5,-1,
        ]
    }
}
Shape{
    appearance Appearance {
        material  Material 	{
            diffuseColor 0.9686274509803922 0.8784313725490196 0.6
            specularColor 0.6784313725490196 0.615686274509804 0.4196078431372549
            ambientIntensity 0.2
            transparency 0
            shininess 0.5
        }
    }
    geometry IndexedFaceSet {
        ccw TRUE
        solid FALSE
        coord DEF co Coordinate {
            point [
                -0.5906 0.3484 0.0, -0.5906 0.2618 0.0, -0.5906 0.3484 0.0079, -0.5906 0.2618 0.0079, -0.5669 0.2461 0.0079, -0.5669 0.2461 -0.0, -0.5669 0.2461 -0.0
            ]
        }
        coordIndex [
            0,1,2,-1,2,1,3,-1,3,1,4,-1,4,1,5,-1,
        ]
    }
}
Shape{
    appearance Appearance {
        material  Material 	{
            diffuseColor 0.43137254901960786 0.45098039215686275 0.43137254901960786
            specularColor 0.34509803921568627 0.3607843137254902 0.34509803921568627
            ambientIntensity 0.2
            transparency 0
            shininess 0.5
        }
    }
    geometry IndexedFaceSet {
        ccw TRUE
        solid FALSE
        coord DEF co Coordinate {
            point [
                -0.5906 0.2618 0.0, -0.5906 0.3484 0.0, -0.5669 0.2461 -0.0, -0.5669 0.3642 0.0, 0.0984 0.2461 0.0, 0.0984 0.3642 0.0, 0.0984 0.3642 0.0
            ]
        }
        coordIndex [
            0,1,2,-1,2,1,3,-1,2,3,4,-1,4,3,5,-1,
        ]
    }
}
Shape{
    appearance Appearance {
        material  Material 	{
            diffuseColor 0.9686274509803922 0.8784313725490196 0.6
            specularColor 0.6784313725490196 0.615686274509804 0.4196078431372549
            ambientIntensity 0.2
            transparency 0
            shininess 0.5
        }
    }
    geometry IndexedFaceSet {
        ccw TRUE
        solid FALSE
        coord DEF co Coordinate {
            point [
                -0.5669 0.2461 0.0079, -0.5669 0.2461 -0.0, 0.0984 0.2461 0.0079, 0.0984 0.2461 0.0, 0.0984 0.2461 0.0
            ]
        }
        coordIndex [
            0,1,2,-1,2,1,3,-1,
        ]
    }
}
Shape{
    appearance Appearance {
        material  Material 	{
            diffuseColor 0.792156862745098 0.8196078431372549 0.9333333333333333
            specularColor 0.396078431372549 0.4117647058823529 0.4666666666666667
            ambientIntensity 0.2
            transparency 0
            shininess 0.5
        }
    }
    geometry IndexedFaceSet {
        ccw TRUE
        solid FALSE
        coord DEF co Coordinate {
            point [
                0.0984 0.3642 0.0079, 0.0984 0.3642 0.0, -0.5669 0.3642 0.0079, -0.5669 0.3642 0.0, -0.5669 0.3642 0.0
            ]
        }
        coordIndex [
            0,1,2,-1,2,1,3,-1,
        ]
    }
}
Shape{
    appearance Appearance {
        material  Material 	{
            diffuseColor 0.9686274509803922 0.8784313725490196 0.6
            specularColor 0.6784313725490196 0.615686274509804 0.4196078431372549
            ambientIntensity 0.2
            transparency 0
            shininess 0.5
        }
    }
    geometry IndexedFaceSet {
        ccw TRUE
        solid FALSE
        coord DEF co Coordinate {
            point [
                0.0984 0.2461 0.0079, 0.0984 0.2461 0.0, 0.0984 0.3642 0.0079, 0.0984 0.3642 0.0, 0.0984 0.3642 0.0
            ]
        }
        coordIndex [
            0,1,2,-1,2,1,3,-1,
        ]
    }
}
Shape{
    appearance Appearance {
        material  Material 	{
            diffuseColor 0.43137254901960786 0.45098039215686275 0.43137254901960786
            specularColor 0.34509803921568627 0.3607843137254902 0.34509803921568627
            ambientIntensity 0.2
            transparency 0
            shininess 0.5
        }
    }
    geometry IndexedFaceSet {
        ccw TRUE
        solid FALSE
        coord DEF co Coordinate {
            point [
                -0.5669 0.3642 0.0079, -0.5669 0.3642 0.0, -0.5906 0.3484 0.0079, -0.5906 0.3484 0.0, -0.5906 0.3484 0.0
            ]
        }
        coordIndex [
            0,1,2,-1,2,1,3,-1,
        ]
    }
}
Shape{
    appearance Appearance {
        material  Material 	{
            diffuseColor 0.792156862745098 0.8196078431372549 0.9333333333333333
            specularColor 0.396078431372549 0.4117647058823529 0.4666666666666667
            ambientIntensity 0.2
            transparency 0
            shininess 0.5
        }
    }
    geometry IndexedFaceSet {
        ccw TRUE
        solid FALSE
        coord DEF co Coordinate {
            point [
                0.5906 -0.3927 0.0079, 0.5906 -0.3258 0.0079, 0.5669 -0.4085 0.0079, 0.5669 -0.31 0.0079, 0.4331 -0.4085 0.0079, 0.4331 -0.31 0.0079, 0.4331 -0.31 0.0079
            ]
        }
        coordIndex [
            0,1,2,-1,2,1,3,-1,2,3,4,-1,4,3,5,-1,
        ]
    }
}
Shape{
    appearance Appearance {
        material  Material 	{
            diffuseColor 0.9686274509803922 0.8784313725490196 0.6
            specularColor 0.6784313725490196 0.615686274509804 0.4196078431372549
            ambientIntensity 0.2
            transparency 0
            shininess 0.5
        }
    }
    geometry IndexedFaceSet {
        ccw TRUE
        solid FALSE
        coord DEF co Coordinate {
            point [
                0.4331 -0.4085 0.0079, 0.4331 -0.4085 0.0, 0.5669 -0.4085 0.0079, 0.5669 -0.4085 0.0, 0.5906 -0.3927 0.0, 0.5906 -0.3258 0.0, 0.5906 -0.3927 0.0079, 0.5906 -0.3258 0.0079, 0.5906 -0.3258 0.0079
            ]
        }
        coordIndex [
            0,1,2,-1,2,1,3,-1,4,5,6,-1,6,5,7,-1,
        ]
    }
}
Shape{
    appearance Appearance {
        material  Material 	{
            diffuseColor 0.43137254901960786 0.45098039215686275 0.43137254901960786
            specularColor 0.34509803921568627 0.3607843137254902 0.34509803921568627
            ambientIntensity 0.2
            transparency 0
            shininess 0.5
        }
    }
    geometry IndexedFaceSet {
        ccw TRUE
        solid FALSE
        coord DEF co Coordinate {
            point [
                0.4331 -0.4085 0.0, 0.4331 -0.31 0.0, 0.5669 -0.4085 0.0, 0.5669 -0.31 0.0, 0.5906 -0.3927 0.0, 0.5906 -0.3258 0.0, 0.5906 -0.3258 0.0079, 0.5669 -0.31 0.0079, 0.5669 -0.31 0.0079
            ]
        }
        coordIndex [
            0,1,2,-1,2,1,3,-1,2,3,4,-1,4,3,5,-1,6,5,7,-1,7,5,3,-1,
        ]
    }
}
Shape{
    appearance Appearance {
        material  Material 	{
            diffuseColor 0.9686274509803922 0.8784313725490196 0.6
            specularColor 0.6784313725490196 0.615686274509804 0.4196078431372549
            ambientIntensity 0.2
            transparency 0
            shininess 0.5
        }
    }
    geometry IndexedFaceSet {
        ccw TRUE
        solid FALSE
        coord DEF co Coordinate {
            point [
                0.4331 -0.31 0.0079, 0.4331 -0.31 0.0, 0.4331 -0.4085 0.0079, 0.4331 -0.4085 0.0, 0.4331 -0.4085 0.0
            ]
        }
        coordIndex [
            0,1,2,-1,2,1,3,-1,
        ]
    }
}
Shape{
    appearance Appearance {
        material  Material 	{
            diffuseColor 0.792156862745098 0.8196078431372549 0.9333333333333333
            specularColor 0.396078431372549 0.4117647058823529 0.4666666666666667
            ambientIntensity 0.2
            transparency 0
            shininess 0.5
        }
    }
    geometry IndexedFaceSet {
        ccw TRUE
        solid FALSE
        coord DEF co Coordinate {
            point [
                0.5669 -0.31 0.0079, 0.5669 -0.31 0.0, 0.4331 -0.31 0.0079, 0.4331 -0.31 0.0, 0.5669 -0.4085 0.0079, 0.5669 -0.4085 0.0, 0.5906 -0.3927 0.0079, 0.5906 -0.3927 0.0, 0.5906 -0.3927 0.0
            ]
        }
        coordIndex [
            0,1,2,-1,2,1,3,-1,4,5,6,-1,6,5,7,-1,
        ]
    }
}
Shape{
    appearance Appearance {
        material  Material 	{
            diffuseColor 0.9686274509803922 0.8784313725490196 0.6
            specularColor 0.6784313725490196 0.615686274509804 0.4196078431372549
            ambientIntensity 0.2
            transparency 0
            shininess 0.5
        }
    }
    geometry IndexedFaceSet {
        ccw TRUE
        solid FALSE
        coord DEF co Coordinate {
            point [
                -0.065 0.5906 0.0079, -0.1319 0.5906 0.0079, -0.0492 0.5669 0.0079, -0.1476 0.5669 0.0079, -0.0492 0.4626 0.0079, -0.1476 0.4626 0.0079, -0.1476 0.4626 0.0079
            ]
        }
        coordIndex [
            0,1,2,-1,2,1,3,-1,2,3,4,-1,4,3,5,-1,
        ]
    }
}
Shape{
    appearance Appearance {
        material  Material 	{
            diffuseColor 0.792156862745098 0.8196078431372549 0.9333333333333333
            specularColor 0.396078431372549 0.4117647058823529 0.4666666666666667
            ambientIntensity 0.2
            transparency 0
            shininess 0.5
        }
    }
    geometry IndexedFaceSet {
        ccw TRUE
        solid FALSE
        coord DEF co Coordinate {
            point [
                -0.1476 0.4626 0.0079, -0.1476 0.4626 0.0, -0.0492 0.4626 0.0079, -0.0492 0.4626 0.0, -0.0492 0.5669 0.0079, -0.0492 0.5669 0.0, -0.0492 0.5669 0.0
            ]
        }
        coordIndex [
            0,1,2,-1,2,1,3,-1,2,3,4,-1,4,3,5,-1,
        ]
    }
}
Shape{
    appearance Appearance {
        material  Material 	{
            diffuseColor 0.43137254901960786 0.45098039215686275 0.43137254901960786
            specularColor 0.34509803921568627 0.3607843137254902 0.34509803921568627
            ambientIntensity 0.2
            transparency 0
            shininess 0.5
        }
    }
    geometry IndexedFaceSet {
        ccw TRUE
        solid FALSE
        coord DEF co Coordinate {
            point [
                -0.0492 0.4626 0.0, -0.1476 0.4626 0.0, -0.0492 0.5669 0.0, -0.1476 0.5669 0.0, -0.065 0.5906 0.0, -0.1319 0.5906 0.0, -0.1319 0.5906 0.0
            ]
        }
        coordIndex [
            0,1,2,-1,2,1,3,-1,2,3,4,-1,4,3,5,-1,
        ]
    }
}
Shape{
    appearance Appearance {
        material  Material 	{
            diffuseColor 0.9686274509803922 0.8784313725490196 0.6
            specularColor 0.6784313725490196 0.615686274509804 0.4196078431372549
            ambientIntensity 0.2
            transparency 0
            shininess 0.5
        }
    }
    geometry IndexedFaceSet {
        ccw TRUE
        solid FALSE
        coord DEF co Coordinate {
            point [
                -0.065 0.5906 0.0, -0.1319 0.5906 0.0, -0.065 0.5906 0.0079, -0.1319 0.5906 0.0079, -0.1476 0.5669 0.0079, -0.1476 0.5669 0.0, -0.1476 0.4626 0.0079, -0.1476 0.4626 0.0, -0.1476 0.4626 0.0
            ]
        }
        coordIndex [
            0,1,2,-1,2,1,3,-1,4,5,6,-1,6,5,7,-1,
        ]
    }
}
Shape{
    appearance Appearance {
        material  Material 	{
            diffuseColor 0.792156862745098 0.8196078431372549 0.9333333333333333
            specularColor 0.396078431372549 0.4117647058823529 0.4666666666666667
            ambientIntensity 0.2
            transparency 0
            shininess 0.5
        }
    }
    geometry IndexedFaceSet {
        ccw TRUE
        solid FALSE
        coord DEF co Coordinate {
            point [
                -0.1319 0.5906 0.0079, -0.1319 0.5906 0.0, -0.1476 0.5669 0.0079, -0.1476 0.5669 0.0, -0.1476 0.5669 0.0
            ]
        }
        coordIndex [
            0,1,2,-1,2,1,3,-1,
        ]
    }
}
Shape{
    appearance Appearance {
        material  Material 	{
            diffuseColor 0.9686274509803922 0.8784313725490196 0.6
            specularColor 0.6784313725490196 0.615686274509804 0.4196078431372549
            ambientIntensity 0.2
            transparency 0
            shininess 0.5
        }
    }
    geometry IndexedFaceSet {
        ccw TRUE
        solid FALSE
        coord DEF co Coordinate {
            point [
                -0.0492 0.5669 0.0079, -0.0492 0.5669 0.0, -0.065 0.5906 0.0079, -0.065 0.5906 0.0, -0.065 0.5906 0.0
            ]
        }
        coordIndex [
            0,1,2,-1,2,1,3,-1,
        ]
    }
}
Shape{
    appearance Appearance {
        material  Material 	{
            diffuseColor 0.792156862745098 0.8196078431372549 0.9333333333333333
            specularColor 0.396078431372549 0.4117647058823529 0.4666666666666667
            ambientIntensity 0.2
            transparency 0
            shininess 0.5
        }
    }
    geometry IndexedFaceSet {
        ccw TRUE
        solid FALSE
        coord DEF co Coordinate {
            point [
                0.0492 0.4626 0.0079, 0.1476 0.4626 0.0079, 0.0492 0.5669 0.0079, 0.1476 0.5669 0.0079, 0.065 0.5906 0.0079, 0.1319 0.5906 0.0079, 0.1319 0.5906 0.0079
            ]
        }
        coordIndex [
            0,1,2,-1,2,1,3,-1,2,3,4,-1,4,3,5,-1,
        ]
    }
}
Shape{
    appearance Appearance {
        material  Material 	{
            diffuseColor 0.9686274509803922 0.8784313725490196 0.6
            specularColor 0.6784313725490196 0.615686274509804 0.4196078431372549
            ambientIntensity 0.2
            transparency 0
            shininess 0.5
        }
    }
    geometry IndexedFaceSet {
        ccw TRUE
        solid FALSE
        coord DEF co Coordinate {
            point [
                0.0492 0.4626 0.0079, 0.0492 0.4626 0.0, 0.1476 0.4626 0.0079, 0.1476 0.4626 0.0, 0.1476 0.5669 0.0079, 0.1476 0.5669 0.0, 0.1476 0.5669 0.0
            ]
        }
        coordIndex [
            0,1,2,-1,2,1,3,-1,2,3,4,-1,4,3,5,-1,
        ]
    }
}
Shape{
    appearance Appearance {
        material  Material 	{
            diffuseColor 0.43137254901960786 0.45098039215686275 0.43137254901960786
            specularColor 0.34509803921568627 0.3607843137254902 0.34509803921568627
            ambientIntensity 0.2
            transparency 0
            shininess 0.5
        }
    }
    geometry IndexedFaceSet {
        ccw TRUE
        solid FALSE
        coord DEF co Coordinate {
            point [
                0.1476 0.4626 0.0, 0.0492 0.4626 0.0, 0.1476 0.5669 0.0, 0.0492 0.5669 0.0, 0.1319 0.5906 0.0, 0.065 0.5906 0.0, 0.065 0.5906 0.0
            ]
        }
        coordIndex [
            0,1,2,-1,2,1,3,-1,2,3,4,-1,4,3,5,-1,
        ]
    }
}
Shape{
    appearance Appearance {
        material  Material 	{
            diffuseColor 0.9686274509803922 0.8784313725490196 0.6
            specularColor 0.6784313725490196 0.615686274509804 0.4196078431372549
            ambientIntensity 0.2
            transparency 0
            shininess 0.5
        }
    }
    geometry IndexedFaceSet {
        ccw TRUE
        solid FALSE
        coord DEF co Coordinate {
            point [
                0.1319 0.5906 0.0, 0.065 0.5906 0.0, 0.1319 0.5906 0.0079, 0.065 0.5906 0.0079, 0.0492 0.5669 0.0079, 0.0492 0.5669 0.0, 0.0492 0.4626 0.0079, 0.0492 0.4626 0.0, 0.0492 0.4626 0.0
            ]
        }
        coordIndex [
            0,1,2,-1,2,1,3,-1,4,5,6,-1,6,5,7,-1,
        ]
    }
}
Shape{
    appearance Appearance {
        material  Material 	{
            diffuseColor 0.792156862745098 0.8196078431372549 0.9333333333333333
            specularColor 0.396078431372549 0.4117647058823529 0.4666666666666667
            ambientIntensity 0.2
            transparency 0
            shininess 0.5
        }
    }
    geometry IndexedFaceSet {
        ccw TRUE
        solid FALSE
        coord DEF co Coordinate {
            point [
                0.065 0.5906 0.0079, 0.065 0.5906 0.0, 0.0492 0.5669 0.0079, 0.0492 0.5669 0.0, 0.1476 0.5669 0.0079, 0.1476 0.5669 0.0, 0.1319 0.5906 0.0079, 0.1319 0.5906 0.0, 0.1319 0.5906 0.0
            ]
        }
        coordIndex [
            0,1,2,-1,2,1,3,-1,4,5,6,-1,6,5,7,-1,
        ]
    }
}
Shape{
    appearance Appearance {
        material  Material 	{
            diffuseColor 0.9686274509803922 0.8784313725490196 0.6
            specularColor 0.6784313725490196 0.615686274509804 0.4196078431372549
            ambientIntensity 0.2
            transparency 0
            shininess 0.5
        }
    }
    geometry IndexedFaceSet {
        ccw TRUE
        solid FALSE
        coord DEF co Coordinate {
            point [
                0.5906 -0.1959 0.0079, 0.5906 -0.1093 0.0079, 0.5669 -0.2116 0.0079, 0.5669 -0.0935 0.0079, 0.1969 -0.2116 0.0079, 0.1969 -0.0935 0.0079, 0.1969 -0.0935 0.0079
            ]
        }
        coordIndex [
            0,1,2,-1,2,1,3,-1,2,3,4,-1,4,3,5,-1,
        ]
    }
}
Shape{
    appearance Appearance {
        material  Material 	{
            diffuseColor 0.43137254901960786 0.45098039215686275 0.43137254901960786
            specularColor 0.34509803921568627 0.3607843137254902 0.34509803921568627
            ambientIntensity 0.2
            transparency 0
            shininess 0.5
        }
    }
    geometry IndexedFaceSet {
        ccw TRUE
        solid FALSE
        coord DEF co Coordinate {
            point [
                0.1969 -0.2116 0.0079, 0.1969 -0.2116 0.0, 0.5669 -0.2116 0.0079, 0.5669 -0.2116 0.0, 0.5669 -0.2116 0.0
            ]
        }
        coordIndex [
            0,1,2,-1,2,1,3,-1,
        ]
    }
}
Shape{
    appearance Appearance {
        material  Material 	{
            diffuseColor 0.9686274509803922 0.8784313725490196 0.6
            specularColor 0.6784313725490196 0.615686274509804 0.4196078431372549
            ambientIntensity 0.2
            transparency 0
            shininess 0.5
        }
    }
    geometry IndexedFaceSet {
        ccw TRUE
        solid FALSE
        coord DEF co Coordinate {
            point [
                0.5906 -0.1959 0.0, 0.5906 -0.1093 0.0, 0.5906 -0.1959 0.0079, 0.5906 -0.1093 0.0079, 0.5906 -0.1093 0.0079
            ]
        }
        coordIndex [
            0,1,2,-1,2,1,3,-1,
        ]
    }
}
Shape{
    appearance Appearance {
        material  Material 	{
            diffuseColor 0.43137254901960786 0.45098039215686275 0.43137254901960786
            specularColor 0.34509803921568627 0.3607843137254902 0.34509803921568627
            ambientIntensity 0.2
            transparency 0
            shininess 0.5
        }
    }
    geometry IndexedFaceSet {
        ccw TRUE
        solid FALSE
        coord DEF co Coordinate {
            point [
                0.1969 -0.2116 0.0, 0.1969 -0.0935 0.0, 0.5669 -0.2116 0.0, 0.5669 -0.0935 0.0, 0.5906 -0.1959 0.0, 0.5906 -0.1093 0.0, 0.5906 -0.1093 0.0
            ]
        }
        coordIndex [
            0,1,2,-1,2,1,3,-1,2,3,4,-1,4,3,5,-1,
        ]
    }
}
Shape{
    appearance Appearance {
        material  Material 	{
            diffuseColor 0.792156862745098 0.8196078431372549 0.9333333333333333
            specularColor 0.396078431372549 0.4117647058823529 0.4666666666666667
            ambientIntensity 0.2
            transparency 0
            shininess 0.5
        }
    }
    geometry IndexedFaceSet {
        ccw TRUE
        solid FALSE
        coord DEF co Coordinate {
            point [
                0.5906 -0.1093 0.0079, 0.5906 -0.1093 0.0, 0.5669 -0.0935 0.0079, 0.5669 -0.0935 0.0, 0.1969 -0.0935 0.0079, 0.1969 -0.0935 0.0, 0.1969 -0.2116 0.0079, 0.1969 -0.2116 0.0, 0.1969 -0.2116 0.0
            ]
        }
        coordIndex [
            0,1,2,-1,2,1,3,-1,4,5,6,-1,6,5,7,-1,
        ]
    }
}
Shape{
    appearance Appearance {
        material  Material 	{
            diffuseColor 0.9686274509803922 0.8784313725490196 0.6
            specularColor 0.6784313725490196 0.615686274509804 0.4196078431372549
            ambientIntensity 0.2
            transparency 0
            shininess 0.5
        }
    }
    geometry IndexedFaceSet {
        ccw TRUE
        solid FALSE
        coord DEF co Coordinate {
            point [
                0.5669 -0.0935 0.0079, 0.5669 -0.0935 0.0, 0.1969 -0.0935 0.0079, 0.1969 -0.0935 0.0, 0.5669 -0.2116 0.0079, 0.5669 -0.2116 0.0, 0.5906 -0.1959 0.0079, 0.5906 -0.1959 0.0, 0.1969 0.2116 0.0079, 0.1969 0.0935 0.0079, 0.5669 0.2116 0.0079, 0.5669 0.0935 0.0079, 0.5906 0.1959 0.0079, 0.5906 0.1093 0.0079, 0.5906 0.1093 0.0079
            ]
        }
        coordIndex [
            0,1,2,-1,2,1,3,-1,4,5,6,-1,6,5,7,-1,8,9,10,-1,10,9,11,-1,10,11,12,-1,12,11,13,-1,
        ]
    }
}
Shape{
    appearance Appearance {
        material  Material 	{
            diffuseColor 0.43137254901960786 0.45098039215686275 0.43137254901960786
            specularColor 0.34509803921568627 0.3607843137254902 0.34509803921568627
            ambientIntensity 0.2
            transparency 0
            shininess 0.5
        }
    }
    geometry IndexedFaceSet {
        ccw TRUE
        solid FALSE
        coord DEF co Coordinate {
            point [
                0.1969 0.0935 0.0079, 0.1969 0.0935 0.0, 0.5669 0.0935 0.0079, 0.5669 0.0935 0.0, 0.5669 0.0935 0.0
            ]
        }
        coordIndex [
            0,1,2,-1,2,1,3,-1,
        ]
    }
}
Shape{
    appearance Appearance {
        material  Material 	{
            diffuseColor 0.9686274509803922 0.8784313725490196 0.6
            specularColor 0.6784313725490196 0.615686274509804 0.4196078431372549
            ambientIntensity 0.2
            transparency 0
            shininess 0.5
        }
    }
    geometry IndexedFaceSet {
        ccw TRUE
        solid FALSE
        coord DEF co Coordinate {
            point [
                0.5906 0.1093 0.0, 0.5906 0.1959 0.0, 0.5906 0.1093 0.0079, 0.5906 0.1959 0.0079, 0.5906 0.1959 0.0079
            ]
        }
        coordIndex [
            0,1,2,-1,2,1,3,-1,
        ]
    }
}
Shape{
    appearance Appearance {
        material  Material 	{
            diffuseColor 0.43137254901960786 0.45098039215686275 0.43137254901960786
            specularColor 0.34509803921568627 0.3607843137254902 0.34509803921568627
            ambientIntensity 0.2
            transparency 0
            shininess 0.5
        }
    }
    geometry IndexedFaceSet {
        ccw TRUE
        solid FALSE
        coord DEF co Coordinate {
            point [
                0.5906 0.1959 0.0, 0.5906 0.1093 0.0, 0.5669 0.2116 0.0, 0.5669 0.0935 0.0, 0.1969 0.2116 0.0, 0.1969 0.0935 0.0, 0.1969 0.0935 0.0
            ]
        }
        coordIndex [
            0,1,2,-1,2,1,3,-1,2,3,4,-1,4,3,5,-1,
        ]
    }
}
Shape{
    appearance Appearance {
        material  Material 	{
            diffuseColor 0.792156862745098 0.8196078431372549 0.9333333333333333
            specularColor 0.396078431372549 0.4117647058823529 0.4666666666666667
            ambientIntensity 0.2
            transparency 0
            shininess 0.5
        }
    }
    geometry IndexedFaceSet {
        ccw TRUE
        solid FALSE
        coord DEF co Coordinate {
            point [
                0.5906 0.1959 0.0079, 0.5906 0.1959 0.0, 0.5669 0.2116 0.0079, 0.5669 0.2116 0.0, 0.1969 0.2116 0.0079, 0.1969 0.2116 0.0, 0.1969 0.0935 0.0079, 0.1969 0.0935 0.0, 0.1969 0.0935 0.0
            ]
        }
        coordIndex [
            0,1,2,-1,2,1,3,-1,4,5,6,-1,6,5,7,-1,
        ]
    }
}
Shape{
    appearance Appearance {
        material  Material 	{
            diffuseColor 0.9686274509803922 0.8784313725490196 0.6
            specularColor 0.6784313725490196 0.615686274509804 0.4196078431372549
            ambientIntensity 0.2
            transparency 0
            shininess 0.5
        }
    }
    geometry IndexedFaceSet {
        ccw TRUE
        solid FALSE
        coord DEF co Coordinate {
            point [
                0.5669 0.2116 0.0079, 0.5669 0.2116 0.0, 0.1969 0.2116 0.0079, 0.1969 0.2116 0.0, 0.5669 0.0935 0.0079, 0.5669 0.0935 0.0, 0.5906 0.1093 0.0079, 0.5906 0.1093 0.0, 0.4331 0.31 0.0079, 0.4331 0.4085 0.0079, 0.5669 0.31 0.0079, 0.5669 0.4085 0.0079, 0.5906 0.3258 0.0079, 0.5906 0.3927 0.0079, 0.5906 0.3927 0.0079
            ]
        }
        coordIndex [
            0,1,2,-1,2,1,3,-1,4,5,6,-1,6,5,7,-1,8,9,10,-1,10,9,11,-1,10,11,12,-1,12,11,13,-1,
        ]
    }
}
Shape{
    appearance Appearance {
        material  Material 	{
            diffuseColor 0.792156862745098 0.8196078431372549 0.9333333333333333
            specularColor 0.396078431372549 0.4117647058823529 0.4666666666666667
            ambientIntensity 0.2
            transparency 0
            shininess 0.5
        }
    }
    geometry IndexedFaceSet {
        ccw TRUE
        solid FALSE
        coord DEF co Coordinate {
            point [
                0.5906 0.3258 0.0787, 0.5669 0.31 0.0787, 0.5906 0.3258 0.0079, 0.5669 0.31 0.0079, 0.4331 0.4085 0.0787, 0.5669 0.4085 0.0787, 0.4331 0.4085 0.0079, 0.5669 0.4085 0.0079, 0.5669 0.4085 0.0079
            ]
        }
        coordIndex [
            0,1,2,-1,2,1,3,-1,4,5,6,-1,6,5,7,-1,
        ]
    }
}
Shape{
    appearance Appearance {
        material  Material 	{
            diffuseColor 0.9686274509803922 0.8784313725490196 0.6
            specularColor 0.6784313725490196 0.615686274509804 0.4196078431372549
            ambientIntensity 0.2
            transparency 0
            shininess 0.5
        }
    }
    geometry IndexedFaceSet {
        ccw TRUE
        solid FALSE
        coord DEF co Coordinate {
            point [
                0.4331 0.31 0.0787, 0.4331 0.4085 0.0787, 0.4331 0.31 0.0079, 0.4331 0.4085 0.0079, 0.5669 0.4085 0.0787, 0.5669 0.31 0.0787, 0.5906 0.3927 0.0787, 0.5906 0.3258 0.0787, 0.5669 0.4085 0.0079, 0.5906 0.3927 0.0079, 0.5906 0.3927 0.0079
            ]
        }
        coordIndex [
            0,1,2,-1,2,1,3,-1,1,0,4,-1,4,0,5,-1,4,5,6,-1,6,5,7,-1,4,6,8,-1,8,6,9,-1,
        ]
    }
}
Shape{
    appearance Appearance {
        material  Material 	{
            diffuseColor 0.792156862745098 0.8196078431372549 0.9333333333333333
            specularColor 0.396078431372549 0.4117647058823529 0.4666666666666667
            ambientIntensity 0.2
            transparency 0
            shininess 0.5
        }
    }
    geometry IndexedFaceSet {
        ccw TRUE
        solid FALSE
        coord DEF co Coordinate {
            point [
                0.5669 0.31 0.0787, 0.4331 0.31 0.0787, 0.5669 0.31 0.0079, 0.4331 0.31 0.0079, 0.4331 0.31 0.0079
            ]
        }
        coordIndex [
            0,1,2,-1,2,1,3,-1,
        ]
    }
}
Shape{
    appearance Appearance {
        material  Material 	{
            diffuseColor 0.9686274509803922 0.8784313725490196 0.6
            specularColor 0.6784313725490196 0.615686274509804 0.4196078431372549
            ambientIntensity 0.2
            transparency 0
            shininess 0.5
        }
    }
    geometry IndexedFaceSet {
        ccw TRUE
        solid FALSE
        coord DEF co Coordinate {
            point [
                0.5906 0.3258 0.0787, 0.5906 0.3258 0.0079, 0.5906 0.3927 0.0787, 0.5906 0.3927 0.0079, 0.2618 -0.5906 0.0079, 0.3287 -0.5906 0.0079, 0.2461 -0.5669 0.0079, 0.3445 -0.5669 0.0079, 0.2461 -0.4626 0.0079, 0.3445 -0.4626 0.0079, 0.3445 -0.4626 0.0079
            ]
        }
        coordIndex [
            0,1,2,-1,2,1,3,-1,4,5,6,-1,6,5,7,-1,6,7,8,-1,8,7,9,-1,
        ]
    }
}
Shape{
    appearance Appearance {
        material  Material 	{
            diffuseColor 0.792156862745098 0.8196078431372549 0.9333333333333333
            specularColor 0.396078431372549 0.4117647058823529 0.4666666666666667
            ambientIntensity 0.2
            transparency 0
            shininess 0.5
        }
    }
    geometry IndexedFaceSet {
        ccw TRUE
        solid FALSE
        coord DEF co Coordinate {
            point [
                0.3287 -0.5906 0.0079, 0.3287 -0.5906 -0.0, 0.3445 -0.5669 0.0079, 0.3445 -0.5669 -0.0, 0.3445 -0.5669 -0.0
            ]
        }
        coordIndex [
            0,1,2,-1,2,1,3,-1,
        ]
    }
}
Shape{
    appearance Appearance {
        material  Material 	{
            diffuseColor 0.9686274509803922 0.8784313725490196 0.6
            specularColor 0.6784313725490196 0.615686274509804 0.4196078431372549
            ambientIntensity 0.2
            transparency 0
            shininess 0.5
        }
    }
    geometry IndexedFaceSet {
        ccw TRUE
        solid FALSE
        coord DEF co Coordinate {
            point [
                0.3445 -0.5669 0.0079, 0.3445 -0.5669 -0.0, 0.3445 -0.4626 0.0079, 0.3445 -0.4626 0.0, 0.3445 -0.4626 0.0
            ]
        }
        coordIndex [
            0,1,2,-1,2,1,3,-1,
        ]
    }
}
Shape{
    appearance Appearance {
        material  Material 	{
            diffuseColor 0.792156862745098 0.8196078431372549 0.9333333333333333
            specularColor 0.396078431372549 0.4117647058823529 0.4666666666666667
            ambientIntensity 0.2
            transparency 0
            shininess 0.5
        }
    }
    geometry IndexedFaceSet {
        ccw TRUE
        solid FALSE
        coord DEF co Coordinate {
            point [
                0.3445 -0.4626 0.0079, 0.3445 -0.4626 0.0, 0.2461 -0.4626 0.0079, 0.2461 -0.4626 0.0, 0.2461 -0.4626 0.0
            ]
        }
        coordIndex [
            0,1,2,-1,2,1,3,-1,
        ]
    }
}
Shape{
    appearance Appearance {
        material  Material 	{
            diffuseColor 0.43137254901960786 0.45098039215686275 0.43137254901960786
            specularColor 0.34509803921568627 0.3607843137254902 0.34509803921568627
            ambientIntensity 0.2
            transparency 0
            shininess 0.5
        }
    }
    geometry IndexedFaceSet {
        ccw TRUE
        solid FALSE
        coord DEF co Coordinate {
            point [
                0.2461 -0.4626 0.0, 0.3445 -0.4626 0.0, 0.2461 -0.5669 0.0, 0.3445 -0.5669 -0.0, 0.2618 -0.5906 0.0, 0.3287 -0.5906 -0.0, 0.3287 -0.5906 -0.0
            ]
        }
        coordIndex [
            0,1,2,-1,2,1,3,-1,2,3,4,-1,4,3,5,-1,
        ]
    }
}
Shape{
    appearance Appearance {
        material  Material 	{
            diffuseColor 0.9686274509803922 0.8784313725490196 0.6
            specularColor 0.6784313725490196 0.615686274509804 0.4196078431372549
            ambientIntensity 0.2
            transparency 0
            shininess 0.5
        }
    }
    geometry IndexedFaceSet {
        ccw TRUE
        solid FALSE
        coord DEF co Coordinate {
            point [
                0.2461 -0.4626 0.0079, 0.2461 -0.4626 0.0, 0.2461 -0.5669 0.0079, 0.2461 -0.5669 0.0, 0.2618 -0.5906 0.0, 0.3287 -0.5906 -0.0, 0.2618 -0.5906 0.0079, 0.3287 -0.5906 0.0079, 0.3287 -0.5906 0.0079
            ]
        }
        coordIndex [
            0,1,2,-1,2,1,3,-1,4,5,6,-1,6,5,7,-1,
        ]
    }
}
Shape{
    appearance Appearance {
        material  Material 	{
            diffuseColor 0.43137254901960786 0.45098039215686275 0.43137254901960786
            specularColor 0.34509803921568627 0.3607843137254902 0.34509803921568627
            ambientIntensity 0.2
            transparency 0
            shininess 0.5
        }
    }
    geometry IndexedFaceSet {
        ccw TRUE
        solid FALSE
        coord DEF co Coordinate {
            point [
                0.2461 -0.5669 0.0079, 0.2461 -0.5669 0.0, 0.2618 -0.5906 0.0079, 0.2618 -0.5906 0.0, 0.4331 -0.4085 0.0079, 0.4331 -0.31 0.0079, 0.5669 -0.4085 0.0079, 0.5669 -0.31 0.0079, 0.5906 -0.3927 0.0079, 0.5906 -0.3258 0.0079, 0.5906 -0.3258 0.0079
            ]
        }
        coordIndex [
            0,1,2,-1,2,1,3,-1,4,5,6,-1,6,5,7,-1,6,7,8,-1,8,7,9,-1,
        ]
    }
}
Shape{
    appearance Appearance {
        material  Material 	{
            diffuseColor 0.9686274509803922 0.8784313725490196 0.6
            specularColor 0.6784313725490196 0.615686274509804 0.4196078431372549
            ambientIntensity 0.2
            transparency 0
            shininess 0.5
        }
    }
    geometry IndexedFaceSet {
        ccw TRUE
        solid FALSE
        coord DEF co Coordinate {
            point [
                0.5906 -0.3927 0.0787, 0.5669 -0.4085 0.0787, 0.5906 -0.3927 0.0079, 0.5669 -0.4085 0.0079, 0.5669 -0.4085 0.0079
            ]
        }
        coordIndex [
            0,1,2,-1,2,1,3,-1,
        ]
    }
}
Shape{
    appearance Appearance {
        material  Material 	{
            diffuseColor 0.792156862745098 0.8196078431372549 0.9333333333333333
            specularColor 0.396078431372549 0.4117647058823529 0.4666666666666667
            ambientIntensity 0.2
            transparency 0
            shininess 0.5
        }
    }
    geometry IndexedFaceSet {
        ccw TRUE
        solid FALSE
        coord DEF co Coordinate {
            point [
                0.4331 -0.31 0.0787, 0.5669 -0.31 0.0787, 0.4331 -0.31 0.0079, 0.5669 -0.31 0.0079, 0.5669 -0.31 0.0079
            ]
        }
        coordIndex [
            0,1,2,-1,2,1,3,-1,
        ]
    }
}
Shape{
    appearance Appearance {
        material  Material 	{
            diffuseColor 0.9686274509803922 0.8784313725490196 0.6
            specularColor 0.6784313725490196 0.615686274509804 0.4196078431372549
            ambientIntensity 0.2
            transparency 0
            shininess 0.5
        }
    }
    geometry IndexedFaceSet {
        ccw TRUE
        solid FALSE
        coord DEF co Coordinate {
            point [
                0.4331 -0.4085 0.0787, 0.4331 -0.31 0.0787, 0.4331 -0.4085 0.0079, 0.4331 -0.31 0.0079, 0.5669 -0.31 0.0787, 0.5669 -0.4085 0.0787, 0.5906 -0.3258 0.0787, 0.5906 -0.3927 0.0787, 0.5669 -0.31 0.0079, 0.5906 -0.3258 0.0079, 0.5906 -0.3258 0.0079
            ]
        }
        coordIndex [
            0,1,2,-1,2,1,3,-1,1,0,4,-1,4,0,5,-1,4,5,6,-1,6,5,7,-1,4,6,8,-1,8,6,9,-1,
        ]
    }
}
Shape{
    appearance Appearance {
        material  Material 	{
            diffuseColor 0.792156862745098 0.8196078431372549 0.9333333333333333
            specularColor 0.396078431372549 0.4117647058823529 0.4666666666666667
            ambientIntensity 0.2
            transparency 0
            shininess 0.5
        }
    }
    geometry IndexedFaceSet {
        ccw TRUE
        solid FALSE
        coord DEF co Coordinate {
            point [
                0.5669 -0.4085 0.0787, 0.4331 -0.4085 0.0787, 0.5669 -0.4085 0.0079, 0.4331 -0.4085 0.0079, 0.4331 -0.4085 0.0079
            ]
        }
        coordIndex [
            0,1,2,-1,2,1,3,-1,
        ]
    }
}
Shape{
    appearance Appearance {
        material  Material 	{
            diffuseColor 0.9686274509803922 0.8784313725490196 0.6
            specularColor 0.6784313725490196 0.615686274509804 0.4196078431372549
            ambientIntensity 0.2
            transparency 0
            shininess 0.5
        }
    }
    geometry IndexedFaceSet {
        ccw TRUE
        solid FALSE
        coord DEF co Coordinate {
            point [
                0.5906 -0.3927 0.0787, 0.5906 -0.3927 0.0079, 0.5906 -0.3258 0.0787, 0.5906 -0.3258 0.0079, 0.5906 -0.3258 0.0079
            ]
        }
        coordIndex [
            0,1,2,-1,2,1,3,-1,
        ]
    }
}
Shape{
    appearance Appearance {
        material  Material 	{
            diffuseColor 0.792156862745098 0.8196078431372549 0.9333333333333333
            specularColor 0.396078431372549 0.4117647058823529 0.4666666666666667
            ambientIntensity 0.2
            transparency 0
            shininess 0.5
        }
    }
    geometry IndexedFaceSet {
        ccw TRUE
        solid FALSE
        coord DEF co Coordinate {
            point [
                0.0984 -0.2461 0.0079, 0.0984 -0.3642 0.0079, -0.5669 -0.2461 0.0079, -0.5669 -0.3642 0.0079, -0.5906 -0.2618 0.0079, -0.5906 -0.3484 0.0079, -0.5906 -0.3484 0.0079
            ]
        }
        coordIndex [
            0,1,2,-1,2,1,3,-1,2,3,4,-1,4,3,5,-1,
        ]
    }
}
Shape{
    appearance Appearance {
        material  Material 	{
            diffuseColor 0.9686274509803922 0.8784313725490196 0.6
            specularColor 0.6784313725490196 0.615686274509804 0.4196078431372549
            ambientIntensity 0.2
            transparency 0
            shininess 0.5
        }
    }
    geometry IndexedFaceSet {
        ccw TRUE
        solid FALSE
        coord DEF co Coordinate {
            point [
                -0.5906 -0.2618 0.0787, -0.5669 -0.2461 0.0787, -0.5906 -0.2618 0.0079, -0.5669 -0.2461 0.0079, -0.5669 -0.2461 0.0079
            ]
        }
        coordIndex [
            0,1,2,-1,2,1,3,-1,
        ]
    }
}
Shape{
    appearance Appearance {
        material  Material 	{
            diffuseColor 0.792156862745098 0.8196078431372549 0.9333333333333333
            specularColor 0.396078431372549 0.4117647058823529 0.4666666666666667
            ambientIntensity 0.2
            transparency 0
            shininess 0.5
        }
    }
    geometry IndexedFaceSet {
        ccw TRUE
        solid FALSE
        coord DEF co Coordinate {
            point [
                0.0984 -0.3642 0.0787, -0.5669 -0.3642 0.0787, 0.0984 -0.3642 0.0079, -0.5669 -0.3642 0.0079, -0.5669 -0.3642 0.0079
            ]
        }
        coordIndex [
            0,1,2,-1,2,1,3,-1,
        ]
    }
}
Shape{
    appearance Appearance {
        material  Material 	{
            diffuseColor 0.9686274509803922 0.8784313725490196 0.6
            specularColor 0.6784313725490196 0.615686274509804 0.4196078431372549
            ambientIntensity 0.2
            transparency 0
            shininess 0.5
        }
    }
    geometry IndexedFaceSet {
        ccw TRUE
        solid FALSE
        coord DEF co Coordinate {
            point [
                0.0984 -0.2461 0.0787, 0.0984 -0.3642 0.0787, 0.0984 -0.2461 0.0079, 0.0984 -0.3642 0.0079, 0.0984 -0.3642 0.0079
            ]
        }
        coordIndex [
            0,1,2,-1,2,1,3,-1,
        ]
    }
}
Shape{
    appearance Appearance {
        material  Material 	{
            diffuseColor 0.792156862745098 0.8196078431372549 0.9333333333333333
            specularColor 0.396078431372549 0.4117647058823529 0.4666666666666667
            ambientIntensity 0.2
            transparency 0
            shininess 0.5
        }
    }
    geometry IndexedFaceSet {
        ccw TRUE
        solid FALSE
        coord DEF co Coordinate {
            point [
                0.0984 -0.3642 0.0787, 0.0984 -0.2461 0.0787, -0.5669 -0.3642 0.0787, -0.5669 -0.2461 0.0787, -0.5906 -0.3484 0.0787, -0.5906 -0.2618 0.0787, -0.5906 -0.2618 0.0787
            ]
        }
        coordIndex [
            0,1,2,-1,2,1,3,-1,2,3,4,-1,4,3,5,-1,
        ]
    }
}
Shape{
    appearance Appearance {
        material  Material 	{
            diffuseColor 0.43137254901960786 0.45098039215686275 0.43137254901960786
            specularColor 0.34509803921568627 0.3607843137254902 0.34509803921568627
            ambientIntensity 0.2
            transparency 0
            shininess 0.5
        }
    }
    geometry IndexedFaceSet {
        ccw TRUE
        solid FALSE
        coord DEF co Coordinate {
            point [
                -0.5669 -0.3642 0.0787, -0.5906 -0.3484 0.0787, -0.5669 -0.3642 0.0079, -0.5906 -0.3484 0.0079, -0.5906 -0.3484 0.0079
            ]
        }
        coordIndex [
            0,1,2,-1,2,1,3,-1,
        ]
    }
}
Shape{
    appearance Appearance {
        material  Material 	{
            diffuseColor 0.792156862745098 0.8196078431372549 0.9333333333333333
            specularColor 0.396078431372549 0.4117647058823529 0.4666666666666667
            ambientIntensity 0.2
            transparency 0
            shininess 0.5
        }
    }
    geometry IndexedFaceSet {
        ccw TRUE
        solid FALSE
        coord DEF co Coordinate {
            point [
                -0.5669 -0.2461 0.0787, 0.0984 -0.2461 0.0787, -0.5669 -0.2461 0.0079, 0.0984 -0.2461 0.0079, 0.0984 -0.2461 0.0079
            ]
        }
        coordIndex [
            0,1,2,-1,2,1,3,-1,
        ]
    }
}
Shape{
    appearance Appearance {
        material  Material 	{
            diffuseColor 0.9686274509803922 0.8784313725490196 0.6
            specularColor 0.6784313725490196 0.615686274509804 0.4196078431372549
            ambientIntensity 0.2
            transparency 0
            shininess 0.5
        }
    }
    geometry IndexedFaceSet {
        ccw TRUE
        solid FALSE
        coord DEF co Coordinate {
            point [
                -0.5906 -0.2618 0.0787, -0.5906 -0.2618 0.0079, -0.5906 -0.3484 0.0787, -0.5906 -0.3484 0.0079, 0.2618 0.5906 0.0079, 0.3287 0.5906 0.0079, 0.2461 0.5669 0.0079, 0.3445 0.5669 0.0079, 0.2461 0.4626 0.0079, 0.3445 0.4626 0.0079, 0.3287 0.5906 0.0787, 0.3445 0.5669 0.0787, 0.2461 0.5669 0.0787, 0.2618 0.5906 0.0787, 0.2618 0.5906 0.0787
            ]
        }
        coordIndex [
            0,1,2,-1,2,1,3,-1,4,5,6,-1,6,5,7,-1,6,7,8,-1,8,7,9,-1,10,11,5,-1,5,11,7,-1,12,13,6,-1,6,13,4,-1,
        ]
    }
}
Shape{
    appearance Appearance {
        material  Material 	{
            diffuseColor 0.792156862745098 0.8196078431372549 0.9333333333333333
            specularColor 0.396078431372549 0.4117647058823529 0.4666666666666667
            ambientIntensity 0.2
            transparency 0
            shininess 0.5
        }
    }
    geometry IndexedFaceSet {
        ccw TRUE
        solid FALSE
        coord DEF co Coordinate {
            point [
                0.2461 0.4626 0.0787, 0.2461 0.5669 0.0787, 0.2461 0.4626 0.0079, 0.2461 0.5669 0.0079, 0.2461 0.5669 0.0079
            ]
        }
        coordIndex [
            0,1,2,-1,2,1,3,-1,
        ]
    }
}
Shape{
    appearance Appearance {
        material  Material 	{
            diffuseColor 0.43137254901960786 0.45098039215686275 0.43137254901960786
            specularColor 0.34509803921568627 0.3607843137254902 0.34509803921568627
            ambientIntensity 0.2
            transparency 0
            shininess 0.5
        }
    }
    geometry IndexedFaceSet {
        ccw TRUE
        solid FALSE
        coord DEF co Coordinate {
            point [
                0.2461 0.4626 0.0787, 0.3445 0.4626 0.0787, 0.2461 0.5669 0.0787, 0.3445 0.5669 0.0787, 0.2618 0.5906 0.0787, 0.3287 0.5906 0.0787, 0.3445 0.5669 0.0079, 0.3445 0.4626 0.0079, 0.2461 0.4626 0.0079, 0.2461 0.4626 0.0079
            ]
        }
        coordIndex [
            0,1,2,-1,2,1,3,-1,2,3,4,-1,4,3,5,-1,3,1,6,-1,6,1,7,-1,1,0,7,-1,7,0,8,-1,
        ]
    }
}
Shape{
    appearance Appearance {
        material  Material 	{
            diffuseColor 0.9686274509803922 0.8784313725490196 0.6
            specularColor 0.6784313725490196 0.615686274509804 0.4196078431372549
            ambientIntensity 0.2
            transparency 0
            shininess 0.5
        }
    }
    geometry IndexedFaceSet {
        ccw TRUE
        solid FALSE
        coord DEF co Coordinate {
            point [
                0.3287 0.5906 0.0787, 0.3287 0.5906 0.0079, 0.2618 0.5906 0.0787, 0.2618 0.5906 0.0079, -0.2461 0.4626 0.0079, -0.3445 0.4626 0.0079, -0.2461 0.5669 0.0079, -0.3445 0.5669 0.0079, -0.2618 0.5906 0.0079, -0.3287 0.5906 0.0079, -0.2618 0.5906 0.0787, -0.2461 0.5669 0.0787, -0.2461 0.5669 0.0787
            ]
        }
        coordIndex [
            0,1,2,-1,2,1,3,-1,4,5,6,-1,6,5,7,-1,6,7,8,-1,8,7,9,-1,10,11,8,-1,8,11,6,-1,
        ]
    }
}
Shape{
    appearance Appearance {
        material  Material 	{
            diffuseColor 0.43137254901960786 0.45098039215686275 0.43137254901960786
            specularColor 0.34509803921568627 0.3607843137254902 0.34509803921568627
            ambientIntensity 0.2
            transparency 0
            shininess 0.5
        }
    }
    geometry IndexedFaceSet {
        ccw TRUE
        solid FALSE
        coord DEF co Coordinate {
            point [
                -0.3445 0.5669 0.0787, -0.3287 0.5906 0.0787, -0.3445 0.5669 0.0079, -0.3287 0.5906 0.0079, -0.3445 0.4626 0.0787, -0.3445 0.4626 0.0079, -0.3445 0.4626 0.0079
            ]
        }
        coordIndex [
            0,1,2,-1,2,1,3,-1,4,0,5,-1,5,0,2,-1,
        ]
    }
}
Shape{
    appearance Appearance {
        material  Material 	{
            diffuseColor 0.792156862745098 0.8196078431372549 0.9333333333333333
            specularColor 0.396078431372549 0.4117647058823529 0.4666666666666667
            ambientIntensity 0.2
            transparency 0
            shininess 0.5
        }
    }
    geometry IndexedFaceSet {
        ccw TRUE
        solid FALSE
        coord DEF co Coordinate {
            point [
                -0.2618 0.5906 0.0787, -0.3287 0.5906 0.0787, -0.2461 0.5669 0.0787, -0.3445 0.5669 0.0787, -0.2461 0.4626 0.0787, -0.3445 0.4626 0.0787, -0.3445 0.4626 0.0787
            ]
        }
        coordIndex [
            0,1,2,-1,2,1,3,-1,2,3,4,-1,4,3,5,-1,
        ]
    }
}
Shape{
    appearance Appearance {
        material  Material 	{
            diffuseColor 0.9686274509803922 0.8784313725490196 0.6
            specularColor 0.6784313725490196 0.615686274509804 0.4196078431372549
            ambientIntensity 0.2
            transparency 0
            shininess 0.5
        }
    }
    geometry IndexedFaceSet {
        ccw TRUE
        solid FALSE
        coord DEF co Coordinate {
            point [
                -0.2461 0.5669 0.0787, -0.2461 0.4626 0.0787, -0.2461 0.5669 0.0079, -0.2461 0.4626 0.0079, -0.2461 0.4626 0.0079
            ]
        }
        coordIndex [
            0,1,2,-1,2,1,3,-1,
        ]
    }
}
Shape{
    appearance Appearance {
        material  Material 	{
            diffuseColor 0.792156862745098 0.8196078431372549 0.9333333333333333
            specularColor 0.396078431372549 0.4117647058823529 0.4666666666666667
            ambientIntensity 0.2
            transparency 0
            shininess 0.5
        }
    }
    geometry IndexedFaceSet {
        ccw TRUE
        solid FALSE
        coord DEF co Coordinate {
            point [
                -0.2461 0.4626 0.0787, -0.3445 0.4626 0.0787, -0.2461 0.4626 0.0079, -0.3445 0.4626 0.0079, -0.3445 0.4626 0.0079
            ]
        }
        coordIndex [
            0,1,2,-1,2,1,3,-1,
        ]
    }
}
Shape{
    appearance Appearance {
        material  Material 	{
            diffuseColor 0.9686274509803922 0.8784313725490196 0.6
            specularColor 0.6784313725490196 0.615686274509804 0.4196078431372549
            ambientIntensity 0.2
            transparency 0
            shininess 0.5
        }
    }
    geometry IndexedFaceSet {
        ccw TRUE
        solid FALSE
        coord DEF co Coordinate {
            point [
                -0.2618 0.5906 0.0787, -0.2618 0.5906 0.0079, -0.3287 0.5906 0.0787, -0.3287 0.5906 0.0079, -0.5906 -0.2618 0.0079, -0.5906 -0.3484 0.0079, -0.5669 -0.2461 0.0079, -0.5669 -0.3642 0.0079, 0.0984 -0.2461 0.0079, 0.0984 -0.3642 0.0079, 0.0984 -0.2461 0.0, -0.5669 -0.2461 0.0, -0.5906 -0.2618 0.0, -0.5906 -0.3484 0.0, -0.5906 -0.3484 0.0
            ]
        }
        coordIndex [
            0,1,2,-1,2,1,3,-1,4,5,6,-1,6,5,7,-1,6,7,8,-1,8,7,9,-1,8,10,6,-1,6,10,11,-1,12,13,4,-1,4,13,5,-1,
        ]
    }
}
Shape{
    appearance Appearance {
        material  Material 	{
            diffuseColor 0.43137254901960786 0.45098039215686275 0.43137254901960786
            specularColor 0.34509803921568627 0.3607843137254902 0.34509803921568627
            ambientIntensity 0.2
            transparency 0
            shininess 0.5
        }
    }
    geometry IndexedFaceSet {
        ccw TRUE
        solid FALSE
        coord DEF co Coordinate {
            point [
                -0.5906 -0.3484 0.0, -0.5906 -0.2618 0.0, -0.5669 -0.3642 0.0, -0.5669 -0.2461 0.0, 0.0984 -0.3642 0.0, 0.0984 -0.2461 0.0, 0.0984 -0.2461 0.0
            ]
        }
        coordIndex [
            0,1,2,-1,2,1,3,-1,2,3,4,-1,4,3,5,-1,
        ]
    }
}
Shape{
    appearance Appearance {
        material  Material 	{
            diffuseColor 0.9686274509803922 0.8784313725490196 0.6
            specularColor 0.6784313725490196 0.615686274509804 0.4196078431372549
            ambientIntensity 0.2
            transparency 0
            shininess 0.5
        }
    }
    geometry IndexedFaceSet {
        ccw TRUE
        solid FALSE
        coord DEF co Coordinate {
            point [
                -0.5906 -0.3484 0.0079, -0.5906 -0.3484 0.0, -0.5669 -0.3642 0.0079, -0.5669 -0.3642 0.0, 0.0984 -0.3642 0.0079, 0.0984 -0.3642 0.0, 0.0984 -0.2461 0.0079, 0.0984 -0.2461 0.0, 0.0984 -0.2461 0.0
            ]
        }
        coordIndex [
            0,1,2,-1,2,1,3,-1,4,5,6,-1,6,5,7,-1,2,3,4,-1,4,3,5,-1,
        ]
    }
}
Shape{
    appearance Appearance {
        material  Material 	{
            diffuseColor 0.792156862745098 0.8196078431372549 0.9333333333333333
            specularColor 0.396078431372549 0.4117647058823529 0.4666666666666667
            ambientIntensity 0.2
            transparency 0
            shininess 0.5
        }
    }
    geometry IndexedFaceSet {
        ccw TRUE
        solid FALSE
        coord DEF co Coordinate {
            point [
                -0.5669 -0.2461 0.0079, -0.5669 -0.2461 0.0, -0.5906 -0.2618 0.0079, -0.5906 -0.2618 0.0, -0.2618 0.5906 0.0079, -0.3287 0.5906 0.0079, -0.2461 0.5669 0.0079, -0.3445 0.5669 0.0079, -0.2461 0.4626 0.0079, -0.3445 0.4626 0.0079, -0.3445 0.4626 0.0, -0.2461 0.4626 0.0, -0.2461 0.4626 0.0
            ]
        }
        coordIndex [
            0,1,2,-1,2,1,3,-1,4,5,6,-1,6,5,7,-1,6,7,8,-1,8,7,9,-1,9,10,8,-1,8,10,11,-1,
        ]
    }
}
Shape{
    appearance Appearance {
        material  Material 	{
            diffuseColor 0.9686274509803922 0.8784313725490196 0.6
            specularColor 0.6784313725490196 0.615686274509804 0.4196078431372549
            ambientIntensity 0.2
            transparency 0
            shininess 0.5
        }
    }
    geometry IndexedFaceSet {
        ccw TRUE
        solid FALSE
        coord DEF co Coordinate {
            point [
                -0.2461 0.4626 0.0079, -0.2461 0.4626 0.0, -0.2461 0.5669 0.0079, -0.2461 0.5669 0.0, -0.2461 0.5669 0.0
            ]
        }
        coordIndex [
            0,1,2,-1,2,1,3,-1,
        ]
    }
}
Shape{
    appearance Appearance {
        material  Material 	{
            diffuseColor 0.43137254901960786 0.45098039215686275 0.43137254901960786
            specularColor 0.34509803921568627 0.3607843137254902 0.34509803921568627
            ambientIntensity 0.2
            transparency 0
            shininess 0.5
        }
    }
    geometry IndexedFaceSet {
        ccw TRUE
        solid FALSE
        coord DEF co Coordinate {
            point [
                -0.2461 0.4626 0.0, -0.3445 0.4626 0.0, -0.2461 0.5669 0.0, -0.3445 0.5669 0.0, -0.2618 0.5906 0.0, -0.3287 0.5906 0.0, -0.3287 0.5906 0.0
            ]
        }
        coordIndex [
            0,1,2,-1,2,1,3,-1,2,3,4,-1,4,3,5,-1,
        ]
    }
}
Shape{
    appearance Appearance {
        material  Material 	{
            diffuseColor 0.9686274509803922 0.8784313725490196 0.6
            specularColor 0.6784313725490196 0.615686274509804 0.4196078431372549
            ambientIntensity 0.2
            transparency 0
            shininess 0.5
        }
    }
    geometry IndexedFaceSet {
        ccw TRUE
        solid FALSE
        coord DEF co Coordinate {
            point [
                -0.2618 0.5906 0.0, -0.3287 0.5906 0.0, -0.2618 0.5906 0.0079, -0.3287 0.5906 0.0079, -0.3445 0.5669 0.0079, -0.3445 0.5669 0.0, -0.3445 0.4626 0.0079, -0.3445 0.4626 0.0, -0.3445 0.4626 0.0
            ]
        }
        coordIndex [
            0,1,2,-1,2,1,3,-1,4,5,6,-1,6,5,7,-1,
        ]
    }
}
Shape{
    appearance Appearance {
        material  Material 	{
            diffuseColor 0.792156862745098 0.8196078431372549 0.9333333333333333
            specularColor 0.396078431372549 0.4117647058823529 0.4666666666666667
            ambientIntensity 0.2
            transparency 0
            shininess 0.5
        }
    }
    geometry IndexedFaceSet {
        ccw TRUE
        solid FALSE
        coord DEF co Coordinate {
            point [
                -0.3287 0.5906 0.0079, -0.3287 0.5906 0.0, -0.3445 0.5669 0.0079, -0.3445 0.5669 0.0, -0.3445 0.5669 0.0
            ]
        }
        coordIndex [
            0,1,2,-1,2,1,3,-1,
        ]
    }
}
Shape{
    appearance Appearance {
        material  Material 	{
            diffuseColor 0.9686274509803922 0.8784313725490196 0.6
            specularColor 0.6784313725490196 0.615686274509804 0.4196078431372549
            ambientIntensity 0.2
            transparency 0
            shininess 0.5
        }
    }
    geometry IndexedFaceSet {
        ccw TRUE
        solid FALSE
        coord DEF co Coordinate {
            point [
                -0.2461 0.5669 0.0079, -0.2461 0.5669 0.0, -0.2618 0.5906 0.0079, -0.2618 0.5906 0.0, -0.2618 0.5906 0.0
            ]
        }
        coordIndex [
            0,1,2,-1,2,1,3,-1,
        ]
    }
}
Shape{
    appearance Appearance {
        material  Material 	{
            diffuseColor 0.792156862745098 0.8196078431372549 0.9333333333333333
            specularColor 0.396078431372549 0.4117647058823529 0.4666666666666667
            ambientIntensity 0.2
            transparency 0
            shininess 0.5
        }
    }
    geometry IndexedFaceSet {
        ccw TRUE
        solid FALSE
        coord DEF co Coordinate {
            point [
                0.2461 0.4626 0.0079, 0.3445 0.4626 0.0079, 0.2461 0.5669 0.0079, 0.3445 0.5669 0.0079, 0.2618 0.5906 0.0079, 0.3287 0.5906 0.0079, 0.3287 0.5906 0.0079
            ]
        }
        coordIndex [
            0,1,2,-1,2,1,3,-1,2,3,4,-1,4,3,5,-1,
        ]
    }
}
Shape{
    appearance Appearance {
        material  Material 	{
            diffuseColor 0.43137254901960786 0.45098039215686275 0.43137254901960786
            specularColor 0.34509803921568627 0.3607843137254902 0.34509803921568627
            ambientIntensity 0.2
            transparency 0
            shininess 0.5
        }
    }
    geometry IndexedFaceSet {
        ccw TRUE
        solid FALSE
        coord DEF co Coordinate {
            point [
                0.2461 0.4626 0.0079, 0.2461 0.4626 0.0, 0.3445 0.4626 0.0079, 0.3445 0.4626 0.0, 0.3445 0.4626 0.0
            ]
        }
        coordIndex [
            0,1,2,-1,2,1,3,-1,
        ]
    }
}
Shape{
    appearance Appearance {
        material  Material 	{
            diffuseColor 0.9686274509803922 0.8784313725490196 0.6
            specularColor 0.6784313725490196 0.615686274509804 0.4196078431372549
            ambientIntensity 0.2
            transparency 0
            shininess 0.5
        }
    }
    geometry IndexedFaceSet {
        ccw TRUE
        solid FALSE
        coord DEF co Coordinate {
            point [
                0.3445 0.4626 0.0079, 0.3445 0.4626 0.0, 0.3445 0.5669 0.0079, 0.3445 0.5669 0.0, 0.3445 0.5669 0.0
            ]
        }
        coordIndex [
            0,1,2,-1,2,1,3,-1,
        ]
    }
}
Shape{
    appearance Appearance {
        material  Material 	{
            diffuseColor 0.43137254901960786 0.45098039215686275 0.43137254901960786
            specularColor 0.34509803921568627 0.3607843137254902 0.34509803921568627
            ambientIntensity 0.2
            transparency 0
            shininess 0.5
        }
    }
    geometry IndexedFaceSet {
        ccw TRUE
        solid FALSE
        coord DEF co Coordinate {
            point [
                0.2618 0.5906 0.0, 0.3287 0.5906 0.0, 0.2461 0.5669 0.0, 0.3445 0.5669 0.0, 0.2461 0.4626 0.0, 0.3445 0.4626 0.0, 0.3445 0.4626 0.0
            ]
        }
        coordIndex [
            0,1,2,-1,2,1,3,-1,2,3,4,-1,4,3,5,-1,
        ]
    }
}
Shape{
    appearance Appearance {
        material  Material 	{
            diffuseColor 0.9686274509803922 0.8784313725490196 0.6
            specularColor 0.6784313725490196 0.615686274509804 0.4196078431372549
            ambientIntensity 0.2
            transparency 0
            shininess 0.5
        }
    }
    geometry IndexedFaceSet {
        ccw TRUE
        solid FALSE
        coord DEF co Coordinate {
            point [
                0.3287 0.5906 0.0, 0.2618 0.5906 0.0, 0.3287 0.5906 0.0079, 0.2618 0.5906 0.0079, 0.2461 0.5669 0.0079, 0.2461 0.5669 0.0, 0.2461 0.4626 0.0079, 0.2461 0.4626 0.0, 0.3445 0.5669 0.0079, 0.3445 0.5669 0.0, 0.3445 0.5669 0.0
            ]
        }
        coordIndex [
            0,1,2,-1,2,1,3,-1,4,5,6,-1,6,5,7,-1,3,1,4,-1,4,1,5,-1,8,9,2,-1,2,9,0,-1,
        ]
    }
}
Shape{
    appearance Appearance {
        material  Material 	{
            diffuseColor 0.10980392156862745 0.10980392156862745 0.10980392156862745
            specularColor 0.0784313725490196 0.0784313725490196 0.0784313725490196
            ambientIntensity 0.2
            transparency 0
            shininess 0.5
        }
    }
    geometry IndexedFaceSet {
        ccw TRUE
        solid FALSE
        coord DEF co Coordinate {
            point [
                -0.5906 -0.3484 0.0079, -0.5906 -0.5906 0.0079, -0.5906 -0.3484 0.0787, -0.5906 -0.5906 0.2953, -0.5906 -0.2618 0.0787, -0.5906 -0.1722 0.0787, -0.5906 -0.1722 0.0394, -0.5906 -0.2618 0.0079, -0.5906 -0.0433 0.0079, -0.5906 -0.1329 0.0394, -0.5906 -0.0433 0.0787, -0.5906 -0.1329 0.0787, -0.5906 0.5906 0.2953, -0.5906 0.5906 0.0079, -0.5906 0.3484 0.0079, -0.5906 0.3484 0.0787, -0.5906 0.2618 0.0787, -0.5906 0.1329 0.0787, -0.5906 0.1722 0.0787, -0.5906 0.1722 0.0394, -0.5906 0.2618 0.0079, -0.5906 0.1329 0.0394, -0.5906 0.1273 0.0079, -0.5906 0.0433 0.0079, -0.5906 0.0433 0.0787, -0.5906 0.0433 0.0787
            ]
        }
        coordIndex [
            0,1,2,-1,2,1,3,-1,2,3,4,-1,5,6,7,-1,7,6,8,-1,8,6,9,-1,8,9,10,-1,7,4,5,-1,5,4,3,-1,5,3,11,-1,11,3,12,-1,13,14,12,-1,12,14,15,-1,12,15,16,-1,17,12,18,-1,18,12,16,-1,18,16,19,-1,19,16,20,-1,19,20,21,-1,20,22,21,-1,21,22,23,-1,21,23,17,-1,17,23,24,-1,17,24,12,-1,12,24,10,-1,12,10,11,-1,11,10,9,-1,
        ]
    }
}
Shape{
    appearance Appearance {
        material  Material 	{
            diffuseColor 0.9686274509803922 0.8784313725490196 0.6
            specularColor 0.6784313725490196 0.615686274509804 0.4196078431372549
            ambientIntensity 0.2
            transparency 0
            shininess 0.5
        }
    }
    geometry IndexedFaceSet {
        ccw TRUE
        solid FALSE
        coord DEF co Coordinate {
            point [
                -0.5906 0.1329 0.0394, -0.5906 0.1329 0.0787, -0.5906 0.1722 0.0394, -0.5906 0.1722 0.0787, -0.5906 0.1722 0.0787
            ]
        }
        coordIndex [
            0,1,2,-1,2,1,3,-1,
        ]
    }
}
Shape{
    appearance Appearance {
        material  Material 	{
            diffuseColor 0.10980392156862745 0.10980392156862745 0.10980392156862745
            specularColor 0.0784313725490196 0.0784313725490196 0.0784313725490196
            ambientIntensity 0.2
            transparency 0
            shininess 0.5
        }
    }
    geometry IndexedFaceSet {
        ccw TRUE
        solid FALSE
        coord DEF co Coordinate {
            point [
                -0.5669 0.0591 0.0079, -0.5906 0.0433 0.0079, -0.5906 0.1273 0.0079, 0.0462 0.1318 0.0079, 0.0462 0.1275 0.0079, 0.0424 0.1273 0.0079, 0.0673 0.1275 0.0079, 0.0472 0.1669 0.0079, 0.0472 0.1626 0.0079, 0.075 0.1296 0.0079, 0.075 0.1339 0.0079, 0.0673 0.1669 0.0079, 0.0792 0.1278 0.0079, 0.0832 0.1273 0.0079, 0.1969 0.2116 0.0079, 0.1969 0.1273 0.0079, 0.0984 0.2461 0.0079, 0.3445 0.5669 0.0079, 0.3287 0.5906 0.0079, 0.5906 0.5906 0.0079, 0.3445 0.4626 0.0079, 0.4331 0.4085 0.0079, 0.4331 0.31 0.0079, 0.0481 0.1453 0.0079, 0.0621 0.1453 0.0079, 0.0621 0.1318 0.0079, 0.1278 0.1669 0.0079, 0.1226 0.1669 0.0079, 0.0424 0.2461 0.0079, 0.0481 0.1496 0.0079, 0.0621 0.1496 0.0079, 0.0621 0.1626 0.0079, 0.065 0.5906 0.0079, 0.0492 0.5669 0.0079, 0.0424 0.5906 0.0079, 0.0492 0.4626 0.0079, 0.0424 0.3642 0.0079, 0.1476 0.4626 0.0079, 0.0984 0.3642 0.0079, 0.0881 0.1626 0.0079, 0.0911 0.1616 0.0079, 0.0757 0.1335 0.0079, 0.0938 0.1597 0.0079, 0.0962 0.1571 0.0079, 0.099 0.1468 0.0079, 0.0986 0.1425 0.0079, 0.0976 0.1391 0.0079, 0.0888 0.1318 0.0079, 0.0851 0.1314 0.0079, 0.0917 0.1328 0.0079, 0.0941 0.1345 0.0079, 0.0959 0.1364 0.0079, 0.0799 0.1319 0.0079, 0.0945 0.1289 0.0079, 0.0977 0.1309 0.0079, 0.1077 0.1275 0.0079, 0.1007 0.134 0.0079, 0.1077 0.1318 0.0079, 0.5669 0.4085 0.0079, 0.5906 0.3927 0.0079, 0.0978 0.1541 0.0079, 0.0988 0.1499 0.0079, 0.5669 0.2116 0.0079, 0.1022 0.1565 0.0079, 0.0999 0.1602 0.0079, 0.0964 0.1636 0.0079, 0.1278 0.1275 0.0079, 0.0882 0.1273 0.0079, 0.0907 0.1276 0.0079, 0.5906 0.3258 0.0079, 0.5906 0.1959 0.0079, 0.5669 0.31 0.0079, 0.2461 0.4626 0.0079, 0.2461 0.5669 0.0079, 0.1476 0.5669 0.0079, 0.2618 0.5906 0.0079, 0.1319 0.5906 0.0079, 0.1028 0.1377 0.0079, 0.1039 0.1419 0.0079, 0.1226 0.1318 0.0079, 0.1043 0.1465 0.0079, 0.1038 0.1521 0.0079, 0.0926 0.1658 0.0079, 0.0883 0.1671 0.0079, 0.0843 0.1674 0.0079, 0.0796 0.1671 0.0079, 0.075 0.1658 0.0079, 0.075 0.1605 0.0079, 0.0795 0.1624 0.0079, 0.0843 0.1631 0.0079, -0.3445 0.4626 0.0079, -0.5906 0.5906 0.0079, -0.3445 0.5669 0.0079, -0.3287 0.5906 0.0079, -0.2461 0.5669 0.0079, -0.2618 0.5906 0.0079, -0.1476 0.5669 0.0079, -0.1319 0.5906 0.0079, -0.2461 0.4626 0.0079, -0.5669 0.3642 0.0079, -0.5906 0.3484 0.0079, -0.1476 0.4626 0.0079, -0.0492 0.4626 0.0079, -0.0492 0.5669 0.0079, -0.065 0.5906 0.0079, -0.0018 0.1275 0.0079, 0.004 0.1275 0.0079, 0.0217 0.1663 0.0079, 0.0171 0.1647 0.0079, -0.0316 0.1275 0.0079, -0.0258 0.1275 0.0079, 0.0088 0.1383 0.0079, 0.0111 0.1348 0.0079, 0.0143 0.1317 0.0079, 0.0184 0.1293 0.0079, 0.0274 0.1669 0.0079, -0.5906 0.2618 0.0079, -0.5669 0.2461 0.0079, -0.0218 0.1386 0.0079, -0.0055 0.1386 0.0079, 0.0385 0.1669 0.0079, 0.0129 0.1618 0.0079, -0.0109 0.1669 0.0079, 0.0128 0.1618 0.0079, 0.01 0.1587 0.0079, 0.0082 0.1553 0.0079, 0.023 0.128 0.0079, 0.0278 0.1275 0.0079, 0.0385 0.1275 0.0079, 0.0071 0.1514 0.0079, 0.0069 0.1477 0.0079, 0.0074 0.1424 0.0079, 0.0424 0.0591 0.0079, 0.5669 0.0935 0.0079, 0.5906 0.1093 0.0079, 0.5906 -0.1093 0.0079, -0.0162 0.1669 0.0079, 0.0984 0.0591 0.0079, 0.0848 0.1271 0.0079, 0.0859 0.127 0.0079, 0.0984 -0.0591 0.0079, 0.1969 0.0935 0.0079, 0.1969 -0.0935 0.0079, 0.5669 -0.0935 0.0079, 0.0492 -0.5669 0.0079, 0.065 -0.5906 0.0079, 0.0424 -0.5906 0.0079, 0.5669 -0.4085 0.0079, 0.5906 -0.3927 0.0079, 0.5906 -0.5906 0.0079, 0.5906 -0.1959 0.0079, 0.5906 -0.3258 0.0079, 0.5669 -0.2116 0.0079, 0.5669 -0.31 0.0079, 0.1969 -0.2116 0.0079, 0.4331 -0.31 0.0079, 0.0984 -0.3642 0.0079, 0.0984 -0.2461 0.0079, 0.0424 -0.2461 0.0079, 0.4331 -0.4085 0.0079, 0.0492 -0.4626 0.0079, 0.0424 -0.3642 0.0079, 0.1476 -0.4626 0.0079, 0.2461 -0.4626 0.0079, 0.1476 -0.5669 0.0079, 0.2461 -0.5669 0.0079, 0.1319 -0.5906 0.0079, 0.2618 -0.5906 0.0079, 0.3445 -0.4626 0.0079, 0.3445 -0.5669 0.0079, 0.3287 -0.5906 0.0079, -0.5906 -0.2618 0.0079, -0.5906 -0.0433 0.0079, -0.5669 -0.2461 0.0079, -0.5669 -0.0591 0.0079, 0.0424 -0.0591 0.0079, -0.065 -0.5906 0.0079, -0.0492 -0.5669 0.0079, -0.1476 -0.4626 0.0079, -0.5669 -0.3642 0.0079, -0.0492 -0.4626 0.0079, -0.1319 -0.5906 0.0079, -0.2618 -0.5906 0.0079, -0.1476 -0.5669 0.0079, -0.2461 -0.5669 0.0079, -0.2461 -0.4626 0.0079, -0.5906 -0.5906 0.0079, -0.5906 -0.3484 0.0079, -0.3287 -0.5906 0.0079, -0.3445 -0.5669 0.0079, -0.3445 -0.4626 0.0079, -0.3445 -0.4626 0.0079
            ]
        }
        coordIndex [
            0,1,2,-1,3,4,5,-1,5,4,6,-1,7,8,5,-1,9,6,10,-1,10,6,11,-1,9,12,6,-1,6,12,13,-1,6,13,5,-1,14,15,16,-1,17,18,19,-1,20,21,22,-1,23,24,25,-1,26,27,28,-1,25,3,23,-1,23,3,5,-1,23,5,29,-1,29,5,8,-1,29,8,30,-1,30,8,31,-1,11,7,28,-1,32,33,34,-1,34,33,35,-1,34,35,36,-1,36,35,37,-1,36,37,38,-1,39,40,41,-1,41,40,42,-1,41,42,43,-1,44,45,41,-1,41,45,46,-1,47,48,49,-1,49,48,50,-1,46,51,41,-1,41,51,50,-1,41,50,52,-1,52,50,48,-1,53,54,55,-1,55,54,56,-1,55,56,57,-1,20,17,21,-1,21,17,19,-1,21,19,58,-1,58,19,59,-1,43,60,41,-1,41,60,61,-1,41,61,44,-1,14,16,62,-1,63,64,27,-1,27,64,65,-1,27,65,28,-1,28,16,26,-1,26,16,15,-1,26,15,66,-1,66,15,67,-1,66,67,55,-1,55,67,68,-1,55,68,53,-1,69,70,71,-1,71,70,62,-1,71,62,22,-1,22,62,16,-1,22,16,20,-1,20,16,38,-1,20,38,72,-1,72,38,37,-1,72,37,73,-1,73,37,74,-1,73,74,75,-1,75,74,76,-1,56,77,57,-1,57,77,78,-1,57,78,79,-1,79,78,80,-1,79,80,27,-1,27,80,81,-1,27,81,63,-1,65,82,28,-1,28,82,83,-1,28,83,84,-1,84,85,28,-1,28,85,86,-1,28,86,11,-1,11,86,87,-1,11,87,10,-1,10,87,88,-1,10,88,41,-1,41,88,89,-1,41,89,39,-1,90,91,92,-1,92,91,93,-1,94,95,96,-1,96,95,97,-1,98,36,90,-1,90,36,99,-1,90,99,91,-1,91,99,100,-1,94,96,98,-1,98,96,101,-1,98,101,36,-1,36,101,102,-1,36,102,34,-1,34,102,103,-1,34,103,104,-1,105,106,5,-1,107,108,28,-1,109,110,5,-1,111,112,106,-1,106,112,113,-1,106,113,114,-1,107,28,115,-1,2,116,117,-1,5,110,105,-1,105,110,118,-1,105,118,119,-1,7,5,28,-1,28,5,120,-1,28,120,115,-1,108,121,122,-1,121,123,122,-1,122,123,124,-1,122,124,125,-1,114,126,106,-1,106,126,127,-1,106,127,5,-1,5,127,128,-1,5,128,120,-1,125,129,122,-1,122,129,130,-1,122,130,106,-1,106,130,131,-1,106,131,111,-1,0,2,132,-1,133,134,135,-1,108,122,28,-1,28,122,136,-1,28,136,117,-1,117,136,109,-1,117,109,2,-1,2,109,5,-1,2,5,132,-1,132,5,13,-1,132,13,137,-1,137,13,138,-1,137,138,139,-1,139,67,137,-1,137,67,15,-1,137,15,140,-1,140,15,141,-1,140,141,142,-1,142,141,133,-1,142,133,143,-1,143,133,135,-1,144,145,146,-1,147,148,149,-1,150,151,152,-1,152,151,153,-1,152,153,154,-1,153,155,154,-1,154,155,156,-1,154,156,142,-1,142,156,157,-1,142,157,140,-1,140,157,158,-1,147,149,159,-1,144,146,160,-1,160,146,161,-1,160,161,162,-1,162,163,164,-1,164,163,165,-1,164,165,166,-1,166,165,167,-1,161,156,162,-1,162,156,155,-1,162,155,163,-1,163,155,159,-1,163,159,168,-1,168,159,149,-1,168,149,169,-1,169,149,170,-1,171,172,173,-1,173,172,174,-1,173,174,158,-1,158,174,175,-1,158,175,140,-1,146,176,177,-1,178,179,161,-1,146,177,161,-1,161,177,180,-1,161,180,178,-1,181,182,183,-1,183,182,184,-1,183,184,178,-1,178,184,185,-1,178,185,179,-1,186,187,179,-1,188,186,189,-1,189,186,179,-1,189,179,190,-1,190,179,185,-1,
        ]
    }
}
Shape{
    appearance Appearance {
        material  Material 	{
            diffuseColor 0.9686274509803922 0.8784313725490196 0.6
            specularColor 0.6784313725490196 0.615686274509804 0.4196078431372549
            ambientIntensity 0.2
            transparency 0
            shininess 0.5
        }
    }
    geometry IndexedFaceSet {
        ccw TRUE
        solid FALSE
        coord DEF co Coordinate {
            point [
                0.5906 0.3927 0.0787, 0.5906 0.3258 0.0787, 0.5669 0.4085 0.0787, 0.5669 0.31 0.0787, 0.4331 0.4085 0.0787, 0.4331 0.31 0.0787, 0.4331 0.31 0.0787
            ]
        }
        coordIndex [
            0,1,2,-1,2,1,3,-1,2,3,4,-1,4,3,5,-1,
        ]
    }
}
Shape{
    appearance Appearance {
        material  Material 	{
            diffuseColor 0.792156862745098 0.8196078431372549 0.9333333333333333
            specularColor 0.396078431372549 0.4117647058823529 0.4666666666666667
            ambientIntensity 0.2
            transparency 0
            shininess 0.5
        }
    }
    geometry IndexedFaceSet {
        ccw TRUE
        solid FALSE
        coord DEF co Coordinate {
            point [
                0.5669 0.4085 0.0787, 0.4331 0.4085 0.0787, 0.5669 0.4085 0.0079, 0.4331 0.4085 0.0079, 0.4331 0.4085 0.0079
            ]
        }
        coordIndex [
            0,1,2,-1,2,1,3,-1,
        ]
    }
}
Shape{
    appearance Appearance {
        material  Material 	{
            diffuseColor 0.43137254901960786 0.45098039215686275 0.43137254901960786
            specularColor 0.34509803921568627 0.3607843137254902 0.34509803921568627
            ambientIntensity 0.2
            transparency 0
            shininess 0.5
        }
    }
    geometry IndexedFaceSet {
        ccw TRUE
        solid FALSE
        coord DEF co Coordinate {
            point [
                0.5906 0.3927 0.0787, 0.5669 0.4085 0.0787, 0.5906 0.3927 0.0079, 0.5669 0.4085 0.0079, 0.5669 0.4085 0.0079
            ]
        }
        coordIndex [
            0,1,2,-1,2,1,3,-1,
        ]
    }
}
Shape{
    appearance Appearance {
        material  Material 	{
            diffuseColor 0.792156862745098 0.8196078431372549 0.9333333333333333
            specularColor 0.396078431372549 0.4117647058823529 0.4666666666666667
            ambientIntensity 0.2
            transparency 0
            shininess 0.5
        }
    }
    geometry IndexedFaceSet {
        ccw TRUE
        solid FALSE
        coord DEF co Coordinate {
            point [
                0.5669 0.31 0.0787, 0.5906 0.3258 0.0787, 0.5669 0.31 0.0079, 0.5906 0.3258 0.0079, 0.5906 0.3258 0.0079
            ]
        }
        coordIndex [
            0,1,2,-1,2,1,3,-1,
        ]
    }
}
Shape{
    appearance Appearance {
        material  Material 	{
            diffuseColor 0.9686274509803922 0.8784313725490196 0.6
            specularColor 0.6784313725490196 0.615686274509804 0.4196078431372549
            ambientIntensity 0.2
            transparency 0
            shininess 0.5
        }
    }
    geometry IndexedFaceSet {
        ccw TRUE
        solid FALSE
        coord DEF co Coordinate {
            point [
                0.4331 0.31 0.0787, 0.5669 0.31 0.0787, 0.4331 0.31 0.0079, 0.5669 0.31 0.0079, 0.4331 0.4085 0.0787, 0.4331 0.4085 0.0079, 0.4331 0.4085 0.0079
            ]
        }
        coordIndex [
            0,1,2,-1,2,1,3,-1,4,0,5,-1,5,0,2,-1,
        ]
    }
}
Shape{
    appearance Appearance {
        material  Material 	{
            diffuseColor 0.43137254901960786 0.45098039215686275 0.43137254901960786
            specularColor 0.34509803921568627 0.3607843137254902 0.34509803921568627
            ambientIntensity 0.2
            transparency 0
            shininess 0.5
        }
    }
    geometry IndexedFaceSet {
        ccw TRUE
        solid FALSE
        coord DEF co Coordinate {
            point [
                0.2618 0.5906 0.0787, 0.3287 0.5906 0.0787, 0.2461 0.5669 0.0787, 0.3445 0.5669 0.0787, 0.2461 0.4626 0.0787, 0.3445 0.4626 0.0787, 0.3445 0.4626 0.0787
            ]
        }
        coordIndex [
            0,1,2,-1,2,1,3,-1,2,3,4,-1,4,3,5,-1,
        ]
    }
}
Shape{
    appearance Appearance {
        material  Material 	{
            diffuseColor 0.9686274509803922 0.8784313725490196 0.6
            specularColor 0.6784313725490196 0.615686274509804 0.4196078431372549
            ambientIntensity 0.2
            transparency 0
            shininess 0.5
        }
    }
    geometry IndexedFaceSet {
        ccw TRUE
        solid FALSE
        coord DEF co Coordinate {
            point [
                0.2618 0.5906 0.0787, 0.2461 0.5669 0.0787, 0.2618 0.5906 0.0079, 0.2461 0.5669 0.0079, 0.3445 0.5669 0.0787, 0.3287 0.5906 0.0787, 0.3445 0.5669 0.0079, 0.3287 0.5906 0.0079, 0.3445 0.4626 0.0787, 0.3445 0.4626 0.0079, 0.3445 0.4626 0.0079
            ]
        }
        coordIndex [
            0,1,2,-1,2,1,3,-1,4,5,6,-1,6,5,7,-1,8,4,9,-1,9,4,6,-1,
        ]
    }
}
Shape{
    appearance Appearance {
        material  Material 	{
            diffuseColor 0.43137254901960786 0.45098039215686275 0.43137254901960786
            specularColor 0.34509803921568627 0.3607843137254902 0.34509803921568627
            ambientIntensity 0.2
            transparency 0
            shininess 0.5
        }
    }
    geometry IndexedFaceSet {
        ccw TRUE
        solid FALSE
        coord DEF co Coordinate {
            point [
                0.2461 0.4626 0.0787, 0.3445 0.4626 0.0787, 0.2461 0.4626 0.0079, 0.3445 0.4626 0.0079, 0.2461 0.5669 0.0787, 0.2461 0.5669 0.0079, 0.2461 0.5669 0.0079
            ]
        }
        coordIndex [
            0,1,2,-1,2,1,3,-1,4,0,5,-1,5,0,2,-1,
        ]
    }
}
Shape{
    appearance Appearance {
        material  Material 	{
            diffuseColor 0.9686274509803922 0.8784313725490196 0.6
            specularColor 0.6784313725490196 0.615686274509804 0.4196078431372549
            ambientIntensity 0.2
            transparency 0
            shininess 0.5
        }
    }
    geometry IndexedFaceSet {
        ccw TRUE
        solid FALSE
        coord DEF co Coordinate {
            point [
                0.065 0.5906 0.0787, 0.1319 0.5906 0.0787, 0.0492 0.5669 0.0787, 0.1476 0.5669 0.0787, 0.0492 0.4626 0.0787, 0.1476 0.4626 0.0787, 0.1476 0.4626 0.0787
            ]
        }
        coordIndex [
            0,1,2,-1,2,1,3,-1,2,3,4,-1,4,3,5,-1,
        ]
    }
}
Shape{
    appearance Appearance {
        material  Material 	{
            diffuseColor 0.792156862745098 0.8196078431372549 0.9333333333333333
            specularColor 0.396078431372549 0.4117647058823529 0.4666666666666667
            ambientIntensity 0.2
            transparency 0
            shininess 0.5
        }
    }
    geometry IndexedFaceSet {
        ccw TRUE
        solid FALSE
        coord DEF co Coordinate {
            point [
                0.065 0.5906 0.0787, 0.0492 0.5669 0.0787, 0.065 0.5906 0.0079, 0.0492 0.5669 0.0079, 0.0492 0.5669 0.0079
            ]
        }
        coordIndex [
            0,1,2,-1,2,1,3,-1,
        ]
    }
}
Shape{
    appearance Appearance {
        material  Material 	{
            diffuseColor 0.9686274509803922 0.8784313725490196 0.6
            specularColor 0.6784313725490196 0.615686274509804 0.4196078431372549
            ambientIntensity 0.2
            transparency 0
            shininess 0.5
        }
    }
    geometry IndexedFaceSet {
        ccw TRUE
        solid FALSE
        coord DEF co Coordinate {
            point [
                0.1476 0.5669 0.0787, 0.1319 0.5906 0.0787, 0.1476 0.5669 0.0079, 0.1319 0.5906 0.0079, 0.1476 0.4626 0.0787, 0.1476 0.4626 0.0079, 0.1476 0.4626 0.0079
            ]
        }
        coordIndex [
            0,1,2,-1,2,1,3,-1,4,0,5,-1,5,0,2,-1,
        ]
    }
}
Shape{
    appearance Appearance {
        material  Material 	{
            diffuseColor 0.43137254901960786 0.45098039215686275 0.43137254901960786
            specularColor 0.34509803921568627 0.3607843137254902 0.34509803921568627
            ambientIntensity 0.2
            transparency 0
            shininess 0.5
        }
    }
    geometry IndexedFaceSet {
        ccw TRUE
        solid FALSE
        coord DEF co Coordinate {
            point [
                0.0492 0.4626 0.0787, 0.1476 0.4626 0.0787, 0.0492 0.4626 0.0079, 0.1476 0.4626 0.0079, 0.1476 0.4626 0.0079
            ]
        }
        coordIndex [
            0,1,2,-1,2,1,3,-1,
        ]
    }
}
Shape{
    appearance Appearance {
        material  Material 	{
            diffuseColor 0.792156862745098 0.8196078431372549 0.9333333333333333
            specularColor 0.396078431372549 0.4117647058823529 0.4666666666666667
            ambientIntensity 0.2
            transparency 0
            shininess 0.5
        }
    }
    geometry IndexedFaceSet {
        ccw TRUE
        solid FALSE
        coord DEF co Coordinate {
            point [
                0.0492 0.5669 0.0787, 0.0492 0.4626 0.0787, 0.0492 0.5669 0.0079, 0.0492 0.4626 0.0079, -0.0492 0.4626 0.0787, -0.1476 0.4626 0.0787, -0.0492 0.5669 0.0787, -0.1476 0.5669 0.0787, -0.065 0.5906 0.0787, -0.1319 0.5906 0.0787, -0.1319 0.5906 0.0787
            ]
        }
        coordIndex [
            0,1,2,-1,2,1,3,-1,4,5,6,-1,6,5,7,-1,6,7,8,-1,8,7,9,-1,
        ]
    }
}
Shape{
    appearance Appearance {
        material  Material 	{
            diffuseColor 0.9686274509803922 0.8784313725490196 0.6
            specularColor 0.6784313725490196 0.615686274509804 0.4196078431372549
            ambientIntensity 0.2
            transparency 0
            shininess 0.5
        }
    }
    geometry IndexedFaceSet {
        ccw TRUE
        solid FALSE
        coord DEF co Coordinate {
            point [
                -0.1319 0.5906 0.0787, -0.1476 0.5669 0.0787, -0.1319 0.5906 0.0079, -0.1476 0.5669 0.0079, -0.1476 0.5669 0.0079
            ]
        }
        coordIndex [
            0,1,2,-1,2,1,3,-1,
        ]
    }
}
Shape{
    appearance Appearance {
        material  Material 	{
            diffuseColor 0.43137254901960786 0.45098039215686275 0.43137254901960786
            specularColor 0.34509803921568627 0.3607843137254902 0.34509803921568627
            ambientIntensity 0.2
            transparency 0
            shininess 0.5
        }
    }
    geometry IndexedFaceSet {
        ccw TRUE
        solid FALSE
        coord DEF co Coordinate {
            point [
                -0.0492 0.5669 0.0787, -0.065 0.5906 0.0787, -0.0492 0.5669 0.0079, -0.065 0.5906 0.0079, -0.065 0.5906 0.0079
            ]
        }
        coordIndex [
            0,1,2,-1,2,1,3,-1,
        ]
    }
}
Shape{
    appearance Appearance {
        material  Material 	{
            diffuseColor 0.9686274509803922 0.8784313725490196 0.6
            specularColor 0.6784313725490196 0.615686274509804 0.4196078431372549
            ambientIntensity 0.2
            transparency 0
            shininess 0.5
        }
    }
    geometry IndexedFaceSet {
        ccw TRUE
        solid FALSE
        coord DEF co Coordinate {
            point [
                -0.0492 0.4626 0.0787, -0.0492 0.5669 0.0787, -0.0492 0.4626 0.0079, -0.0492 0.5669 0.0079, -0.1476 0.4626 0.0787, -0.1476 0.4626 0.0079, -0.1476 0.5669 0.0787, -0.1476 0.5669 0.0079, -0.1476 0.5669 0.0079
            ]
        }
        coordIndex [
            0,1,2,-1,2,1,3,-1,4,0,5,-1,5,0,2,-1,6,4,7,-1,7,4,5,-1,
        ]
    }
}
Shape{
    appearance Appearance {
        material  Material 	{
            diffuseColor 0.792156862745098 0.8196078431372549 0.9333333333333333
            specularColor 0.396078431372549 0.4117647058823529 0.4666666666666667
            ambientIntensity 0.2
            transparency 0
            shininess 0.5
        }
    }
    geometry IndexedFaceSet {
        ccw TRUE
        solid FALSE
        coord DEF co Coordinate {
            point [
                -0.2461 0.4626 0.0787, -0.3445 0.4626 0.0787, -0.2461 0.5669 0.0787, -0.3445 0.5669 0.0787, -0.2618 0.5906 0.0787, -0.3287 0.5906 0.0787, -0.3287 0.5906 0.0787
            ]
        }
        coordIndex [
            0,1,2,-1,2,1,3,-1,2,3,4,-1,4,3,5,-1,
        ]
    }
}
Shape{
    appearance Appearance {
        material  Material 	{
            diffuseColor 0.9686274509803922 0.8784313725490196 0.6
            specularColor 0.6784313725490196 0.615686274509804 0.4196078431372549
            ambientIntensity 0.2
            transparency 0
            shininess 0.5
        }
    }
    geometry IndexedFaceSet {
        ccw TRUE
        solid FALSE
        coord DEF co Coordinate {
            point [
                -0.3287 0.5906 0.0787, -0.3445 0.5669 0.0787, -0.3287 0.5906 0.0079, -0.3445 0.5669 0.0079, -0.2461 0.5669 0.0787, -0.2618 0.5906 0.0787, -0.2461 0.5669 0.0079, -0.2618 0.5906 0.0079, -0.2618 0.5906 0.0079
            ]
        }
        coordIndex [
            0,1,2,-1,2,1,3,-1,4,5,6,-1,6,5,7,-1,
        ]
    }
}
Shape{
    appearance Appearance {
        material  Material 	{
            diffuseColor 0.792156862745098 0.8196078431372549 0.9333333333333333
            specularColor 0.396078431372549 0.4117647058823529 0.4666666666666667
            ambientIntensity 0.2
            transparency 0
            shininess 0.5
        }
    }
    geometry IndexedFaceSet {
        ccw TRUE
        solid FALSE
        coord DEF co Coordinate {
            point [
                -0.2461 0.4626 0.0787, -0.2461 0.5669 0.0787, -0.2461 0.4626 0.0079, -0.2461 0.5669 0.0079, -0.3445 0.4626 0.0787, -0.3445 0.4626 0.0079, -0.3445 0.5669 0.0787, -0.3445 0.5669 0.0079, -0.3445 0.5669 0.0079
            ]
        }
        coordIndex [
            0,1,2,-1,2,1,3,-1,4,0,5,-1,5,0,2,-1,6,4,7,-1,7,4,5,-1,
        ]
    }
}
Shape{
    appearance Appearance {
        material  Material 	{
            diffuseColor 0.43137254901960786 0.45098039215686275 0.43137254901960786
            specularColor 0.34509803921568627 0.3607843137254902 0.34509803921568627
            ambientIntensity 0.2
            transparency 0
            shininess 0.5
        }
    }
    geometry IndexedFaceSet {
        ccw TRUE
        solid FALSE
        coord DEF co Coordinate {
            point [
                -0.5906 0.2618 0.0787, -0.5906 0.3484 0.0787, -0.5669 0.2461 0.0787, -0.5669 0.3642 0.0787, 0.0984 0.2461 0.0787, 0.0984 0.3642 0.0787, 0.0984 0.2461 0.0079, 0.0984 0.3642 0.0079, 0.0984 0.3642 0.0079
            ]
        }
        coordIndex [
            0,1,2,-1,2,1,3,-1,2,3,4,-1,4,3,5,-1,4,5,6,-1,6,5,7,-1,
        ]
    }
}
Shape{
    appearance Appearance {
        material  Material 	{
            diffuseColor 0.792156862745098 0.8196078431372549 0.9333333333333333
            specularColor 0.396078431372549 0.4117647058823529 0.4666666666666667
            ambientIntensity 0.2
            transparency 0
            shininess 0.5
        }
    }
    geometry IndexedFaceSet {
        ccw TRUE
        solid FALSE
        coord DEF co Coordinate {
            point [
                -0.5669 0.2461 0.0079, -0.5669 0.2461 0.0787, 0.0424 0.2461 0.0079, 0.0984 0.2461 0.0787, 0.0984 0.2461 0.0079, -0.5906 0.2618 0.0787, -0.5906 0.2618 0.0079, -0.5669 0.3642 0.0787, -0.5906 0.3484 0.0787, -0.5669 0.3642 0.0079, -0.5906 0.3484 0.0079, 0.0984 0.3642 0.0787, 0.0424 0.3642 0.0079, 0.0984 0.3642 0.0079, -0.5906 -0.0433 0.0787, -0.5906 0.0433 0.0787, -0.5669 -0.0591 0.0787, -0.5669 0.0591 0.0787, 0.0984 -0.0591 0.0787, 0.0984 0.0591 0.0787, 0.0984 -0.0591 0.0079, 0.0984 0.0591 0.0079, -0.5669 -0.0591 0.0079, 0.0424 -0.0591 0.0079, -0.5906 -0.0433 0.0079, -0.5669 0.0591 0.0079, -0.5906 0.0433 0.0079, 0.0424 0.0591 0.0079, -0.5906 -0.3484 0.0787, -0.5906 -0.2618 0.0787, -0.5669 -0.3642 0.0787, -0.5669 -0.2461 0.0787, 0.0984 -0.3642 0.0787, 0.0984 -0.2461 0.0787, -0.5669 -0.3642 0.0079, 0.0424 -0.3642 0.0079, 0.0984 -0.3642 0.0079, -0.5906 -0.3484 0.0079, -0.5669 -0.2461 0.0079, -0.5906 -0.2618 0.0079, 0.0424 -0.2461 0.0079, 0.0984 -0.2461 0.0079, -0.3445 -0.4626 0.0787, -0.2461 -0.4626 0.0787, -0.3445 -0.5669 0.0787, -0.2461 -0.5669 0.0787, -0.3287 -0.5906 0.0787, -0.2618 -0.5906 0.0787, -0.3445 -0.5669 0.0079, -0.3287 -0.5906 0.0079, -0.3445 -0.4626 0.0079, -0.2461 -0.4626 0.0079, -0.2461 -0.5669 0.0079, -0.2618 -0.5906 0.0079, -0.1476 -0.4626 0.0787, -0.0492 -0.4626 0.0787, -0.1476 -0.5669 0.0787, -0.0492 -0.5669 0.0787, -0.1319 -0.5906 0.0787, -0.065 -0.5906 0.0787, -0.1476 -0.5669 0.0079, -0.1319 -0.5906 0.0079, -0.1476 -0.4626 0.0079, -0.0492 -0.4626 0.0079, -0.0492 -0.5669 0.0079, -0.065 -0.5906 0.0079, 0.0492 -0.4626 0.0787, 0.1476 -0.4626 0.0787, 0.0492 -0.5669 0.0787, 0.1476 -0.5669 0.0787, 0.065 -0.5906 0.0787, 0.1319 -0.5906 0.0787, 0.0492 -0.5669 0.0079, 0.065 -0.5906 0.0079, 0.0492 -0.4626 0.0079, 0.1476 -0.4626 0.0079, 0.1476 -0.5669 0.0079, 0.1319 -0.5906 0.0079, 0.2461 -0.4626 0.0787, 0.3445 -0.4626 0.0787, 0.2461 -0.5669 0.0787, 0.3445 -0.5669 0.0787, 0.2618 -0.5906 0.0787, 0.3287 -0.5906 0.0787, 0.2461 -0.5669 0.0079, 0.2618 -0.5906 0.0079, 0.2461 -0.4626 0.0079, 0.3445 -0.4626 0.0079, 0.3445 -0.5669 0.0079, 0.3287 -0.5906 0.0079, 0.5906 -0.3258 0.0787, 0.5906 -0.3927 0.0787, 0.5669 -0.31 0.0787, 0.5669 -0.4085 0.0787, 0.4331 -0.31 0.0787, 0.4331 -0.4085 0.0787, 0.5669 -0.31 0.0079, 0.4331 -0.31 0.0079, 0.5906 -0.3258 0.0079, 0.5669 -0.4085 0.0079, 0.5906 -0.3927 0.0079, 0.4331 -0.4085 0.0079, 0.5906 -0.1093 0.0787, 0.5906 -0.1959 0.0787, 0.5669 -0.0935 0.0787, 0.5669 -0.2116 0.0787, 0.1969 -0.0935 0.0787, 0.1969 -0.2116 0.0787, 0.5669 -0.0935 0.0079, 0.1969 -0.0935 0.0079, 0.5906 -0.1093 0.0079, 0.5669 -0.2116 0.0079, 0.5906 -0.1959 0.0079, 0.1969 -0.2116 0.0079, 0.5906 0.1959 0.0787, 0.5906 0.1093 0.0787, 0.5669 0.2116 0.0787, 0.5669 0.0935 0.0787, 0.1969 0.2116 0.0787, 0.1969 0.0935 0.0787, 0.5669 0.2116 0.0079, 0.1969 0.2116 0.0079, 0.5906 0.1959 0.0079, 0.5669 0.0935 0.0079, 0.5906 0.1093 0.0079, 0.1969 0.0935 0.0079, 0.1969 0.1273 0.0079, 0.1969 0.1273 0.0079
            ]
        }
        coordIndex [
            0,1,2,-1,2,1,3,-1,2,3,4,-1,5,1,6,-1,6,1,0,-1,7,8,9,-1,9,8,10,-1,7,9,11,-1,11,9,12,-1,11,12,13,-1,14,15,16,-1,16,15,17,-1,16,17,18,-1,18,17,19,-1,18,19,20,-1,20,19,21,-1,22,16,23,-1,23,16,18,-1,23,18,20,-1,14,16,24,-1,24,16,22,-1,17,15,25,-1,25,15,26,-1,17,25,19,-1,19,25,27,-1,19,27,21,-1,28,29,30,-1,30,29,31,-1,30,31,32,-1,32,31,33,-1,34,30,35,-1,35,30,32,-1,35,32,36,-1,28,30,37,-1,37,30,34,-1,31,29,38,-1,38,29,39,-1,31,38,33,-1,33,38,40,-1,33,40,41,-1,32,33,36,-1,36,33,41,-1,42,43,44,-1,44,43,45,-1,44,45,46,-1,46,45,47,-1,44,46,48,-1,48,46,49,-1,42,44,50,-1,50,44,48,-1,43,42,51,-1,51,42,50,-1,45,43,52,-1,52,43,51,-1,47,45,53,-1,53,45,52,-1,54,55,56,-1,56,55,57,-1,56,57,58,-1,58,57,59,-1,56,58,60,-1,60,58,61,-1,54,56,62,-1,62,56,60,-1,55,54,63,-1,63,54,62,-1,57,55,64,-1,64,55,63,-1,59,57,65,-1,65,57,64,-1,66,67,68,-1,68,67,69,-1,68,69,70,-1,70,69,71,-1,68,70,72,-1,72,70,73,-1,66,68,74,-1,74,68,72,-1,67,66,75,-1,75,66,74,-1,69,67,76,-1,76,67,75,-1,71,69,77,-1,77,69,76,-1,78,79,80,-1,80,79,81,-1,80,81,82,-1,82,81,83,-1,80,82,84,-1,84,82,85,-1,78,80,86,-1,86,80,84,-1,79,78,87,-1,87,78,86,-1,81,79,88,-1,88,79,87,-1,83,81,89,-1,89,81,88,-1,90,91,92,-1,92,91,93,-1,92,93,94,-1,94,93,95,-1,92,94,96,-1,96,94,97,-1,90,92,98,-1,98,92,96,-1,93,91,99,-1,99,91,100,-1,95,93,101,-1,101,93,99,-1,94,95,97,-1,97,95,101,-1,102,103,104,-1,104,103,105,-1,104,105,106,-1,106,105,107,-1,104,106,108,-1,108,106,109,-1,102,104,110,-1,110,104,108,-1,105,103,111,-1,111,103,112,-1,107,105,113,-1,113,105,111,-1,106,107,109,-1,109,107,113,-1,114,115,116,-1,116,115,117,-1,116,117,118,-1,118,117,119,-1,116,118,120,-1,120,118,121,-1,114,116,122,-1,122,116,120,-1,117,115,123,-1,123,115,124,-1,119,117,125,-1,125,117,123,-1,121,118,126,-1,126,118,119,-1,126,119,125,-1,
        ]
    }
}
Shape{
    appearance Appearance {
        material  Material 	{
            diffuseColor 0.10980392156862745 0.10980392156862745 0.10980392156862745
            specularColor 0.0784313725490196 0.0784313725490196 0.0784313725490196
            ambientIntensity 0.2
            transparency 0
            shininess 0.5
        }
    }
    geometry IndexedFaceSet {
        ccw TRUE
        solid FALSE
        coord DEF co Coordinate {
            point [
                -0.3774 0.4887 0.2953, -0.3649 0.4724 0.2953, 0.5906 0.5906 0.2953, -0.357 0.4535 0.2953, -0.4331 0.3543 0.2953, -0.4535 0.357 0.2953, -0.5906 -0.5906 0.2953, -0.4724 0.3649 0.2953, -0.4887 0.3774 0.2953, -0.3543 0.4331 0.2953, -0.357 0.4127 0.2953, 0.5906 -0.5906 0.2953, -0.3649 0.3937 0.2953, -0.5906 0.5906 0.2953, -0.5091 0.4535 0.2953, -0.5013 0.4724 0.2953, -0.4535 0.5091 0.2953, -0.4331 0.5118 0.2953, -0.4127 0.5091 0.2953, -0.3937 0.5013 0.2953, -0.4887 0.4887 0.2953, -0.4724 0.5013 0.2953, -0.3774 0.3774 0.2953, -0.3937 0.3649 0.2953, -0.4127 0.357 0.2953, -0.5013 0.3937 0.2953, -0.5091 0.4127 0.2953, -0.5118 0.4331 0.2953, 0.5906 0.5906 0.0079, 0.3287 0.5906 0.0079, 0.3287 0.5906 0.0787, 0.2618 0.5906 0.0079, 0.1319 0.5906 0.0079, 0.2618 0.5906 0.0787, 0.1319 0.5906 0.0787, 0.065 0.5906 0.0787, 0.065 0.5906 0.0079, 0.0424 0.5906 0.0079, -0.065 0.5906 0.0787, -0.1319 0.5906 0.0787, -0.065 0.5906 0.0079, -0.3287 0.5906 0.0079, -0.5906 0.5906 0.0079, -0.3287 0.5906 0.0787, -0.2618 0.5906 0.0787, -0.2618 0.5906 0.0079, -0.1319 0.5906 0.0079, -0.1319 0.5906 0.0079
            ]
        }
        coordIndex [
            0,1,2,-1,2,1,3,-1,4,5,6,-1,6,5,7,-1,6,7,8,-1,3,9,2,-1,2,9,10,-1,2,10,11,-1,11,10,12,-1,13,14,15,-1,16,17,13,-1,13,17,18,-1,13,18,2,-1,2,18,19,-1,2,19,0,-1,15,20,13,-1,13,20,21,-1,13,21,16,-1,12,22,11,-1,11,22,23,-1,11,23,6,-1,6,23,24,-1,6,24,4,-1,8,25,6,-1,6,25,26,-1,6,26,13,-1,13,26,27,-1,13,27,14,-1,28,29,2,-1,2,29,30,-1,31,32,33,-1,33,32,34,-1,35,36,37,-1,38,39,13,-1,30,33,2,-1,2,33,34,-1,2,34,13,-1,13,34,35,-1,13,35,38,-1,38,35,37,-1,38,37,40,-1,41,42,43,-1,43,42,13,-1,43,13,44,-1,44,13,39,-1,44,39,45,-1,45,39,46,-1,
        ]
    }
}
Shape{
    appearance Appearance {
        material  Material 	{
            diffuseColor 0.9686274509803922 0.8784313725490196 0.6
            specularColor 0.6784313725490196 0.615686274509804 0.4196078431372549
            ambientIntensity 0.2
            transparency 0
            shininess 0.5
        }
    }
    geometry IndexedFaceSet {
        ccw TRUE
        solid FALSE
        coord DEF co Coordinate {
            point [
                -0.5906 -0.1329 0.0787, -0.5906 -0.1329 0.0394, -0.5906 -0.1722 0.0787, -0.5906 -0.1722 0.0394, -0.5906 -0.1722 0.0394
            ]
        }
        coordIndex [
            0,1,2,-1,2,1,3,-1,
        ]
    }
}
Shape{
    appearance Appearance {
        material  Material 	{
            diffuseColor 0.10980392156862745 0.10980392156862745 0.10980392156862745
            specularColor 0.0784313725490196 0.0784313725490196 0.0784313725490196
            ambientIntensity 0.2
            transparency 0
            shininess 0.5
        }
    }
    geometry IndexedFaceSet {
        ccw TRUE
        solid FALSE
        coord DEF co Coordinate {
            point [
                0.0424 -0.5906 0.0079, 0.065 -0.5906 0.0079, 0.065 -0.5906 0.0787, 0.1319 -0.5906 0.0079, 0.2618 -0.5906 0.0079, 0.1319 -0.5906 0.0787, 0.2618 -0.5906 0.0787, 0.3287 -0.5906 0.0079, 0.5906 -0.5906 0.0079, 0.3287 -0.5906 0.0787, 0.5906 -0.5906 0.2953, -0.5906 -0.5906 0.2953, -0.2618 -0.5906 0.0787, -0.2618 -0.5906 0.0079, -0.1319 -0.5906 0.0079, -0.065 -0.5906 0.0787, -0.065 -0.5906 0.0079, -0.1319 -0.5906 0.0787, -0.5906 -0.5906 0.0079, -0.3287 -0.5906 0.0079, -0.3287 -0.5906 0.0787, 0.5906 0.3927 0.0079, 0.5906 0.5906 0.0079, 0.5906 0.3927 0.0787, 0.5906 0.5906 0.2953, 0.5906 0.3258 0.0787, 0.5906 0.1959 0.0079, 0.5906 0.3258 0.0079, 0.5906 0.1959 0.0787, 0.5906 -0.3258 0.0787, 0.5906 -0.3258 0.0079, 0.5906 -0.1959 0.0079, 0.5906 -0.1093 0.0079, 0.5906 0.1093 0.0079, 0.5906 -0.1093 0.0787, 0.5906 0.1093 0.0787, 0.5906 -0.1959 0.0787, 0.5906 -0.3927 0.0079, 0.5906 -0.3927 0.0787, 0.5906 -0.3927 0.0787
            ]
        }
        coordIndex [
            0,1,2,-1,3,4,5,-1,5,4,6,-1,7,8,9,-1,9,8,10,-1,9,10,6,-1,6,10,11,-1,6,11,5,-1,5,11,2,-1,12,13,14,-1,15,16,0,-1,0,2,15,-1,15,2,11,-1,15,11,17,-1,11,18,19,-1,19,20,11,-1,11,20,12,-1,11,12,17,-1,17,12,14,-1,21,22,23,-1,23,22,24,-1,23,24,25,-1,26,27,28,-1,28,27,25,-1,28,25,10,-1,10,25,24,-1,29,30,31,-1,32,33,34,-1,34,33,35,-1,36,34,10,-1,10,34,35,-1,10,35,28,-1,10,8,37,-1,37,38,10,-1,10,38,29,-1,10,29,36,-1,36,29,31,-1,
        ]
    }
}
Shape{
    appearance Appearance {
        material  Material 	{
            diffuseColor 0.4117647058823529 0.4117647058823529 0.4117647058823529
            specularColor 0.3607843137254902 0.3607843137254902 0.3607843137254902
            ambientIntensity 0.2
            transparency 0
            shininess 0.5
        }
    }
    geometry IndexedFaceSet {
        ccw TRUE
        solid FALSE
        coord DEF co Coordinate {
            point [
                -0.3543 0.4331 0.2874, -0.3543 0.4331 0.2953, -0.357 0.4535 0.2874, -0.357 0.4535 0.2953, -0.3649 0.4724 0.2874, -0.3649 0.4724 0.2953, -0.3774 0.4887 0.2874, -0.3774 0.4887 0.2953, -0.3937 0.5013 0.2874, -0.3937 0.5013 0.2953, -0.4127 0.5091 0.2874, -0.4127 0.5091 0.2953, -0.4331 0.5118 0.2874, -0.4331 0.5118 0.2953, -0.4535 0.5091 0.2874, -0.4535 0.5091 0.2953, -0.4724 0.5013 0.2874, -0.4724 0.5013 0.2953, -0.4887 0.4887 0.2874, -0.4887 0.4887 0.2953, -0.5013 0.4724 0.2874, -0.5013 0.4724 0.2953, -0.5091 0.4535 0.2874, -0.5091 0.4535 0.2953, -0.5118 0.4331 0.2874, -0.5118 0.4331 0.2953, -0.5091 0.4127 0.2874, -0.5091 0.4127 0.2953, -0.5013 0.3937 0.2874, -0.5013 0.3937 0.2953, -0.4887 0.3774 0.2874, -0.4887 0.3774 0.2953, -0.4724 0.3649 0.2874, -0.4724 0.3649 0.2953, -0.4535 0.357 0.2874, -0.4535 0.357 0.2953, -0.4331 0.3543 0.2874, -0.4331 0.3543 0.2953, -0.4127 0.357 0.2874, -0.4127 0.357 0.2953, -0.3937 0.3649 0.2874, -0.3937 0.3649 0.2953, -0.3774 0.3774 0.2874, -0.3774 0.3774 0.2953, -0.3649 0.3937 0.2874, -0.3649 0.3937 0.2953, -0.357 0.4127 0.2874, -0.357 0.4127 0.2953, -0.4331 0.4331 0.2874, -0.4331 0.4331 0.2874
            ]
        }
        coordIndex [
            0,1,2,-1,2,1,3,-1,2,3,4,-1,4,3,5,-1,4,5,6,-1,6,5,7,-1,6,7,8,-1,8,7,9,-1,8,9,10,-1,10,9,11,-1,10,11,12,-1,12,11,13,-1,12,13,14,-1,14,13,15,-1,14,15,16,-1,16,15,17,-1,16,17,18,-1,18,17,19,-1,18,19,20,-1,20,19,21,-1,20,21,22,-1,22,21,23,-1,22,23,24,-1,24,23,25,-1,24,25,26,-1,26,25,27,-1,26,27,28,-1,28,27,29,-1,28,29,30,-1,30,29,31,-1,30,31,32,-1,32,31,33,-1,32,33,34,-1,34,33,35,-1,34,35,36,-1,36,35,37,-1,36,37,38,-1,38,37,39,-1,38,39,40,-1,40,39,41,-1,40,41,42,-1,42,41,43,-1,42,43,44,-1,44,43,45,-1,44,45,46,-1,46,45,47,-1,46,47,0,-1,0,47,1,-1,44,46,48,-1,48,46,0,-1,48,0,2,-1,38,40,48,-1,48,40,42,-1,48,42,44,-1,32,34,48,-1,48,34,36,-1,48,36,38,-1,26,28,48,-1,48,28,30,-1,48,30,32,-1,20,22,48,-1,48,22,24,-1,48,24,26,-1,14,16,48,-1,48,16,18,-1,48,18,20,-1,8,10,48,-1,48,10,12,-1,48,12,14,-1,2,4,48,-1,48,4,6,-1,48,6,8,-1,
        ]
    }
}
Shape{
    appearance Appearance {
        material  Material 	{
            diffuseColor 0.792156862745098 0.8196078431372549 0.9333333333333333
            specularColor 0.396078431372549 0.4117647058823529 0.4666666666666667
            ambientIntensity 0.2
            transparency 0
            shininess 0.5
        }
    }
    geometry IndexedFaceSet {
        ccw TRUE
        solid FALSE
        coord DEF co Coordinate {
            point [
                -0.0069 0.1429 0.0118, -0.0055 0.1386 0.0118, -0.02 0.1429 0.0118, -0.0218 0.1386 0.0118, -0.0127 0.1593 0.0118, -0.0109 0.1669 0.0118, 0.004 0.1275 0.0118, -0.0018 0.1275 0.0118, -0.0131 0.1607 0.0118, -0.0134 0.1621 0.0118, -0.0162 0.1669 0.0118, -0.0135 0.1621 0.0118, -0.0138 0.1607 0.0118, -0.0141 0.1593 0.0118, -0.0316 0.1275 0.0118, -0.0258 0.1275 0.0118, -0.0218 0.1386 0.0079, -0.0258 0.1275 0.0079, -0.0055 0.1386 0.0079, -0.0018 0.1275 0.0079, 0.004 0.1275 0.0079, -0.0109 0.1669 0.0079, -0.0162 0.1669 0.0079, -0.0316 0.1275 0.0079, -0.0141 0.1593 0.0079, -0.0138 0.1607 0.0079, -0.0135 0.1621 0.0079, -0.0134 0.1621 0.0079, -0.0131 0.1607 0.0079, -0.0127 0.1593 0.0079, -0.0069 0.1429 0.0079, -0.02 0.1429 0.0079, 0.0274 0.1669 0.0118, 0.0274 0.1669 0.0079, 0.0385 0.1669 0.0118, 0.0385 0.1669 0.0079, 0.0217 0.1663 0.0118, 0.0217 0.1663 0.0079, 0.0171 0.1647 0.0118, 0.0171 0.1647 0.0079, 0.0129 0.1618 0.0118, 0.0129 0.1618 0.0079, 0.0128 0.1618 0.0118, 0.0128 0.1618 0.0079, 0.01 0.1587 0.0118, 0.01 0.1587 0.0079, 0.0082 0.1553 0.0118, 0.0082 0.1553 0.0079, 0.0071 0.1514 0.0118, 0.0071 0.1514 0.0079, 0.0069 0.1477 0.0118, 0.0069 0.1477 0.0079, 0.0074 0.1424 0.0118, 0.0074 0.1424 0.0079, 0.0088 0.1383 0.0118, 0.0088 0.1383 0.0079, 0.0111 0.1348 0.0118, 0.0111 0.1348 0.0079, 0.0143 0.1317 0.0118, 0.0143 0.1317 0.0079, 0.0184 0.1293 0.0118, 0.0184 0.1293 0.0079, 0.023 0.128 0.0118, 0.023 0.128 0.0079, 0.0278 0.1275 0.0118, 0.0278 0.1275 0.0079, 0.0385 0.1275 0.0118, 0.0385 0.1275 0.0079, 0.0148 0.1571 0.0118, 0.0167 0.1591 0.0118, 0.0195 0.1609 0.0118, 0.0228 0.1621 0.0118, 0.0275 0.1626 0.0118, 0.0333 0.1626 0.0118, 0.0333 0.1318 0.0118, 0.0277 0.1318 0.0118, 0.0235 0.1322 0.0118, 0.0202 0.1333 0.0118, 0.0175 0.1349 0.0118, 0.0153 0.137 0.0118, 0.0137 0.1398 0.0118, 0.0125 0.1435 0.0118, 0.0121 0.1476 0.0118, 0.0125 0.1515 0.0118, 0.0134 0.1546 0.0118, 0.0277 0.1318 0.0079, 0.0333 0.1318 0.0079, 0.0235 0.1322 0.0079, 0.0202 0.1333 0.0079, 0.0175 0.1349 0.0079, 0.0153 0.137 0.0079, 0.0137 0.1398 0.0079, 0.0125 0.1435 0.0079, 0.0121 0.1476 0.0079, 0.0125 0.1515 0.0079, 0.0134 0.1546 0.0079, 0.0148 0.1571 0.0079, 0.0167 0.1591 0.0079, 0.0195 0.1609 0.0079, 0.0228 0.1621 0.0079, 0.0275 0.1626 0.0079, 0.0333 0.1626 0.0079, 0.0673 0.1669 0.0118, 0.0673 0.1669 0.0079, 0.0673 0.1275 0.0118, 0.0673 0.1275 0.0079, 0.0472 0.1669 0.0118, 0.0472 0.1669 0.0079, 0.0472 0.1626 0.0118, 0.0472 0.1626 0.0079, 0.0621 0.1626 0.0118, 0.0621 0.1626 0.0079, 0.0621 0.1496 0.0118, 0.0621 0.1496 0.0079, 0.0481 0.1496 0.0118, 0.0481 0.1496 0.0079, 0.0481 0.1453 0.0118, 0.0481 0.1453 0.0079, 0.0621 0.1453 0.0118, 0.0621 0.1453 0.0079, 0.0621 0.1318 0.0118, 0.0621 0.1318 0.0079, 0.0462 0.1318 0.0118, 0.0462 0.1318 0.0079, 0.0462 0.1275 0.0118, 0.0462 0.1275 0.0079, 0.0882 0.1273 0.0079, 0.0859 0.127 0.0079, 0.0859 0.127 0.0118, 0.0907 0.1276 0.0079, 0.0907 0.1276 0.0118, 0.0945 0.1289 0.0118, 0.0945 0.1289 0.0079, 0.0977 0.1309 0.0118, 0.0977 0.1309 0.0079, 0.1007 0.134 0.0118, 0.1007 0.134 0.0079, 0.1028 0.1377 0.0118, 0.1028 0.1377 0.0079, 0.1039 0.1419 0.0118, 0.1039 0.1419 0.0079, 0.1043 0.1465 0.0118, 0.1043 0.1465 0.0079, 0.1038 0.1521 0.0118, 0.1038 0.1521 0.0079, 0.1022 0.1565 0.0118, 0.1022 0.1565 0.0079, 0.0999 0.1602 0.0118, 0.0999 0.1602 0.0079, 0.0964 0.1636 0.0118, 0.0964 0.1636 0.0079, 0.0926 0.1658 0.0118, 0.0926 0.1658 0.0079, 0.0883 0.1671 0.0118, 0.0883 0.1671 0.0079, 0.0843 0.1674 0.0118, 0.0843 0.1674 0.0079, 0.0796 0.1671 0.0118, 0.0796 0.1671 0.0079, 0.075 0.1658 0.0118, 0.075 0.1658 0.0079, 0.075 0.1605 0.0118, 0.075 0.1605 0.0079, 0.0795 0.1624 0.0118, 0.0795 0.1624 0.0079, 0.0843 0.1631 0.0118, 0.0843 0.1631 0.0079, 0.0881 0.1626 0.0118, 0.0881 0.1626 0.0079, 0.0911 0.1616 0.0118, 0.0911 0.1616 0.0079, 0.0938 0.1597 0.0118, 0.0938 0.1597 0.0079, 0.0962 0.1571 0.0118, 0.0962 0.1571 0.0079, 0.0978 0.1541 0.0118, 0.0978 0.1541 0.0079, 0.0988 0.1499 0.0118, 0.0988 0.1499 0.0079, 0.099 0.1468 0.0118, 0.099 0.1468 0.0079, 0.0986 0.1425 0.0118, 0.0986 0.1425 0.0079, 0.0976 0.1391 0.0118, 0.0976 0.1391 0.0079, 0.0959 0.1364 0.0118, 0.0959 0.1364 0.0079, 0.0941 0.1345 0.0118, 0.0941 0.1345 0.0079, 0.0917 0.1328 0.0118, 0.0917 0.1328 0.0079, 0.0888 0.1318 0.0118, 0.0888 0.1318 0.0079, 0.0851 0.1314 0.0118, 0.0851 0.1314 0.0079, 0.0799 0.1319 0.0118, 0.0799 0.1319 0.0079, 0.0757 0.1335 0.0118, 0.0757 0.1335 0.0079, 0.075 0.1339 0.0118, 0.075 0.1339 0.0079, 0.075 0.1296 0.0118, 0.075 0.1296 0.0079, 0.0792 0.1278 0.0079, 0.0792 0.1278 0.0118, 0.0832 0.1273 0.0079, 0.0848 0.1271 0.0118, 0.0848 0.1271 0.0079, 0.1278 0.1669 0.0118, 0.1278 0.1669 0.0079, 0.1278 0.1275 0.0118, 0.1278 0.1275 0.0079, 0.1226 0.1669 0.0118, 0.1226 0.1669 0.0079, 0.1226 0.1318 0.0118, 0.1226 0.1318 0.0079, 0.1077 0.1318 0.0118, 0.1077 0.1318 0.0079, 0.1077 0.1275 0.0118, 0.1077 0.1275 0.0079, 0.1077 0.1275 0.0079
            ]
        }
        coordIndex [
            0,1,2,-1,2,1,3,-1,4,5,0,-1,0,5,6,-1,0,6,1,-1,1,6,7,-1,4,8,5,-1,5,8,9,-1,5,9,10,-1,10,9,11,-1,10,11,12,-1,12,13,10,-1,10,13,2,-1,10,2,14,-1,14,2,3,-1,14,3,15,-1,3,16,15,-1,15,16,17,-1,1,18,3,-1,3,18,16,-1,7,19,1,-1,1,19,18,-1,6,20,7,-1,7,20,19,-1,5,21,6,-1,6,21,20,-1,10,22,5,-1,5,22,21,-1,14,23,10,-1,10,23,22,-1,14,15,23,-1,23,15,17,-1,24,13,12,-1,24,12,25,-1,25,12,11,-1,25,11,26,-1,9,27,11,-1,11,27,26,-1,27,9,8,-1,27,8,28,-1,28,8,4,-1,28,4,29,-1,0,30,4,-1,4,30,29,-1,2,31,0,-1,0,31,30,-1,24,31,13,-1,13,31,2,-1,32,33,34,-1,34,33,35,-1,33,32,36,-1,33,36,37,-1,37,36,38,-1,37,38,39,-1,39,38,40,-1,39,40,41,-1,41,40,42,-1,41,42,43,-1,43,42,44,-1,43,44,45,-1,45,44,46,-1,45,46,47,-1,47,46,48,-1,47,48,49,-1,49,48,50,-1,49,50,51,-1,51,50,52,-1,51,52,53,-1,53,52,54,-1,53,54,55,-1,55,54,56,-1,55,56,57,-1,57,56,58,-1,57,58,59,-1,59,58,60,-1,59,60,61,-1,61,60,62,-1,61,62,63,-1,63,62,64,-1,63,64,65,-1,66,67,64,-1,64,67,65,-1,66,34,67,-1,67,34,35,-1,46,44,68,-1,68,44,42,-1,68,42,69,-1,69,42,40,-1,69,40,70,-1,70,40,38,-1,70,38,71,-1,71,38,36,-1,71,36,72,-1,72,36,32,-1,72,32,73,-1,73,32,34,-1,73,34,74,-1,74,34,66,-1,74,66,75,-1,75,66,64,-1,75,64,76,-1,76,64,62,-1,76,62,77,-1,77,62,60,-1,77,60,78,-1,78,60,58,-1,78,58,79,-1,79,58,56,-1,79,56,80,-1,80,56,54,-1,80,54,81,-1,81,54,52,-1,81,52,82,-1,82,52,50,-1,82,50,83,-1,83,50,48,-1,83,48,84,-1,84,48,46,-1,84,46,68,-1,75,85,74,-1,74,85,86,-1,85,75,76,-1,85,76,87,-1,87,76,77,-1,87,77,88,-1,88,77,78,-1,88,78,89,-1,89,78,79,-1,89,79,90,-1,90,79,80,-1,90,80,91,-1,91,80,81,-1,91,81,92,-1,92,81,82,-1,92,82,93,-1,93,82,83,-1,93,83,94,-1,94,83,84,-1,94,84,95,-1,95,84,68,-1,95,68,96,-1,96,68,69,-1,96,69,97,-1,97,69,70,-1,97,70,98,-1,98,70,71,-1,98,71,99,-1,99,71,72,-1,99,72,100,-1,73,101,72,-1,72,101,100,-1,86,101,74,-1,74,101,73,-1,102,103,104,-1,104,103,105,-1,106,107,102,-1,102,107,103,-1,108,109,106,-1,106,109,107,-1,110,111,108,-1,108,111,109,-1,112,113,110,-1,110,113,111,-1,114,115,112,-1,112,115,113,-1,116,117,114,-1,114,117,115,-1,118,119,116,-1,116,119,117,-1,120,121,118,-1,118,121,119,-1,122,123,120,-1,120,123,121,-1,124,125,122,-1,122,125,123,-1,124,104,125,-1,125,104,105,-1,104,124,122,-1,122,120,104,-1,104,120,118,-1,104,118,102,-1,108,106,110,-1,110,106,102,-1,110,102,112,-1,112,102,118,-1,112,118,114,-1,114,118,116,-1,126,127,128,-1,126,128,129,-1,128,130,129,-1,129,130,131,-1,129,131,132,-1,132,131,133,-1,132,133,134,-1,134,133,135,-1,134,135,136,-1,136,135,137,-1,136,137,138,-1,138,137,139,-1,138,139,140,-1,140,139,141,-1,140,141,142,-1,142,141,143,-1,142,143,144,-1,144,143,145,-1,144,145,146,-1,146,145,147,-1,146,147,148,-1,148,147,149,-1,148,149,150,-1,150,149,151,-1,150,151,152,-1,152,151,153,-1,152,153,154,-1,154,153,155,-1,154,155,156,-1,156,155,157,-1,156,157,158,-1,158,157,159,-1,158,159,160,-1,161,162,159,-1,159,162,160,-1,162,161,163,-1,162,163,164,-1,164,163,165,-1,164,165,166,-1,166,165,167,-1,166,167,168,-1,168,167,169,-1,168,169,170,-1,170,169,171,-1,170,171,172,-1,172,171,173,-1,172,173,174,-1,174,173,175,-1,174,175,176,-1,176,175,177,-1,176,177,178,-1,178,177,179,-1,178,179,180,-1,180,179,181,-1,180,181,182,-1,182,181,183,-1,182,183,184,-1,184,183,185,-1,184,185,186,-1,186,185,187,-1,186,187,188,-1,188,187,189,-1,188,189,190,-1,190,189,191,-1,190,191,192,-1,192,191,193,-1,192,193,194,-1,194,193,195,-1,194,195,196,-1,196,195,197,-1,196,197,198,-1,198,197,199,-1,198,199,200,-1,201,202,199,-1,199,202,200,-1,203,202,204,-1,204,202,201,-1,203,204,205,-1,205,204,206,-1,205,206,207,-1,207,206,128,-1,207,128,127,-1,191,128,193,-1,193,128,206,-1,193,206,195,-1,195,206,204,-1,195,204,197,-1,197,204,201,-1,197,201,199,-1,161,159,163,-1,163,159,157,-1,163,157,165,-1,165,157,155,-1,165,155,167,-1,167,155,153,-1,167,153,169,-1,169,153,151,-1,169,151,171,-1,171,151,149,-1,171,149,173,-1,173,149,147,-1,173,147,175,-1,175,147,145,-1,175,145,177,-1,177,145,143,-1,177,143,179,-1,179,143,141,-1,179,141,181,-1,181,141,139,-1,181,139,183,-1,183,139,137,-1,183,137,185,-1,185,137,135,-1,185,135,187,-1,187,135,133,-1,187,133,189,-1,189,133,131,-1,189,131,191,-1,191,131,130,-1,191,130,128,-1,208,209,210,-1,210,209,211,-1,212,213,208,-1,208,213,209,-1,214,215,212,-1,212,215,213,-1,216,217,214,-1,214,217,215,-1,218,219,216,-1,216,219,217,-1,218,210,219,-1,219,210,211,-1,212,208,214,-1,214,208,210,-1,214,210,216,-1,216,210,218,-1,
        ]
    }
}
Shape{
    appearance Appearance {
        material  Material 	{
            diffuseColor 0.10980392156862745 0.10980392156862745 0.10980392156862745
            specularColor 0.0784313725490196 0.0784313725490196 0.0784313725490196
            ambientIntensity 0.2
            transparency 0
            shininess 0.5
        }
    }
    geometry IndexedFaceSet {
        ccw TRUE
        solid FALSE
        coord DEF co Coordinate {
            point [
                -0.0069 0.1429 0.0079, -0.02 0.1429 0.0079, -0.0127 0.1593 0.0079, -0.0141 0.1593 0.0079, -0.0131 0.1607 0.0079, -0.0138 0.1607 0.0079, -0.0134 0.1621 0.0079, -0.0135 0.1621 0.0079, 0.0333 0.1626 0.0079, 0.0333 0.1318 0.0079, 0.0275 0.1626 0.0079, 0.0277 0.1318 0.0079, 0.0235 0.1322 0.0079, 0.0121 0.1476 0.0079, 0.0125 0.1515 0.0079, 0.0134 0.1546 0.0079, 0.0228 0.1621 0.0079, 0.0202 0.1333 0.0079, 0.0175 0.1349 0.0079, 0.0153 0.137 0.0079, 0.0137 0.1398 0.0079, 0.0125 0.1435 0.0079, 0.0148 0.1571 0.0079, 0.0167 0.1591 0.0079, 0.0195 0.1609 0.0079, 0.0195 0.1609 0.0079
            ]
        }
        coordIndex [
            0,1,2,-1,2,1,3,-1,2,3,4,-1,4,3,5,-1,4,5,6,-1,6,5,7,-1,8,9,10,-1,10,9,11,-1,10,11,12,-1,13,14,10,-1,10,14,15,-1,10,15,16,-1,12,17,10,-1,10,17,18,-1,10,18,19,-1,19,20,10,-1,10,20,21,-1,10,21,13,-1,22,23,15,-1,15,23,24,-1,15,24,16,-1,
        ]
    }
}