#VRML V2.0 utf8
# 3D model generated by easyeda2kicad.py (https://github.com/uPesy/easyeda2kicad.py)

Shape{
    appearance Appearance {
        material  Material 	{
            diffuseColor 1.0 1.0 1.0
            specularColor 0.30196078431372547 0.30196078431372547 0.30196078431372547
            ambientIntensity 0.2
            transparency 0
            shininess 0.5
        }
    }
    geometry IndexedFaceSet {
        ccw TRUE
        solid FALSE
        coord DEF co Coordinate {
            point [
                -7.31 1.5229 0.1969, -7.313 1.5 0.1969, -9.1781 1.9685 0.1969, -6.31 1.5229 0.1969, -6.313 1.5 0.1969, -6.7244 1.9685 0.1969, -7.31 -1.4771 0.1969, -7.313 -1.5 0.1969, -9.1781 -1.7785 0.1969, 1.3976 1.2598 0.1969, 1.5945 1.2598 0.1969, 1.5945 0.7999 0.1969, -10.3346 1.7717 0.1969, -10.3346 1.9685 0.1969, -5.2853 -0.0997 0.1969, -5.2477 -0.2102 0.1969, -5.4292 -0.2126 0.1969, -5.1757 -0.2126 0.1969, -5.1901 -0.2102 0.1969, -5.1757 0.7999 0.1969, -5.339 0.1835 0.1969, -5.4292 0.7999 0.1969, -5.3918 0.1835 0.1969, -5.4292 0.0876 0.1969, -5.5454 -0.2102 0.1969, -5.8406 -0.2126 0.1969, -5.4878 -0.2102 0.1969, -5.4292 -0.0997 0.1969, -5.448 -0.0997 0.1969, -3.6322 1.9685 0.1969, -4.1358 1.5 0.1969, -4.1388 1.5229 0.1969, -4.1388 1.4771 0.1969, -3.6322 0.7999 0.1969, -4.1477 1.4557 0.1969, -4.313 1.5 0.1969, -4.31 1.4771 0.1969, -4.3963 0.7999 0.1969, -4.3011 1.4557 0.1969, -4.287 1.4374 0.1969, -4.2015 1.4144 0.1969, -4.1801 1.4233 0.1969, -4.1699 0.7999 0.1969, -4.1699 1.4312 0.1969, -4.1618 1.4374 0.1969, -4.1477 1.5443 0.1969, -4.1618 1.5626 0.1969, -4.1699 1.9685 0.1969, -4.1699 1.5688 0.1969, -4.1801 1.5767 0.1969, -4.2015 1.5856 0.1969, -4.2244 1.5886 0.1969, -4.3963 1.9685 0.1969, -4.2473 1.5856 0.1969, -4.2687 1.5767 0.1969, -4.287 1.5626 0.1969, -4.3011 1.5443 0.1969, -4.31 1.5229 0.1969, -4.2687 1.4233 0.1969, -4.2473 1.4144 0.1969, -4.2244 1.4114 0.1969, -5.1388 1.4771 0.1969, -5.1358 1.5 0.1969, -4.806 1.9685 0.1969, -5.1388 1.5229 0.1969, -5.1477 1.5443 0.1969, -5.1618 1.5626 0.1969, -5.1757 1.9685 0.1969, -5.1757 1.5733 0.1969, -5.1801 1.5767 0.1969, -5.2015 1.4144 0.1969, -5.1801 1.4233 0.1969, -5.1757 1.4267 0.1969, -4.806 0.7999 0.1969, -5.1618 1.4374 0.1969, -5.1477 1.4557 0.1969, -5.313 1.5 0.1969, -5.31 1.4771 0.1969, -5.3011 1.4557 0.1969, -5.287 1.4374 0.1969, -5.2687 1.4233 0.1969, -5.2473 1.4144 0.1969, -5.2244 1.4114 0.1969, -5.2015 1.5856 0.1969, -5.2244 1.5886 0.1969, -5.4292 1.9685 0.1969, -5.2473 1.5856 0.1969, -5.2687 1.5767 0.1969, -5.287 1.5626 0.1969, -5.3011 1.5443 0.1969, -5.31 1.5229 0.1969, -3.6322 -1.7785 0.1969, -4.1477 -1.5443 0.1969, -4.1388 -1.5229 0.1969, -4.1358 -1.5 0.1969, -4.1388 -1.4771 0.1969, -3.6322 -0.2126 0.1969, -4.1477 -1.4557 0.1969, -4.1618 -1.4374 0.1969, -4.2015 -1.5856 0.1969, -4.1801 -1.5767 0.1969, -4.1699 -1.7785 0.1969, -4.1699 -1.5688 0.1969, -4.1618 -1.5626 0.1969, -4.31 -1.4771 0.1969, -4.3963 -0.2128 0.1969, -4.3011 -1.4557 0.1969, -4.287 -1.4374 0.1969, -4.1699 -1.4312 0.1969, -4.1801 -1.4233 0.1969, -4.1699 -0.2126 0.1969, -4.2015 -1.4144 0.1969, -4.2244 -1.4114 0.1969, -4.313 -1.5 0.1969, -4.31 -1.5229 0.1969, -4.3963 -1.7785 0.1969, -4.3011 -1.5443 0.1969, -4.287 -1.5626 0.1969, -4.2687 -1.5767 0.1969, -4.2473 -1.5856 0.1969, -4.2244 -1.5886 0.1969, -4.382 -0.2148 0.1969, -4.2473 -1.4144 0.1969, -4.2687 -1.4233 0.1969, -4.3712 -0.215 0.1969, -4.3481 -0.2126 0.1969, -4.806 -1.7785 0.1969, -5.1477 -1.5443 0.1969, -5.1388 -1.5229 0.1969, -5.1358 -1.5 0.1969, -5.1388 -1.4771 0.1969, -4.806 -0.2126 0.1969, -5.31 -1.5229 0.1969, -5.3011 -1.5443 0.1969, -5.4292 -1.7785 0.1969, -5.2687 -1.4233 0.1969, -5.287 -1.4374 0.1969, -5.1477 -1.4557 0.1969, -5.1618 -1.4374 0.1969, -5.1757 -1.4267 0.1969, -5.1801 -1.4233 0.1969, -5.2473 -1.5856 0.1969, -5.1757 -1.7785 0.1969, -5.2244 -1.5886 0.1969, -5.2015 -1.5856 0.1969, -5.1801 -1.5767 0.1969, -5.1757 -1.5733 0.1969, -5.1618 -1.5626 0.1969, -5.3011 -1.4557 0.1969, -5.31 -1.4771 0.1969, -5.313 -1.5 0.1969, -5.287 -1.5626 0.1969, -5.2687 -1.5767 0.1969, -5.2015 -1.4144 0.1969, -5.2244 -1.4114 0.1969, -5.2473 -1.4144 0.1969, -11.0433 0.7999 0.1969, -11.0433 1.2598 0.1969, -10.8465 1.2598 0.1969, -10.3346 -1.7785 0.1969, -10.3346 -1.7717 0.1969, -9.1781 -0.2126 0.1969, -10.8465 -1.7717 0.1969, -10.8465 -1.2598 0.1969, 1.5945 -0.2126 0.1969, 1.5945 -1.2598 0.1969, 1.3976 -1.2598 0.1969, 1.3976 -1.7717 0.1969, 0.8858 -1.7717 0.1969, -2.7244 -0.2126 0.1969, -2.3011 -1.5443 0.1969, -2.7244 -1.7785 0.1969, -2.31 -1.5229 0.1969, -2.313 -1.5 0.1969, -2.287 -1.5626 0.1969, -2.2687 -1.5767 0.1969, -2.2473 -1.5856 0.1969, -2.2244 -1.5886 0.1969, -2.2015 -1.5856 0.1969, 0.8858 -1.7785 0.1969, -2.1801 -1.5767 0.1969, -2.1618 -1.5626 0.1969, -2.1477 -1.5443 0.1969, -2.1388 -1.5229 0.1969, -2.1358 -1.5 0.1969, -2.1388 -1.4771 0.1969, -2.1477 -1.4557 0.1969, -2.1618 -1.4374 0.1969, -2.1801 -1.4233 0.1969, -2.2015 -1.4144 0.1969, -2.2244 -1.4114 0.1969, -2.2473 -1.4144 0.1969, -2.2687 -1.4233 0.1969, -2.287 -1.4374 0.1969, -2.3011 -1.4557 0.1969, -2.31 -1.4771 0.1969, 1.3976 1.7717 0.1969, 0.8858 1.7717 0.1969, -2.7244 0.7999 0.1969, -2.2473 1.5856 0.1969, -2.2687 1.5767 0.1969, -2.7244 1.9685 0.1969, -2.287 1.5626 0.1969, -2.3011 1.5443 0.1969, -2.31 1.5229 0.1969, -2.313 1.5 0.1969, -2.31 1.4771 0.1969, -2.3011 1.4557 0.1969, -2.287 1.4374 0.1969, 0.8858 1.9685 0.1969, -2.1477 1.5443 0.1969, -2.1618 1.5626 0.1969, -2.1801 1.5767 0.1969, -2.2015 1.5856 0.1969, -2.2244 1.5886 0.1969, -2.1477 1.4557 0.1969, -2.1388 1.4771 0.1969, -2.1358 1.5 0.1969, -2.1388 1.5229 0.1969, -2.2687 1.4233 0.1969, -2.2473 1.4144 0.1969, -2.2244 1.4114 0.1969, -2.2015 1.4144 0.1969, -2.1801 1.4233 0.1969, -2.1618 1.4374 0.1969, -4.4795 -0.1465 0.1969, -4.4795 -0.1898 0.1969, -4.518 -0.2126 0.1969, -4.4376 -0.207 0.1969, -4.3978 -0.2126 0.1969, -4.3963 -0.1698 0.1969, -4.4308 -0.1659 0.1969, -4.3963 0.144 0.1969, -4.4725 -0.1505 0.1969, -4.4352 0.1389 0.1969, -4.4795 0.1199 0.1969, -4.518 0.7999 0.1969, -4.4795 0.1727 0.1969, -4.3963 0.1877 0.1969, -4.434 0.1851 0.1969, -4.3873 0.1451 0.1969, -4.2414 0.0131 0.1969, -4.3486 0.1408 0.1969, -4.3191 0.1301 0.1969, -4.2395 -0.0175 0.1969, -4.2435 -0.0601 0.1969, -4.2542 -0.094 0.1969, -4.2705 -0.1213 0.1969, -4.2889 -0.1408 0.1969, -4.3131 -0.1571 0.1969, -4.2919 0.1119 0.1969, -4.2681 0.0857 0.1969, -4.2519 0.0553 0.1969, -4.3418 -0.1676 0.1969, -4.3785 -0.1717 0.1969, -4.2845 -0.1968 0.1969, -4.2529 -0.1766 0.1969, -4.2233 -0.1454 0.1969, -4.2023 -0.108 0.1969, -4.2074 0.0798 0.1969, -4.2305 0.1167 0.1969, -4.2661 0.1508 0.1969, -4.3227 -0.2099 0.1969, -4.3035 0.1724 0.1969, -4.3474 0.1851 0.1969, -4.3869 0.1883 0.1969, -4.1905 -0.0663 0.1969, -4.1867 -0.0207 0.1969, -4.1923 0.0352 0.1969, -4.518 -1.7785 0.1969, -4.518 -1.9685 0.1969, -4.3963 -1.9685 0.1969, -4.1699 -1.9685 0.1969, -3.6322 -1.9685 0.1969, -2.7244 -1.9685 0.1969, 0.8858 -1.9685 0.1969, -5.4292 -1.9685 0.1969, -5.1757 -1.9685 0.1969, -4.806 -1.9685 0.1969, -9.1781 -1.9685 0.1969, -6.7244 -1.9685 0.1969, -6.7244 -1.7785 0.1969, -5.8406 -1.9685 0.1969, -5.8406 -1.7785 0.1969, -3.2244 -1.5886 0.1969, -3.2015 -1.5856 0.1969, -3.1801 -1.5767 0.1969, -3.1801 -1.4233 0.1969, -3.2015 -1.4144 0.1969, -3.313 -1.5 0.1969, -3.31 -1.5229 0.1969, -3.3011 -1.5443 0.1969, -3.287 -1.5626 0.1969, -3.2687 -1.5767 0.1969, -3.2473 -1.5856 0.1969, -3.1618 -1.5626 0.1969, -3.1477 -1.5443 0.1969, -3.1388 -1.5229 0.1969, -3.1618 -1.4374 0.1969, -3.1358 -1.5 0.1969, -3.1388 -1.4771 0.1969, -3.1477 -1.4557 0.1969, -3.2687 -1.4233 0.1969, -3.287 -1.4374 0.1969, -3.3011 -1.4557 0.1969, -3.31 -1.4771 0.1969, -3.2244 -1.4114 0.1969, -3.2473 -1.4144 0.1969, -6.313 -1.5 0.1969, -6.31 -1.5229 0.1969, -6.3011 -1.5443 0.1969, -6.287 -1.5626 0.1969, -6.2244 -1.4114 0.1969, -6.2473 -1.4144 0.1969, -6.7244 -0.2126 0.1969, -6.3011 -1.4557 0.1969, -6.31 -1.4771 0.1969, -6.2015 -1.5856 0.1969, -6.1801 -1.5767 0.1969, -6.1618 -1.5626 0.1969, -6.1477 -1.5443 0.1969, -6.1388 -1.5229 0.1969, -6.2687 -1.5767 0.1969, -6.2473 -1.5856 0.1969, -6.2244 -1.5886 0.1969, -6.1618 -1.4374 0.1969, -6.1801 -1.4233 0.1969, -6.2015 -1.4144 0.1969, -6.2687 -1.4233 0.1969, -6.287 -1.4374 0.1969, -6.1358 -1.5 0.1969, -6.1388 -1.4771 0.1969, -6.1477 -1.4557 0.1969, -7.31 -1.5229 0.1969, -7.3011 -1.5443 0.1969, -7.287 -1.5626 0.1969, -7.1618 -1.4374 0.1969, -7.1801 -1.4233 0.1969, -7.2687 -1.5767 0.1969, -7.2473 -1.5856 0.1969, -7.2244 -1.5886 0.1969, -7.2015 -1.5856 0.1969, -7.1477 -1.5443 0.1969, -7.1388 -1.5229 0.1969, -7.1358 -1.5 0.1969, -7.1388 -1.4771 0.1969, -7.1477 -1.4557 0.1969, -7.3011 -1.4557 0.1969, -10.3346 -1.9685 0.1969, -7.1801 -1.5767 0.1969, -7.1618 -1.5626 0.1969, -7.2015 -1.4144 0.1969, -7.2244 -1.4114 0.1969, -7.2473 -1.4144 0.1969, -7.2687 -1.4233 0.1969, -7.287 -1.4374 0.1969, -4.1531 -0.1669 0.1969, -4.1531 -0.2102 0.1969, -3.9514 -0.2102 0.1969, -4.0042 -0.1669 0.1969, -4.0042 0.1835 0.1969, -3.9514 0.1835 0.1969, -4.7676 -0.1669 0.1969, -4.7676 -0.2102 0.1969, -4.5564 -0.2102 0.1969, -4.5564 0.1835 0.1969, -4.758 0.1403 0.1969, -4.758 0.1835 0.1969, -4.6092 -0.0325 0.1969, -4.6092 -0.1669 0.1969, -4.7484 -0.0325 0.1969, -4.7484 0.0107 0.1969, -4.6092 0.0107 0.1969, -4.6092 0.1403 0.1969, -5.1417 -0.1023 0.1969, -5.1191 -0.1375 0.1969, -5.0867 -0.1685 0.1969, -5.0456 -0.1924 0.1969, -5.0124 0.1775 0.1969, -5.0585 0.1613 0.1969, -5.1013 0.1326 0.1969, -4.8444 0.1835 0.1969, -4.9555 0.1835 0.1969, -5.1017 0.1322 0.1969, -5.1296 0.1013 0.1969, -5.1479 0.0675 0.1969, -5.0002 -0.2059 0.1969, -4.9515 -0.2102 0.1969, -4.8444 -0.2102 0.1969, -5.1585 0.0287 0.1969, -5.1613 -0.0084 0.1969, -5.1558 -0.061 0.1969, -10.8465 1.7717 0.1969, -9.1781 0.7999 0.1969, -11.0433 -0.2126 0.1969, -11.0433 -1.2598 0.1969, -3.1388 1.5229 0.1969, -3.1477 1.5443 0.1969, -3.3011 1.5443 0.1969, -3.31 1.5229 0.1969, -3.313 1.5 0.1969, -3.31 1.4771 0.1969, -3.3011 1.4557 0.1969, -3.287 1.4374 0.1969, -3.2687 1.4233 0.1969, -3.2473 1.4144 0.1969, -3.2244 1.4114 0.1969, -3.1618 1.4374 0.1969, -3.1801 1.4233 0.1969, -3.2015 1.4144 0.1969, -3.1477 1.4557 0.1969, -3.1388 1.4771 0.1969, -3.1358 1.5 0.1969, -3.2015 1.5856 0.1969, -3.2244 1.5886 0.1969, -3.2473 1.5856 0.1969, -3.2687 1.5767 0.1969, -3.287 1.5626 0.1969, -3.1618 1.5626 0.1969, -3.1801 1.5767 0.1969, -4.518 1.9685 0.1969, -5.8406 1.9685 0.1969, -6.7244 0.7999 0.1969, -6.31 1.4771 0.1969, -6.3011 1.4557 0.1969, -6.2244 1.4114 0.1969, -6.2015 1.4144 0.1969, -5.8406 0.7999 0.1969, -6.1477 1.4557 0.1969, -6.1388 1.4771 0.1969, -6.1358 1.5 0.1969, -6.1388 1.5229 0.1969, -6.287 1.4374 0.1969, -6.2687 1.4233 0.1969, -6.2473 1.4144 0.1969, -6.1801 1.4233 0.1969, -6.1618 1.4374 0.1969, -6.2687 1.5767 0.1969, -6.287 1.5626 0.1969, -6.3011 1.5443 0.1969, -6.1477 1.5443 0.1969, -6.1618 1.5626 0.1969, -6.1801 1.5767 0.1969, -6.2015 1.5856 0.1969, -6.2244 1.5886 0.1969, -6.2473 1.5856 0.1969, -7.31 1.4771 0.1969, -7.3011 1.4557 0.1969, -7.287 1.4374 0.1969, -7.2687 1.4233 0.1969, -7.2473 1.4144 0.1969, -7.2244 1.4114 0.1969, -7.1388 1.5229 0.1969, -7.1477 1.5443 0.1969, -7.1618 1.5626 0.1969, -7.1801 1.5767 0.1969, -7.2015 1.4144 0.1969, -7.1801 1.4233 0.1969, -7.1618 1.4374 0.1969, -7.1477 1.4557 0.1969, -7.1388 1.4771 0.1969, -7.1358 1.5 0.1969, -7.2687 1.5767 0.1969, -7.287 1.5626 0.1969, -7.3011 1.5443 0.1969, -7.2015 1.5856 0.1969, -7.2244 1.5886 0.1969, -7.2473 1.5856 0.1969, -7.2473 1.5856 0.1969
            ]
        }
        coordIndex [
            0,1,2,-1,3,4,5,-1,6,7,8,-1,9,10,11,-1,12,13,2,-1,14,15,16,-1,16,15,17,-1,17,15,18,-1,17,18,19,-1,19,18,20,-1,19,20,21,-1,21,20,22,-1,21,22,23,-1,23,24,25,-1,24,26,16,-1,14,16,27,-1,27,16,26,-1,27,26,28,-1,29,30,31,-1,30,29,32,-1,32,29,33,-1,32,33,34,-1,35,36,37,-1,37,36,38,-1,37,38,39,-1,40,41,42,-1,42,41,43,-1,42,43,33,-1,33,43,44,-1,33,44,34,-1,31,45,29,-1,29,45,46,-1,29,46,47,-1,47,46,48,-1,47,48,49,-1,49,50,47,-1,47,50,51,-1,47,51,52,-1,52,51,53,-1,52,53,54,-1,54,55,52,-1,52,55,56,-1,52,56,57,-1,39,58,37,-1,37,58,59,-1,37,59,42,-1,42,59,60,-1,42,60,40,-1,61,62,63,-1,63,62,64,-1,64,65,63,-1,63,65,66,-1,63,66,67,-1,67,66,68,-1,67,68,69,-1,70,71,19,-1,19,71,72,-1,19,72,73,-1,73,72,74,-1,73,74,75,-1,76,77,21,-1,21,77,78,-1,21,78,79,-1,79,80,21,-1,21,80,81,-1,21,81,19,-1,19,81,82,-1,19,82,70,-1,69,83,67,-1,67,83,84,-1,67,84,85,-1,85,84,86,-1,85,86,87,-1,87,88,85,-1,85,88,89,-1,85,89,90,-1,91,92,93,-1,93,94,91,-1,91,94,95,-1,91,95,96,-1,96,95,97,-1,96,97,98,-1,99,100,101,-1,101,100,102,-1,101,102,91,-1,91,102,103,-1,91,103,92,-1,104,105,106,-1,106,105,107,-1,108,109,110,-1,110,109,111,-1,110,111,112,-1,113,114,115,-1,115,114,116,-1,115,116,117,-1,117,118,115,-1,115,118,119,-1,115,119,101,-1,101,119,120,-1,101,120,99,-1,121,122,105,-1,105,122,123,-1,105,123,107,-1,121,124,122,-1,122,124,125,-1,122,125,112,-1,126,127,128,-1,128,129,126,-1,126,129,130,-1,126,130,131,-1,132,133,134,-1,135,136,16,-1,130,137,131,-1,131,137,138,-1,131,138,17,-1,17,138,139,-1,17,139,140,-1,134,141,142,-1,142,141,143,-1,142,143,144,-1,144,145,142,-1,142,145,146,-1,142,146,126,-1,126,146,147,-1,126,147,127,-1,136,148,16,-1,16,148,149,-1,16,149,134,-1,134,149,150,-1,134,150,132,-1,133,151,134,-1,134,151,152,-1,134,152,141,-1,140,153,17,-1,17,153,154,-1,17,154,16,-1,16,154,155,-1,16,155,135,-1,156,157,158,-1,159,160,161,-1,161,160,162,-1,161,162,163,-1,164,165,166,-1,167,168,169,-1,170,171,172,-1,172,171,173,-1,170,174,171,-1,171,174,175,-1,171,175,176,-1,176,177,171,-1,171,177,178,-1,171,178,179,-1,179,178,180,-1,179,180,181,-1,181,182,179,-1,179,182,183,-1,179,183,168,-1,168,183,184,-1,168,184,185,-1,185,186,168,-1,168,186,187,-1,168,187,169,-1,169,187,188,-1,169,188,189,-1,189,190,169,-1,169,190,191,-1,169,191,192,-1,192,193,169,-1,169,193,194,-1,169,194,171,-1,171,194,195,-1,171,195,173,-1,196,9,197,-1,197,9,198,-1,199,200,201,-1,201,200,202,-1,201,202,203,-1,203,204,201,-1,201,204,205,-1,201,205,198,-1,205,206,198,-1,198,206,207,-1,198,207,208,-1,209,210,211,-1,211,212,209,-1,209,212,213,-1,209,213,201,-1,201,213,214,-1,201,214,199,-1,215,216,197,-1,197,216,217,-1,197,217,209,-1,209,217,218,-1,209,218,210,-1,208,219,198,-1,198,219,220,-1,198,220,221,-1,221,222,198,-1,198,222,223,-1,198,223,197,-1,197,223,224,-1,197,224,215,-1,225,226,227,-1,227,226,228,-1,227,228,229,-1,230,231,232,-1,232,231,233,-1,232,233,234,-1,234,233,225,-1,234,225,235,-1,235,225,236,-1,235,236,237,-1,37,238,236,-1,236,238,239,-1,236,239,237,-1,232,240,241,-1,241,240,242,-1,241,242,243,-1,241,244,232,-1,232,244,245,-1,232,245,246,-1,246,247,232,-1,232,247,248,-1,232,248,249,-1,243,250,241,-1,241,250,251,-1,241,251,252,-1,249,253,232,-1,232,253,254,-1,232,254,230,-1,255,256,110,-1,110,256,257,-1,110,257,258,-1,259,260,42,-1,42,260,261,-1,112,125,110,-1,110,125,262,-1,110,262,255,-1,261,263,42,-1,42,263,264,-1,42,264,37,-1,37,264,265,-1,37,265,238,-1,258,266,110,-1,110,266,267,-1,110,267,42,-1,42,267,268,-1,42,268,259,-1,104,113,105,-1,105,113,115,-1,105,115,229,-1,229,115,269,-1,229,269,227,-1,270,269,271,-1,271,269,115,-1,271,115,272,-1,272,115,101,-1,272,101,273,-1,273,101,91,-1,273,91,274,-1,274,91,171,-1,274,171,275,-1,275,171,179,-1,276,134,277,-1,277,134,142,-1,277,142,278,-1,278,142,126,-1,278,126,270,-1,279,8,280,-1,280,8,281,-1,280,281,282,-1,282,281,283,-1,91,284,171,-1,171,284,285,-1,171,285,286,-1,287,288,169,-1,289,290,91,-1,91,290,291,-1,91,291,292,-1,292,293,91,-1,91,293,294,-1,91,294,284,-1,286,295,171,-1,171,295,296,-1,171,296,297,-1,287,169,298,-1,297,299,171,-1,171,299,300,-1,171,300,169,-1,169,300,301,-1,169,301,298,-1,302,303,96,-1,96,303,304,-1,96,304,91,-1,91,304,305,-1,91,305,289,-1,288,306,96,-1,96,306,307,-1,96,307,302,-1,24,16,25,-1,25,16,134,-1,25,134,283,-1,283,134,276,-1,283,276,282,-1,308,309,281,-1,281,309,310,-1,281,310,311,-1,312,313,314,-1,314,315,281,-1,281,315,316,-1,281,316,308,-1,283,317,318,-1,318,319,283,-1,283,319,320,-1,283,320,321,-1,311,322,281,-1,281,322,323,-1,281,323,283,-1,283,323,324,-1,283,324,317,-1,325,326,25,-1,25,326,327,-1,25,327,312,-1,313,328,314,-1,314,328,329,-1,314,329,315,-1,321,330,283,-1,283,330,331,-1,283,331,25,-1,25,331,332,-1,25,332,325,-1,7,333,8,-1,8,333,334,-1,8,334,335,-1,336,337,314,-1,335,338,8,-1,8,338,339,-1,8,339,281,-1,281,339,340,-1,281,340,341,-1,281,342,343,-1,343,344,281,-1,281,344,345,-1,281,345,314,-1,314,345,346,-1,314,346,336,-1,347,6,161,-1,161,6,8,-1,161,8,159,-1,159,8,279,-1,159,279,348,-1,341,349,281,-1,281,349,350,-1,281,350,342,-1,337,351,314,-1,314,351,352,-1,314,352,353,-1,353,354,161,-1,161,354,355,-1,161,355,347,-1,9,11,198,-1,198,11,164,-1,198,164,169,-1,169,164,166,-1,169,166,167,-1,42,356,110,-1,110,356,357,-1,110,357,358,-1,359,356,360,-1,360,356,42,-1,360,42,361,-1,361,42,33,-1,361,33,358,-1,358,33,96,-1,358,96,110,-1,110,96,98,-1,110,98,108,-1,362,363,131,-1,131,363,364,-1,270,126,269,-1,269,126,131,-1,269,131,227,-1,227,131,364,-1,227,364,365,-1,366,362,73,-1,225,227,236,-1,236,227,365,-1,236,365,73,-1,73,365,367,-1,73,367,366,-1,368,369,370,-1,370,369,362,-1,370,362,371,-1,371,362,366,-1,371,366,372,-1,372,366,373,-1,374,375,17,-1,17,375,376,-1,17,376,377,-1,378,379,19,-1,19,379,380,-1,362,131,73,-1,73,131,381,-1,73,381,19,-1,19,381,382,-1,19,382,378,-1,380,383,19,-1,19,383,384,-1,19,384,385,-1,377,386,17,-1,17,386,387,-1,17,387,131,-1,131,387,388,-1,131,388,381,-1,385,389,19,-1,19,389,390,-1,19,390,17,-1,17,390,391,-1,17,391,374,-1,392,12,158,-1,158,12,393,-1,158,393,156,-1,156,393,161,-1,156,161,394,-1,394,161,163,-1,394,163,395,-1,396,397,201,-1,398,399,29,-1,29,399,400,-1,29,400,33,-1,400,401,33,-1,33,401,402,-1,33,402,403,-1,403,404,33,-1,33,404,405,-1,33,405,406,-1,407,198,408,-1,408,198,409,-1,407,410,198,-1,198,410,411,-1,198,411,201,-1,201,411,412,-1,201,412,396,-1,288,96,169,-1,169,96,33,-1,169,33,198,-1,198,33,406,-1,198,406,409,-1,201,413,29,-1,29,413,414,-1,29,414,415,-1,415,416,29,-1,29,416,417,-1,29,417,398,-1,397,418,201,-1,201,418,419,-1,201,419,413,-1,75,61,73,-1,73,61,63,-1,73,63,236,-1,236,63,420,-1,236,420,37,-1,37,420,52,-1,37,52,35,-1,35,52,57,-1,90,76,85,-1,85,76,21,-1,85,21,421,-1,5,4,422,-1,422,4,423,-1,422,423,424,-1,425,426,427,-1,427,428,429,-1,421,430,431,-1,424,432,422,-1,422,432,433,-1,422,433,434,-1,426,435,427,-1,427,435,436,-1,427,436,428,-1,23,25,21,-1,21,25,427,-1,21,427,421,-1,421,427,429,-1,421,429,430,-1,437,438,5,-1,5,438,439,-1,5,439,3,-1,312,314,25,-1,25,314,422,-1,25,422,427,-1,427,422,434,-1,427,434,425,-1,431,440,421,-1,421,440,441,-1,421,441,442,-1,442,443,421,-1,421,443,444,-1,421,444,5,-1,5,444,445,-1,5,445,437,-1,12,2,393,-1,393,2,1,-1,393,1,446,-1,446,447,393,-1,393,447,448,-1,393,448,449,-1,450,451,422,-1,452,453,5,-1,5,453,454,-1,5,454,455,-1,451,456,422,-1,422,456,457,-1,422,457,458,-1,353,161,314,-1,314,161,393,-1,314,393,422,-1,422,393,449,-1,422,449,450,-1,458,459,422,-1,422,459,460,-1,422,460,5,-1,5,460,461,-1,5,461,452,-1,462,463,2,-1,2,463,464,-1,2,464,0,-1,455,465,5,-1,5,465,466,-1,5,466,2,-1,2,466,467,-1,2,467,462,-1,
        ]
    }
}
Shape{
    appearance Appearance {
        material  Material 	{
            diffuseColor 0.7019607843137254 0.7019607843137254 0.7019607843137254
            specularColor 0.050980392156862744 0.050980392156862744 0.050980392156862744
            ambientIntensity 0.2
            transparency 0
            shininess 0.5
        }
    }
    geometry IndexedFaceSet {
        ccw TRUE
        solid FALSE
        coord DEF co Coordinate {
            point [
                -10.1684 -0.9723 2.2795, -10.1632 -0.9548 2.2795, -10.3393 -0.0265 2.2795, -10.5421 -1.2968 2.2795, -10.5613 -1.2857 2.2795, -10.5615 -1.2886 2.2795, -10.1776 -0.9881 2.2795, -10.1901 -1.0014 2.2795, -10.5556 -1.298 2.2795, -10.553 -1.2991 2.2795, -10.5501 -1.2995 2.2795, -10.5609 -1.2914 2.2795, -10.5597 -1.294 2.2795, -10.5445 -1.2983 2.2795, -10.5473 -1.2993 2.2795, -10.0753 -0.1701 2.2795, -10.3215 -0.0185 2.2795, -10.3385 -0.0237 2.2795, -10.3241 -0.0173 2.2795, -10.337 -0.0213 2.2795, -10.0391 -0.2508 2.2795, -10.038 -0.2321 2.2795, -10.0606 -0.1817 2.2795, -10.0414 -0.2136 2.2795, -10.0491 -0.1965 2.2795, -10.3298 -0.0169 2.2795, -10.3325 -0.0178 2.2795, -10.335 -0.0193 2.2795, -10.5579 -1.2962 2.2795, -10.3269 -0.0168 2.2795, -10.1901 -1.0014 2.2835, -10.4111 -1.1869 2.2835, -10.5421 -1.2968 2.2835, -10.1776 -0.9881 2.2835, -10.1684 -0.9723 2.2835, -10.1632 -0.9548 2.2835, -10.0391 -0.2508 2.2835, -10.1013 -0.604 2.2835, -10.038 -0.2321 2.2835, -10.0414 -0.2136 2.2835, -10.0491 -0.1965 2.2835, -10.0606 -0.1817 2.2835, -10.0753 -0.1701 2.2835, -10.3215 -0.0185 2.2835, -10.3241 -0.0173 2.2835, -10.3269 -0.0168 2.2835, -10.3298 -0.0169 2.2835, -10.3325 -0.0178 2.2835, -10.335 -0.0193 2.2835, -10.337 -0.0213 2.2835, -10.3385 -0.0237 2.2835, -10.3393 -0.0265 2.2835, -10.4111 -0.4338 2.2835, -10.4411 -0.604 2.2835, -10.5613 -1.2857 2.2835, -10.5615 -1.2886 2.2835, -10.5609 -1.2914 2.2835, -10.5597 -1.294 2.2835, -10.5579 -1.2962 2.2835, -10.5556 -1.298 2.2835, -10.553 -1.2991 2.2835, -10.5501 -1.2995 2.2835, -10.5473 -1.2993 2.2835, -10.5445 -1.2983 2.2835, -7.0188 -0.9723 2.2795, -7.0136 -0.9548 2.2795, -7.1897 -0.0265 2.2795, -7.3925 -1.2968 2.2795, -7.4117 -1.2857 2.2795, -7.4119 -1.2886 2.2795, -7.028 -0.9881 2.2795, -7.0405 -1.0014 2.2795, -6.9257 -0.1701 2.2795, -7.1719 -0.0185 2.2795, -7.1889 -0.0237 2.2795, -7.406 -1.298 2.2795, -7.4034 -1.2991 2.2795, -7.4005 -1.2995 2.2795, -7.4113 -1.2914 2.2795, -7.4101 -1.294 2.2795, -7.3949 -1.2983 2.2795, -7.3977 -1.2993 2.2795, -6.8895 -0.2508 2.2795, -6.8884 -0.2321 2.2795, -6.911 -0.1817 2.2795, -6.8918 -0.2136 2.2795, -6.8995 -0.1965 2.2795, -7.4083 -1.2962 2.2795, -7.1854 -0.0193 2.2795, -7.1773 -0.0168 2.2795, -7.1829 -0.0178 2.2795, -7.1802 -0.0169 2.2795, -7.1745 -0.0173 2.2795, -7.1874 -0.0213 2.2795, -7.0405 -1.0014 2.2835, -7.2615 -1.1869 2.2835, -7.3925 -1.2968 2.2835, -7.028 -0.9881 2.2835, -7.0188 -0.9723 2.2835, -7.0136 -0.9548 2.2835, -6.8895 -0.2508 2.2835, -6.9517 -0.604 2.2835, -6.8884 -0.2321 2.2835, -6.8918 -0.2136 2.2835, -6.8995 -0.1965 2.2835, -6.911 -0.1817 2.2835, -6.9257 -0.1701 2.2835, -7.1719 -0.0185 2.2835, -7.1745 -0.0173 2.2835, -7.1773 -0.0168 2.2835, -7.1802 -0.0169 2.2835, -7.1829 -0.0178 2.2835, -7.1854 -0.0193 2.2835, -7.1874 -0.0213 2.2835, -7.1889 -0.0237 2.2835, -7.1897 -0.0265 2.2835, -7.2615 -0.4338 2.2835, -7.2915 -0.604 2.2835, -7.4117 -1.2857 2.2835, -7.4119 -1.2886 2.2835, -7.4113 -1.2914 2.2835, -7.4101 -1.294 2.2835, -7.4083 -1.2962 2.2835, -7.406 -1.298 2.2835, -7.4034 -1.2991 2.2835, -7.4005 -1.2995 2.2835, -7.3977 -1.2993 2.2835, -7.3949 -1.2983 2.2835, -9.1416 -1.0507 2.2795, -9.1578 -1.0452 2.2795, -9.1269 -1.0596 2.2795, -9.1146 -1.0714 2.2795, -8.8797 -1.3776 2.2795, -8.877 -1.3765 2.2795, -8.8827 -1.378 2.2795, -8.8746 -1.3747 2.2795, -8.8727 -1.3724 2.2795, -8.8714 -1.3697 2.2795, -8.8709 -1.3668 2.2795, -8.8711 -1.3639 2.2795, -10.4839 -1.378 2.2795, -8.8736 -1.3585 2.2795, -8.872 -1.361 2.2795, -9.1749 -1.0433 2.2795, -10.0889 -1.0433 2.2795, -10.1395 -1.0617 2.2795, -10.1071 -1.0454 2.2795, -10.1242 -1.0517 2.2795, -10.4949 -1.3617 2.2795, -10.4956 -1.3645 2.2795, -10.4868 -1.3776 2.2795, -10.4915 -1.3571 2.2795, -10.4935 -1.3592 2.2795, -10.4957 -1.3674 2.2795, -10.495 -1.3702 2.2795, -10.4895 -1.3766 2.2795, -10.4937 -1.3727 2.2795, -10.4918 -1.3749 2.2795, -9.1146 -1.0714 2.2835, -8.8736 -1.3585 2.2835, -9.1269 -1.0596 2.2835, -9.1416 -1.0507 2.2835, -9.1578 -1.0452 2.2835, -9.1749 -1.0433 2.2835, -10.0323 -1.0433 2.2835, -10.0889 -1.0433 2.2835, -9.4488 -1.0433 2.2835, -10.1071 -1.0454 2.2835, -10.1242 -1.0517 2.2835, -10.1395 -1.0617 2.2835, -10.4915 -1.3571 2.2835, -10.4111 -1.2896 2.2835, -10.4935 -1.3592 2.2835, -10.4949 -1.3617 2.2835, -10.4956 -1.3645 2.2835, -10.4957 -1.3674 2.2835, -10.495 -1.3702 2.2835, -10.4937 -1.3727 2.2835, -10.4918 -1.3749 2.2835, -10.4895 -1.3766 2.2835, -10.4868 -1.3776 2.2835, -10.4839 -1.378 2.2835, -10.4111 -1.378 2.2835, -10.0323 -1.378 2.2835, -9.4488 -1.378 2.2835, -8.8827 -1.378 2.2835, -8.8797 -1.3776 2.2835, -8.877 -1.3765 2.2835, -8.8746 -1.3747 2.2835, -8.8727 -1.3724 2.2835, -8.8714 -1.3697 2.2835, -8.8709 -1.3668 2.2835, -8.8711 -1.3639 2.2835, -8.872 -1.361 2.2835, -5.9649 -1.0714 2.2795, -7.3343 -1.378 2.2795, -5.724 -1.3585 2.2795, -5.7331 -1.378 2.2795, -5.7218 -1.3697 2.2795, -5.7213 -1.3668 2.2795, -5.9773 -1.0596 2.2795, -5.992 -1.0507 2.2795, -6.0082 -1.0452 2.2795, -5.7301 -1.3776 2.2795, -5.7274 -1.3765 2.2795, -5.7215 -1.3639 2.2795, -5.7224 -1.361 2.2795, -6.0253 -1.0433 2.2795, -6.9393 -1.0433 2.2795, -6.9899 -1.0617 2.2795, -6.9574 -1.0454 2.2795, -6.9746 -1.0517 2.2795, -5.725 -1.3747 2.2795, -5.7231 -1.3724 2.2795, -7.3453 -1.3617 2.2795, -7.346 -1.3645 2.2795, -7.3372 -1.3776 2.2795, -7.3419 -1.3571 2.2795, -7.3439 -1.3592 2.2795, -7.3461 -1.3674 2.2795, -7.3454 -1.3702 2.2795, -7.3399 -1.3766 2.2795, -7.3441 -1.3727 2.2795, -7.3422 -1.3749 2.2795, -5.9649 -1.0714 2.2835, -5.724 -1.3585 2.2835, -5.9773 -1.0596 2.2835, -5.992 -1.0507 2.2835, -6.0082 -1.0452 2.2835, -6.0253 -1.0433 2.2835, -6.8827 -1.0433 2.2835, -6.9393 -1.0433 2.2835, -6.2992 -1.0433 2.2835, -6.9574 -1.0454 2.2835, -6.9746 -1.0517 2.2835, -6.9899 -1.0617 2.2835, -7.3419 -1.3571 2.2835, -7.2615 -1.2896 2.2835, -7.3439 -1.3592 2.2835, -7.3453 -1.3617 2.2835, -7.346 -1.3645 2.2835, -7.3461 -1.3674 2.2835, -7.3454 -1.3702 2.2835, -7.3441 -1.3727 2.2835, -7.3422 -1.3749 2.2835, -7.3399 -1.3766 2.2835, -7.3372 -1.3776 2.2835, -7.3343 -1.378 2.2835, -7.2615 -1.378 2.2835, -6.8827 -1.378 2.2835, -6.2992 -1.378 2.2835, -5.7331 -1.378 2.2835, -5.7301 -1.3776 2.2835, -5.7274 -1.3765 2.2835, -5.725 -1.3747 2.2835, -5.7231 -1.3724 2.2835, -5.7218 -1.3697 2.2835, -5.7213 -1.3668 2.2835, -5.7215 -1.3639 2.2835, -5.7224 -1.361 2.2835, -8.5936 -0.0655 2.2795, -8.9092 -0.2215 2.2795, -8.9519 -0.2784 2.2795, -9.0715 -0.9565 2.2795, -8.5768 -0.0782 2.2795, -9.0726 -0.9736 2.2795, -9.07 -0.9906 2.2795, -9.0638 -1.0066 2.2795, -9.0542 -1.0208 2.2795, -8.7926 -1.3024 2.2795, -8.8133 -1.3079 2.2795, -8.7935 -1.3052 2.2795, -8.8111 -1.31 2.2795, -8.8085 -1.3114 2.2795, -8.5772 -0.0725 2.2795, -8.5784 -0.0698 2.2795, -8.9247 -0.2316 2.2795, -8.9374 -0.2449 2.2795, -8.9466 -0.2608 2.2795, -8.8056 -1.3121 2.2795, -8.8027 -1.312 2.2795, -8.7998 -1.3113 2.2795, -8.7972 -1.3098 2.2795, -8.7951 -1.3078 2.2795, -8.5766 -0.0753 2.2795, -8.5852 -0.0648 2.2795, -8.5825 -0.0659 2.2795, -8.5802 -0.0676 2.2795, -8.588 -0.0643 2.2795, -8.5909 -0.0646 2.2795, -8.8686 -0.2014 2.2835, -8.9092 -0.2215 2.2835, -8.636 -0.0865 2.2835, -8.5936 -0.0655 2.2835, -8.9247 -0.2316 2.2835, -8.9374 -0.2449 2.2835, -8.9466 -0.2608 2.2835, -8.9519 -0.2784 2.2835, -9.0715 -0.9565 2.2835, -9.0093 -0.604 2.2835, -9.0726 -0.9736 2.2835, -9.07 -0.9906 2.2835, -9.0638 -1.0066 2.2835, -9.0542 -1.0208 2.2835, -8.8133 -1.3079 2.2835, -8.8686 -1.242 2.2835, -8.8111 -1.31 2.2835, -8.8085 -1.3114 2.2835, -8.8056 -1.3121 2.2835, -8.8027 -1.312 2.2835, -8.7998 -1.3113 2.2835, -8.7972 -1.3098 2.2835, -8.7951 -1.3078 2.2835, -8.7935 -1.3052 2.2835, -8.7926 -1.3024 2.2835, -8.6695 -0.604 2.2835, -8.636 -0.4142 2.2835, -8.5768 -0.0782 2.2835, -8.5766 -0.0753 2.2835, -8.5772 -0.0725 2.2835, -8.5784 -0.0698 2.2835, -8.5802 -0.0676 2.2835, -8.5825 -0.0659 2.2835, -8.5852 -0.0648 2.2835, -8.588 -0.0643 2.2835, -8.5909 -0.0646 2.2835, -5.8023 -0.2784 2.2795, -5.9219 -0.9565 2.2795, -5.7596 -0.2215 2.2795, -5.444 -0.0655 2.2795, -5.9204 -0.9906 2.2795, -5.4272 -0.0782 2.2795, -5.923 -0.9736 2.2795, -5.6637 -1.3079 2.2795, -5.643 -1.3024 2.2795, -5.9046 -1.0208 2.2795, -5.9142 -1.0066 2.2795, -5.6476 -1.3098 2.2795, -5.6455 -1.3078 2.2795, -5.6439 -1.3052 2.2795, -5.427 -0.0753 2.2795, -5.4276 -0.0725 2.2795, -5.797 -0.2608 2.2795, -5.7751 -0.2316 2.2795, -5.7878 -0.2449 2.2795, -5.656 -1.3121 2.2795, -5.6589 -1.3114 2.2795, -5.6615 -1.31 2.2795, -5.6531 -1.312 2.2795, -5.6502 -1.3113 2.2795, -5.4288 -0.0698 2.2795, -5.4306 -0.0676 2.2795, -5.4329 -0.0659 2.2795, -5.4356 -0.0648 2.2795, -5.4384 -0.0643 2.2795, -5.4413 -0.0646 2.2795, -5.719 -0.2014 2.2835, -5.7596 -0.2215 2.2835, -5.4864 -0.0865 2.2835, -5.444 -0.0655 2.2835, -5.7751 -0.2316 2.2835, -5.7878 -0.2449 2.2835, -5.797 -0.2608 2.2835, -5.8023 -0.2784 2.2835, -5.9219 -0.9565 2.2835, -5.8597 -0.604 2.2835, -5.923 -0.9736 2.2835, -5.9204 -0.9906 2.2835, -5.9142 -1.0066 2.2835, -5.9046 -1.0208 2.2835, -5.6637 -1.3079 2.2835, -5.719 -1.242 2.2835, -5.6615 -1.31 2.2835, -5.6589 -1.3114 2.2835, -5.656 -1.3121 2.2835, -5.6531 -1.312 2.2835, -5.6502 -1.3113 2.2835, -5.6476 -1.3098 2.2835, -5.6455 -1.3078 2.2835, -5.6439 -1.3052 2.2835, -5.643 -1.3024 2.2835, -5.5199 -0.604 2.2835, -5.4864 -0.4142 2.2835, -5.4272 -0.0782 2.2835, -5.427 -0.0753 2.2835, -5.4276 -0.0725 2.2835, -5.4288 -0.0698 2.2835, -5.4306 -0.0676 2.2835, -5.4329 -0.0659 2.2835, -5.4356 -0.0648 2.2835, -5.4384 -0.0643 2.2835, -5.4413 -0.0646 2.2835, -9.7831 1.0714 2.2795, -8.4137 1.378 2.2795, -10.024 1.3585 2.2795, -10.015 1.378 2.2795, -10.0267 1.3668 2.2795, -10.0179 1.3776 2.2795, -10.0265 1.3639 2.2795, -10.0256 1.361 2.2795, -9.7228 1.0433 2.2795, -8.8087 1.0433 2.2795, -8.7581 1.0617 2.2795, -8.7906 1.0454 2.2795, -8.7734 1.0517 2.2795, -9.756 1.0507 2.2795, -9.7398 1.0452 2.2795, -9.7707 1.0596 2.2795, -8.4061 1.3571 2.2795, -10.0249 1.3724 2.2795, -10.0262 1.3697 2.2795, -10.0231 1.3747 2.2795, -10.0207 1.3765 2.2795, -8.4042 1.3592 2.2795, -8.4028 1.3617 2.2795, -8.402 1.3645 2.2795, -8.402 1.3674 2.2795, -8.4026 1.3702 2.2795, -8.4039 1.3727 2.2795, -8.4058 1.3749 2.2795, -8.4082 1.3766 2.2795, -8.4109 1.3776 2.2795, -9.7831 1.0714 2.2835, -10.024 1.3585 2.2835, -9.7707 1.0596 2.2835, -9.756 1.0507 2.2835, -9.7398 1.0452 2.2835, -9.7228 1.0433 2.2835, -8.8686 1.0433 2.2835, -8.8087 1.0433 2.2835, -9.4488 1.0433 2.2835, -8.7906 1.0454 2.2835, -8.7734 1.0517 2.2835, -8.7581 1.0617 2.2835, -8.4061 1.3571 2.2835, -8.636 1.1642 2.2835, -8.4042 1.3592 2.2835, -8.4028 1.3617 2.2835, -8.402 1.3645 2.2835, -8.402 1.3674 2.2835, -8.4026 1.3702 2.2835, -8.4039 1.3727 2.2835, -8.4058 1.3749 2.2835, -8.4082 1.3766 2.2835, -8.4109 1.3776 2.2835, -8.4137 1.378 2.2835, -8.636 1.378 2.2835, -8.8686 1.378 2.2835, -9.4488 1.378 2.2835, -10.015 1.378 2.2835, -10.0179 1.3776 2.2835, -10.0207 1.3765 2.2835, -10.0231 1.3747 2.2835, -10.0249 1.3724 2.2835, -10.0262 1.3697 2.2835, -10.0267 1.3668 2.2835, -10.0265 1.3639 2.2835, -10.0256 1.361 2.2835, -6.6335 1.0714 2.2795, -5.2641 1.378 2.2795, -6.8744 1.3585 2.2795, -6.8653 1.378 2.2795, -6.5732 1.0433 2.2795, -6.6211 1.0596 2.2795, -6.5902 1.0452 2.2795, -6.6064 1.0507 2.2795, -5.6591 1.0433 2.2795, -5.641 1.0454 2.2795, -5.6238 1.0517 2.2795, -5.6085 1.0617 2.2795, -6.8771 1.3668 2.2795, -6.8683 1.3776 2.2795, -6.8769 1.3639 2.2795, -6.876 1.361 2.2795, -6.8753 1.3724 2.2795, -6.8766 1.3697 2.2795, -6.8735 1.3747 2.2795, -6.8711 1.3765 2.2795, -5.2565 1.3571 2.2795, -5.2546 1.3592 2.2795, -5.2532 1.3617 2.2795, -5.2524 1.3645 2.2795, -5.2524 1.3674 2.2795, -5.253 1.3702 2.2795, -5.2543 1.3727 2.2795, -5.2562 1.3749 2.2795, -5.2586 1.3766 2.2795, -5.2613 1.3776 2.2795, -6.6335 1.0714 2.2835, -6.8744 1.3585 2.2835, -6.6211 1.0596 2.2835, -6.6064 1.0507 2.2835, -6.5902 1.0452 2.2835, -6.5732 1.0433 2.2835, -5.719 1.0433 2.2835, -5.6591 1.0433 2.2835, -6.2992 1.0433 2.2835, -5.641 1.0454 2.2835, -5.6238 1.0517 2.2835, -5.6085 1.0617 2.2835, -5.2565 1.3571 2.2835, -5.4864 1.1642 2.2835, -5.2546 1.3592 2.2835, -5.2532 1.3617 2.2835, -5.2524 1.3645 2.2835, -5.2524 1.3674 2.2835, -5.253 1.3702 2.2835, -5.2543 1.3727 2.2835, -5.2562 1.3749 2.2835, -5.2586 1.3766 2.2835, -5.2613 1.3776 2.2835, -5.2641 1.378 2.2835, -5.4864 1.378 2.2835, -5.719 1.378 2.2835, -6.2992 1.378 2.2835, -6.8653 1.378 2.2835, -6.8683 1.3776 2.2835, -6.8711 1.3765 2.2835, -6.8735 1.3747 2.2835, -6.8753 1.3724 2.2835, -6.8766 1.3697 2.2835, -6.8771 1.3668 2.2835, -6.8769 1.3639 2.2835, -6.876 1.361 2.2835, -9.9512 0.2473 2.2795, -9.8262 0.9565 2.2795, -9.9939 0.1904 2.2795, -10.3095 0.0344 2.2795, -10.3264 0.047 2.2795, -9.8251 0.9736 2.2795, -9.8434 1.0208 2.2795, -10.105 1.3024 2.2795, -10.0843 1.3079 2.2795, -10.1041 1.3052 2.2795, -9.8277 0.9906 2.2795, -9.8339 1.0066 2.2795, -9.9785 0.2004 2.2795, -9.9658 0.2137 2.2795, -9.9565 0.2297 2.2795, -10.0978 1.3113 2.2795, -10.1004 1.3098 2.2795, -10.1026 1.3078 2.2795, -10.3265 0.0441 2.2795, -10.326 0.0413 2.2795, -10.0865 1.31 2.2795, -10.0891 1.3114 2.2795, -10.095 1.312 2.2795, -10.092 1.3121 2.2795, -10.3179 0.0336 2.2795, -10.3151 0.0332 2.2795, -10.3122 0.0334 2.2795, -10.3247 0.0387 2.2795, -10.3229 0.0365 2.2795, -10.3206 0.0347 2.2795, -10.3264 0.047 2.2835, -10.105 1.3024 2.2835, -10.3265 0.0441 2.2835, -10.3261 0.0423 2.2835, -10.326 0.0413 2.2835, -10.3247 0.0387 2.2835, -10.3229 0.0365 2.2835, -10.3206 0.0347 2.2835, -10.3179 0.0336 2.2835, -10.3151 0.0332 2.2835, -10.3122 0.0334 2.2835, -10.3095 0.0344 2.2835, -10.2936 0.0423 2.2835, -10.0323 0.1714 2.2835, -9.9939 0.1904 2.2835, -9.9785 0.2004 2.2835, -9.9658 0.2137 2.2835, -9.9565 0.2297 2.2835, -9.9512 0.2473 2.2835, -9.8262 0.9565 2.2835, -9.8251 0.9736 2.2835, -9.8277 0.9906 2.2835, -9.8339 1.0066 2.2835, -9.8434 1.0208 2.2835, -10.0843 1.3079 2.2835, -10.0323 1.246 2.2835, -10.0865 1.31 2.2835, -10.0891 1.3114 2.2835, -10.092 1.3121 2.2835, -10.095 1.312 2.2835, -10.0978 1.3113 2.2835, -10.1004 1.3098 2.2835, -10.1026 1.3078 2.2835, -10.1041 1.3052 2.2835, -6.8016 0.2473 2.2795, -6.6766 0.9565 2.2795, -6.8443 0.1904 2.2795, -7.1599 0.0344 2.2795, -6.6781 0.9906 2.2795, -6.6843 1.0066 2.2795, -7.1767 0.047 2.2795, -6.6938 1.0208 2.2795, -6.9554 1.3024 2.2795, -6.9347 1.3079 2.2795, -6.9545 1.3052 2.2795, -7.1769 0.0441 2.2795, -6.6754 0.9736 2.2795, -6.8288 0.2004 2.2795, -6.8162 0.2137 2.2795, -6.8069 0.2297 2.2795, -6.9482 1.3113 2.2795, -6.9508 1.3098 2.2795, -6.953 1.3078 2.2795, -6.9369 1.31 2.2795, -6.9395 1.3114 2.2795, -6.9454 1.312 2.2795, -6.9424 1.3121 2.2795, -7.1655 0.0332 2.2795, -7.1751 0.0387 2.2795, -7.1683 0.0336 2.2795, -7.1733 0.0365 2.2795, -7.171 0.0347 2.2795, -7.1763 0.0413 2.2795, -7.1626 0.0334 2.2795, -7.1767 0.047 2.2835, -6.9554 1.3024 2.2835, -7.1769 0.0441 2.2835, -7.1765 0.0423 2.2835, -7.1763 0.0413 2.2835, -7.1751 0.0387 2.2835, -7.1733 0.0365 2.2835, -7.171 0.0347 2.2835, -7.1683 0.0336 2.2835, -7.1655 0.0332 2.2835, -7.1626 0.0334 2.2835, -7.1599 0.0344 2.2835, -7.144 0.0423 2.2835, -6.8827 0.1714 2.2835, -6.8443 0.1904 2.2835, -6.8288 0.2004 2.2835, -6.8162 0.2137 2.2835, -6.8069 0.2297 2.2835, -6.8016 0.2473 2.2835, -6.6766 0.9565 2.2835, -6.6754 0.9736 2.2835, -6.6781 0.9906 2.2835, -6.6843 1.0066 2.2835, -6.6938 1.0208 2.2835, -6.9347 1.3079 2.2835, -6.8827 1.246 2.2835, -6.9369 1.31 2.2835, -6.9395 1.3114 2.2835, -6.9424 1.3121 2.2835, -6.9454 1.312 2.2835, -6.9482 1.3113 2.2835, -6.9508 1.3098 2.2835, -6.953 1.3078 2.2835, -6.9545 1.3052 2.2835, -8.3067 -1.2844 2.2795, -8.29 -1.2441 2.2795, -8.4516 -1.2008 2.2795, -8.2843 -1.2008 2.2795, -8.29 -1.1575 2.2795, -8.4083 -1.3624 2.2795, -8.368 -1.3457 2.2795, -8.3333 -1.3191 2.2795, -8.5353 -1.3457 2.2795, -8.4949 -1.3624 2.2795, -8.4516 -1.3681 2.2795, -8.6133 -1.2441 2.2795, -8.5965 -1.2844 2.2795, -8.5699 -1.3191 2.2795, -8.5965 -1.1171 2.2795, -8.6133 -1.1575 2.2795, -8.619 -1.2008 2.2795, -8.4949 -1.0392 2.2795, -8.5353 -1.0559 2.2795, -8.5699 -1.0825 2.2795, -8.368 -1.0559 2.2795, -8.4083 -1.0392 2.2795, -8.4516 -1.0335 2.2795, -8.3067 -1.1171 2.2795, -8.3333 -1.0825 2.2795, -8.2843 -1.2008 2.2835, -8.29 -1.1575 2.2835, -8.3067 -1.1171 2.2835, -8.3333 -1.0825 2.2835, -8.368 -1.0559 2.2835, -8.4083 -1.0392 2.2835, -8.4516 -1.0335 2.2835, -8.4949 -1.0392 2.2835, -8.5353 -1.0559 2.2835, -8.5699 -1.0825 2.2835, -8.5965 -1.1171 2.2835, -8.6133 -1.1575 2.2835, -8.619 -1.2008 2.2835, -8.6133 -1.2441 2.2835, -8.5965 -1.2844 2.2835, -8.5699 -1.3191 2.2835, -8.5353 -1.3457 2.2835, -8.4949 -1.3624 2.2835, -8.4516 -1.3681 2.2835, -8.4083 -1.3624 2.2835, -8.368 -1.3457 2.2835, -8.3333 -1.3191 2.2835, -8.3067 -1.2844 2.2835, -8.29 -1.2441 2.2835, -5.1571 -1.2844 2.2795, -5.1404 -1.2441 2.2795, -5.302 -1.2008 2.2795, -5.1347 -1.2008 2.2795, -5.1404 -1.1575 2.2795, -5.2587 -1.3624 2.2795, -5.2184 -1.3457 2.2795, -5.1837 -1.3191 2.2795, -5.3857 -1.3457 2.2795, -5.3453 -1.3624 2.2795, -5.302 -1.3681 2.2795, -5.4636 -1.2441 2.2795, -5.4469 -1.2844 2.2795, -5.4203 -1.3191 2.2795, -5.4469 -1.1171 2.2795, -5.4636 -1.1575 2.2795, -5.4693 -1.2008 2.2795, -5.3453 -1.0392 2.2795, -5.3857 -1.0559 2.2795, -5.4203 -1.0825 2.2795, -5.2184 -1.0559 2.2795, -5.2587 -1.0392 2.2795, -5.302 -1.0335 2.2795, -5.1571 -1.1171 2.2795, -5.1837 -1.0825 2.2795, -5.1347 -1.2008 2.2835, -5.1404 -1.1575 2.2835, -5.1571 -1.1171 2.2835, -5.1837 -1.0825 2.2835, -5.2184 -1.0559 2.2835, -5.2587 -1.0392 2.2835, -5.302 -1.0335 2.2835, -5.3453 -1.0392 2.2835, -5.3857 -1.0559 2.2835, -5.4203 -1.0825 2.2835, -5.4469 -1.1171 2.2835, -5.4636 -1.1575 2.2835, -5.4693 -1.2008 2.2835, -5.4636 -1.2441 2.2835, -5.4469 -1.2844 2.2835, -5.4203 -1.3191 2.2835, -5.3857 -1.3457 2.2835, -5.3453 -1.3624 2.2835, -5.302 -1.3681 2.2835, -5.2587 -1.3624 2.2835, -5.2184 -1.3457 2.2835, -5.1837 -1.3191 2.2835, -5.1571 -1.2844 2.2835, -5.1404 -1.2441 2.2835, -8.7292 0.9723 2.2795, -8.7344 0.9548 2.2795, -8.7201 0.9881 2.2795, -8.7075 1.0014 2.2795, -8.8664 0.2067 2.2795, -8.3363 1.2857 2.2795, -8.5693 0.0527 2.2795, -8.5522 0.0611 2.2795, -8.3555 1.2968 2.2795, -8.3361 1.2886 2.2795, -8.5667 0.0517 2.2795, -8.564 0.0514 2.2795, -8.5612 0.0516 2.2795, -8.5586 0.0526 2.2795, -8.5563 0.0541 2.2795, -8.5544 0.0561 2.2795, -8.553 0.0585 2.2795, -8.3367 1.2914 2.2795, -8.3379 1.294 2.2795, -8.3531 1.2983 2.2795, -8.3397 1.2962 2.2795, -8.342 1.298 2.2795, -8.3447 1.2991 2.2795, -8.3504 1.2993 2.2795, -8.3475 1.2995 2.2795, -8.5693 0.0527 2.2835, -8.5667 0.0517 2.2835, -8.564 0.0514 2.2835, -8.5612 0.0516 2.2835, -8.5586 0.0526 2.2835, -8.5563 0.0541 2.2835, -8.5544 0.0561 2.2835, -8.553 0.0585 2.2835, -8.5522 0.0611 2.2835, -8.3363 1.2857 2.2835, -8.3361 1.2886 2.2835, -8.3367 1.2914 2.2835, -8.3379 1.294 2.2835, -8.3397 1.2962 2.2835, -8.342 1.298 2.2835, -8.3447 1.2991 2.2835, -8.3475 1.2995 2.2835, -8.3504 1.2993 2.2835, -8.3531 1.2983 2.2835, -8.3555 1.2968 2.2835, -8.7075 1.0014 2.2835, -8.636 1.0614 2.2835, -8.7201 0.9881 2.2835, -8.7292 0.9723 2.2835, -8.7344 0.9548 2.2835, -8.8664 0.2067 2.2835, -8.636 0.0873 2.2835, -5.4034 0.0585 2.2795, -5.4026 0.0611 2.2795, -5.5848 0.9548 2.2795, -5.1871 1.2914 2.2795, -5.1883 1.294 2.2795, -5.2059 1.2968 2.2795, -5.7167 0.2067 2.2795, -5.4197 0.0527 2.2795, -5.1865 1.2886 2.2795, -5.5579 1.0014 2.2795, -5.5705 0.9881 2.2795, -5.5796 0.9723 2.2795, -5.1867 1.2857 2.2795, -5.4116 0.0516 2.2795, -5.409 0.0526 2.2795, -5.2008 1.2993 2.2795, -5.1924 1.298 2.2795, -5.1979 1.2995 2.2795, -5.1951 1.2991 2.2795, -5.1901 1.2962 2.2795, -5.2035 1.2983 2.2795, -5.4067 0.0541 2.2795, -5.4048 0.0561 2.2795, -5.4171 0.0517 2.2795, -5.4144 0.0514 2.2795, -5.4197 0.0527 2.2835, -5.4171 0.0517 2.2835, -5.4144 0.0514 2.2835, -5.4116 0.0516 2.2835, -5.409 0.0526 2.2835, -5.4067 0.0541 2.2835, -5.4048 0.0561 2.2835, -5.4034 0.0585 2.2835, -5.4026 0.0611 2.2835, -5.1867 1.2857 2.2835, -5.1865 1.2886 2.2835, -5.1871 1.2914 2.2835, -5.1883 1.294 2.2835, -5.1901 1.2962 2.2835, -5.1924 1.298 2.2835, -5.1951 1.2991 2.2835, -5.1979 1.2995 2.2835, -5.2008 1.2993 2.2835, -5.2035 1.2983 2.2835, -5.2059 1.2968 2.2835, -5.5579 1.0014 2.2835, -5.4864 1.0614 2.2835, -5.5705 0.9881 2.2835, -5.5796 0.9723 2.2835, -5.5848 0.9548 2.2835, -5.7167 0.2067 2.2835, -5.4864 0.0873 2.2835, -9.8496 0.1715 2.2795, -9.937 -0.1628 2.2795, -9.8317 0.1736 2.2795, -9.924 -0.1692 2.2795, -9.9101 -0.1731 2.2795, -9.8957 -0.1745 2.2795, -8.9928 0.1736 2.2795, -9.0102 -0.1745 2.2795, -9.8666 0.1654 2.2795, -10.1822 0.0095 2.2795, -10.1832 -0.0112 2.2795, -10.1846 0.0079 2.2795, -10.1865 0.0059 2.2795, -8.9565 0.1648 2.2795, -8.9753 -0.1663 2.2795, -8.6597 -0.0103 2.2795, -8.9922 -0.1724 2.2795, -8.9741 0.1714 2.2795, -10.1879 0.0035 2.2795, -10.1886 0.0008 2.2795, -10.1888 -0.002 2.2795, -10.1882 -0.0047 2.2795, -10.1871 -0.0073 2.2795, -10.1854 -0.0095 2.2795, -8.6552 0.0069 2.2795, -8.6571 0.0091 2.2795, -8.6595 0.0107 2.2795, -8.6573 -0.0088 2.2795, -8.6553 -0.0066 2.2795, -8.6539 -0.0041 2.2795, -8.6532 -0.0013 2.2795, -8.6532 0.0016 2.2795, -8.6538 0.0044 2.2795, -9.937 -0.1628 2.2835, -10.0323 -0.1041 2.2835, -10.1832 -0.0112 2.2835, -9.924 -0.1692 2.2835, -9.9101 -0.1731 2.2835, -9.8957 -0.1745 2.2835, -9.0102 -0.1745 2.2835, -9.4488 -0.1745 2.2835, -8.9922 -0.1724 2.2835, -8.9753 -0.1663 2.2835, -8.6597 -0.0103 2.2835, -8.8686 -0.1136 2.2835, -8.6573 -0.0088 2.2835, -8.6553 -0.0066 2.2835, -8.6539 -0.0041 2.2835, -8.6532 -0.0013 2.2835, -8.6532 0.0016 2.2835, -8.6538 0.0044 2.2835, -8.6552 0.0069 2.2835, -8.6563 0.0082 2.2835, -8.6571 0.0091 2.2835, -8.6595 0.0107 2.2835, -8.7203 0.0423 2.2835, -8.8686 0.1192 2.2835, -8.9565 0.1648 2.2835, -8.9741 0.1714 2.2835, -8.9928 0.1736 2.2835, -9.8317 0.1736 2.2835, -9.4488 0.1736 2.2835, -9.8496 0.1715 2.2835, -9.8666 0.1654 2.2835, -10.0323 0.0835 2.2835, -10.1159 0.0423 2.2835, -10.1822 0.0095 2.2835, -10.1854 -0.0095 2.2835, -10.1871 -0.0073 2.2835, -10.1882 -0.0047 2.2835, -10.1888 -0.002 2.2835, -10.1886 0.0008 2.2835, -10.1879 0.0035 2.2835, -10.1865 0.0059 2.2835, -10.1846 0.0079 2.2835, -10.1841 0.0082 2.2835, -6.7 0.1715 2.2795, -6.7874 -0.1628 2.2795, -6.6821 0.1736 2.2795, -6.7744 -0.1692 2.2795, -6.7605 -0.1731 2.2795, -6.7461 -0.1745 2.2795, -5.8432 0.1736 2.2795, -5.8605 -0.1745 2.2795, -6.717 0.1654 2.2795, -7.0326 0.0095 2.2795, -7.0336 -0.0112 2.2795, -7.0349 0.0079 2.2795, -7.0369 0.0059 2.2795, -5.8426 -0.1724 2.2795, -5.8257 -0.1663 2.2795, -5.8245 0.1714 2.2795, -5.8069 0.1648 2.2795, -7.0382 0.0035 2.2795, -7.039 0.0008 2.2795, -7.0392 -0.002 2.2795, -7.0386 -0.0047 2.2795, -7.0375 -0.0073 2.2795, -7.0358 -0.0095 2.2795, -5.5076 -0.0088 2.2795, -5.5057 -0.0066 2.2795, -5.5099 0.0107 2.2795, -5.5101 -0.0103 2.2795, -5.5042 0.0044 2.2795, -5.5056 0.0069 2.2795, -5.5036 0.0016 2.2795, -5.5036 -0.0013 2.2795, -5.5043 -0.0041 2.2795, -5.5075 0.0091 2.2795, -6.7874 -0.1628 2.2835, -6.8827 -0.1041 2.2835, -7.0336 -0.0112 2.2835, -6.7744 -0.1692 2.2835, -6.7605 -0.1731 2.2835, -6.7461 -0.1745 2.2835, -5.8605 -0.1745 2.2835, -6.2992 -0.1745 2.2835, -5.8426 -0.1724 2.2835, -5.8257 -0.1663 2.2835, -5.5101 -0.0103 2.2835, -5.719 -0.1136 2.2835, -5.5076 -0.0088 2.2835, -5.5057 -0.0066 2.2835, -5.5043 -0.0041 2.2835, -5.5036 -0.0013 2.2835, -5.5036 0.0016 2.2835, -5.5042 0.0044 2.2835, -5.5056 0.0069 2.2835, -5.5067 0.0082 2.2835, -5.5075 0.0091 2.2835, -5.5099 0.0107 2.2835, -5.5706 0.0423 2.2835, -5.719 0.1192 2.2835, -5.8069 0.1648 2.2835, -5.8245 0.1714 2.2835, -5.8432 0.1736 2.2835, -6.6821 0.1736 2.2835, -6.2992 0.1736 2.2835, -6.7 0.1715 2.2835, -6.717 0.1654 2.2835, -6.8827 0.0835 2.2835, -6.9662 0.0423 2.2835, -7.0326 0.0095 2.2835, -7.0358 -0.0095 2.2835, -7.0375 -0.0073 2.2835, -7.0386 -0.0047 2.2835, -7.0392 -0.002 2.2835, -7.039 0.0008 2.2835, -7.0382 0.0035 2.2835, -7.0369 0.0059 2.2835, -7.0349 0.0079 2.2835, -7.0345 0.0082 2.2835, -7.0345 0.0082 2.2835
            ]
        }
        coordIndex [
            0,1,2,-1,3,4,5,-1,0,2,6,-1,4,3,2,-1,2,3,7,-1,2,7,6,-1,8,9,10,-1,5,11,3,-1,3,11,12,-1,3,12,13,-1,13,12,14,-1,1,15,2,-1,2,15,16,-1,2,16,17,-1,17,16,18,-1,17,18,19,-1,1,20,15,-1,15,20,21,-1,15,21,22,-1,22,21,23,-1,22,23,24,-1,25,26,27,-1,14,12,10,-1,10,12,28,-1,10,28,8,-1,19,18,27,-1,27,18,29,-1,27,29,25,-1,30,7,31,-1,31,7,3,-1,31,3,32,-1,7,30,6,-1,6,30,33,-1,6,33,0,-1,0,33,34,-1,0,34,1,-1,1,34,35,-1,36,20,37,-1,37,20,1,-1,37,1,35,-1,20,36,21,-1,21,36,38,-1,21,38,23,-1,23,38,39,-1,23,39,24,-1,24,39,40,-1,24,40,22,-1,22,40,41,-1,22,41,15,-1,15,41,42,-1,16,15,43,-1,43,15,42,-1,16,43,18,-1,18,43,44,-1,18,44,29,-1,29,44,45,-1,29,45,25,-1,25,45,46,-1,25,46,26,-1,26,46,47,-1,26,47,27,-1,27,47,48,-1,27,48,19,-1,19,48,49,-1,19,49,17,-1,17,49,50,-1,17,50,2,-1,2,50,51,-1,51,52,2,-1,2,52,53,-1,2,53,4,-1,4,53,54,-1,4,54,5,-1,5,54,55,-1,5,55,11,-1,11,55,56,-1,11,56,12,-1,12,56,57,-1,12,57,28,-1,28,57,58,-1,28,58,8,-1,8,58,59,-1,8,59,9,-1,9,59,60,-1,9,60,10,-1,10,60,61,-1,10,61,14,-1,14,61,62,-1,14,62,13,-1,13,62,63,-1,13,63,3,-1,3,63,32,-1,64,65,66,-1,67,68,69,-1,64,66,70,-1,68,67,66,-1,66,67,71,-1,66,71,70,-1,65,72,66,-1,66,72,73,-1,66,73,74,-1,75,76,77,-1,69,78,67,-1,67,78,79,-1,67,79,80,-1,80,79,81,-1,65,82,72,-1,72,82,83,-1,72,83,84,-1,84,83,85,-1,84,85,86,-1,81,79,77,-1,77,79,87,-1,77,87,75,-1,88,89,90,-1,90,89,91,-1,73,92,74,-1,74,92,89,-1,74,89,93,-1,93,89,88,-1,94,71,95,-1,95,71,67,-1,95,67,96,-1,71,94,70,-1,70,94,97,-1,70,97,64,-1,64,97,98,-1,64,98,65,-1,65,98,99,-1,100,82,101,-1,101,82,65,-1,101,65,99,-1,82,100,83,-1,83,100,102,-1,83,102,85,-1,85,102,103,-1,85,103,86,-1,86,103,104,-1,86,104,84,-1,84,104,105,-1,84,105,72,-1,72,105,106,-1,73,72,107,-1,107,72,106,-1,73,107,92,-1,92,107,108,-1,92,108,89,-1,89,108,109,-1,89,109,91,-1,91,109,110,-1,91,110,90,-1,90,110,111,-1,90,111,88,-1,88,111,112,-1,88,112,93,-1,93,112,113,-1,93,113,74,-1,74,113,114,-1,74,114,66,-1,66,114,115,-1,115,116,66,-1,66,116,117,-1,66,117,68,-1,68,117,118,-1,68,118,69,-1,69,118,119,-1,69,119,78,-1,78,119,120,-1,78,120,79,-1,79,120,121,-1,79,121,87,-1,87,121,122,-1,87,122,75,-1,75,122,123,-1,75,123,76,-1,76,123,124,-1,76,124,77,-1,77,124,125,-1,77,125,81,-1,81,125,126,-1,81,126,80,-1,80,126,127,-1,80,127,67,-1,67,127,96,-1,128,129,130,-1,130,129,131,-1,132,133,134,-1,134,133,135,-1,134,135,136,-1,136,137,134,-1,134,137,138,-1,134,138,139,-1,131,140,141,-1,141,140,134,-1,141,134,142,-1,142,134,139,-1,143,144,145,-1,145,144,146,-1,145,146,147,-1,148,149,150,-1,129,143,131,-1,131,143,145,-1,131,145,140,-1,140,145,151,-1,140,151,150,-1,150,151,152,-1,150,152,148,-1,149,153,150,-1,150,153,154,-1,150,154,155,-1,155,154,156,-1,155,156,157,-1,131,141,158,-1,158,141,159,-1,131,158,130,-1,130,158,160,-1,130,160,128,-1,128,160,161,-1,128,161,129,-1,129,161,162,-1,129,162,143,-1,143,162,163,-1,164,165,144,-1,164,144,166,-1,166,144,143,-1,166,143,163,-1,144,165,146,-1,146,165,167,-1,146,167,147,-1,147,167,168,-1,147,168,145,-1,145,168,169,-1,170,151,171,-1,171,151,145,-1,171,145,169,-1,151,170,152,-1,152,170,172,-1,152,172,148,-1,148,172,173,-1,148,173,149,-1,149,173,174,-1,149,174,153,-1,153,174,175,-1,153,175,154,-1,154,175,176,-1,154,176,156,-1,156,176,177,-1,156,177,157,-1,157,177,178,-1,157,178,155,-1,155,178,179,-1,155,179,150,-1,150,179,180,-1,150,180,140,-1,140,180,181,-1,140,181,182,-1,182,183,140,-1,140,183,184,-1,140,184,134,-1,134,184,185,-1,134,185,132,-1,132,185,186,-1,132,186,133,-1,133,186,187,-1,133,187,135,-1,135,187,188,-1,135,188,136,-1,136,188,189,-1,136,189,137,-1,137,189,190,-1,137,190,138,-1,138,190,191,-1,138,191,139,-1,139,191,192,-1,139,192,142,-1,142,192,193,-1,142,193,141,-1,141,193,159,-1,194,195,196,-1,196,195,197,-1,198,199,197,-1,200,201,194,-1,194,201,202,-1,197,203,204,-1,199,205,197,-1,197,205,206,-1,197,206,196,-1,207,208,209,-1,209,208,210,-1,209,210,211,-1,204,212,197,-1,197,212,213,-1,197,213,198,-1,214,215,216,-1,202,207,194,-1,194,207,209,-1,194,209,195,-1,195,209,217,-1,195,217,216,-1,216,217,218,-1,216,218,214,-1,215,219,216,-1,216,219,220,-1,216,220,221,-1,221,220,222,-1,221,222,223,-1,194,196,224,-1,224,196,225,-1,194,224,200,-1,200,224,226,-1,200,226,201,-1,201,226,227,-1,201,227,202,-1,202,227,228,-1,202,228,207,-1,207,228,229,-1,230,231,208,-1,230,208,232,-1,232,208,207,-1,232,207,229,-1,208,231,210,-1,210,231,233,-1,210,233,211,-1,211,233,234,-1,211,234,209,-1,209,234,235,-1,236,217,237,-1,237,217,209,-1,237,209,235,-1,217,236,218,-1,218,236,238,-1,218,238,214,-1,214,238,239,-1,214,239,215,-1,215,239,240,-1,215,240,219,-1,219,240,241,-1,219,241,220,-1,220,241,242,-1,220,242,222,-1,222,242,243,-1,222,243,223,-1,223,243,244,-1,223,244,221,-1,221,244,245,-1,221,245,216,-1,216,245,246,-1,216,246,195,-1,195,246,247,-1,195,247,248,-1,248,249,195,-1,195,249,250,-1,195,250,197,-1,197,250,251,-1,197,251,203,-1,203,251,252,-1,203,252,204,-1,204,252,253,-1,204,253,212,-1,212,253,254,-1,212,254,213,-1,213,254,255,-1,213,255,198,-1,198,255,256,-1,198,256,199,-1,199,256,257,-1,199,257,205,-1,205,257,258,-1,205,258,206,-1,206,258,259,-1,206,259,196,-1,196,259,225,-1,260,261,262,-1,262,263,264,-1,264,263,265,-1,264,265,266,-1,266,267,264,-1,264,267,268,-1,264,268,269,-1,269,268,270,-1,269,270,271,-1,270,272,273,-1,274,275,260,-1,261,276,262,-1,262,276,277,-1,262,277,278,-1,273,279,270,-1,270,279,280,-1,270,280,281,-1,281,282,270,-1,270,282,283,-1,270,283,271,-1,262,264,260,-1,260,264,284,-1,260,284,274,-1,285,275,286,-1,286,275,287,-1,285,288,275,-1,275,288,289,-1,275,289,260,-1,290,291,261,-1,290,261,292,-1,292,261,260,-1,292,260,293,-1,261,291,276,-1,276,291,294,-1,276,294,277,-1,277,294,295,-1,277,295,278,-1,278,295,296,-1,278,296,262,-1,262,296,297,-1,298,263,299,-1,299,263,262,-1,299,262,297,-1,263,298,265,-1,265,298,300,-1,265,300,266,-1,266,300,301,-1,266,301,267,-1,267,301,302,-1,267,302,268,-1,268,302,303,-1,304,270,305,-1,305,270,268,-1,305,268,303,-1,270,304,272,-1,272,304,306,-1,272,306,273,-1,273,306,307,-1,273,307,279,-1,279,307,308,-1,279,308,280,-1,280,308,309,-1,280,309,281,-1,281,309,310,-1,281,310,282,-1,282,310,311,-1,282,311,283,-1,283,311,312,-1,283,312,271,-1,271,312,313,-1,271,313,269,-1,269,313,314,-1,269,314,315,-1,269,315,264,-1,264,315,316,-1,264,316,317,-1,264,317,284,-1,284,317,318,-1,284,318,274,-1,274,318,319,-1,274,319,275,-1,275,319,320,-1,275,320,287,-1,287,320,321,-1,287,321,286,-1,286,321,322,-1,286,322,285,-1,285,322,323,-1,285,323,288,-1,288,323,324,-1,288,324,289,-1,289,324,325,-1,289,325,260,-1,260,325,293,-1,326,327,328,-1,328,327,329,-1,330,331,332,-1,332,331,327,-1,333,334,335,-1,335,334,331,-1,335,331,336,-1,336,331,330,-1,337,338,333,-1,333,338,339,-1,333,339,334,-1,327,331,329,-1,329,331,340,-1,329,340,341,-1,326,328,342,-1,342,328,343,-1,342,343,344,-1,345,333,346,-1,346,333,347,-1,345,348,333,-1,333,348,349,-1,333,349,337,-1,341,350,329,-1,329,350,351,-1,329,351,352,-1,352,353,329,-1,329,353,354,-1,329,354,355,-1,356,357,328,-1,356,328,358,-1,358,328,329,-1,358,329,359,-1,328,357,343,-1,343,357,360,-1,343,360,344,-1,344,360,361,-1,344,361,342,-1,342,361,362,-1,342,362,326,-1,326,362,363,-1,364,327,365,-1,365,327,326,-1,365,326,363,-1,327,364,332,-1,332,364,366,-1,332,366,330,-1,330,366,367,-1,330,367,336,-1,336,367,368,-1,336,368,335,-1,335,368,369,-1,370,333,371,-1,371,333,335,-1,371,335,369,-1,333,370,347,-1,347,370,372,-1,347,372,346,-1,346,372,373,-1,346,373,345,-1,345,373,374,-1,345,374,348,-1,348,374,375,-1,348,375,349,-1,349,375,376,-1,349,376,337,-1,337,376,377,-1,337,377,338,-1,338,377,378,-1,338,378,339,-1,339,378,379,-1,339,379,334,-1,334,379,380,-1,334,380,381,-1,334,381,331,-1,331,381,382,-1,331,382,383,-1,331,383,340,-1,340,383,384,-1,340,384,341,-1,341,384,385,-1,341,385,350,-1,350,385,386,-1,350,386,351,-1,351,386,387,-1,351,387,352,-1,352,387,388,-1,352,388,353,-1,353,388,389,-1,353,389,354,-1,354,389,390,-1,354,390,355,-1,355,390,391,-1,355,391,329,-1,329,391,359,-1,392,393,394,-1,394,393,395,-1,396,395,397,-1,396,398,395,-1,395,398,399,-1,395,399,394,-1,400,401,402,-1,402,401,403,-1,402,403,404,-1,405,406,407,-1,407,406,400,-1,407,400,392,-1,392,400,402,-1,392,402,393,-1,393,402,408,-1,409,410,411,-1,411,410,396,-1,411,396,412,-1,412,396,397,-1,408,413,393,-1,393,413,414,-1,393,414,415,-1,415,416,393,-1,393,416,417,-1,393,417,418,-1,418,419,393,-1,393,419,420,-1,393,420,421,-1,392,394,422,-1,422,394,423,-1,392,422,407,-1,407,422,424,-1,407,424,405,-1,405,424,425,-1,405,425,406,-1,406,425,426,-1,406,426,400,-1,400,426,427,-1,428,429,401,-1,428,401,430,-1,430,401,400,-1,430,400,427,-1,401,429,403,-1,403,429,431,-1,403,431,404,-1,404,431,432,-1,404,432,402,-1,402,432,433,-1,434,408,435,-1,435,408,402,-1,435,402,433,-1,408,434,413,-1,413,434,436,-1,413,436,414,-1,414,436,437,-1,414,437,415,-1,415,437,438,-1,415,438,416,-1,416,438,439,-1,416,439,417,-1,417,439,440,-1,417,440,418,-1,418,440,441,-1,418,441,419,-1,419,441,442,-1,419,442,420,-1,420,442,443,-1,420,443,421,-1,421,443,444,-1,421,444,393,-1,393,444,445,-1,393,445,446,-1,446,447,393,-1,393,447,448,-1,393,448,395,-1,395,448,449,-1,395,449,397,-1,397,449,450,-1,397,450,412,-1,412,450,451,-1,412,451,411,-1,411,451,452,-1,411,452,409,-1,409,452,453,-1,409,453,410,-1,410,453,454,-1,410,454,396,-1,396,454,455,-1,396,455,398,-1,398,455,456,-1,398,456,399,-1,399,456,457,-1,399,457,394,-1,394,457,423,-1,458,459,460,-1,460,459,461,-1,462,463,464,-1,464,463,465,-1,466,459,462,-1,462,459,458,-1,462,458,463,-1,467,468,469,-1,470,461,471,-1,470,472,461,-1,461,472,473,-1,461,473,460,-1,474,475,476,-1,476,475,470,-1,476,470,477,-1,477,470,471,-1,478,459,469,-1,469,459,466,-1,469,466,467,-1,478,479,459,-1,459,479,480,-1,459,480,481,-1,481,482,459,-1,459,482,483,-1,459,483,484,-1,484,485,459,-1,459,485,486,-1,459,486,487,-1,458,460,488,-1,488,460,489,-1,458,488,463,-1,463,488,490,-1,463,490,465,-1,465,490,491,-1,465,491,464,-1,464,491,492,-1,464,492,462,-1,462,492,493,-1,494,495,466,-1,494,466,496,-1,496,466,462,-1,496,462,493,-1,466,495,467,-1,467,495,497,-1,467,497,468,-1,468,497,498,-1,468,498,469,-1,469,498,499,-1,500,478,501,-1,501,478,469,-1,501,469,499,-1,478,500,479,-1,479,500,502,-1,479,502,480,-1,480,502,503,-1,480,503,481,-1,481,503,504,-1,481,504,482,-1,482,504,505,-1,482,505,483,-1,483,505,506,-1,483,506,484,-1,484,506,507,-1,484,507,485,-1,485,507,508,-1,485,508,486,-1,486,508,509,-1,486,509,487,-1,487,509,510,-1,487,510,459,-1,459,510,511,-1,459,511,512,-1,512,513,459,-1,459,513,514,-1,459,514,461,-1,461,514,515,-1,461,515,471,-1,471,515,516,-1,471,516,477,-1,477,516,517,-1,477,517,476,-1,476,517,518,-1,476,518,474,-1,474,518,519,-1,474,519,475,-1,475,519,520,-1,475,520,470,-1,470,520,521,-1,470,521,472,-1,472,521,522,-1,472,522,473,-1,473,522,523,-1,473,523,460,-1,460,523,489,-1,524,525,526,-1,526,525,527,-1,528,525,529,-1,528,530,531,-1,531,530,532,-1,531,532,533,-1,529,534,528,-1,528,534,535,-1,528,535,530,-1,536,537,526,-1,526,537,538,-1,526,538,524,-1,539,540,532,-1,532,540,541,-1,532,541,533,-1,525,528,527,-1,527,528,542,-1,527,542,543,-1,532,544,539,-1,539,544,545,-1,539,545,546,-1,546,545,547,-1,548,549,550,-1,543,551,527,-1,527,551,552,-1,527,552,550,-1,550,552,553,-1,550,553,548,-1,528,531,554,-1,554,531,555,-1,542,528,554,-1,554,556,542,-1,542,556,557,-1,542,557,543,-1,543,557,558,-1,543,558,551,-1,551,558,559,-1,551,559,552,-1,552,559,560,-1,552,560,553,-1,553,560,561,-1,553,561,548,-1,548,561,562,-1,548,562,549,-1,549,562,563,-1,549,563,550,-1,550,563,564,-1,550,564,527,-1,527,564,565,-1,565,566,527,-1,527,566,567,-1,527,567,526,-1,526,567,568,-1,526,568,536,-1,536,568,569,-1,536,569,537,-1,537,569,570,-1,537,570,538,-1,538,570,571,-1,538,571,524,-1,524,571,572,-1,525,524,573,-1,573,524,572,-1,525,573,529,-1,529,573,574,-1,529,574,534,-1,534,574,575,-1,534,575,535,-1,535,575,576,-1,535,576,530,-1,530,576,577,-1,578,532,579,-1,579,532,530,-1,579,530,577,-1,532,578,544,-1,544,578,580,-1,544,580,545,-1,545,580,581,-1,545,581,547,-1,547,581,582,-1,547,582,546,-1,546,582,583,-1,546,583,539,-1,539,583,584,-1,539,584,540,-1,540,584,585,-1,540,585,541,-1,541,585,586,-1,541,586,533,-1,533,586,587,-1,533,587,531,-1,531,587,555,-1,588,589,590,-1,590,589,591,-1,592,593,594,-1,594,593,595,-1,594,595,596,-1,596,595,597,-1,596,597,598,-1,591,594,599,-1,591,589,594,-1,594,589,600,-1,594,600,592,-1,601,602,590,-1,590,602,603,-1,590,603,588,-1,604,605,597,-1,597,605,606,-1,597,606,598,-1,597,607,604,-1,604,607,608,-1,604,608,609,-1,609,608,610,-1,611,612,613,-1,613,612,614,-1,613,614,615,-1,599,616,591,-1,591,616,612,-1,591,612,617,-1,617,612,611,-1,594,596,618,-1,618,596,619,-1,599,594,618,-1,618,620,599,-1,599,620,621,-1,599,621,616,-1,616,621,622,-1,616,622,612,-1,612,622,623,-1,612,623,614,-1,614,623,624,-1,614,624,615,-1,615,624,625,-1,615,625,613,-1,613,625,626,-1,613,626,611,-1,611,626,627,-1,611,627,617,-1,617,627,628,-1,617,628,591,-1,591,628,629,-1,629,630,591,-1,591,630,631,-1,591,631,590,-1,590,631,632,-1,590,632,601,-1,601,632,633,-1,601,633,602,-1,602,633,634,-1,602,634,603,-1,603,634,635,-1,603,635,588,-1,588,635,636,-1,589,588,637,-1,637,588,636,-1,589,637,600,-1,600,637,638,-1,600,638,592,-1,592,638,639,-1,592,639,593,-1,593,639,640,-1,593,640,595,-1,595,640,641,-1,642,597,643,-1,643,597,595,-1,643,595,641,-1,597,642,607,-1,607,642,644,-1,607,644,608,-1,608,644,645,-1,608,645,610,-1,610,645,646,-1,610,646,609,-1,609,646,647,-1,609,647,604,-1,604,647,648,-1,604,648,605,-1,605,648,649,-1,605,649,606,-1,606,649,650,-1,606,650,598,-1,598,650,651,-1,598,651,596,-1,596,651,619,-1,652,653,654,-1,654,653,655,-1,654,655,656,-1,657,658,654,-1,654,658,659,-1,654,659,652,-1,660,661,654,-1,654,661,662,-1,654,662,657,-1,663,664,654,-1,654,664,665,-1,654,665,660,-1,666,667,654,-1,654,667,668,-1,654,668,663,-1,669,670,654,-1,654,670,671,-1,654,671,666,-1,672,673,654,-1,654,673,674,-1,654,674,669,-1,656,675,654,-1,654,675,676,-1,654,676,672,-1,655,677,656,-1,656,677,678,-1,656,678,675,-1,675,678,679,-1,675,679,676,-1,676,679,680,-1,676,680,672,-1,672,680,681,-1,672,681,673,-1,673,681,682,-1,673,682,674,-1,674,682,683,-1,674,683,669,-1,669,683,684,-1,669,684,670,-1,670,684,685,-1,670,685,671,-1,671,685,686,-1,671,686,666,-1,666,686,687,-1,666,687,667,-1,667,687,688,-1,667,688,668,-1,668,688,689,-1,668,689,663,-1,663,689,690,-1,663,690,664,-1,664,690,691,-1,664,691,665,-1,665,691,692,-1,665,692,660,-1,660,692,693,-1,660,693,661,-1,661,693,694,-1,661,694,662,-1,662,694,695,-1,662,695,657,-1,657,695,696,-1,657,696,658,-1,658,696,697,-1,658,697,659,-1,659,697,698,-1,659,698,652,-1,652,698,699,-1,652,699,653,-1,653,699,700,-1,653,700,655,-1,655,700,677,-1,701,702,703,-1,703,702,704,-1,703,704,705,-1,706,707,703,-1,703,707,708,-1,703,708,701,-1,709,710,703,-1,703,710,711,-1,703,711,706,-1,712,713,703,-1,703,713,714,-1,703,714,709,-1,715,716,703,-1,703,716,717,-1,703,717,712,-1,718,719,703,-1,703,719,720,-1,703,720,715,-1,721,722,703,-1,703,722,723,-1,703,723,718,-1,705,724,703,-1,703,724,725,-1,703,725,721,-1,704,726,705,-1,705,726,727,-1,705,727,724,-1,724,727,728,-1,724,728,725,-1,725,728,729,-1,725,729,721,-1,721,729,730,-1,721,730,722,-1,722,730,731,-1,722,731,723,-1,723,731,732,-1,723,732,718,-1,718,732,733,-1,718,733,719,-1,719,733,734,-1,719,734,720,-1,720,734,735,-1,720,735,715,-1,715,735,736,-1,715,736,716,-1,716,736,737,-1,716,737,717,-1,717,737,738,-1,717,738,712,-1,712,738,739,-1,712,739,713,-1,713,739,740,-1,713,740,714,-1,714,740,741,-1,714,741,709,-1,709,741,742,-1,709,742,710,-1,710,742,743,-1,710,743,711,-1,711,743,744,-1,711,744,706,-1,706,744,745,-1,706,745,707,-1,707,745,746,-1,707,746,708,-1,708,746,747,-1,708,747,701,-1,701,747,748,-1,701,748,702,-1,702,748,749,-1,702,749,704,-1,704,749,726,-1,750,751,752,-1,752,751,753,-1,751,754,755,-1,755,754,756,-1,755,756,757,-1,753,751,758,-1,758,751,755,-1,758,755,759,-1,756,760,761,-1,761,762,756,-1,756,762,763,-1,756,763,764,-1,764,765,756,-1,756,765,766,-1,756,766,757,-1,759,767,758,-1,758,767,768,-1,758,768,769,-1,769,768,770,-1,770,771,769,-1,769,771,772,-1,769,772,773,-1,773,772,774,-1,756,775,760,-1,760,775,776,-1,760,776,761,-1,761,776,777,-1,761,777,762,-1,762,777,778,-1,762,778,763,-1,763,778,779,-1,763,779,764,-1,764,779,780,-1,764,780,765,-1,765,780,781,-1,765,781,766,-1,766,781,782,-1,766,782,757,-1,757,782,783,-1,755,757,784,-1,784,757,783,-1,755,784,759,-1,759,784,785,-1,759,785,767,-1,767,785,786,-1,767,786,768,-1,768,786,787,-1,768,787,770,-1,770,787,788,-1,770,788,771,-1,771,788,789,-1,771,789,772,-1,772,789,790,-1,772,790,774,-1,774,790,791,-1,774,791,773,-1,773,791,792,-1,773,792,769,-1,769,792,793,-1,769,793,758,-1,758,793,794,-1,795,753,796,-1,796,753,758,-1,796,758,794,-1,753,795,752,-1,752,795,797,-1,752,797,750,-1,750,797,798,-1,750,798,751,-1,751,798,799,-1,754,751,800,-1,800,751,799,-1,775,756,801,-1,801,756,754,-1,801,754,800,-1,802,803,804,-1,805,806,807,-1,804,808,809,-1,805,807,810,-1,811,812,803,-1,803,812,813,-1,803,813,804,-1,811,803,807,-1,807,803,814,-1,807,814,810,-1,815,816,804,-1,817,818,819,-1,819,818,820,-1,806,821,807,-1,807,821,818,-1,807,818,822,-1,822,818,817,-1,816,823,804,-1,804,823,824,-1,804,824,802,-1,809,825,804,-1,804,825,826,-1,804,826,815,-1,809,827,825,-1,825,827,828,-1,825,828,826,-1,826,828,829,-1,826,829,815,-1,815,829,830,-1,815,830,816,-1,816,830,831,-1,816,831,823,-1,823,831,832,-1,823,832,824,-1,824,832,833,-1,824,833,802,-1,802,833,834,-1,802,834,803,-1,803,834,835,-1,814,803,836,-1,836,803,835,-1,814,836,810,-1,810,836,837,-1,810,837,805,-1,805,837,838,-1,805,838,806,-1,806,838,839,-1,806,839,821,-1,821,839,840,-1,821,840,818,-1,818,840,841,-1,818,841,820,-1,820,841,842,-1,820,842,819,-1,819,842,843,-1,819,843,817,-1,817,843,844,-1,817,844,822,-1,822,844,845,-1,822,845,807,-1,807,845,846,-1,847,811,848,-1,848,811,807,-1,848,807,846,-1,811,847,812,-1,812,847,849,-1,812,849,813,-1,813,849,850,-1,813,850,804,-1,804,850,851,-1,808,804,852,-1,852,804,851,-1,827,809,853,-1,853,809,808,-1,853,808,852,-1,854,855,856,-1,856,855,857,-1,857,858,856,-1,856,858,859,-1,856,859,860,-1,860,859,861,-1,854,862,855,-1,855,862,863,-1,855,863,864,-1,864,863,865,-1,864,865,866,-1,867,868,869,-1,861,870,860,-1,860,870,868,-1,860,868,871,-1,871,868,867,-1,866,872,864,-1,864,872,873,-1,864,873,874,-1,874,875,864,-1,864,875,876,-1,864,876,877,-1,878,879,869,-1,869,879,880,-1,869,880,867,-1,881,882,869,-1,869,882,883,-1,869,883,884,-1,884,885,869,-1,869,885,886,-1,869,886,878,-1,887,855,888,-1,888,855,864,-1,888,864,889,-1,855,887,857,-1,857,887,890,-1,857,890,858,-1,858,890,891,-1,858,891,859,-1,859,891,892,-1,893,861,894,-1,894,861,859,-1,894,859,892,-1,861,893,870,-1,870,893,895,-1,870,895,868,-1,868,895,896,-1,897,869,898,-1,898,869,868,-1,898,868,896,-1,869,897,881,-1,881,897,899,-1,881,899,882,-1,882,899,900,-1,882,900,883,-1,883,900,901,-1,883,901,884,-1,884,901,902,-1,884,902,885,-1,885,902,903,-1,885,903,886,-1,886,903,904,-1,886,904,878,-1,904,905,878,-1,878,905,906,-1,878,906,879,-1,879,906,907,-1,879,907,880,-1,880,907,908,-1,908,909,880,-1,880,909,910,-1,880,910,867,-1,867,910,911,-1,867,911,871,-1,871,911,912,-1,871,912,860,-1,860,912,913,-1,914,856,915,-1,915,856,860,-1,915,860,913,-1,856,914,854,-1,854,914,916,-1,854,916,862,-1,862,916,917,-1,862,917,918,-1,862,918,863,-1,863,918,919,-1,863,919,920,-1,889,864,921,-1,921,864,877,-1,921,877,922,-1,922,877,876,-1,922,876,923,-1,923,876,875,-1,923,875,924,-1,924,875,874,-1,924,874,925,-1,925,874,873,-1,925,873,926,-1,926,873,872,-1,926,872,927,-1,927,872,866,-1,927,866,928,-1,928,866,865,-1,928,865,929,-1,929,865,863,-1,929,863,920,-1,930,931,932,-1,932,931,933,-1,933,934,932,-1,932,934,935,-1,932,935,936,-1,936,935,937,-1,930,938,931,-1,931,938,939,-1,931,939,940,-1,940,939,941,-1,940,941,942,-1,937,943,936,-1,936,943,944,-1,936,944,945,-1,945,944,946,-1,942,947,940,-1,940,947,948,-1,940,948,949,-1,949,950,940,-1,940,950,951,-1,940,951,952,-1,953,954,955,-1,946,944,955,-1,955,944,956,-1,955,956,953,-1,957,958,959,-1,959,958,960,-1,954,961,955,-1,955,961,960,-1,955,960,962,-1,962,960,958,-1,963,931,964,-1,964,931,940,-1,964,940,965,-1,931,963,933,-1,933,963,966,-1,933,966,934,-1,934,966,967,-1,934,967,935,-1,935,967,968,-1,969,937,970,-1,970,937,935,-1,970,935,968,-1,937,969,943,-1,943,969,971,-1,943,971,944,-1,944,971,972,-1,973,956,974,-1,974,956,944,-1,974,944,972,-1,956,973,953,-1,953,973,975,-1,953,975,954,-1,954,975,976,-1,954,976,961,-1,961,976,977,-1,961,977,960,-1,960,977,978,-1,960,978,959,-1,959,978,979,-1,959,979,957,-1,957,979,980,-1,957,980,958,-1,980,981,958,-1,958,981,982,-1,958,982,962,-1,962,982,983,-1,962,983,955,-1,955,983,984,-1,984,985,955,-1,955,985,986,-1,955,986,946,-1,946,986,987,-1,946,987,945,-1,945,987,988,-1,945,988,936,-1,936,988,989,-1,990,932,991,-1,991,932,936,-1,991,936,989,-1,932,990,930,-1,930,990,992,-1,930,992,938,-1,938,992,993,-1,938,993,994,-1,938,994,939,-1,939,994,995,-1,939,995,996,-1,965,940,997,-1,997,940,952,-1,997,952,998,-1,998,952,951,-1,998,951,999,-1,999,951,950,-1,999,950,1000,-1,1000,950,949,-1,1000,949,1001,-1,1001,949,948,-1,1001,948,1002,-1,1002,948,947,-1,1002,947,1003,-1,1003,947,942,-1,1003,942,1004,-1,1004,942,941,-1,1004,941,1005,-1,1005,941,939,-1,1005,939,996,-1,
        ]
    }
}
Shape{
    appearance Appearance {
        material  Material 	{
            diffuseColor 1.0 1.0 1.0
            specularColor 0.30196078431372547 0.30196078431372547 0.30196078431372547
            ambientIntensity 0.2
            transparency 0
            shininess 0.5
        }
    }
    geometry IndexedFaceSet {
        ccw TRUE
        solid FALSE
        coord DEF co Coordinate {
            point [
                1.5945 1.2598 0.1969, 1.5945 1.3516 0.0, 1.5945 1.9291 0.0, 1.5945 1.9291 2.2835, 1.5945 1.3058 2.2835, 1.5945 -0.0 0.1969, 1.5945 0.6085 2.2835, 1.5945 0.0423 2.2835, 1.5945 0.0082 2.2835, 1.5945 -0.604 2.2835, 1.5945 -1.2598 0.1969, 1.5945 -1.3058 2.2835, 1.5945 -1.3401 2.2835, 1.5945 -1.9291 0.0, 1.5945 -1.3516 0.0, 1.5945 -1.9291 2.2835, 1.5945 -1.6732 2.2835, -10.4264 1.9685 0.0, -11.0039 1.9685 0.0, -10.3346 1.9685 0.1969, -11.0039 1.9685 2.2835, 0.8858 1.9685 0.1969, -2.7244 1.9685 0.1969, -0.9623 1.9685 2.2835, -4.7244 1.9685 0.1969, -5.7244 1.9685 0.1969, -6.078 1.9685 2.2835, -6.7244 1.9685 0.1969, -9.1781 1.9685 0.1969, -3.7244 1.9685 0.1969, -0.5835 1.9685 2.2835, 0.0 1.9685 2.2835, 0.5802 1.9685 2.2835, 1.5551 1.9685 0.0, 0.9776 1.9685 0.0, 1.5551 1.9685 2.2835, 1.0798 1.9685 2.2835, -11.0433 -1.2598 0.1969, -11.0433 -1.3516 0.0, -11.0433 -1.9291 0.0, -11.0433 -1.9291 2.2835, -11.0433 -1.6732 2.2835, -11.0433 -1.3401 2.2835, -11.0433 1.9291 0.0, -11.0433 1.3516 0.0, -11.0433 1.9291 2.2835, -11.0433 1.2598 0.1969, -11.0433 1.3058 2.2835, -11.0433 -0.0 0.1969, -11.0433 0.6085 2.2835, -11.0433 0.0423 2.2835, -11.0433 -1.3058 2.2835, -11.0433 -0.604 2.2835, -11.0433 0.0082 2.2835, 0.8858 -1.9685 0.1969, 0.9776 -1.9685 0.0, 1.5551 -1.9685 0.0, -11.0039 -1.9685 2.2835, -11.0039 -1.9685 0.0, -10.4264 -1.9685 0.0, 1.5551 -1.9685 2.2835, 1.0798 -1.9685 2.2835, 0.5802 -1.9685 2.2835, 0.0 -1.9685 2.2835, -0.5835 -1.9685 2.2835, -2.7244 -1.9685 0.1969, -0.9623 -1.9685 2.2835, -3.7244 -1.9685 0.1969, -6.078 -1.9685 2.2835, -4.7244 -1.9685 0.1969, -5.7244 -1.9685 0.1969, -10.3346 -1.9685 0.1969, -9.1781 -1.9685 0.1969, -6.7244 -1.9685 0.1969, -6.7244 -1.9685 0.1969
            ]
        }
        coordIndex [
            0,1,2,-1,2,3,0,-1,0,3,4,-1,0,4,5,-1,5,4,6,-1,5,6,7,-1,7,8,5,-1,5,8,9,-1,5,9,10,-1,10,9,11,-1,10,11,12,-1,13,14,15,-1,15,14,10,-1,15,10,16,-1,16,10,12,-1,17,18,19,-1,19,18,20,-1,21,22,23,-1,24,25,26,-1,26,25,27,-1,26,27,20,-1,20,27,28,-1,20,28,19,-1,23,22,26,-1,26,22,29,-1,26,29,24,-1,23,30,21,-1,21,30,31,-1,21,31,32,-1,33,34,35,-1,35,34,21,-1,35,21,36,-1,36,21,32,-1,37,38,39,-1,39,40,37,-1,37,40,41,-1,37,41,42,-1,43,44,45,-1,45,44,46,-1,45,46,47,-1,47,46,48,-1,47,48,49,-1,49,48,50,-1,42,51,37,-1,37,51,52,-1,37,52,48,-1,48,52,53,-1,48,53,50,-1,54,55,56,-1,57,58,59,-1,56,60,54,-1,54,60,61,-1,54,61,62,-1,62,63,54,-1,54,63,64,-1,54,64,65,-1,65,64,66,-1,65,66,67,-1,67,66,68,-1,67,68,69,-1,69,68,70,-1,59,71,57,-1,57,71,72,-1,57,72,68,-1,68,72,73,-1,68,73,70,-1,
        ]
    }
}
Shape{
    appearance Appearance {
        material  Material 	{
            diffuseColor 0.20784313725490197 0.20784313725490197 0.20784313725490197
            specularColor 0.01568627450980392 0.01568627450980392 0.01568627450980392
            ambientIntensity 0.2
            transparency 0
            shininess 0.5
        }
    }
    geometry IndexedFaceSet {
        ccw TRUE
        solid FALSE
        coord DEF co Coordinate {
            point [
                -5.1404 -1.1575 2.2835, -5.1347 -1.2008 2.2835, -4.8819 -0.8907 2.2835, -4.5795 0.7427 2.2835, -4.5669 0.7375 2.2835, -4.5669 1.9685 2.2835, -2.5694 1.378 2.2835, -2.5694 1.9685 2.2835, -3.1496 1.9685 2.2835, -3.7398 -0.2508 2.2835, -3.8527 -0.8907 2.2835, -3.7331 -0.8907 2.2835, -0.8447 0.0423 2.2835, -0.667 0.0423 2.2835, -0.5835 0.0835 2.2835, -8.6571 0.0091 2.2835, -8.6563 0.0082 2.2835, -8.636 0.0082 2.2835, -7.144 0.0423 2.2835, -6.9662 0.0423 2.2835, -6.8827 0.0835 2.2835, -10.2936 0.0423 2.2835, -10.1159 0.0423 2.2835, -10.0323 0.0835 2.2835, -5.4197 0.0527 2.2835, -5.4864 0.0873 2.2835, -5.4864 0.0423 2.2835, -6.8895 -0.2508 2.2835, -7.0023 -0.8907 2.2835, -6.8827 -0.8907 2.2835, -6.9746 -1.0517 2.2835, -6.9574 -1.0454 2.2835, -7.028 -0.9881 2.2835, -10.0391 -0.2508 2.2835, -10.1519 -0.8907 2.2835, -10.0323 -0.8907 2.2835, -10.1242 -1.0517 2.2835, -10.1071 -1.0454 2.2835, -10.1776 -0.9881 2.2835, -10.4895 -1.3766 2.2835, -10.4918 -1.3749 2.2835, -10.8024 -1.9685 2.2835, -10.5609 -1.2914 2.2835, -10.8024 -0.8907 2.2835, -10.5615 -1.2886 2.2835, -10.5556 -1.298 2.2835, -10.5579 -1.2962 2.2835, -10.5597 -1.294 2.2835, -10.4957 -1.3674 2.2835, -10.495 -1.3702 2.2835, -10.4937 -1.3727 2.2835, -10.5445 -1.2983 2.2835, -10.4935 -1.3592 2.2835, -10.4915 -1.3571 2.2835, -10.4956 -1.3645 2.2835, -10.4949 -1.3617 2.2835, -10.553 -1.2991 2.2835, -10.5501 -1.2995 2.2835, -10.5473 -1.2993 2.2835, -10.1632 -0.9548 2.2835, -10.1684 -0.9723 2.2835, -10.0323 -1.0433 2.2835, -10.0889 -1.0433 2.2835, -10.1395 -1.0617 2.2835, -10.1901 -1.0014 2.2835, -10.4111 -1.2896 2.2835, -10.4111 -1.1869 2.2835, -10.5421 -1.2968 2.2835, -10.3385 -0.0237 2.2835, -10.4111 0.0082 2.2835, -10.3393 -0.0265 2.2835, -10.4111 -0.4338 2.2835, -10.337 -0.0213 2.2835, -10.335 -0.0193 2.2835, -10.3325 -0.0178 2.2835, -10.3298 -0.0169 2.2835, -10.3269 -0.0168 2.2835, -10.1841 0.0082 2.2835, -10.3241 -0.0173 2.2835, -10.0753 -0.1701 2.2835, -10.0606 -0.1817 2.2835, -10.0323 -0.1041 2.2835, -10.0491 -0.1965 2.2835, -10.0414 -0.2136 2.2835, -10.1886 0.0008 2.2835, -10.1879 0.0035 2.2835, -10.038 -0.2321 2.2835, -10.1865 0.0059 2.2835, -10.1846 0.0079 2.2835, -10.3215 -0.0185 2.2835, -10.1832 -0.0112 2.2835, -10.1854 -0.0095 2.2835, -10.1871 -0.0073 2.2835, -10.1882 -0.0047 2.2835, -10.1888 -0.002 2.2835, -10.5613 -1.2857 2.2835, -10.4917 -0.8907 2.2835, -10.8024 0.0082 2.2835, -7.4113 -1.2914 2.2835, -7.4119 -1.2886 2.2835, -7.8481 -0.8907 2.2835, -7.4117 -1.2857 2.2835, -7.2615 -1.9685 2.2835, -7.3372 -1.3776 2.2835, -7.8481 -1.9685 2.2835, -7.3399 -1.3766 2.2835, -7.3422 -1.3749 2.2835, -7.3461 -1.3674 2.2835, -7.406 -1.298 2.2835, -7.4083 -1.2962 2.2835, -7.4101 -1.294 2.2835, -7.3441 -1.3727 2.2835, -7.3454 -1.3702 2.2835, -7.3949 -1.2983 2.2835, -7.3439 -1.3592 2.2835, -7.3419 -1.3571 2.2835, -7.346 -1.3645 2.2835, -7.3453 -1.3617 2.2835, -7.4034 -1.2991 2.2835, -7.4005 -1.2995 2.2835, -7.3977 -1.2993 2.2835, -7.0136 -0.9548 2.2835, -7.0188 -0.9723 2.2835, -6.8827 -1.0433 2.2835, -6.9393 -1.0433 2.2835, -6.9899 -1.0617 2.2835, -7.0405 -1.0014 2.2835, -7.2615 -1.2896 2.2835, -7.2615 -1.1869 2.2835, -7.3925 -1.2968 2.2835, -7.1889 -0.0237 2.2835, -7.2615 0.0082 2.2835, -7.1897 -0.0265 2.2835, -7.2615 -0.4338 2.2835, -7.1874 -0.0213 2.2835, -7.1854 -0.0193 2.2835, -7.1829 -0.0178 2.2835, -7.1802 -0.0169 2.2835, -7.1773 -0.0168 2.2835, -7.0345 0.0082 2.2835, -7.1745 -0.0173 2.2835, -6.9257 -0.1701 2.2835, -6.911 -0.1817 2.2835, -6.8827 -0.1041 2.2835, -6.8995 -0.1965 2.2835, -6.8918 -0.2136 2.2835, -7.039 0.0008 2.2835, -7.0382 0.0035 2.2835, -6.8884 -0.2321 2.2835, -7.0369 0.0059 2.2835, -7.0349 0.0079 2.2835, -7.1719 -0.0185 2.2835, -7.0336 -0.0112 2.2835, -7.0358 -0.0095 2.2835, -7.0375 -0.0073 2.2835, -7.0386 -0.0047 2.2835, -7.0392 -0.002 2.2835, -7.8481 0.0082 2.2835, -7.3421 -0.8907 2.2835, -8.8714 -1.3697 2.2835, -8.8686 -1.9685 2.2835, -8.8709 -1.3668 2.2835, -8.8686 -1.242 2.2835, -8.8711 -1.3639 2.2835, -8.872 -1.361 2.2835, -8.8727 -1.3724 2.2835, -8.8746 -1.3747 2.2835, -9.4488 -1.9685 2.2835, -9.4488 -1.0433 2.2835, -9.07 -0.9906 2.2835, -9.0726 -0.9736 2.2835, -9.0638 -1.0066 2.2835, -9.1269 -1.0596 2.2835, -9.1416 -1.0507 2.2835, -8.877 -1.3765 2.2835, -8.8797 -1.3776 2.2835, -8.8827 -1.378 2.2835, -9.1749 -1.0433 2.2835, -9.1578 -1.0452 2.2835, -9.0542 -1.0208 2.2835, -9.1146 -1.0714 2.2835, -8.8736 -1.3585 2.2835, -9.4488 -0.8907 2.2835, -9.0715 -0.9565 2.2835, -9.4488 -1.378 2.2835, -10.0323 -1.378 2.2835, -10.0323 -1.9685 2.2835, -10.4111 -1.378 2.2835, -10.4111 -1.9685 2.2835, -10.4839 -1.378 2.2835, -10.4868 -1.3776 2.2835, -5.725 -1.3747 2.2835, -5.7274 -1.3765 2.2835, -5.719 -1.9685 2.2835, -5.7301 -1.3776 2.2835, -6.2992 -1.9685 2.2835, -5.7331 -1.378 2.2835, -5.7213 -1.3668 2.2835, -5.7218 -1.3697 2.2835, -5.7231 -1.3724 2.2835, -5.9649 -1.0714 2.2835, -5.724 -1.3585 2.2835, -5.719 -1.242 2.2835, -5.7224 -1.361 2.2835, -5.7215 -1.3639 2.2835, -6.2992 -1.0433 2.2835, -6.0253 -1.0433 2.2835, -5.9103 -0.8907 2.2835, -6.0082 -1.0452 2.2835, -5.9219 -0.9565 2.2835, -5.923 -0.9736 2.2835, -5.9773 -1.0596 2.2835, -5.9046 -1.0208 2.2835, -5.992 -1.0507 2.2835, -5.9142 -1.0066 2.2835, -5.9204 -0.9906 2.2835, -6.2992 -0.8907 2.2835, -6.2992 -1.378 2.2835, -6.8827 -1.378 2.2835, -6.8827 -1.9685 2.2835, -7.2615 -1.378 2.2835, -7.3343 -1.378 2.2835, -8.5768 -0.0782 2.2835, -8.636 -0.8907 2.2835, -8.5909 -0.0646 2.2835, -8.5936 -0.0655 2.2835, -8.636 -0.0865 2.2835, -8.5802 -0.0676 2.2835, -8.5784 -0.0698 2.2835, -8.5772 -0.0725 2.2835, -8.5766 -0.0753 2.2835, -8.588 -0.0643 2.2835, -8.5852 -0.0648 2.2835, -8.5825 -0.0659 2.2835, -8.6552 0.0069 2.2835, -8.6538 0.0044 2.2835, -8.6532 0.0016 2.2835, -8.6553 -0.0066 2.2835, -8.6539 -0.0041 2.2835, -8.6532 -0.0013 2.2835, -8.6573 -0.0088 2.2835, -8.6597 -0.0103 2.2835, -8.8686 -0.2014 2.2835, -8.8686 -0.1136 2.2835, -8.9092 -0.2215 2.2835, -8.9753 -0.1663 2.2835, -8.9247 -0.2316 2.2835, -8.9374 -0.2449 2.2835, -9.0599 -0.8907 2.2835, -8.9519 -0.2784 2.2835, -9.4488 -0.1745 2.2835, -8.9466 -0.2608 2.2835, -9.0102 -0.1745 2.2835, -8.9922 -0.1724 2.2835, -8.636 -0.4142 2.2835, -8.7201 -0.8907 2.2835, -8.636 -1.9685 2.2835, -8.7926 -1.3024 2.2835, -8.7935 -1.3052 2.2835, -8.7951 -1.3078 2.2835, -8.7972 -1.3098 2.2835, -8.8085 -1.3114 2.2835, -8.8111 -1.31 2.2835, -8.8133 -1.3079 2.2835, -8.7998 -1.3113 2.2835, -8.8027 -1.312 2.2835, -8.8056 -1.3121 2.2835, -4.9649 -0.6693 2.2835, -4.9807 -0.6313 2.2835, -5.4864 -0.8907 2.2835, -5.4864 -0.4142 2.2835, -4.8693 -0.7427 2.2835, -4.8819 -0.7375 2.2835, -4.9073 -0.7269 2.2835, -4.9399 -0.7019 2.2835, -5.4276 -0.0725 2.2835, -5.427 -0.0753 2.2835, -4.9807 -0.5498 2.2835, -4.986 -0.5906 2.2835, -5.4272 -0.0782 2.2835, -5.4864 -0.0865 2.2835, -5.444 -0.0655 2.2835, -5.4864 0.0082 2.2835, -5.4413 -0.0646 2.2835, -5.4384 -0.0643 2.2835, -5.4356 -0.0648 2.2835, -5.4329 -0.0659 2.2835, -5.4306 -0.0676 2.2835, -5.4288 -0.0698 2.2835, -4.9649 -0.5118 2.2835, -4.9399 -0.4792 2.2835, -5.5056 0.0069 2.2835, -5.5042 0.0044 2.2835, -5.5036 0.0016 2.2835, -5.5036 -0.0013 2.2835, -5.5043 -0.0041 2.2835, -5.5057 -0.0066 2.2835, -5.8023 -0.2784 2.2835, -6.2992 -0.1745 2.2835, -5.797 -0.2608 2.2835, -5.8605 -0.1745 2.2835, -5.7878 -0.2449 2.2835, -5.8426 -0.1724 2.2835, -5.8257 -0.1663 2.2835, -5.5076 -0.0088 2.2835, -5.5101 -0.0103 2.2835, -5.719 -0.2014 2.2835, -5.719 -0.1136 2.2835, -5.7596 -0.2215 2.2835, -5.7751 -0.2316 2.2835, -5.6589 -1.3114 2.2835, -5.6615 -1.31 2.2835, -5.6637 -1.3079 2.2835, -5.5704 -0.8907 2.2835, -5.643 -1.3024 2.2835, -5.4864 -1.9685 2.2835, -5.6439 -1.3052 2.2835, -5.6455 -1.3078 2.2835, -5.6531 -1.312 2.2835, -5.656 -1.3121 2.2835, -5.6476 -1.3098 2.2835, -5.6502 -1.3113 2.2835, -10.0262 1.3697 2.2835, -10.0249 1.3724 2.2835, -10.0323 1.9685 2.2835, -10.0323 1.246 2.2835, -10.0256 1.361 2.2835, -10.0265 1.3639 2.2835, -10.0267 1.3668 2.2835, -10.0231 1.3747 2.2835, -10.0207 1.3765 2.2835, -9.4488 1.9685 2.2835, -10.0179 1.3776 2.2835, -10.015 1.378 2.2835, -9.9565 0.2297 2.2835, -9.9658 0.2137 2.2835, -9.8666 0.1654 2.2835, -9.8251 0.9736 2.2835, -9.4488 1.0433 2.2835, -9.8277 0.9906 2.2835, -9.7228 1.0433 2.2835, -9.8496 0.1715 2.2835, -9.8317 0.1736 2.2835, -9.9512 0.2473 2.2835, -9.4488 0.1736 2.2835, -9.8262 0.9565 2.2835, -9.7398 1.0452 2.2835, -9.756 1.0507 2.2835, -9.8339 1.0066 2.2835, -9.7707 1.0596 2.2835, -9.8434 1.0208 2.2835, -9.7831 1.0714 2.2835, -10.024 1.3585 2.2835, -8.8686 0.1192 2.2835, -8.8686 1.0433 2.2835, -8.9565 0.1648 2.2835, -8.9741 0.1714 2.2835, -8.9928 0.1736 2.2835, -8.8664 0.2067 2.2835, -8.7906 1.0454 2.2835, -8.8087 1.0433 2.2835, -8.3379 1.294 2.2835, -8.3367 1.2914 2.2835, -7.8481 1.9685 2.2835, -8.3361 1.2886 2.2835, -8.3447 1.2991 2.2835, -8.342 1.298 2.2835, -8.3397 1.2962 2.2835, -8.636 0.0873 2.2835, -8.636 0.0423 2.2835, -8.5693 0.0527 2.2835, -8.5667 0.0517 2.2835, -8.5522 0.0611 2.2835, -7.8481 0.0423 2.2835, -8.3363 1.2857 2.2835, -8.553 0.0585 2.2835, -8.5544 0.0561 2.2835, -8.5563 0.0541 2.2835, -8.4042 1.3592 2.2835, -8.3504 1.2993 2.2835, -8.4028 1.3617 2.2835, -8.3475 1.2995 2.2835, -8.5586 0.0526 2.2835, -8.5612 0.0516 2.2835, -8.564 0.0514 2.2835, -8.4082 1.3766 2.2835, -8.4058 1.3749 2.2835, -8.4039 1.3727 2.2835, -8.4026 1.3702 2.2835, -8.402 1.3674 2.2835, -8.402 1.3645 2.2835, -8.7344 0.9548 2.2835, -8.7292 0.9723 2.2835, -8.7734 1.0517 2.2835, -8.7201 0.9881 2.2835, -8.7581 1.0617 2.2835, -8.7075 1.0014 2.2835, -8.636 1.1642 2.2835, -8.636 1.0614 2.2835, -8.4061 1.3571 2.2835, -8.3555 1.2968 2.2835, -8.3531 1.2983 2.2835, -9.4488 1.378 2.2835, -8.8686 1.378 2.2835, -8.8686 1.9685 2.2835, -8.636 1.378 2.2835, -8.636 1.9685 2.2835, -8.4137 1.378 2.2835, -8.4109 1.3776 2.2835, -6.8766 1.3697 2.2835, -6.8753 1.3724 2.2835, -6.8827 1.9685 2.2835, -6.8827 1.246 2.2835, -6.876 1.361 2.2835, -6.8769 1.3639 2.2835, -6.8771 1.3668 2.2835, -6.8735 1.3747 2.2835, -6.8711 1.3765 2.2835, -6.2992 1.9685 2.2835, -6.8683 1.3776 2.2835, -6.8653 1.378 2.2835, -6.8069 0.2297 2.2835, -6.8162 0.2137 2.2835, -6.717 0.1654 2.2835, -6.6754 0.9736 2.2835, -6.2992 1.0433 2.2835, -6.6781 0.9906 2.2835, -6.5732 1.0433 2.2835, -6.7 0.1715 2.2835, -6.6821 0.1736 2.2835, -6.8016 0.2473 2.2835, -6.2992 0.1736 2.2835, -6.6766 0.9565 2.2835, -6.5902 1.0452 2.2835, -6.6064 1.0507 2.2835, -6.6843 1.0066 2.2835, -6.6211 1.0596 2.2835, -6.6938 1.0208 2.2835, -6.6335 1.0714 2.2835, -6.8744 1.3585 2.2835, -5.719 0.1192 2.2835, -5.719 1.0433 2.2835, -5.8069 0.1648 2.2835, -5.8245 0.1714 2.2835, -5.8432 0.1736 2.2835, -5.6238 1.0517 2.2835, -5.641 1.0454 2.2835, -5.5705 0.9881 2.2835, -5.5796 0.9723 2.2835, -5.6591 1.0433 2.2835, -5.7167 0.2067 2.2835, -5.5706 0.0423 2.2835, -5.5848 0.9548 2.2835, -5.1979 1.2995 2.2835, -5.1951 1.2991 2.2835, -5.2524 1.3645 2.2835, -4.8819 1.9685 2.2835, -5.1883 1.294 2.2835, -5.1871 1.2914 2.2835, -5.1924 1.298 2.2835, -5.1901 1.2962 2.2835, -5.2524 1.3674 2.2835, -5.1865 1.2886 2.2835, -5.1867 1.2857 2.2835, -4.8819 0.0423 2.2835, -5.4026 0.0611 2.2835, -5.4034 0.0585 2.2835, -5.2586 1.3766 2.2835, -5.2562 1.3749 2.2835, -5.2543 1.3727 2.2835, -5.253 1.3702 2.2835, -5.4116 0.0516 2.2835, -5.4144 0.0514 2.2835, -5.4171 0.0517 2.2835, -5.2008 1.2993 2.2835, -5.2532 1.3617 2.2835, -5.2035 1.2983 2.2835, -5.2546 1.3592 2.2835, -5.2565 1.3571 2.2835, -5.4048 0.0561 2.2835, -5.4067 0.0541 2.2835, -5.409 0.0526 2.2835, -5.6085 1.0617 2.2835, -5.5579 1.0014 2.2835, -5.4864 1.1642 2.2835, -5.4864 1.0614 2.2835, -5.2059 1.2968 2.2835, -6.2992 1.378 2.2835, -5.719 1.378 2.2835, -5.719 1.9685 2.2835, -5.4864 1.378 2.2835, -5.4864 1.9685 2.2835, -5.2641 1.378 2.2835, -5.2613 1.3776 2.2835, -10.0843 1.3079 2.2835, -10.0865 1.31 2.2835, -10.105 1.3024 2.2835, -10.1041 1.3052 2.2835, -10.4111 1.9685 2.2835, -10.095 1.312 2.2835, -10.092 1.3121 2.2835, -10.0891 1.3114 2.2835, -10.1026 1.3078 2.2835, -10.1004 1.3098 2.2835, -10.0978 1.3113 2.2835, -10.3264 0.047 2.2835, -10.4111 0.0423 2.2835, -10.3265 0.0441 2.2835, -10.3206 0.0347 2.2835, -10.3229 0.0365 2.2835, -10.3095 0.0344 2.2835, -10.3122 0.0334 2.2835, -10.3151 0.0332 2.2835, -10.3179 0.0336 2.2835, -10.3247 0.0387 2.2835, -10.326 0.0413 2.2835, -10.3261 0.0423 2.2835, -10.1822 0.0095 2.2835, -9.9785 0.2004 2.2835, -9.9939 0.1904 2.2835, -10.0323 0.1714 2.2835, -6.9347 1.3079 2.2835, -6.9369 1.31 2.2835, -6.9554 1.3024 2.2835, -6.9545 1.3052 2.2835, -7.2615 1.9685 2.2835, -6.9454 1.312 2.2835, -6.9424 1.3121 2.2835, -6.9395 1.3114 2.2835, -6.953 1.3078 2.2835, -6.9508 1.3098 2.2835, -6.9482 1.3113 2.2835, -7.1765 0.0423 2.2835, -7.1769 0.0441 2.2835, -7.2615 0.0423 2.2835, -7.1767 0.047 2.2835, -7.1599 0.0344 2.2835, -7.1626 0.0334 2.2835, -7.1655 0.0332 2.2835, -7.1683 0.0336 2.2835, -7.171 0.0347 2.2835, -7.1733 0.0365 2.2835, -7.1751 0.0387 2.2835, -7.1763 0.0413 2.2835, -7.0326 0.0095 2.2835, -6.8288 0.2004 2.2835, -6.8443 0.1904 2.2835, -6.8827 0.1714 2.2835, -9.9101 -0.1731 2.2835, -9.924 -0.1692 2.2835, -9.937 -0.1628 2.2835, -9.8957 -0.1745 2.2835, -8.7203 0.0423 2.2835, -8.6595 0.0107 2.2835, -6.7605 -0.1731 2.2835, -6.7744 -0.1692 2.2835, -6.7874 -0.1628 2.2835, -6.7461 -0.1745 2.2835, -5.5099 0.0107 2.2835, -5.5075 0.0091 2.2835, -5.5067 0.0082 2.2835, -11.0236 -1.9632 2.2835, -11.0141 -1.9672 2.2835, -11.0318 -1.957 2.2835, -11.0039 -1.9685 2.2835, -11.038 -1.9488 2.2835, -11.042 1.9393 2.2835, -11.0433 1.9291 2.2835, -11.0039 1.9685 2.2835, -10.8024 1.9685 2.2835, -11.0141 1.9672 2.2835, -11.0236 1.9632 2.2835, -11.0318 1.957 2.2835, -11.038 1.9488 2.2835, 1.046 1.3617 2.2835, 1.0984 1.2993 2.2835, 1.1013 1.2995 2.2835, 1.0957 1.2983 2.2835, 1.0447 1.3592 2.2835, 1.0427 1.3571 2.2835, 1.1042 1.2991 2.2835, 1.1068 1.298 2.2835, 1.1091 1.2962 2.2835, 1.1109 1.294 2.2835, 1.5945 1.9291 2.2835, 1.5551 1.9685 2.2835, 1.0406 1.3766 2.2835, 1.5653 1.9672 2.2835, 1.043 1.3749 2.2835, 1.5892 1.9488 2.2835, 1.583 1.957 2.2835, 1.5748 1.9632 2.2835, 1.0449 1.3727 2.2835, 1.5931 1.9393 2.2835, 1.0462 1.3702 2.2835, 1.0468 1.3674 2.2835, 1.0468 1.3645 2.2835, 1.5945 0.0423 2.2835, 0.8925 0.0541 2.2835, 0.8902 0.0526 2.2835, 0.8821 0.0517 2.2835, 0.8128 0.0423 2.2835, 0.8849 0.0514 2.2835, 0.8876 0.0516 2.2835, 0.8966 0.0611 2.2835, 0.8958 0.0585 2.2835, 0.8944 0.0561 2.2835, 1.1121 1.2914 2.2835, 1.1127 1.2886 2.2835, 1.1125 1.2857 2.2835, 1.5945 -0.8907 2.2835, 1.1645 -1.2008 2.2835, 1.5945 -1.9291 2.2835, 1.1588 -1.2441 2.2835, 0.9972 -1.3681 2.2835, 0.9539 -1.3624 2.2835, 0.8128 -1.9685 2.2835, 0.8523 -1.1171 2.2835, 0.8789 -1.0825 2.2835, 0.8128 -0.8907 2.2835, 0.9135 -1.0559 2.2835, 0.9539 -1.0392 2.2835, 1.583 -1.957 2.2835, 1.5892 -1.9488 2.2835, 1.1155 -1.3191 2.2835, 0.9135 -1.3457 2.2835, 0.8789 -1.3191 2.2835, 0.8523 -1.2844 2.2835, 0.9972 -1.0335 2.2835, 1.0405 -1.0392 2.2835, 1.0808 -1.0559 2.2835, 1.1155 -1.0825 2.2835, 1.1421 -1.1171 2.2835, 1.1588 -1.1575 2.2835, 1.5748 -1.9632 2.2835, 1.1421 -1.2844 2.2835, 1.5931 -1.9393 2.2835, 1.0405 -1.3624 2.2835, 1.5551 -1.9685 2.2835, 1.0808 -1.3457 2.2835, 0.8356 -1.2441 2.2835, 0.8299 -1.2008 2.2835, 0.8356 -1.1575 2.2835, 1.5653 -1.9672 2.2835, 0.8795 0.0527 2.2835, 0.8128 0.0873 2.2835, 0.7286 0.0423 2.2835, 0.5802 0.1192 2.2835, 0.7144 0.9548 2.2835, 0.6582 1.0454 2.2835, 0.5825 0.2067 2.2835, 0.6401 1.0433 2.2835, 0.5802 1.0433 2.2835, 0.7196 0.9723 2.2835, 0.7288 0.9881 2.2835, 0.6754 1.0517 2.2835, 0.6907 1.0617 2.2835, 0.7413 1.0014 2.2835, 0.8128 1.1642 2.2835, 0.8128 1.0614 2.2835, 1.0933 1.2968 2.2835, -0.6403 1.3114 2.2835, -0.5835 1.9685 2.2835, -0.6432 1.3121 2.2835, -0.6461 1.312 2.2835, -0.6562 1.3024 2.2835, -0.6553 1.3052 2.2835, -0.9623 1.9685 2.2835, -0.6537 1.3078 2.2835, -0.6516 1.3098 2.2835, -0.649 1.3113 2.2835, -0.6377 1.31 2.2835, -0.6355 1.3079 2.2835, -0.5835 1.246 2.2835, -0.8775 0.047 2.2835, -0.9623 0.0423 2.2835, -0.8777 0.0441 2.2835, -0.9623 0.0082 2.2835, -0.8718 0.0347 2.2835, -0.8741 0.0365 2.2835, -0.8607 0.0344 2.2835, -0.8634 0.0334 2.2835, -0.7353 0.0082 2.2835, -0.8663 0.0332 2.2835, -0.8691 0.0336 2.2835, -0.8759 0.0387 2.2835, -0.8771 0.0413 2.2835, -0.8773 0.0423 2.2835, -0.7334 0.0095 2.2835, -0.5691 1.3776 2.2835, -0.5661 1.378 2.2835, 0.0 1.9685 2.2835, -0.5761 1.3724 2.2835, -0.5742 1.3747 2.2835, -0.5718 1.3765 2.2835, -0.3851 1.0066 2.2835, -0.3788 0.9906 2.2835, -0.3219 1.0596 2.2835, -0.5768 1.361 2.2835, -0.5777 1.3639 2.2835, -0.5779 1.3668 2.2835, -0.5774 1.3697 2.2835, -0.4178 0.1654 2.2835, -0.5451 0.1904 2.2835, -0.5835 0.1714 2.2835, -0.5077 0.2297 2.2835, -0.517 0.2137 2.2835, -0.5296 0.2004 2.2835, -0.3829 0.1736 2.2835, -0.2739 1.0433 2.2835, -0.291 1.0452 2.2835, -0.4008 0.1715 2.2835, -0.5024 0.2473 2.2835, -0.3072 1.0507 2.2835, -0.3762 0.9736 2.2835, -0.3774 0.9565 2.2835, -0.3946 1.0208 2.2835, -0.3343 1.0714 2.2835, -0.5752 1.3585 2.2835, 0.4923 0.1648 2.2835, 0.4747 0.1714 2.2835, -0.0 1.0433 2.2835, -0.0 0.1736 2.2835, 0.456 0.1736 2.2835, -0.0 1.378 2.2835, 0.5802 1.378 2.2835, 0.5802 1.9685 2.2835, 0.8128 1.378 2.2835, 0.8128 1.9685 2.2835, 1.0351 1.378 2.2835, 1.038 1.3776 2.2835, 0.8128 -0.0865 2.2835, 0.8552 -0.0655 2.2835, 0.8128 0.0082 2.2835, 0.8579 -0.0646 2.2835, 0.8608 -0.0643 2.2835, 0.8636 -0.0648 2.2835, 0.8663 -0.0659 2.2835, 1.5945 0.0082 2.2835, 0.8686 -0.0676 2.2835, 0.872 -0.0782 2.2835, 0.8704 -0.0698 2.2835, 0.8716 -0.0725 2.2835, 0.8722 -0.0753 2.2835, 0.7937 0.0069 2.2835, 0.795 0.0044 2.2835, 0.7957 0.0016 2.2835, 0.7935 -0.0066 2.2835, 0.7949 -0.0041 2.2835, 0.7956 -0.0013 2.2835, 0.7916 -0.0088 2.2835, 0.7892 -0.0103 2.2835, 0.5802 -0.2014 2.2835, 0.5802 -0.1136 2.2835, 0.5396 -0.2215 2.2835, 0.4736 -0.1663 2.2835, 0.5241 -0.2316 2.2835, 0.5115 -0.2449 2.2835, 0.389 -0.8907 2.2835, 0.4969 -0.2784 2.2835, -0.0 -0.1745 2.2835, 0.5022 -0.2608 2.2835, 0.4387 -0.1745 2.2835, 0.4566 -0.1724 2.2835, 0.5761 -1.3724 2.2835, 0.5742 -1.3747 2.2835, 0.5802 -1.9685 2.2835, 0.5718 -1.3765 2.2835, 0.5691 -1.3776 2.2835, 0.0 -1.9685 2.2835, 0.5661 -1.378 2.2835, 0.3343 -1.0714 2.2835, 0.5752 -1.3585 2.2835, 0.5802 -1.242 2.2835, 0.5768 -1.361 2.2835, -0.0 -1.0433 2.2835, 0.2739 -1.0433 2.2835, 0.291 -1.0452 2.2835, 0.3774 -0.9565 2.2835, 0.3762 -0.9736 2.2835, 0.5777 -1.3639 2.2835, 0.5779 -1.3668 2.2835, 0.5774 -1.3697 2.2835, 0.3219 -1.0596 2.2835, 0.3946 -1.0208 2.2835, 0.3072 -1.0507 2.2835, 0.3851 -1.0066 2.2835, 0.3788 -0.9906 2.2835, 0.6553 -1.3052 2.2835, 0.6537 -1.3078 2.2835, 0.6432 -1.3121 2.2835, 0.6403 -1.3114 2.2835, 0.6516 -1.3098 2.2835, 0.649 -1.3113 2.2835, 0.6461 -1.312 2.2835, 0.6377 -1.31 2.2835, 0.6355 -1.3079 2.2835, 0.8128 -0.4142 2.2835, 0.7288 -0.8907 2.2835, 0.6562 -1.3024 2.2835, -0.6401 -1.0433 2.2835, -0.5835 -1.0433 2.2835, -0.5835 -0.8907 2.2835, -0.0 -0.8907 2.2835, -0.6582 -1.0454 2.2835, -0.7031 -0.8907 2.2835, -0.7144 -0.9548 2.2835, -0.7196 -0.9723 2.2835, -0.7288 -0.9881 2.2835, -0.6754 -1.0517 2.2835, -1.043 -1.3749 2.2835, -1.0449 -1.3727 2.2835, -1.5489 -1.9685 2.2835, -1.0468 -1.3674 2.2835, -1.0468 -1.3645 2.2835, -1.5489 -0.8907 2.2835, -1.0462 -1.3702 2.2835, -1.1125 -1.2857 2.2835, -1.1127 -1.2886 2.2835, -1.1121 -1.2914 2.2835, -0.9623 -1.9685 2.2835, -1.038 -1.3776 2.2835, -1.0406 -1.3766 2.2835, -1.046 -1.3617 2.2835, -1.0957 -1.2983 2.2835, -1.0447 -1.3592 2.2835, -1.0427 -1.3571 2.2835, -1.0984 -1.2993 2.2835, -1.1013 -1.2995 2.2835, -1.1042 -1.2991 2.2835, -1.1068 -1.298 2.2835, -1.1091 -1.2962 2.2835, -1.1109 -1.294 2.2835, -0.6907 -1.0617 2.2835, -0.7413 -1.0014 2.2835, -0.9623 -1.2896 2.2835, -0.9623 -1.1869 2.2835, -1.0933 -1.2968 2.2835, -0.0 -1.378 2.2835, -0.5835 -1.378 2.2835, -0.5835 -1.9685 2.2835, -0.9623 -1.378 2.2835, -1.0351 -1.378 2.2835, -0.8897 -0.0237 2.2835, -0.8905 -0.0265 2.2835, -0.9623 -0.4338 2.2835, -0.8882 -0.0213 2.2835, -0.8862 -0.0193 2.2835, -0.8837 -0.0178 2.2835, -0.6265 -0.1701 2.2835, -0.6118 -0.1817 2.2835, -0.5835 -0.1041 2.2835, -0.6003 -0.1965 2.2835, -0.5926 -0.2136 2.2835, -0.739 0.0035 2.2835, -0.7376 0.0059 2.2835, -0.8753 -0.0173 2.2835, -0.5902 -0.2508 2.2835, -0.5892 -0.2321 2.2835, -0.7398 0.0008 2.2835, -0.881 -0.0169 2.2835, -0.8781 -0.0168 2.2835, -0.7357 0.0079 2.2835, -0.8727 -0.0185 2.2835, -0.7344 -0.0112 2.2835, -0.7365 -0.0095 2.2835, -0.7383 -0.0073 2.2835, -0.7394 -0.0047 2.2835, -0.7399 -0.002 2.2835, -0.4613 -0.1731 2.2835, -0.4752 -0.1692 2.2835, -0.4882 -0.1628 2.2835, -0.4469 -0.1745 2.2835, 0.7894 0.0107 2.2835, 0.7917 0.0091 2.2835, 0.7925 0.0082 2.2835, -3.7388 -0.2321 2.2835, -3.7761 -0.1701 2.2835, -3.7614 -0.1817 2.2835, -3.7331 -0.1041 2.2835, -3.7499 -0.1965 2.2835, -3.7422 -0.2136 2.2835, -3.9585 -0.0578 2.2835, -3.8861 -0.0095 2.2835, -3.8879 -0.0073 2.2835, -3.889 -0.0047 2.2835, -3.8895 -0.002 2.2835, -3.9585 0.0082 2.2835, -3.8894 0.0008 2.2835, -3.8886 0.0035 2.2835, -3.8873 0.0059 2.2835, -3.884 -0.0112 2.2835, -3.6109 -0.1731 2.2835, -3.6248 -0.1692 2.2835, -3.6378 -0.1628 2.2835, -2.7607 -0.8907 2.2835, -2.6527 -0.2784 2.2835, -3.1496 -0.1745 2.2835, -2.6474 -0.2608 2.2835, -2.7109 -0.1745 2.2835, -2.6381 -0.2449 2.2835, -2.693 -0.1724 2.2835, -2.6761 -0.1663 2.2835, -2.2888 -0.0643 2.2835, -2.286 -0.0648 2.2835, -2.011 0.0082 2.2835, -2.2833 -0.0659 2.2835, -2.354 0.0016 2.2835, -2.354 -0.0013 2.2835, -2.2917 -0.0646 2.2835, -2.6255 -0.2316 2.2835, -2.61 -0.2215 2.2835, -2.5694 -0.1136 2.2835, -2.5694 -0.2014 2.2835, -2.3605 -0.0103 2.2835, -2.2944 -0.0655 2.2835, -2.281 -0.0676 2.2835, -2.2792 -0.0698 2.2835, -2.278 -0.0725 2.2835, -2.4208 -0.8907 2.2835, -2.011 -0.8907 2.2835, -2.2776 -0.0782 2.2835, -2.2774 -0.0753 2.2835, -2.3571 0.0082 2.2835, -2.356 0.0069 2.2835, -2.3546 0.0044 2.2835, -2.3547 -0.0041 2.2835, -2.3561 -0.0066 2.2835, -2.358 -0.0088 2.2835, -2.3579 0.0091 2.2835, -2.011 0.0423 2.2835, -2.3602 0.0107 2.2835, -2.421 0.0423 2.2835, -2.1117 1.3776 2.2835, -2.109 1.3766 2.2835, -2.011 1.9685 2.2835, -2.1066 1.3749 2.2835, -2.2552 0.0561 2.2835, -2.2571 0.0541 2.2835, -2.2594 0.0526 2.2835, -2.262 0.0516 2.2835, -2.2647 0.0514 2.2835, -2.2675 0.0517 2.2835, -2.5694 0.1192 2.2835, -2.2701 0.0527 2.2835, -2.0371 1.2857 2.2835, -2.0369 1.2886 2.2835, -2.253 0.0611 2.2835, -2.2538 0.0585 2.2835, -2.1145 1.378 2.2835, -2.0512 1.2993 2.2835, -2.0483 1.2995 2.2835, -2.0455 1.2991 2.2835, -2.0428 1.298 2.2835, -2.0405 1.2962 2.2835, -2.0387 1.294 2.2835, -2.0375 1.2914 2.2835, -2.1047 1.3727 2.2835, -2.1034 1.3702 2.2835, -2.1028 1.3674 2.2835, -2.1028 1.3645 2.2835, -2.5671 0.2067 2.2835, -2.4352 0.9548 2.2835, -2.5694 1.0433 2.2835, -2.43 0.9723 2.2835, -2.5095 1.0433 2.2835, -2.1036 1.3617 2.2835, -2.105 1.3592 2.2835, -2.0539 1.2983 2.2835, -2.1069 1.3571 2.2835, -2.0563 1.2968 2.2835, -2.4083 1.0014 2.2835, -2.4589 1.0617 2.2835, -2.4209 0.9881 2.2835, -2.4742 1.0517 2.2835, -2.4914 1.0454 2.2835, -2.6573 0.1648 2.2835, -2.6749 0.1714 2.2835, -3.1496 1.0433 2.2835, -3.1496 0.1736 2.2835, -2.6936 0.1736 2.2835, -3.7248 1.3585 2.2835, -3.7264 1.361 2.2835, -3.7331 1.246 2.2835, -3.6573 0.2297 2.2835, -3.6666 0.2137 2.2835, -3.5674 0.1654 2.2835, -3.7238 1.3747 2.2835, -3.7214 1.3765 2.2835, -3.7331 1.9685 2.2835, -3.7257 1.3724 2.2835, -3.7273 1.3639 2.2835, -3.7275 1.3668 2.2835, -3.727 1.3697 2.2835, -3.4839 1.0714 2.2835, -3.5442 1.0208 2.2835, -3.4715 1.0596 2.2835, -3.5347 1.0066 2.2835, -3.4568 1.0507 2.2835, -3.4406 1.0452 2.2835, -3.5284 0.9906 2.2835, -3.5258 0.9736 2.2835, -3.5504 0.1715 2.2835, -3.5325 0.1736 2.2835, -3.652 0.2473 2.2835, -3.527 0.9565 2.2835, -3.4236 1.0433 2.2835, -3.8853 0.0079 2.2835, -3.8849 0.0082 2.2835, -3.9585 0.0423 2.2835, -3.6792 0.2004 2.2835, -3.6947 0.1904 2.2835, -3.7331 0.0835 2.2835, -3.7331 0.1714 2.2835, -3.8166 0.0423 2.2835, -3.883 0.0095 2.2835, -2.011 -1.9685 2.2835, -2.0075 -1.2844 2.2835, -2.011 -1.1126 2.2835, -2.0075 -1.1171 2.2835, -1.9908 -1.1575 2.2835, -1.9851 -1.2008 2.2835, -1.9908 -1.2441 2.2835, -2.3197 -1.2008 2.2835, -2.314 -1.1575 2.2835, -2.5694 -1.9685 2.2835, -2.0688 -1.0559 2.2835, -2.0341 -1.0825 2.2835, -2.011 -1.289 2.2835, -2.0341 -1.3191 2.2835, -2.0688 -1.3457 2.2835, -2.314 -1.2441 2.2835, -2.2361 -1.0559 2.2835, -2.1957 -1.0392 2.2835, -2.1091 -1.0392 2.2835, -2.2361 -1.3457 2.2835, -2.2707 -1.3191 2.2835, -2.2973 -1.2844 2.2835, -2.1524 -1.0335 2.2835, -2.1091 -1.3624 2.2835, -2.1524 -1.3681 2.2835, -2.1957 -1.3624 2.2835, -2.2973 -1.1171 2.2835, -2.2707 -1.0825 2.2835, -2.5694 -1.242 2.2835, -2.5141 -1.3079 2.2835, -2.5119 -1.31 2.2835, -2.4934 -1.3024 2.2835, -2.4943 -1.3052 2.2835, -2.4959 -1.3078 2.2835, -2.498 -1.3098 2.2835, -2.5006 -1.3113 2.2835, -2.5035 -1.312 2.2835, -2.5064 -1.3121 2.2835, -2.5093 -1.3114 2.2835, -3.9585 1.9685 2.2835, -3.9585 0.4366 2.2835, -3.8058 1.3024 2.2835, -3.7899 1.3114 2.2835, -3.7873 1.31 2.2835, -3.7851 1.3079 2.2835, -3.8049 1.3052 2.2835, -3.8033 1.3078 2.2835, -3.8012 1.3098 2.2835, -3.7986 1.3113 2.2835, -3.7958 1.312 2.2835, -3.7928 1.3121 2.2835, -4.3626 1.9685 2.2835, -4.3626 0.0423 2.2835, -4.0271 0.047 2.2835, -4.0273 0.0441 2.2835, -4.013 0.0334 2.2835, -4.0159 0.0332 2.2835, -4.0187 0.0336 2.2835, -4.3626 0.0082 2.2835, -4.0214 0.0347 2.2835, -4.0237 0.0365 2.2835, -4.0255 0.0387 2.2835, -4.0267 0.0413 2.2835, -4.0269 0.0423 2.2835, -3.9585 0.06 2.2835, -3.9943 0.0423 2.2835, -4.0103 0.0344 2.2835, -3.7187 1.3776 2.2835, -3.7157 1.378 2.2835, -3.1496 1.378 2.2835, -2.7723 -0.9565 2.2835, -3.1496 -0.8907 2.2835, -3.5965 -0.1745 2.2835, -2.8153 -1.0714 2.2835, -2.5744 -1.3585 2.2835, -2.5728 -1.361 2.2835, -2.5735 -1.3724 2.2835, -2.5754 -1.3747 2.2835, -2.5778 -1.3765 2.2835, -2.5805 -1.3776 2.2835, -3.1496 -1.9685 2.2835, -2.5835 -1.378 2.2835, -2.8586 -1.0452 2.2835, -2.7734 -0.9736 2.2835, -2.8757 -1.0433 2.2835, -3.1496 -1.0433 2.2835, -2.5719 -1.3639 2.2835, -2.5717 -1.3668 2.2835, -2.5722 -1.3697 2.2835, -2.8277 -1.0596 2.2835, -2.755 -1.0208 2.2835, -2.8424 -1.0507 2.2835, -2.7645 -1.0066 2.2835, -2.7708 -0.9906 2.2835, -3.7331 -1.0433 2.2835, -3.864 -0.9548 2.2835, -3.8692 -0.9723 2.2835, -3.7897 -1.0433 2.2835, -3.8078 -1.0454 2.2835, -4.2564 -1.298 2.2835, -4.2587 -1.2962 2.2835, -4.3626 -1.9685 2.2835, -4.2605 -1.294 2.2835, -4.2617 -1.2914 2.2835, -3.9585 -1.378 2.2835, -4.1847 -1.378 2.2835, -4.1876 -1.3776 2.2835, -4.1902 -1.3766 2.2835, -4.1926 -1.3749 2.2835, -4.1945 -1.3727 2.2835, -4.1958 -1.3702 2.2835, -4.1964 -1.3674 2.2835, -4.2453 -1.2983 2.2835, -4.1943 -1.3592 2.2835, -4.1923 -1.3571 2.2835, -4.1964 -1.3645 2.2835, -4.1957 -1.3617 2.2835, -4.2538 -1.2991 2.2835, -4.2509 -1.2995 2.2835, -4.248 -1.2993 2.2835, -3.825 -1.0517 2.2835, -3.8784 -0.9881 2.2835, -3.8403 -1.0617 2.2835, -3.8909 -1.0014 2.2835, -3.9585 -1.1609 2.2835, -3.9585 -1.0581 2.2835, -4.2429 -1.2968 2.2835, -3.9585 -1.9685 2.2835, -3.7331 -1.9685 2.2835, -3.7331 -1.378 2.2835, -3.1496 -1.378 2.2835, -4.2623 -1.2886 2.2835, -4.2621 -1.2857 2.2835, -4.3626 -0.8907 2.2835, -4.1925 -0.8907 2.2835, -4.0401 -0.0265 2.2835, -4.0393 -0.0237 2.2835, -4.0378 -0.0213 2.2835, -4.0358 -0.0193 2.2835, -4.0333 -0.0178 2.2835, -4.0306 -0.0169 2.2835, -4.0277 -0.0168 2.2835, -4.0249 -0.0173 2.2835, -4.0223 -0.0185 2.2835, -4.4839 0.5118 2.2835, -4.5089 0.4792 2.2835, -4.5089 0.7019 2.2835, -4.4839 0.6693 2.2835, -4.4682 0.6313 2.2835, -4.4628 0.5906 2.2835, -4.4682 0.5498 2.2835, -4.5415 0.7269 2.2835, -4.7567 0.6693 2.2835, -4.7316 0.7019 2.2835, -4.6203 0.4331 2.2835, -4.661 0.4384 2.2835, -4.7567 0.5118 2.2835, -4.7724 0.5498 2.2835, -4.7778 0.5906 2.2835, -4.7724 0.6313 2.2835, -4.699 0.4542 2.2835, -4.7316 0.4792 2.2835, -4.5415 0.4542 2.2835, -4.5669 0.4437 2.2835, -4.5669 0.0423 2.2835, -4.5795 0.4384 2.2835, -4.699 0.7269 2.2835, -4.661 0.7427 2.2835, -4.6203 0.748 2.2835, -4.6922 -0.6693 2.2835, -4.7172 -0.7019 2.2835, -4.5669 -0.8907 2.2835, -4.8285 -0.4331 2.2835, -4.7878 -0.4384 2.2835, -4.5669 0.0082 2.2835, -4.6922 -0.5118 2.2835, -4.6764 -0.5498 2.2835, -4.6711 -0.5906 2.2835, -4.6764 -0.6313 2.2835, -4.7498 -0.4542 2.2835, -4.7172 -0.4792 2.2835, -4.9073 -0.4542 2.2835, -4.8819 -0.4437 2.2835, -4.8819 0.0082 2.2835, -4.8693 -0.4384 2.2835, -4.7498 -0.7269 2.2835, -4.7878 -0.7427 2.2835, -4.8285 -0.748 2.2835, -1.5489 1.9685 2.2835, -1.5489 0.0423 2.2835, -1.5489 0.0082 2.2835, -1.0429 -0.8907 2.2835, -10.8024 0.0423 2.2835, -11.0433 0.0423 2.2835, -11.0433 0.0082 2.2835, -11.0433 -0.8907 2.2835, -11.0433 -1.9291 2.2835, -11.042 -1.9393 2.2835, -5.4693 -1.2008 2.2835, -5.4636 -1.1575 2.2835, -4.8819 -1.9685 2.2835, -4.5669 -1.9685 2.2835, -5.3453 -1.3624 2.2835, -5.3857 -1.3457 2.2835, -5.4636 -1.2441 2.2835, -5.4203 -1.3191 2.2835, -5.4469 -1.2844 2.2835, -5.2184 -1.0559 2.2835, -5.1837 -1.0825 2.2835, -5.1571 -1.1171 2.2835, -5.1404 -1.2441 2.2835, -5.1571 -1.2844 2.2835, -5.1837 -1.3191 2.2835, -5.4469 -1.1171 2.2835, -5.4203 -1.0825 2.2835, -5.3857 -1.0559 2.2835, -5.3453 -1.0392 2.2835, -5.302 -1.0335 2.2835, -5.2587 -1.0392 2.2835, -5.2184 -1.3457 2.2835, -5.2587 -1.3624 2.2835, -5.302 -1.3681 2.2835, -8.29 -1.1575 2.2835, -8.2843 -1.2008 2.2835, -8.29 -1.2441 2.2835, -8.3067 -1.2844 2.2835, -8.3333 -1.3191 2.2835, -8.5353 -1.0559 2.2835, -8.5699 -1.0825 2.2835, -8.5965 -1.1171 2.2835, -8.4949 -1.3624 2.2835, -8.5353 -1.3457 2.2835, -8.5699 -1.3191 2.2835, -8.5965 -1.2844 2.2835, -8.368 -1.0559 2.2835, -8.3333 -1.0825 2.2835, -8.3067 -1.1171 2.2835, -8.368 -1.3457 2.2835, -8.4083 -1.3624 2.2835, -8.4516 -1.3681 2.2835, -8.6133 -1.2441 2.2835, -8.619 -1.2008 2.2835, -8.6133 -1.1575 2.2835, -8.4949 -1.0392 2.2835, -8.4516 -1.0335 2.2835, -8.4083 -1.0392 2.2835, -8.4083 -1.0392 2.2835
            ]
        }
        coordIndex [
            0,1,2,-1,3,4,5,-1,6,7,8,-1,9,10,11,-1,12,13,14,-1,15,16,17,-1,18,19,20,-1,21,22,23,-1,24,25,26,-1,27,28,29,-1,30,31,32,-1,33,34,35,-1,36,37,38,-1,39,40,41,-1,41,42,43,-1,43,42,44,-1,45,46,41,-1,41,46,47,-1,41,47,42,-1,48,45,49,-1,49,45,41,-1,49,41,50,-1,50,41,40,-1,51,52,53,-1,48,54,45,-1,45,54,55,-1,45,55,56,-1,56,55,57,-1,52,51,55,-1,55,51,58,-1,55,58,57,-1,59,60,61,-1,59,61,34,-1,38,37,60,-1,60,37,62,-1,60,62,61,-1,36,38,63,-1,63,38,64,-1,63,64,65,-1,65,64,66,-1,65,66,53,-1,53,66,67,-1,53,67,51,-1,68,69,70,-1,70,69,71,-1,68,72,69,-1,69,72,73,-1,69,73,74,-1,74,75,69,-1,69,75,76,-1,69,76,77,-1,77,76,78,-1,79,80,81,-1,81,80,82,-1,81,82,83,-1,84,85,78,-1,33,35,86,-1,85,87,78,-1,78,87,88,-1,78,88,77,-1,79,81,89,-1,89,81,90,-1,89,90,91,-1,91,92,89,-1,89,92,93,-1,89,93,78,-1,78,93,94,-1,78,94,84,-1,44,95,43,-1,43,95,96,-1,43,96,97,-1,98,99,100,-1,100,99,101,-1,102,103,104,-1,104,103,105,-1,104,105,106,-1,107,108,104,-1,104,108,109,-1,104,109,110,-1,106,111,104,-1,104,111,112,-1,104,112,107,-1,113,114,115,-1,107,116,108,-1,108,116,117,-1,108,117,118,-1,118,117,119,-1,114,113,117,-1,117,113,120,-1,117,120,119,-1,121,122,123,-1,121,123,28,-1,32,31,122,-1,122,31,124,-1,122,124,123,-1,30,32,125,-1,125,32,126,-1,125,126,127,-1,127,126,128,-1,127,128,115,-1,115,128,129,-1,115,129,113,-1,130,131,132,-1,132,131,133,-1,130,134,131,-1,131,134,135,-1,131,135,136,-1,136,137,131,-1,131,137,138,-1,131,138,139,-1,139,138,140,-1,141,142,143,-1,143,142,144,-1,143,144,145,-1,146,147,140,-1,27,29,148,-1,147,149,140,-1,140,149,150,-1,140,150,139,-1,141,143,151,-1,151,143,152,-1,151,152,153,-1,153,154,151,-1,151,154,155,-1,151,155,140,-1,140,155,156,-1,140,156,146,-1,131,157,133,-1,133,157,100,-1,133,100,158,-1,158,100,101,-1,159,160,161,-1,161,160,162,-1,161,162,163,-1,163,162,164,-1,159,165,160,-1,160,165,166,-1,160,166,167,-1,168,169,170,-1,171,169,172,-1,172,169,173,-1,166,174,167,-1,167,174,175,-1,167,175,176,-1,168,177,169,-1,169,177,178,-1,169,178,173,-1,171,172,179,-1,179,172,180,-1,179,180,162,-1,162,180,181,-1,162,181,164,-1,34,61,35,-1,35,61,168,-1,35,168,182,-1,182,168,170,-1,182,170,183,-1,176,184,167,-1,167,184,185,-1,167,185,186,-1,186,185,187,-1,186,187,188,-1,188,187,189,-1,188,189,41,-1,41,189,190,-1,41,190,39,-1,191,192,193,-1,193,192,194,-1,193,194,195,-1,195,194,196,-1,197,198,193,-1,193,198,199,-1,193,199,191,-1,200,201,202,-1,202,201,203,-1,202,203,204,-1,205,206,207,-1,207,206,208,-1,207,208,209,-1,209,208,210,-1,200,202,211,-1,211,202,212,-1,211,212,213,-1,213,212,214,-1,213,214,208,-1,208,214,215,-1,208,215,210,-1,28,123,29,-1,29,123,205,-1,29,205,216,-1,196,217,195,-1,195,217,218,-1,195,218,219,-1,219,218,220,-1,219,220,102,-1,102,220,221,-1,102,221,103,-1,222,223,100,-1,224,17,225,-1,225,17,226,-1,227,228,157,-1,157,228,229,-1,157,229,100,-1,100,229,230,-1,100,230,222,-1,224,231,17,-1,17,231,232,-1,17,232,157,-1,157,232,233,-1,157,233,227,-1,16,234,17,-1,17,234,235,-1,17,235,236,-1,237,226,238,-1,238,226,17,-1,238,17,239,-1,239,17,236,-1,237,240,226,-1,226,240,241,-1,226,241,242,-1,242,241,243,-1,242,243,244,-1,244,243,245,-1,244,245,246,-1,246,245,247,-1,248,249,250,-1,250,249,251,-1,250,251,252,-1,252,251,247,-1,252,247,253,-1,253,247,245,-1,222,254,223,-1,223,254,255,-1,223,255,256,-1,256,255,257,-1,257,258,256,-1,256,258,259,-1,256,259,260,-1,261,262,160,-1,160,262,263,-1,160,263,162,-1,260,264,256,-1,256,264,265,-1,256,265,160,-1,160,265,266,-1,160,266,261,-1,267,268,269,-1,269,268,270,-1,271,272,2,-1,2,272,273,-1,2,273,269,-1,269,273,274,-1,269,274,267,-1,275,276,277,-1,268,278,270,-1,270,278,277,-1,270,277,279,-1,279,277,276,-1,280,281,282,-1,282,281,283,-1,282,283,284,-1,284,285,282,-1,282,285,286,-1,282,286,287,-1,275,277,288,-1,288,277,289,-1,288,289,287,-1,287,289,290,-1,287,290,282,-1,291,292,282,-1,282,292,293,-1,293,294,282,-1,282,294,295,-1,282,295,280,-1,280,295,296,-1,207,297,298,-1,298,297,299,-1,298,299,300,-1,300,299,301,-1,300,301,302,-1,302,301,303,-1,296,304,280,-1,280,304,305,-1,280,305,306,-1,306,305,307,-1,306,307,308,-1,308,307,303,-1,308,303,309,-1,309,303,301,-1,310,311,193,-1,204,197,202,-1,202,197,193,-1,202,193,312,-1,312,193,311,-1,313,314,315,-1,315,314,316,-1,315,316,317,-1,315,318,193,-1,193,318,319,-1,193,319,310,-1,317,320,315,-1,315,320,321,-1,315,321,318,-1,322,323,324,-1,325,326,327,-1,322,324,328,-1,323,329,324,-1,324,329,330,-1,324,330,331,-1,331,330,332,-1,331,332,333,-1,334,335,336,-1,337,338,339,-1,339,338,340,-1,336,341,334,-1,334,341,342,-1,334,342,343,-1,343,342,344,-1,343,344,345,-1,340,346,339,-1,339,346,347,-1,339,347,348,-1,348,347,349,-1,348,349,350,-1,350,349,351,-1,350,351,325,-1,325,351,352,-1,325,352,326,-1,353,354,355,-1,355,354,356,-1,337,345,338,-1,338,345,344,-1,338,344,354,-1,354,344,357,-1,354,357,356,-1,358,359,360,-1,361,362,363,-1,363,362,364,-1,365,366,363,-1,363,366,367,-1,363,367,361,-1,368,369,370,-1,370,369,371,-1,372,373,374,-1,374,373,364,-1,372,375,373,-1,373,375,376,-1,373,376,377,-1,378,379,380,-1,380,379,381,-1,380,381,365,-1,377,382,373,-1,373,382,383,-1,373,383,369,-1,369,383,384,-1,369,384,371,-1,385,386,363,-1,363,386,387,-1,387,388,363,-1,363,388,389,-1,363,389,365,-1,365,389,390,-1,365,390,380,-1,358,391,359,-1,359,391,392,-1,359,392,393,-1,393,392,394,-1,393,394,395,-1,395,394,396,-1,395,396,397,-1,397,396,398,-1,397,398,399,-1,399,398,400,-1,399,400,378,-1,378,400,401,-1,378,401,379,-1,333,402,331,-1,331,402,403,-1,331,403,404,-1,404,403,405,-1,404,405,406,-1,406,405,407,-1,406,407,363,-1,363,407,408,-1,363,408,385,-1,409,410,411,-1,412,413,414,-1,409,411,415,-1,410,416,411,-1,411,416,417,-1,411,417,418,-1,418,417,419,-1,418,419,420,-1,421,422,423,-1,424,425,426,-1,426,425,427,-1,423,428,421,-1,421,428,429,-1,421,429,430,-1,430,429,431,-1,430,431,432,-1,427,433,426,-1,426,433,434,-1,426,434,435,-1,435,434,436,-1,435,436,437,-1,437,436,438,-1,437,438,412,-1,412,438,439,-1,412,439,413,-1,440,441,442,-1,442,441,443,-1,424,432,425,-1,425,432,431,-1,425,431,441,-1,441,431,444,-1,441,444,443,-1,445,446,447,-1,447,446,448,-1,449,441,450,-1,450,441,440,-1,450,440,25,-1,25,440,451,-1,25,451,26,-1,449,450,446,-1,446,450,452,-1,446,452,448,-1,453,454,455,-1,456,457,458,-1,454,459,455,-1,455,459,460,-1,455,460,461,-1,457,456,460,-1,458,462,456,-1,456,462,463,-1,456,463,464,-1,464,463,465,-1,464,465,466,-1,467,468,456,-1,456,468,469,-1,456,469,460,-1,460,469,470,-1,460,470,461,-1,471,472,26,-1,26,472,473,-1,26,473,24,-1,453,455,474,-1,474,455,475,-1,474,475,476,-1,476,475,477,-1,476,477,478,-1,466,479,464,-1,464,479,480,-1,464,480,481,-1,445,447,482,-1,482,447,483,-1,482,483,484,-1,484,483,485,-1,484,485,478,-1,478,485,486,-1,478,486,476,-1,420,487,418,-1,418,487,488,-1,418,488,489,-1,489,488,490,-1,489,490,491,-1,491,490,492,-1,491,492,456,-1,456,492,493,-1,456,493,467,-1,327,328,325,-1,325,328,324,-1,325,324,494,-1,494,324,495,-1,496,497,498,-1,499,500,324,-1,324,500,501,-1,324,501,495,-1,497,502,498,-1,498,502,503,-1,498,503,324,-1,324,503,504,-1,324,504,499,-1,496,498,505,-1,505,498,506,-1,505,506,507,-1,69,508,509,-1,510,511,77,-1,77,511,512,-1,77,512,69,-1,69,512,513,-1,69,513,508,-1,509,514,69,-1,69,514,515,-1,69,515,506,-1,506,515,516,-1,506,516,507,-1,510,77,21,-1,21,77,517,-1,21,517,22,-1,335,518,336,-1,336,518,519,-1,336,519,23,-1,23,519,520,-1,23,520,21,-1,414,415,412,-1,412,415,411,-1,412,411,521,-1,521,411,522,-1,523,524,525,-1,526,527,411,-1,411,527,528,-1,411,528,522,-1,524,529,525,-1,525,529,530,-1,525,530,411,-1,411,530,531,-1,411,531,526,-1,532,533,534,-1,534,533,535,-1,536,537,139,-1,139,537,538,-1,139,538,131,-1,131,538,539,-1,131,539,540,-1,540,541,131,-1,131,541,542,-1,131,542,543,-1,536,139,18,-1,18,139,544,-1,18,544,19,-1,422,545,423,-1,423,545,546,-1,423,546,20,-1,20,546,547,-1,20,547,18,-1,548,549,35,-1,83,86,81,-1,81,86,35,-1,81,35,550,-1,550,35,549,-1,183,248,182,-1,182,248,250,-1,182,250,35,-1,35,250,551,-1,35,551,548,-1,360,354,358,-1,358,354,353,-1,358,353,368,-1,368,353,552,-1,368,552,369,-1,369,552,553,-1,369,553,15,-1,554,555,29,-1,145,148,143,-1,143,148,29,-1,143,29,556,-1,556,29,555,-1,205,207,216,-1,216,207,298,-1,216,298,29,-1,29,298,557,-1,29,557,554,-1,451,558,26,-1,26,558,559,-1,26,559,282,-1,282,559,560,-1,282,560,291,-1,561,562,563,-1,563,562,564,-1,563,564,565,-1,566,567,568,-1,568,567,569,-1,570,571,572,-1,570,572,568,-1,568,572,573,-1,568,573,566,-1,574,575,576,-1,575,574,577,-1,577,574,578,-1,577,578,579,-1,576,580,574,-1,574,580,581,-1,574,581,582,-1,582,583,584,-1,585,586,587,-1,587,586,588,-1,589,590,588,-1,588,590,591,-1,588,591,587,-1,592,584,588,-1,588,584,593,-1,588,593,589,-1,592,594,584,-1,584,594,595,-1,584,595,582,-1,582,595,596,-1,582,596,574,-1,597,598,599,-1,600,601,602,-1,602,601,603,-1,604,605,597,-1,597,605,606,-1,597,606,598,-1,583,607,584,-1,584,607,608,-1,584,608,597,-1,597,608,609,-1,597,609,604,-1,610,611,612,-1,612,611,613,-1,614,615,616,-1,617,618,619,-1,619,618,620,-1,619,620,621,-1,622,623,624,-1,615,625,616,-1,616,625,626,-1,616,626,627,-1,628,629,610,-1,610,629,630,-1,610,630,631,-1,631,632,610,-1,610,632,633,-1,610,633,611,-1,622,624,634,-1,613,635,612,-1,612,635,624,-1,612,624,636,-1,636,624,623,-1,614,616,637,-1,637,616,638,-1,637,638,639,-1,627,640,616,-1,616,640,641,-1,616,641,619,-1,619,641,642,-1,619,642,617,-1,639,638,624,-1,624,638,643,-1,624,643,634,-1,600,644,601,-1,601,644,645,-1,601,645,646,-1,646,645,647,-1,648,649,650,-1,650,649,651,-1,650,651,652,-1,648,653,649,-1,649,653,654,-1,649,654,655,-1,655,654,656,-1,656,654,657,-1,656,657,658,-1,658,657,659,-1,658,659,579,-1,579,659,660,-1,579,660,577,-1,661,662,663,-1,663,662,664,-1,665,666,667,-1,666,668,667,-1,667,668,669,-1,667,669,662,-1,662,669,670,-1,662,670,664,-1,661,671,662,-1,662,671,672,-1,662,672,673,-1,665,667,674,-1,674,667,675,-1,674,675,676,-1,677,678,679,-1,680,681,682,-1,682,681,683,-1,682,683,677,-1,677,683,684,-1,677,684,678,-1,679,685,677,-1,677,685,686,-1,677,686,675,-1,675,686,687,-1,675,687,676,-1,680,682,12,-1,12,682,688,-1,12,688,13,-1,662,689,690,-1,662,690,691,-1,692,693,662,-1,662,693,694,-1,662,694,689,-1,695,696,697,-1,698,699,673,-1,673,699,700,-1,673,700,662,-1,662,700,701,-1,662,701,692,-1,702,703,14,-1,14,703,704,-1,14,704,12,-1,705,706,702,-1,702,706,707,-1,702,707,703,-1,708,709,710,-1,702,711,705,-1,705,711,708,-1,705,708,712,-1,712,708,710,-1,697,696,713,-1,713,696,714,-1,713,714,710,-1,710,714,715,-1,710,715,712,-1,695,697,716,-1,716,697,717,-1,716,717,673,-1,673,717,718,-1,673,718,698,-1,645,650,647,-1,647,650,652,-1,647,652,719,-1,719,652,720,-1,709,708,721,-1,721,708,722,-1,721,722,652,-1,652,722,723,-1,652,723,720,-1,690,724,691,-1,691,724,725,-1,691,725,726,-1,726,725,727,-1,726,727,728,-1,728,727,729,-1,728,729,585,-1,585,729,730,-1,585,730,586,-1,731,732,733,-1,733,732,734,-1,733,734,735,-1,736,737,738,-1,738,737,739,-1,621,628,619,-1,619,628,610,-1,619,610,740,-1,739,741,738,-1,738,741,742,-1,738,742,610,-1,610,742,743,-1,610,743,740,-1,744,745,733,-1,733,745,746,-1,747,731,748,-1,748,731,733,-1,748,733,749,-1,749,733,746,-1,747,750,731,-1,731,750,751,-1,731,751,752,-1,752,751,753,-1,752,753,754,-1,754,753,755,-1,754,755,756,-1,756,755,757,-1,758,759,760,-1,760,759,761,-1,760,761,762,-1,762,761,757,-1,762,757,763,-1,763,757,755,-1,764,765,766,-1,765,767,766,-1,766,767,768,-1,766,768,769,-1,769,768,770,-1,771,772,773,-1,773,772,774,-1,775,776,758,-1,758,776,777,-1,758,777,778,-1,778,777,779,-1,774,780,773,-1,773,780,781,-1,773,781,766,-1,766,781,782,-1,766,782,764,-1,771,773,783,-1,783,773,784,-1,783,784,785,-1,785,784,786,-1,785,786,777,-1,777,786,787,-1,777,787,779,-1,788,789,616,-1,790,791,766,-1,789,792,616,-1,616,792,793,-1,616,793,766,-1,766,793,794,-1,766,794,790,-1,791,795,766,-1,766,795,796,-1,766,796,773,-1,740,797,619,-1,619,797,798,-1,619,798,616,-1,616,798,799,-1,616,799,788,-1,800,801,802,-1,802,801,775,-1,802,775,803,-1,804,805,806,-1,806,807,804,-1,804,807,808,-1,804,808,809,-1,810,811,812,-1,813,814,815,-1,812,811,815,-1,815,811,816,-1,815,816,813,-1,817,815,818,-1,818,815,819,-1,820,821,812,-1,812,821,822,-1,812,822,810,-1,814,823,824,-1,824,823,825,-1,824,825,826,-1,824,827,814,-1,814,827,828,-1,814,828,829,-1,829,830,814,-1,814,830,831,-1,814,831,815,-1,815,831,832,-1,815,832,819,-1,809,808,833,-1,833,808,834,-1,833,834,835,-1,835,834,836,-1,835,836,826,-1,826,836,837,-1,826,837,824,-1,770,838,769,-1,769,838,839,-1,769,839,840,-1,840,839,841,-1,840,841,820,-1,820,841,842,-1,820,842,821,-1,843,677,844,-1,844,677,845,-1,843,846,677,-1,677,846,847,-1,677,847,848,-1,849,850,851,-1,851,850,852,-1,851,852,853,-1,854,855,856,-1,804,800,805,-1,805,800,802,-1,805,802,857,-1,857,802,858,-1,854,856,859,-1,848,860,677,-1,677,860,861,-1,677,861,682,-1,682,861,856,-1,682,856,862,-1,862,856,855,-1,849,851,863,-1,863,851,864,-1,863,864,865,-1,865,866,863,-1,863,866,867,-1,863,867,856,-1,856,867,868,-1,856,868,859,-1,869,870,802,-1,853,858,851,-1,851,858,802,-1,851,802,871,-1,871,802,870,-1,775,758,803,-1,803,758,760,-1,803,760,802,-1,802,760,872,-1,802,872,869,-1,646,873,601,-1,601,873,874,-1,601,874,733,-1,733,874,875,-1,733,875,744,-1,9,11,876,-1,877,878,879,-1,879,878,880,-1,879,880,881,-1,882,883,884,-1,885,886,887,-1,886,888,887,-1,887,888,889,-1,887,889,890,-1,877,879,882,-1,882,879,891,-1,882,891,883,-1,892,893,11,-1,881,876,879,-1,879,876,11,-1,879,11,894,-1,894,11,893,-1,895,896,897,-1,897,896,898,-1,897,898,899,-1,899,898,900,-1,899,900,901,-1,901,900,902,-1,903,904,905,-1,905,904,906,-1,907,908,909,-1,900,910,902,-1,902,910,911,-1,902,911,912,-1,912,911,913,-1,912,913,914,-1,914,913,915,-1,906,916,905,-1,905,916,917,-1,905,917,918,-1,919,920,921,-1,921,920,905,-1,921,905,922,-1,922,905,918,-1,923,924,909,-1,909,924,925,-1,909,925,907,-1,908,926,909,-1,909,926,927,-1,909,927,915,-1,915,927,928,-1,915,928,914,-1,909,903,923,-1,923,903,905,-1,923,905,929,-1,929,905,930,-1,929,930,931,-1,931,930,932,-1,933,934,935,-1,935,934,936,-1,937,938,930,-1,930,938,939,-1,939,940,930,-1,930,940,941,-1,930,941,932,-1,932,941,942,-1,932,942,943,-1,943,942,944,-1,945,930,946,-1,946,930,935,-1,945,947,930,-1,930,947,948,-1,930,948,937,-1,7,6,935,-1,935,6,949,-1,935,949,933,-1,935,950,951,-1,951,952,935,-1,935,952,953,-1,935,953,954,-1,954,955,935,-1,935,955,956,-1,935,956,946,-1,936,957,935,-1,935,957,958,-1,935,958,950,-1,950,958,959,-1,950,959,960,-1,961,962,963,-1,963,962,964,-1,963,964,965,-1,960,966,950,-1,950,966,967,-1,950,967,968,-1,968,967,969,-1,968,969,970,-1,970,969,971,-1,971,969,972,-1,971,972,973,-1,973,972,974,-1,973,974,964,-1,964,974,975,-1,964,975,965,-1,944,961,943,-1,943,961,963,-1,943,963,976,-1,976,963,977,-1,978,979,963,-1,963,979,980,-1,963,980,977,-1,981,982,983,-1,984,985,986,-1,987,988,989,-1,987,989,990,-1,982,991,983,-1,983,991,992,-1,983,992,989,-1,989,992,993,-1,989,993,990,-1,981,983,994,-1,994,983,995,-1,994,995,996,-1,996,995,997,-1,996,997,998,-1,998,997,999,-1,999,997,1000,-1,999,1000,1001,-1,986,1002,984,-1,984,1002,1003,-1,984,1003,1004,-1,1004,1003,979,-1,1004,979,1005,-1,1005,979,978,-1,1005,978,1001,-1,1001,978,1006,-1,1001,1006,999,-1,890,1007,887,-1,887,1007,1008,-1,887,1008,1009,-1,985,1010,986,-1,986,1010,1011,-1,986,1011,1012,-1,1012,1011,1013,-1,1012,1013,1014,-1,1014,1013,1009,-1,1014,1009,1015,-1,1015,1009,1008,-1,1016,812,1017,-1,1018,1019,815,-1,1019,1020,815,-1,815,1020,1021,-1,815,1021,812,-1,812,1021,1022,-1,812,1022,1017,-1,1023,1024,1025,-1,1026,1027,920,-1,1017,1028,1016,-1,1016,1028,1029,-1,1016,1029,1030,-1,1023,1025,1031,-1,1032,1033,919,-1,1026,920,1034,-1,1035,1036,1025,-1,1025,1036,1037,-1,1025,1037,1031,-1,919,1033,920,-1,920,1033,1038,-1,920,1038,1034,-1,1030,1039,1016,-1,1016,1039,1040,-1,1016,1040,1025,-1,1025,1040,1041,-1,1025,1041,1035,-1,1024,1042,919,-1,919,1042,1043,-1,919,1043,1032,-1,1044,1025,1045,-1,1045,1025,1046,-1,919,1047,1024,-1,1024,1047,1048,-1,1024,1048,1025,-1,1025,1048,1049,-1,1049,1050,1025,-1,1025,1050,1051,-1,1025,1051,1052,-1,1052,1053,1025,-1,1025,1053,1054,-1,1025,1054,1046,-1,1055,1056,1057,-1,1058,1059,989,-1,989,1059,1060,-1,989,1060,983,-1,1057,1061,1055,-1,1055,1061,1062,-1,1055,1062,1063,-1,1063,1064,1055,-1,1055,1064,1065,-1,1055,1065,989,-1,989,1065,1066,-1,989,1066,1058,-1,1055,1067,1056,-1,1056,1067,1068,-1,1056,1068,1069,-1,1069,1068,1070,-1,1071,1072,887,-1,887,1072,1073,-1,887,1073,1074,-1,1074,1073,1075,-1,1074,1075,1076,-1,1076,1077,1074,-1,1074,1077,1078,-1,1074,1078,1068,-1,1068,1078,1079,-1,1068,1079,1070,-1,1013,1080,1009,-1,1009,1080,1081,-1,1009,1081,887,-1,887,1081,1082,-1,887,1082,1071,-1,988,1083,989,-1,989,1083,1084,-1,989,1084,8,-1,8,1084,1085,-1,8,1085,6,-1,1086,895,1087,-1,1087,895,897,-1,1087,897,11,-1,11,897,1088,-1,11,1088,892,-1,1089,1090,1044,-1,1044,1090,1091,-1,1025,1092,1093,-1,1093,1094,1025,-1,1025,1094,1095,-1,1025,1095,1096,-1,1096,1095,1097,-1,1098,1099,1100,-1,1100,1099,1101,-1,1091,1102,1044,-1,1044,1102,1103,-1,1044,1103,1025,-1,1025,1103,1104,-1,1025,1104,1092,-1,1089,1044,1105,-1,1105,1044,1106,-1,1105,1106,1107,-1,1107,1106,1108,-1,1107,1108,1098,-1,1098,1108,1109,-1,1098,1109,1099,-1,10,1110,11,-1,11,1110,1101,-1,11,1101,1087,-1,1087,1101,1099,-1,1087,1099,1086,-1,10,1111,1110,-1,1110,1111,1112,-1,1110,1112,1113,-1,1113,1112,1114,-1,1115,1116,1117,-1,1117,1116,1118,-1,1117,1118,1119,-1,1120,1121,1117,-1,1121,1122,1117,-1,1117,1122,1123,-1,1117,1123,1124,-1,1124,1125,1117,-1,1117,1125,1126,-1,1117,1126,1115,-1,1115,1126,1127,-1,1128,1129,1130,-1,1127,1131,1115,-1,1115,1131,1132,-1,1115,1132,1133,-1,1133,1132,1134,-1,1129,1128,1132,-1,1132,1128,1135,-1,1132,1135,1134,-1,1114,1112,1136,-1,1136,1112,1137,-1,1136,1137,1138,-1,1138,1137,1139,-1,1138,1139,1140,-1,1140,1139,1141,-1,1140,1141,1130,-1,1130,1141,1142,-1,1130,1142,1128,-1,1117,1143,1120,-1,1120,1143,1144,-1,1120,1144,1145,-1,1145,1144,1096,-1,1145,1096,1146,-1,1146,1096,1097,-1,1147,1148,1149,-1,1149,1148,1150,-1,1149,1150,1074,-1,1074,1150,1151,-1,1151,1152,1074,-1,1074,1152,1153,-1,1074,1153,1154,-1,1154,1155,1074,-1,1074,1155,1156,-1,1074,1156,887,-1,887,1156,1157,-1,887,1157,1158,-1,884,885,882,-1,882,885,887,-1,882,887,1159,-1,1159,887,1158,-1,1160,1161,1068,-1,1067,1162,1163,-1,1163,1164,1067,-1,1067,1164,1165,-1,1067,1165,1068,-1,1068,1165,1166,-1,1068,1166,1160,-1,5,4,1067,-1,1067,4,1167,-1,1067,1167,1162,-1,1168,1169,456,-1,1170,1171,464,-1,1172,1173,464,-1,464,1173,1174,-1,464,1174,456,-1,456,1174,1175,-1,456,1175,1168,-1,1171,1176,464,-1,464,1176,1177,-1,464,1177,1172,-1,1178,1179,1180,-1,1180,1179,1181,-1,1169,1182,456,-1,456,1182,1183,-1,456,1183,5,-1,5,1183,1184,-1,5,1184,3,-1,1185,1186,1187,-1,1188,1189,1190,-1,1191,1192,1190,-1,1190,1192,1193,-1,1190,1193,1187,-1,1187,1193,1194,-1,1187,1194,1185,-1,1189,1195,1190,-1,1190,1195,1196,-1,1190,1196,1191,-1,1197,1198,1199,-1,1199,1198,1200,-1,1186,1201,1187,-1,1187,1201,1202,-1,1187,1202,2,-1,2,1202,1203,-1,2,1203,271,-1,364,373,363,-1,363,373,534,-1,363,534,525,-1,525,534,535,-1,525,535,523,-1,599,603,597,-1,597,603,601,-1,597,601,738,-1,738,601,733,-1,738,733,736,-1,736,733,735,-1,667,1204,675,-1,675,1204,1205,-1,675,1205,677,-1,677,1205,1206,-1,677,1206,845,-1,845,1206,815,-1,845,815,1207,-1,1207,815,817,-1,1181,1170,1180,-1,1180,1170,464,-1,1180,464,1190,-1,1190,464,1199,-1,1190,1199,1188,-1,1188,1199,1200,-1,481,471,464,-1,464,471,26,-1,464,26,1199,-1,1199,26,282,-1,1199,282,1197,-1,1197,282,290,-1,15,17,369,-1,369,17,157,-1,369,157,373,-1,373,157,131,-1,373,131,534,-1,534,131,543,-1,534,543,532,-1,498,569,506,-1,506,569,1208,-1,506,1208,69,-1,69,1208,97,-1,69,97,71,-1,71,97,96,-1,1204,935,1205,-1,1205,935,930,-1,1205,930,1206,-1,1206,930,905,-1,1206,905,815,-1,815,905,920,-1,815,920,1018,-1,1018,920,1027,-1,1161,1178,1068,-1,1068,1178,1180,-1,1068,1180,1074,-1,1074,1180,1190,-1,1074,1190,1149,-1,1149,1190,1187,-1,569,567,1208,-1,1208,567,1209,-1,1208,1209,97,-1,97,1209,1210,-1,97,1210,43,-1,43,1210,1211,-1,43,1211,41,-1,41,1211,1212,-1,41,1212,564,-1,564,1212,1213,-1,564,1213,565,-1,269,1214,1215,-1,1,1216,2,-1,2,1216,1217,-1,2,1217,1187,-1,1187,1217,1117,-1,1187,1117,1149,-1,1149,1117,1119,-1,1149,1119,1147,-1,1218,1219,315,-1,270,313,269,-1,269,313,315,-1,269,315,1214,-1,1214,315,1220,-1,1219,1221,315,-1,315,1221,1222,-1,315,1222,1220,-1,1223,1224,2,-1,2,1224,1225,-1,2,1225,0,-1,1,1226,1216,-1,1216,1226,1227,-1,1216,1227,1228,-1,1215,1229,269,-1,269,1229,1230,-1,269,1230,1231,-1,1231,1232,269,-1,269,1232,1233,-1,269,1233,2,-1,2,1233,1234,-1,2,1234,1223,-1,1228,1235,1216,-1,1216,1235,1236,-1,1216,1236,315,-1,315,1236,1237,-1,315,1237,1218,-1,1238,1239,100,-1,100,1239,104,-1,100,104,98,-1,98,104,110,-1,1239,1240,104,-1,104,1240,1241,-1,104,1241,1242,-1,1243,223,1244,-1,1244,223,1245,-1,1246,1247,256,-1,256,1247,1248,-1,256,1248,1249,-1,1250,1251,100,-1,100,1251,1252,-1,100,1252,1238,-1,1242,1253,104,-1,104,1253,1254,-1,104,1254,256,-1,256,1254,1255,-1,256,1255,1246,-1,1249,1256,256,-1,256,1256,1257,-1,256,1257,223,-1,223,1257,1258,-1,223,1258,1245,-1,1243,1259,223,-1,223,1259,1260,-1,223,1260,100,-1,100,1260,1261,-1,100,1261,1250,-1,
        ]
    }
}
Shape{
    appearance Appearance {
        material  Material 	{
            diffuseColor 0.7019607843137254 0.7019607843137254 0.7019607843137254
            specularColor 0.050980392156862744 0.050980392156862744 0.050980392156862744
            ambientIntensity 0.2
            transparency 0
            shininess 0.5
        }
    }
    geometry IndexedFaceSet {
        ccw TRUE
        solid FALSE
        coord DEF co Coordinate {
            point [
                0.8795 0.0527 2.2795, 0.5825 0.2067 2.2795, 0.8795 0.0527 2.2835, 0.5825 0.2067 2.2835, 0.6533 0.6085 2.2835, 0.7144 0.9548 2.2795, 0.7144 0.9548 2.2835, 0.7413 1.0014 2.2795, 0.7413 1.0014 2.2835, 0.7288 0.9881 2.2795, 0.7288 0.9881 2.2835, 0.7196 0.9723 2.2795, 0.7196 0.9723 2.2835, 1.0798 1.2855 2.2835, 1.0933 1.2968 2.2795, 1.0933 1.2968 2.2835, 1.1125 1.2857 2.2795, 1.1125 1.2857 2.2835, 1.1127 1.2886 2.2795, 1.1127 1.2886 2.2835, 1.1121 1.2914 2.2795, 1.1121 1.2914 2.2835, 1.1109 1.294 2.2795, 1.1109 1.294 2.2835, 1.1091 1.2962 2.2795, 1.1091 1.2962 2.2835, 1.1068 1.298 2.2795, 1.1068 1.298 2.2835, 1.1042 1.2991 2.2795, 1.1042 1.2991 2.2835, 1.1013 1.2995 2.2795, 1.1013 1.2995 2.2835, 1.0984 1.2993 2.2795, 1.0984 1.2993 2.2835, 1.0957 1.2983 2.2795, 1.0957 1.2983 2.2835, 1.0798 1.1001 2.2835, 0.9931 0.6085 2.2835, 0.8966 0.0611 2.2795, 0.8966 0.0611 2.2835, 0.8821 0.0517 2.2795, 0.8821 0.0517 2.2835, 0.8849 0.0514 2.2795, 0.8849 0.0514 2.2835, 0.8876 0.0516 2.2795, 0.8876 0.0516 2.2835, 0.8902 0.0526 2.2795, 0.8902 0.0526 2.2835, 0.8925 0.0541 2.2795, 0.8925 0.0541 2.2835, 0.8944 0.0561 2.2795, 0.8944 0.0561 2.2835, 0.8958 0.0585 2.2795, 0.8958 0.0585 2.2835, 1.0808 -1.0559 2.2795, 1.0798 -1.0554 2.2835, 1.0405 -1.0392 2.2795, 1.0405 -1.0392 2.2835, 0.9972 -1.0335 2.2795, 0.9972 -1.0335 2.2835, 0.9539 -1.0392 2.2795, 0.9539 -1.0392 2.2835, 0.9135 -1.0559 2.2795, 0.9135 -1.0559 2.2835, 0.8789 -1.0825 2.2795, 0.8789 -1.0825 2.2835, 0.8523 -1.1171 2.2795, 0.8523 -1.1171 2.2835, 0.8356 -1.1575 2.2795, 0.8356 -1.1575 2.2835, 0.8299 -1.2008 2.2795, 0.8299 -1.2008 2.2835, 0.8356 -1.2441 2.2795, 0.8356 -1.2441 2.2835, 0.8523 -1.2844 2.2795, 0.8523 -1.2844 2.2835, 0.8687 -1.3058 2.2835, 0.8789 -1.3191 2.2795, 0.8789 -1.3191 2.2835, 0.9135 -1.3457 2.2795, 0.9063 -1.3401 2.2835, 0.9135 -1.3457 2.2835, 0.9539 -1.3624 2.2795, 0.9539 -1.3624 2.2835, 0.9972 -1.3681 2.2795, 0.9972 -1.3681 2.2835, 1.0405 -1.3624 2.2795, 1.0405 -1.3624 2.2835, 1.0798 -1.3461 2.2835, 1.0808 -1.3457 2.2795, 1.0808 -1.3457 2.2835, 1.0881 -1.3401 2.2835, 1.1155 -1.3191 2.2795, 1.1155 -1.3191 2.2835, 1.1257 -1.3058 2.2835, 1.1421 -1.2844 2.2795, 1.1421 -1.2844 2.2835, 1.1588 -1.2441 2.2795, 1.1588 -1.2441 2.2835, 1.1645 -1.2008 2.2795, 1.1645 -1.2008 2.2835, 1.1588 -1.1575 2.2795, 1.1588 -1.1575 2.2835, 1.1421 -1.1171 2.2795, 1.1421 -1.1171 2.2835, 1.1155 -1.0825 2.2795, 1.1155 -1.0825 2.2835, 1.0808 -1.0559 2.2835, 0.9972 -1.2008 2.2795, -0.6355 1.3079 2.2795, -0.6355 1.3079 2.2835, -0.6377 1.31 2.2795, -0.6377 1.31 2.2835, -0.6403 1.3114 2.2795, -0.6403 1.3114 2.2835, -0.6432 1.3121 2.2795, -0.6432 1.3121 2.2835, -0.6461 1.312 2.2795, -0.6461 1.312 2.2835, -0.649 1.3113 2.2795, -0.649 1.3113 2.2835, -0.6516 1.3098 2.2795, -0.6516 1.3098 2.2835, -0.6537 1.3078 2.2795, -0.6537 1.3078 2.2835, -0.6549 1.3058 2.2835, -0.6553 1.3052 2.2795, -0.6553 1.3052 2.2835, -0.6562 1.3024 2.2795, -0.6562 1.3024 2.2835, -0.3946 1.0208 2.2795, -0.3946 1.0208 2.2835, -0.5835 1.246 2.2835, -0.6337 1.3058 2.2835, -0.3774 0.9565 2.2795, -0.3774 0.9565 2.2835, -0.3762 0.9736 2.2795, -0.3762 0.9736 2.2835, -0.3788 0.9906 2.2795, -0.3788 0.9906 2.2835, -0.3851 1.0066 2.2795, -0.3851 1.0066 2.2835, -0.4387 0.6085 2.2835, -0.5024 0.2473 2.2795, -0.5024 0.2473 2.2835, -0.5451 0.1904 2.2795, -0.5451 0.1904 2.2835, -0.5296 0.2004 2.2795, -0.5296 0.2004 2.2835, -0.517 0.2137 2.2795, -0.517 0.2137 2.2835, -0.5077 0.2297 2.2795, -0.5077 0.2297 2.2835, -0.8607 0.0344 2.2835, -0.8447 0.0423 2.2835, -0.8607 0.0344 2.2795, -0.5835 0.1714 2.2835, -0.8777 0.0441 2.2795, -0.8775 0.047 2.2795, -0.8775 0.047 2.2835, -0.8777 0.0441 2.2835, -0.8773 0.0423 2.2835, -0.8771 0.0413 2.2795, -0.8771 0.0413 2.2835, -0.8759 0.0387 2.2795, -0.8759 0.0387 2.2835, -0.8741 0.0365 2.2795, -0.8741 0.0365 2.2835, -0.8718 0.0347 2.2795, -0.8718 0.0347 2.2835, -0.8691 0.0336 2.2795, -0.8691 0.0336 2.2835, -0.8663 0.0332 2.2795, -0.8663 0.0332 2.2835, -0.8634 0.0334 2.2795, -0.8634 0.0334 2.2835, -0.7785 0.6085 2.2835, -0.5661 1.378 2.2795, -0.5661 1.378 2.2835, -0.5691 1.3776 2.2795, -0.5691 1.3776 2.2835, -0.5718 1.3765 2.2795, -0.5718 1.3765 2.2835, -0.5742 1.3747 2.2795, -0.5742 1.3747 2.2835, -0.5761 1.3724 2.2795, -0.5761 1.3724 2.2835, -0.5774 1.3697 2.2795, -0.5774 1.3697 2.2835, -0.5779 1.3668 2.2795, -0.5779 1.3668 2.2835, -0.5777 1.3639 2.2795, -0.5777 1.3639 2.2835, -0.5768 1.361 2.2795, -0.5768 1.361 2.2835, -0.5752 1.3585 2.2795, -0.5752 1.3585 2.2835, 1.0351 1.378 2.2835, 0.5802 1.378 2.2835, 1.0351 1.378 2.2795, -0.0 1.378 2.2835, 1.0427 1.3571 2.2795, 1.0427 1.3571 2.2835, 1.0447 1.3592 2.2795, 1.0447 1.3592 2.2835, 1.046 1.3617 2.2795, 1.046 1.3617 2.2835, 1.0468 1.3645 2.2795, 1.0468 1.3645 2.2835, 1.0468 1.3674 2.2795, 1.0468 1.3674 2.2835, 1.0462 1.3702 2.2795, 1.0462 1.3702 2.2835, 1.0449 1.3727 2.2795, 1.0449 1.3727 2.2835, 1.043 1.3749 2.2795, 1.043 1.3749 2.2835, 1.0406 1.3766 2.2795, 1.0406 1.3766 2.2835, 1.038 1.3776 2.2795, 1.038 1.3776 2.2835, 0.9816 1.3058 2.2835, 0.6907 1.0617 2.2795, 0.6907 1.0617 2.2835, 0.6401 1.0433 2.2795, 0.6401 1.0433 2.2835, 0.6582 1.0454 2.2795, 0.6582 1.0454 2.2835, 0.6754 1.0517 2.2795, 0.6754 1.0517 2.2835, 0.5802 1.0433 2.2835, -0.0 1.0433 2.2835, -0.2739 1.0433 2.2795, -0.2739 1.0433 2.2835, -0.3343 1.0714 2.2795, -0.3343 1.0714 2.2835, -0.3219 1.0596 2.2795, -0.3219 1.0596 2.2835, -0.3072 1.0507 2.2795, -0.3072 1.0507 2.2835, -0.291 1.0452 2.2795, -0.291 1.0452 2.2835, -0.531 1.3058 2.2835, 0.872 -0.0782 2.2795, 0.872 -0.0782 2.2835, 0.8722 -0.0753 2.2795, 0.8722 -0.0753 2.2835, 0.8716 -0.0725 2.2795, 0.8716 -0.0725 2.2835, 0.8704 -0.0698 2.2795, 0.8704 -0.0698 2.2835, 0.8686 -0.0676 2.2795, 0.8686 -0.0676 2.2835, 0.8663 -0.0659 2.2795, 0.8663 -0.0659 2.2835, 0.8636 -0.0648 2.2795, 0.8636 -0.0648 2.2835, 0.8608 -0.0643 2.2795, 0.8608 -0.0643 2.2835, 0.8579 -0.0646 2.2795, 0.8579 -0.0646 2.2835, 0.8552 -0.0655 2.2795, 0.8552 -0.0655 2.2835, 0.7793 -0.604 2.2835, 0.6562 -1.3024 2.2795, 0.6562 -1.3024 2.2835, 0.6355 -1.3079 2.2795, 0.6355 -1.3079 2.2835, 0.6377 -1.31 2.2795, 0.6377 -1.31 2.2835, 0.6403 -1.3114 2.2795, 0.6403 -1.3114 2.2835, 0.6432 -1.3121 2.2795, 0.6432 -1.3121 2.2835, 0.6461 -1.312 2.2795, 0.6461 -1.312 2.2835, 0.649 -1.3113 2.2795, 0.649 -1.3113 2.2835, 0.6516 -1.3098 2.2795, 0.6516 -1.3098 2.2835, 0.6537 -1.3078 2.2795, 0.6537 -1.3078 2.2835, 0.6549 -1.3058 2.2835, 0.6553 -1.3052 2.2795, 0.6553 -1.3052 2.2835, 0.3946 -1.0208 2.2795, 0.3946 -1.0208 2.2835, 0.5802 -1.242 2.2835, 0.6337 -1.3058 2.2835, 0.3774 -0.9565 2.2795, 0.3774 -0.9565 2.2835, 0.3762 -0.9736 2.2795, 0.3762 -0.9736 2.2835, 0.3788 -0.9906 2.2795, 0.3788 -0.9906 2.2835, 0.3851 -1.0066 2.2795, 0.3851 -1.0066 2.2835, 0.4395 -0.604 2.2835, 0.4969 -0.2784 2.2795, 0.4969 -0.2784 2.2835, 0.5396 -0.2215 2.2795, 0.5396 -0.2215 2.2835, 0.5241 -0.2316 2.2795, 0.5241 -0.2316 2.2835, 0.5115 -0.2449 2.2795, 0.5115 -0.2449 2.2835, 0.5022 -0.2608 2.2795, 0.5022 -0.2608 2.2835, 0.5802 -0.2014 2.2835, 0.5661 -1.378 2.2795, 0.5661 -1.378 2.2835, 0.5691 -1.3776 2.2795, 0.5691 -1.3776 2.2835, 0.5718 -1.3765 2.2795, 0.5718 -1.3765 2.2835, 0.5742 -1.3747 2.2795, 0.5742 -1.3747 2.2835, 0.5761 -1.3724 2.2795, 0.5761 -1.3724 2.2835, 0.5774 -1.3697 2.2795, 0.5774 -1.3697 2.2835, 0.5779 -1.3668 2.2795, 0.5779 -1.3668 2.2835, 0.5777 -1.3639 2.2795, 0.5777 -1.3639 2.2835, 0.5768 -1.361 2.2795, 0.5768 -1.361 2.2835, 0.5752 -1.3585 2.2795, 0.5752 -1.3585 2.2835, -1.0351 -1.378 2.2795, -1.0351 -1.378 2.2835, -0.9623 -1.378 2.2835, -0.5835 -1.378 2.2835, -0.0 -1.378 2.2835, -1.0427 -1.3571 2.2795, -1.0427 -1.3571 2.2835, -1.0447 -1.3592 2.2795, -1.0447 -1.3592 2.2835, -1.046 -1.3617 2.2795, -1.046 -1.3617 2.2835, -1.0468 -1.3645 2.2795, -1.0468 -1.3645 2.2835, -1.0468 -1.3674 2.2795, -1.0468 -1.3674 2.2835, -1.0462 -1.3702 2.2795, -1.0462 -1.3702 2.2835, -1.0449 -1.3727 2.2795, -1.0449 -1.3727 2.2835, -1.043 -1.3749 2.2795, -1.043 -1.3749 2.2835, -1.0406 -1.3766 2.2795, -1.0406 -1.3766 2.2835, -1.038 -1.3776 2.2795, -1.038 -1.3776 2.2835, -1.0225 -1.3401 2.2835, -0.6907 -1.0617 2.2795, -0.6907 -1.0617 2.2835, -0.9623 -1.2896 2.2835, -0.9816 -1.3058 2.2835, -0.6401 -1.0433 2.2795, -0.6401 -1.0433 2.2835, -0.6582 -1.0454 2.2795, -0.6582 -1.0454 2.2835, -0.6754 -1.0517 2.2795, -0.6754 -1.0517 2.2835, -0.5835 -1.0433 2.2835, -0.0 -1.0433 2.2835, 0.2739 -1.0433 2.2795, 0.2739 -1.0433 2.2835, 0.3343 -1.0714 2.2795, 0.3343 -1.0714 2.2835, 0.3219 -1.0596 2.2795, 0.3219 -1.0596 2.2835, 0.3072 -1.0507 2.2795, 0.3072 -1.0507 2.2835, 0.291 -1.0452 2.2795, 0.291 -1.0452 2.2835, 0.531 -1.3058 2.2835, 0.5597 -1.3401 2.2835, -1.1125 -1.2857 2.2795, -1.1125 -1.2857 2.2835, -1.1127 -1.2886 2.2795, -1.1127 -1.2886 2.2835, -1.1121 -1.2914 2.2795, -1.1121 -1.2914 2.2835, -1.1109 -1.294 2.2795, -1.1109 -1.294 2.2835, -1.1091 -1.2962 2.2795, -1.1091 -1.2962 2.2835, -1.1068 -1.298 2.2795, -1.1068 -1.298 2.2835, -1.1042 -1.2991 2.2795, -1.1042 -1.2991 2.2835, -1.1013 -1.2995 2.2795, -1.1013 -1.2995 2.2835, -1.0984 -1.2993 2.2795, -1.0984 -1.2993 2.2835, -1.0957 -1.2983 2.2795, -1.0957 -1.2983 2.2835, -1.0933 -1.2968 2.2795, -1.0933 -1.2968 2.2835, -0.8905 -0.0265 2.2835, -0.9623 -0.4338 2.2835, -0.8905 -0.0265 2.2795, -0.9923 -0.604 2.2835, -0.8727 -0.0185 2.2795, -0.8727 -0.0185 2.2835, -0.8753 -0.0173 2.2795, -0.8753 -0.0173 2.2835, -0.8781 -0.0168 2.2795, -0.8781 -0.0168 2.2835, -0.881 -0.0169 2.2795, -0.881 -0.0169 2.2835, -0.8837 -0.0178 2.2795, -0.8837 -0.0178 2.2835, -0.8862 -0.0193 2.2795, -0.8862 -0.0193 2.2835, -0.8882 -0.0213 2.2795, -0.8882 -0.0213 2.2835, -0.8897 -0.0237 2.2795, -0.8897 -0.0237 2.2835, -0.6265 -0.1701 2.2795, -0.6265 -0.1701 2.2835, -0.5902 -0.2508 2.2795, -0.5902 -0.2508 2.2835, -0.5892 -0.2321 2.2795, -0.5892 -0.2321 2.2835, -0.5926 -0.2136 2.2795, -0.5926 -0.2136 2.2835, -0.6003 -0.1965 2.2795, -0.6003 -0.1965 2.2835, -0.6118 -0.1817 2.2795, -0.6118 -0.1817 2.2835, -0.6525 -0.604 2.2835, -0.7144 -0.9548 2.2795, -0.7144 -0.9548 2.2835, -0.7413 -1.0014 2.2795, -0.7413 -1.0014 2.2835, -0.7288 -0.9881 2.2795, -0.7288 -0.9881 2.2835, -0.7196 -0.9723 2.2795, -0.7196 -0.9723 2.2835, -0.9623 -1.1869 2.2835, -0.7344 -0.0112 2.2835, -0.7344 -0.0112 2.2795, -0.7365 -0.0095 2.2835, -0.7365 -0.0095 2.2795, -0.7383 -0.0073 2.2835, -0.7383 -0.0073 2.2795, -0.7394 -0.0047 2.2835, -0.7394 -0.0047 2.2795, -0.7399 -0.002 2.2835, -0.7399 -0.002 2.2795, -0.7398 0.0008 2.2835, -0.7398 0.0008 2.2795, -0.739 0.0035 2.2835, -0.739 0.0035 2.2795, -0.7376 0.0059 2.2835, -0.7376 0.0059 2.2795, -0.7357 0.0079 2.2835, -0.7357 0.0079 2.2795, -0.7353 0.0082 2.2835, -0.7334 0.0095 2.2795, -0.7334 0.0095 2.2835, -0.4178 0.1654 2.2795, -0.4178 0.1654 2.2835, -0.5835 0.0835 2.2835, -0.667 0.0423 2.2835, -0.3829 0.1736 2.2795, -0.3829 0.1736 2.2835, -0.4008 0.1715 2.2795, -0.4008 0.1715 2.2835, -0.0 0.1736 2.2835, 0.456 0.1736 2.2795, 0.456 0.1736 2.2835, 0.4923 0.1648 2.2795, 0.4923 0.1648 2.2835, 0.4747 0.1714 2.2795, 0.4747 0.1714 2.2835, 0.7894 0.0107 2.2835, 0.7286 0.0423 2.2835, 0.7894 0.0107 2.2795, 0.5802 0.1192 2.2835, 0.7892 -0.0103 2.2795, 0.7892 -0.0103 2.2835, 0.7916 -0.0088 2.2795, 0.7916 -0.0088 2.2835, 0.7935 -0.0066 2.2795, 0.7935 -0.0066 2.2835, 0.7949 -0.0041 2.2795, 0.7949 -0.0041 2.2835, 0.7956 -0.0013 2.2795, 0.7956 -0.0013 2.2835, 0.7957 0.0016 2.2795, 0.7957 0.0016 2.2835, 0.795 0.0044 2.2795, 0.795 0.0044 2.2835, 0.7937 0.0069 2.2795, 0.7937 0.0069 2.2835, 0.7925 0.0082 2.2835, 0.7917 0.0091 2.2795, 0.7917 0.0091 2.2835, 0.5802 -0.1136 2.2835, 0.4736 -0.1663 2.2795, 0.4736 -0.1663 2.2835, 0.4387 -0.1745 2.2795, 0.4387 -0.1745 2.2835, 0.4566 -0.1724 2.2795, 0.4566 -0.1724 2.2835, -0.0 -0.1745 2.2835, -0.4469 -0.1745 2.2795, -0.4469 -0.1745 2.2835, -0.4882 -0.1628 2.2795, -0.4882 -0.1628 2.2835, -0.4752 -0.1692 2.2795, -0.4752 -0.1692 2.2835, -0.4613 -0.1731 2.2795, -0.4613 -0.1731 2.2835, -0.5835 -0.1041 2.2835, -0.5835 -0.1041 2.2835
            ]
        }
        coordIndex [
            0,1,2,-1,2,1,3,-1,3,1,4,-1,4,1,5,-1,4,5,6,-1,7,8,9,-1,9,8,10,-1,9,10,11,-1,11,10,12,-1,11,12,5,-1,5,12,6,-1,8,7,13,-1,13,7,14,-1,13,14,15,-1,16,17,18,-1,18,17,19,-1,18,19,20,-1,20,19,21,-1,20,21,22,-1,22,21,23,-1,22,23,24,-1,24,23,25,-1,24,25,26,-1,26,25,27,-1,26,27,28,-1,28,27,29,-1,28,29,30,-1,30,29,31,-1,30,31,32,-1,32,31,33,-1,32,33,34,-1,34,33,35,-1,34,35,14,-1,14,35,15,-1,36,17,16,-1,36,16,37,-1,37,16,38,-1,37,38,39,-1,0,2,40,-1,40,2,41,-1,40,41,42,-1,42,41,43,-1,42,43,44,-1,44,43,45,-1,44,45,46,-1,46,45,47,-1,46,47,48,-1,48,47,49,-1,48,49,50,-1,50,49,51,-1,50,51,52,-1,52,51,53,-1,52,53,38,-1,38,53,39,-1,11,5,38,-1,11,38,9,-1,20,14,18,-1,18,14,16,-1,16,14,38,-1,38,14,7,-1,38,7,9,-1,1,0,5,-1,5,0,40,-1,5,46,48,-1,20,22,14,-1,14,22,24,-1,14,24,26,-1,26,28,14,-1,14,28,30,-1,14,30,34,-1,34,30,32,-1,40,42,5,-1,5,42,44,-1,5,44,46,-1,48,50,5,-1,5,50,52,-1,5,52,38,-1,54,55,56,-1,56,55,57,-1,56,57,58,-1,58,57,59,-1,58,59,60,-1,60,59,61,-1,60,61,62,-1,62,61,63,-1,62,63,64,-1,64,63,65,-1,64,65,66,-1,66,65,67,-1,66,67,68,-1,68,67,69,-1,68,69,70,-1,70,69,71,-1,70,71,72,-1,72,71,73,-1,72,73,74,-1,73,75,74,-1,74,75,76,-1,74,76,77,-1,77,76,78,-1,77,78,79,-1,78,80,79,-1,79,80,81,-1,79,81,82,-1,82,81,83,-1,82,83,84,-1,84,83,85,-1,84,85,86,-1,85,87,86,-1,86,87,88,-1,86,88,89,-1,88,90,89,-1,89,90,91,-1,89,91,92,-1,91,93,92,-1,92,93,94,-1,92,94,95,-1,95,94,96,-1,95,96,97,-1,97,96,98,-1,97,98,99,-1,99,98,100,-1,99,100,101,-1,101,100,102,-1,101,102,103,-1,103,102,104,-1,103,104,105,-1,105,104,106,-1,105,106,54,-1,54,106,107,-1,54,107,55,-1,95,97,108,-1,108,97,99,-1,108,99,101,-1,86,89,108,-1,108,89,92,-1,108,92,95,-1,79,82,108,-1,108,82,84,-1,108,84,86,-1,72,74,108,-1,108,74,77,-1,108,77,79,-1,66,68,108,-1,108,68,70,-1,108,70,72,-1,60,62,108,-1,108,62,64,-1,108,64,66,-1,54,56,108,-1,108,56,58,-1,108,58,60,-1,101,103,108,-1,108,103,105,-1,108,105,54,-1,109,110,111,-1,111,110,112,-1,111,112,113,-1,113,112,114,-1,113,114,115,-1,115,114,116,-1,115,116,117,-1,117,116,118,-1,117,118,119,-1,119,118,120,-1,119,120,121,-1,121,120,122,-1,121,122,123,-1,122,124,123,-1,123,124,125,-1,123,125,126,-1,126,125,127,-1,126,127,128,-1,128,127,129,-1,130,131,132,-1,130,132,109,-1,109,132,133,-1,109,133,110,-1,134,135,136,-1,136,135,137,-1,136,137,138,-1,138,137,139,-1,138,139,140,-1,140,139,141,-1,140,141,130,-1,130,141,131,-1,135,134,142,-1,142,134,143,-1,142,143,144,-1,145,146,147,-1,147,146,148,-1,147,148,149,-1,149,148,150,-1,149,150,151,-1,151,150,152,-1,151,152,143,-1,143,152,144,-1,153,154,155,-1,155,154,156,-1,155,156,145,-1,145,156,146,-1,157,158,159,-1,159,160,157,-1,157,160,161,-1,157,161,162,-1,162,161,163,-1,162,163,164,-1,164,163,165,-1,164,165,166,-1,166,165,167,-1,166,167,168,-1,168,167,169,-1,168,169,170,-1,170,169,171,-1,170,171,172,-1,172,171,173,-1,172,173,174,-1,174,173,175,-1,174,175,155,-1,155,175,153,-1,159,158,176,-1,176,158,128,-1,176,128,129,-1,138,158,136,-1,136,158,134,-1,138,140,158,-1,158,140,130,-1,158,130,128,-1,128,130,109,-1,128,109,126,-1,126,109,123,-1,111,113,119,-1,119,113,115,-1,119,115,117,-1,157,162,155,-1,147,149,145,-1,145,149,151,-1,111,119,109,-1,109,119,121,-1,109,121,123,-1,151,143,145,-1,145,143,134,-1,145,134,155,-1,155,134,158,-1,155,158,157,-1,172,166,170,-1,170,166,168,-1,162,164,155,-1,155,164,166,-1,155,166,174,-1,174,166,172,-1,177,178,179,-1,179,178,180,-1,179,180,181,-1,181,180,182,-1,181,182,183,-1,183,182,184,-1,183,184,185,-1,185,184,186,-1,185,186,187,-1,187,186,188,-1,187,188,189,-1,189,188,190,-1,189,190,191,-1,191,190,192,-1,191,192,193,-1,193,192,194,-1,193,194,195,-1,195,194,196,-1,197,198,199,-1,199,198,200,-1,199,200,177,-1,177,200,178,-1,201,202,203,-1,203,202,204,-1,203,204,205,-1,205,204,206,-1,205,206,207,-1,207,206,208,-1,207,208,209,-1,209,208,210,-1,209,210,211,-1,211,210,212,-1,211,212,213,-1,213,212,214,-1,213,214,215,-1,215,214,216,-1,215,216,217,-1,217,216,218,-1,217,218,219,-1,219,218,220,-1,219,220,199,-1,199,220,197,-1,202,201,221,-1,221,201,222,-1,221,222,223,-1,224,225,226,-1,226,225,227,-1,226,227,228,-1,228,227,229,-1,228,229,222,-1,222,229,223,-1,230,225,224,-1,230,224,231,-1,231,224,232,-1,231,232,233,-1,234,235,236,-1,236,235,237,-1,236,237,238,-1,238,237,239,-1,238,239,240,-1,240,239,241,-1,240,241,232,-1,232,241,233,-1,235,234,242,-1,242,234,195,-1,242,195,196,-1,238,240,232,-1,193,195,177,-1,238,232,236,-1,177,232,199,-1,199,232,224,-1,177,195,232,-1,232,195,234,-1,232,234,236,-1,181,183,191,-1,226,228,224,-1,224,228,222,-1,224,222,199,-1,199,222,201,-1,199,201,203,-1,193,177,191,-1,191,177,179,-1,191,179,181,-1,183,185,191,-1,191,185,187,-1,191,187,189,-1,203,205,199,-1,199,205,207,-1,199,207,209,-1,209,211,199,-1,199,211,213,-1,199,213,219,-1,219,213,215,-1,219,215,217,-1,243,244,245,-1,245,244,246,-1,245,246,247,-1,247,246,248,-1,247,248,249,-1,249,248,250,-1,249,250,251,-1,251,250,252,-1,251,252,253,-1,253,252,254,-1,253,254,255,-1,255,254,256,-1,255,256,257,-1,257,256,258,-1,257,258,259,-1,259,258,260,-1,259,260,261,-1,261,260,262,-1,244,243,263,-1,263,243,264,-1,263,264,265,-1,266,267,268,-1,268,267,269,-1,268,269,270,-1,270,269,271,-1,270,271,272,-1,272,271,273,-1,272,273,274,-1,274,273,275,-1,274,275,276,-1,276,275,277,-1,276,277,278,-1,278,277,279,-1,278,279,280,-1,279,281,280,-1,280,281,282,-1,280,282,283,-1,283,282,284,-1,283,284,264,-1,264,284,265,-1,285,286,287,-1,285,287,266,-1,266,287,288,-1,266,288,267,-1,289,290,291,-1,291,290,292,-1,291,292,293,-1,293,292,294,-1,293,294,295,-1,295,294,296,-1,295,296,285,-1,285,296,286,-1,290,289,297,-1,297,289,298,-1,297,298,299,-1,300,301,302,-1,302,301,303,-1,302,303,304,-1,304,303,305,-1,304,305,306,-1,306,305,307,-1,306,307,298,-1,298,307,299,-1,301,300,308,-1,308,300,261,-1,308,261,262,-1,261,300,298,-1,295,289,293,-1,293,289,291,-1,300,302,298,-1,298,302,304,-1,298,304,306,-1,280,283,266,-1,266,283,264,-1,266,264,285,-1,295,285,289,-1,289,285,264,-1,289,264,298,-1,298,264,243,-1,298,243,261,-1,261,243,245,-1,261,245,247,-1,270,272,278,-1,278,272,274,-1,278,274,276,-1,280,266,278,-1,278,266,268,-1,278,268,270,-1,247,249,261,-1,261,249,251,-1,261,251,253,-1,253,255,261,-1,261,255,257,-1,261,257,259,-1,309,310,311,-1,311,310,312,-1,311,312,313,-1,313,312,314,-1,313,314,315,-1,315,314,316,-1,315,316,317,-1,317,316,318,-1,317,318,319,-1,319,318,320,-1,319,320,321,-1,321,320,322,-1,321,322,323,-1,323,322,324,-1,323,324,325,-1,325,324,326,-1,325,326,327,-1,327,326,328,-1,329,330,331,-1,331,332,329,-1,329,332,333,-1,329,333,309,-1,309,333,310,-1,334,335,336,-1,336,335,337,-1,336,337,338,-1,338,337,339,-1,338,339,340,-1,340,339,341,-1,340,341,342,-1,342,341,343,-1,342,343,344,-1,344,343,345,-1,344,345,346,-1,346,345,347,-1,346,347,348,-1,348,347,349,-1,348,349,350,-1,350,349,351,-1,350,351,352,-1,352,351,353,-1,352,353,329,-1,329,353,330,-1,354,335,334,-1,355,356,357,-1,355,357,334,-1,334,357,358,-1,334,358,354,-1,359,360,361,-1,361,360,362,-1,361,362,363,-1,363,362,364,-1,363,364,355,-1,355,364,356,-1,365,360,359,-1,365,359,366,-1,366,359,367,-1,366,367,368,-1,369,370,371,-1,371,370,372,-1,371,372,373,-1,373,372,374,-1,373,374,375,-1,375,374,376,-1,375,376,367,-1,367,376,368,-1,370,369,377,-1,377,369,327,-1,377,327,378,-1,378,327,328,-1,373,375,367,-1,369,329,327,-1,327,329,309,-1,373,367,371,-1,321,323,309,-1,309,323,325,-1,309,325,327,-1,359,361,363,-1,363,355,359,-1,359,355,329,-1,359,329,367,-1,367,329,369,-1,367,369,371,-1,313,315,317,-1,309,311,321,-1,321,311,313,-1,321,313,319,-1,319,313,317,-1,355,334,329,-1,329,334,336,-1,329,336,338,-1,350,342,348,-1,348,342,344,-1,348,344,346,-1,338,340,329,-1,329,340,342,-1,329,342,352,-1,352,342,350,-1,379,380,381,-1,381,380,382,-1,381,382,383,-1,383,382,384,-1,383,384,385,-1,385,384,386,-1,385,386,387,-1,387,386,388,-1,387,388,389,-1,389,388,390,-1,389,390,391,-1,391,390,392,-1,391,392,393,-1,393,392,394,-1,393,394,395,-1,395,394,396,-1,395,396,397,-1,397,396,398,-1,397,398,399,-1,399,398,400,-1,401,402,403,-1,403,402,404,-1,403,404,379,-1,379,404,380,-1,405,406,407,-1,407,406,408,-1,407,408,409,-1,409,408,410,-1,409,410,411,-1,411,410,412,-1,411,412,413,-1,413,412,414,-1,413,414,415,-1,415,414,416,-1,415,416,417,-1,417,416,418,-1,417,418,419,-1,419,418,420,-1,419,420,403,-1,403,420,401,-1,405,421,406,-1,406,421,422,-1,423,424,425,-1,425,424,426,-1,425,426,427,-1,427,426,428,-1,427,428,429,-1,429,428,430,-1,429,430,431,-1,431,430,432,-1,431,432,421,-1,421,432,422,-1,424,423,433,-1,433,423,434,-1,433,434,435,-1,436,437,438,-1,438,437,439,-1,438,439,440,-1,440,439,441,-1,440,441,434,-1,434,441,435,-1,437,436,442,-1,442,436,399,-1,442,399,400,-1,438,440,434,-1,379,434,403,-1,403,434,423,-1,427,429,431,-1,419,403,407,-1,407,403,405,-1,391,393,379,-1,379,393,395,-1,405,403,421,-1,421,403,423,-1,421,423,431,-1,431,423,425,-1,431,425,427,-1,383,385,381,-1,381,385,387,-1,381,387,379,-1,379,387,389,-1,379,389,391,-1,395,397,379,-1,379,397,399,-1,379,399,434,-1,434,399,436,-1,434,436,438,-1,413,407,411,-1,411,407,409,-1,413,415,407,-1,407,415,417,-1,407,417,419,-1,443,444,445,-1,445,444,446,-1,445,446,447,-1,447,446,448,-1,447,448,449,-1,449,448,450,-1,449,450,451,-1,451,450,452,-1,451,452,453,-1,453,452,454,-1,453,454,455,-1,455,454,456,-1,455,456,457,-1,457,456,458,-1,457,458,459,-1,459,458,460,-1,459,460,461,-1,461,460,462,-1,461,462,463,-1,464,465,466,-1,464,466,462,-1,462,466,467,-1,462,467,463,-1,468,469,470,-1,470,469,471,-1,470,471,464,-1,464,471,465,-1,469,468,472,-1,472,468,473,-1,472,473,474,-1,475,476,477,-1,477,476,478,-1,477,478,473,-1,473,478,474,-1,479,480,481,-1,481,480,482,-1,481,482,475,-1,475,482,476,-1,483,484,485,-1,485,484,486,-1,485,486,487,-1,487,486,488,-1,487,488,489,-1,489,488,490,-1,489,490,491,-1,491,490,492,-1,491,492,493,-1,493,492,494,-1,493,494,495,-1,495,494,496,-1,495,496,497,-1,496,498,497,-1,497,498,499,-1,497,499,500,-1,500,499,501,-1,500,501,481,-1,481,501,479,-1,484,483,502,-1,502,483,503,-1,502,503,504,-1,505,506,507,-1,507,506,508,-1,507,508,503,-1,503,508,504,-1,506,505,509,-1,509,505,510,-1,509,510,511,-1,512,513,514,-1,514,513,515,-1,514,515,516,-1,516,515,517,-1,516,517,510,-1,510,517,511,-1,513,512,518,-1,518,512,444,-1,518,444,443,-1,477,473,503,-1,470,512,468,-1,468,512,514,-1,503,473,507,-1,456,454,444,-1,514,516,468,-1,468,516,510,-1,468,510,473,-1,473,510,505,-1,473,505,507,-1,456,444,458,-1,454,452,444,-1,444,452,450,-1,444,450,446,-1,446,450,448,-1,470,464,512,-1,512,464,462,-1,512,462,444,-1,444,462,460,-1,444,460,458,-1,487,489,481,-1,477,503,475,-1,475,503,483,-1,475,483,481,-1,481,483,485,-1,481,485,487,-1,493,495,497,-1,489,491,481,-1,481,491,493,-1,481,493,500,-1,500,493,497,-1,
        ]
    }
}
Shape{
    appearance Appearance {
        material  Material 	{
            diffuseColor 1.0 1.0 1.0
            specularColor 0.30196078431372547 0.30196078431372547 0.30196078431372547
            ambientIntensity 0.2
            transparency 0
            shininess 0.5
        }
    }
    geometry IndexedFaceSet {
        ccw TRUE
        solid FALSE
        coord DEF co Coordinate {
            point [
                1.3976 1.2598 0.1969, 1.3976 1.7717 0.1969, 1.3976 1.3516 0.0, 1.3976 1.7717 0.0, 0.9776 1.7717 0.0, 0.8858 1.7717 0.1969, 0.9776 1.9685 0.0, 1.5551 1.9685 0.0, 1.5653 1.9672 0.0, 1.5945 1.3516 0.0, 1.5945 1.9291 0.0, 1.5931 1.9393 0.0, 1.5892 1.9488 0.0, 1.5748 1.9632 0.0, 1.583 1.957 0.0, 0.8858 -1.7717 0.1969, 1.3976 -1.7717 0.1969, 0.9776 -1.7717 0.0, 1.3976 -1.7717 0.0, 1.3976 -1.3516 0.0, 1.3976 -1.2598 0.1969, 0.9776 -1.9685 0.0, 1.5551 -1.9685 0.0, 1.5945 -1.3516 0.0, 1.5945 -1.9291 0.0, 1.583 -1.957 0.0, 1.5748 -1.9632 0.0, 1.5653 -1.9672 0.0, 1.5931 -1.9393 0.0, 1.5892 -1.9488 0.0, -10.8465 -1.2598 0.1969, -10.8465 -1.7717 0.1969, -10.8465 -1.3516 0.0, -10.8465 -1.7717 0.0, -10.4264 -1.7717 0.0, -10.3346 -1.7717 0.1969, -11.0433 -1.3516 0.0, -11.0433 -1.9291 0.0, -11.042 -1.9393 0.0, -11.038 -1.9488 0.0, -10.4264 -1.9685 0.0, -11.0039 -1.9685 0.0, -11.0141 -1.9672 0.0, -11.0236 -1.9632 0.0, -11.0318 -1.957 0.0, -10.3346 1.7717 0.1969, -10.8465 1.7717 0.1969, -10.4264 1.7717 0.0, -10.8465 1.7717 0.0, -10.8465 1.3516 0.0, -10.8465 1.2598 0.1969, -10.4264 1.9685 0.0, -11.0039 1.9685 0.0, -11.0141 1.9672 0.0, -11.0236 1.9632 0.0, -11.0433 1.3516 0.0, -11.0433 1.9291 0.0, -11.042 1.9393 0.0, -11.038 1.9488 0.0, -11.0318 1.957 0.0, -10.3346 1.9685 0.1969, 0.8858 1.9685 0.1969, 1.5945 1.2598 0.1969, 1.5945 -1.2598 0.1969, 0.8858 -1.7785 0.1969, 0.8858 -1.9685 0.1969, -10.3346 -1.9685 0.1969, -10.3346 -1.7785 0.1969, -11.0433 -1.2598 0.1969, -11.0433 1.2598 0.1969, -11.0433 1.2598 0.1969
            ]
        }
        coordIndex [
            0,1,2,-1,2,1,3,-1,4,3,5,-1,5,3,1,-1,4,6,3,-1,3,6,7,-1,3,7,8,-1,9,2,10,-1,10,2,3,-1,10,3,11,-1,11,3,12,-1,8,13,3,-1,3,13,14,-1,3,14,12,-1,15,16,17,-1,17,16,18,-1,19,18,20,-1,20,18,16,-1,21,17,22,-1,22,17,18,-1,19,23,18,-1,18,23,24,-1,25,26,18,-1,18,26,27,-1,18,27,22,-1,24,28,18,-1,18,28,29,-1,18,29,25,-1,30,31,32,-1,32,31,33,-1,34,33,35,-1,35,33,31,-1,36,32,37,-1,37,32,33,-1,37,33,38,-1,38,33,39,-1,34,40,33,-1,33,40,41,-1,33,41,42,-1,42,43,33,-1,33,43,44,-1,33,44,39,-1,45,46,47,-1,47,46,48,-1,49,48,50,-1,50,48,46,-1,51,47,52,-1,52,47,48,-1,52,48,53,-1,53,48,54,-1,49,55,48,-1,48,55,56,-1,48,56,57,-1,57,58,48,-1,48,58,59,-1,48,59,54,-1,45,47,60,-1,60,47,51,-1,61,6,5,-1,5,6,4,-1,0,2,62,-1,62,2,9,-1,63,23,20,-1,20,23,19,-1,15,17,64,-1,64,17,21,-1,64,21,65,-1,66,40,67,-1,67,40,34,-1,67,34,35,-1,30,32,68,-1,68,32,36,-1,69,55,50,-1,50,55,49,-1,
        ]
    }
}
Shape{
    appearance Appearance {
        material  Material 	{
            diffuseColor 0.7686274509803922 0.7686274509803922 0.7686274509803922
            specularColor 0.615686274509804 0.615686274509804 0.615686274509804
            ambientIntensity 0.2
            transparency 0
            shininess 0.5
        }
    }
    geometry IndexedFaceSet {
        ccw TRUE
        solid FALSE
        coord DEF co Coordinate {
            point [
                -7.1358 -1.5 0.1969, -7.1388 -1.4771 -1.4173, -7.1388 -1.4771 0.1969, -7.1477 -1.4557 -1.4173, -7.1477 -1.4557 0.1969, -7.1618 -1.4374 -1.4173, -7.1618 -1.4374 0.1969, -7.1801 -1.4233 -1.4173, -7.1801 -1.4233 0.1969, -7.2015 -1.4144 -1.4173, -7.2015 -1.4144 0.1969, -7.2244 -1.4114 -1.4173, -7.2244 -1.4114 0.1969, -7.2473 -1.4144 -1.4173, -7.2473 -1.4144 0.1969, -7.2687 -1.4233 -1.4173, -7.2687 -1.4233 0.1969, -7.287 -1.4374 -1.4173, -7.287 -1.4374 0.1969, -7.3011 -1.4557 -1.4173, -7.3011 -1.4557 0.1969, -7.31 -1.4771 -1.4173, -7.31 -1.4771 0.1969, -7.313 -1.5 -1.4173, -7.313 -1.5 0.1969, -7.31 -1.5229 -1.4173, -7.31 -1.5229 0.1969, -7.3011 -1.5443 -1.4173, -7.3011 -1.5443 0.1969, -7.287 -1.5626 -1.4173, -7.287 -1.5626 0.1969, -7.2687 -1.5767 -1.4173, -7.2687 -1.5767 0.1969, -7.2473 -1.5856 -1.4173, -7.2473 -1.5856 0.1969, -7.2244 -1.5886 -1.4173, -7.2244 -1.5886 0.1969, -7.2015 -1.5856 -1.4173, -7.2015 -1.5856 0.1969, -7.1801 -1.5767 -1.4173, -7.1801 -1.5767 0.1969, -7.1618 -1.5626 -1.4173, -7.1618 -1.5626 0.1969, -7.1477 -1.5443 -1.4173, -7.1477 -1.5443 0.1969, -7.1388 -1.5229 -1.4173, -7.1388 -1.5229 0.1969, -7.1358 -1.5 -1.4173, -7.2244 -1.5 -1.4173, -6.1358 -1.5 0.1969, -6.1388 -1.4771 -1.4173, -6.1388 -1.4771 0.1969, -6.1477 -1.4557 -1.4173, -6.1477 -1.4557 0.1969, -6.1618 -1.4374 -1.4173, -6.1618 -1.4374 0.1969, -6.1801 -1.4233 -1.4173, -6.1801 -1.4233 0.1969, -6.2015 -1.4144 -1.4173, -6.2015 -1.4144 0.1969, -6.2244 -1.4114 -1.4173, -6.2244 -1.4114 0.1969, -6.2473 -1.4144 -1.4173, -6.2473 -1.4144 0.1969, -6.2687 -1.4233 -1.4173, -6.2687 -1.4233 0.1969, -6.287 -1.4374 -1.4173, -6.287 -1.4374 0.1969, -6.3011 -1.4557 -1.4173, -6.3011 -1.4557 0.1969, -6.31 -1.4771 -1.4173, -6.31 -1.4771 0.1969, -6.313 -1.5 -1.4173, -6.313 -1.5 0.1969, -6.31 -1.5229 -1.4173, -6.31 -1.5229 0.1969, -6.3011 -1.5443 -1.4173, -6.3011 -1.5443 0.1969, -6.287 -1.5626 -1.4173, -6.287 -1.5626 0.1969, -6.2687 -1.5767 -1.4173, -6.2687 -1.5767 0.1969, -6.2473 -1.5856 -1.4173, -6.2473 -1.5856 0.1969, -6.2244 -1.5886 -1.4173, -6.2244 -1.5886 0.1969, -6.2015 -1.5856 -1.4173, -6.2015 -1.5856 0.1969, -6.1801 -1.5767 -1.4173, -6.1801 -1.5767 0.1969, -6.1618 -1.5626 -1.4173, -6.1618 -1.5626 0.1969, -6.1477 -1.5443 -1.4173, -6.1477 -1.5443 0.1969, -6.1388 -1.5229 -1.4173, -6.1388 -1.5229 0.1969, -6.1358 -1.5 -1.4173, -6.2244 -1.5 -1.4173, -5.1358 -1.5 0.1969, -5.1388 -1.4771 -1.4173, -5.1388 -1.4771 0.1969, -5.1477 -1.4557 -1.4173, -5.1477 -1.4557 0.1969, -5.1618 -1.4374 -1.4173, -5.1618 -1.4374 0.1969, -5.1801 -1.4233 -1.4173, -5.1801 -1.4233 0.1969, -5.2015 -1.4144 -1.4173, -5.2015 -1.4144 0.1969, -5.2244 -1.4114 -1.4173, -5.2244 -1.4114 0.1969, -5.2473 -1.4144 -1.4173, -5.2473 -1.4144 0.1969, -5.2687 -1.4233 -1.4173, -5.2687 -1.4233 0.1969, -5.287 -1.4374 -1.4173, -5.287 -1.4374 0.1969, -5.3011 -1.4557 -1.4173, -5.3011 -1.4557 0.1969, -5.31 -1.4771 -1.4173, -5.31 -1.4771 0.1969, -5.313 -1.5 -1.4173, -5.313 -1.5 0.1969, -5.31 -1.5229 -1.4173, -5.31 -1.5229 0.1969, -5.3011 -1.5443 -1.4173, -5.3011 -1.5443 0.1969, -5.287 -1.5626 -1.4173, -5.287 -1.5626 0.1969, -5.2687 -1.5767 -1.4173, -5.2687 -1.5767 0.1969, -5.2473 -1.5856 -1.4173, -5.2473 -1.5856 0.1969, -5.2244 -1.5886 -1.4173, -5.2244 -1.5886 0.1969, -5.2015 -1.5856 -1.4173, -5.2015 -1.5856 0.1969, -5.1801 -1.5767 -1.4173, -5.1801 -1.5767 0.1969, -5.1618 -1.5626 -1.4173, -5.1618 -1.5626 0.1969, -5.1477 -1.5443 -1.4173, -5.1477 -1.5443 0.1969, -5.1388 -1.5229 -1.4173, -5.1388 -1.5229 0.1969, -5.1358 -1.5 -1.4173, -5.2244 -1.5 -1.4173, -4.1358 -1.5 0.1969, -4.1388 -1.4771 -1.4173, -4.1388 -1.4771 0.1969, -4.1477 -1.4557 -1.4173, -4.1477 -1.4557 0.1969, -4.1618 -1.4374 -1.4173, -4.1618 -1.4374 0.1969, -4.1801 -1.4233 -1.4173, -4.1801 -1.4233 0.1969, -4.2015 -1.4144 -1.4173, -4.2015 -1.4144 0.1969, -4.2244 -1.4114 -1.4173, -4.2244 -1.4114 0.1969, -4.2473 -1.4144 -1.4173, -4.2473 -1.4144 0.1969, -4.2687 -1.4233 -1.4173, -4.2687 -1.4233 0.1969, -4.287 -1.4374 -1.4173, -4.287 -1.4374 0.1969, -4.3011 -1.4557 -1.4173, -4.3011 -1.4557 0.1969, -4.31 -1.4771 -1.4173, -4.31 -1.4771 0.1969, -4.313 -1.5 -1.4173, -4.313 -1.5 0.1969, -4.31 -1.5229 -1.4173, -4.31 -1.5229 0.1969, -4.3011 -1.5443 -1.4173, -4.3011 -1.5443 0.1969, -4.287 -1.5626 -1.4173, -4.287 -1.5626 0.1969, -4.2687 -1.5767 -1.4173, -4.2687 -1.5767 0.1969, -4.2473 -1.5856 -1.4173, -4.2473 -1.5856 0.1969, -4.2244 -1.5886 -1.4173, -4.2244 -1.5886 0.1969, -4.2015 -1.5856 -1.4173, -4.2015 -1.5856 0.1969, -4.1801 -1.5767 -1.4173, -4.1801 -1.5767 0.1969, -4.1618 -1.5626 -1.4173, -4.1618 -1.5626 0.1969, -4.1477 -1.5443 -1.4173, -4.1477 -1.5443 0.1969, -4.1388 -1.5229 -1.4173, -4.1388 -1.5229 0.1969, -4.1358 -1.5 -1.4173, -4.2244 -1.5 -1.4173, -3.1358 -1.5 0.1969, -3.1388 -1.4771 -1.4173, -3.1388 -1.4771 0.1969, -3.1477 -1.4557 -1.4173, -3.1477 -1.4557 0.1969, -3.1618 -1.4374 -1.4173, -3.1618 -1.4374 0.1969, -3.1801 -1.4233 -1.4173, -3.1801 -1.4233 0.1969, -3.2015 -1.4144 -1.4173, -3.2015 -1.4144 0.1969, -3.2244 -1.4114 -1.4173, -3.2244 -1.4114 0.1969, -3.2473 -1.4144 -1.4173, -3.2473 -1.4144 0.1969, -3.2687 -1.4233 -1.4173, -3.2687 -1.4233 0.1969, -3.287 -1.4374 -1.4173, -3.287 -1.4374 0.1969, -3.3011 -1.4557 -1.4173, -3.3011 -1.4557 0.1969, -3.31 -1.4771 -1.4173, -3.31 -1.4771 0.1969, -3.313 -1.5 -1.4173, -3.313 -1.5 0.1969, -3.31 -1.5229 -1.4173, -3.31 -1.5229 0.1969, -3.3011 -1.5443 -1.4173, -3.3011 -1.5443 0.1969, -3.287 -1.5626 -1.4173, -3.287 -1.5626 0.1969, -3.2687 -1.5767 -1.4173, -3.2687 -1.5767 0.1969, -3.2473 -1.5856 -1.4173, -3.2473 -1.5856 0.1969, -3.2244 -1.5886 -1.4173, -3.2244 -1.5886 0.1969, -3.2015 -1.5856 -1.4173, -3.2015 -1.5856 0.1969, -3.1801 -1.5767 -1.4173, -3.1801 -1.5767 0.1969, -3.1618 -1.5626 -1.4173, -3.1618 -1.5626 0.1969, -3.1477 -1.5443 -1.4173, -3.1477 -1.5443 0.1969, -3.1388 -1.5229 -1.4173, -3.1388 -1.5229 0.1969, -3.1358 -1.5 -1.4173, -3.2244 -1.5 -1.4173, -2.1358 -1.5 0.1969, -2.1388 -1.4771 -1.4173, -2.1388 -1.4771 0.1969, -2.1477 -1.4557 -1.4173, -2.1477 -1.4557 0.1969, -2.1618 -1.4374 -1.4173, -2.1618 -1.4374 0.1969, -2.1801 -1.4233 -1.4173, -2.1801 -1.4233 0.1969, -2.2015 -1.4144 -1.4173, -2.2015 -1.4144 0.1969, -2.2244 -1.4114 -1.4173, -2.2244 -1.4114 0.1969, -2.2473 -1.4144 -1.4173, -2.2473 -1.4144 0.1969, -2.2687 -1.4233 -1.4173, -2.2687 -1.4233 0.1969, -2.287 -1.4374 -1.4173, -2.287 -1.4374 0.1969, -2.3011 -1.4557 -1.4173, -2.3011 -1.4557 0.1969, -2.31 -1.4771 -1.4173, -2.31 -1.4771 0.1969, -2.313 -1.5 -1.4173, -2.313 -1.5 0.1969, -2.31 -1.5229 -1.4173, -2.31 -1.5229 0.1969, -2.3011 -1.5443 -1.4173, -2.3011 -1.5443 0.1969, -2.287 -1.5626 -1.4173, -2.287 -1.5626 0.1969, -2.2687 -1.5767 -1.4173, -2.2687 -1.5767 0.1969, -2.2473 -1.5856 -1.4173, -2.2473 -1.5856 0.1969, -2.2244 -1.5886 -1.4173, -2.2244 -1.5886 0.1969, -2.2015 -1.5856 -1.4173, -2.2015 -1.5856 0.1969, -2.1801 -1.5767 -1.4173, -2.1801 -1.5767 0.1969, -2.1618 -1.5626 -1.4173, -2.1618 -1.5626 0.1969, -2.1477 -1.5443 -1.4173, -2.1477 -1.5443 0.1969, -2.1388 -1.5229 -1.4173, -2.1388 -1.5229 0.1969, -2.1358 -1.5 -1.4173, -2.2244 -1.5 -1.4173, -6.1358 1.5 0.1969, -6.1388 1.5229 -1.4173, -6.1388 1.5229 0.1969, -6.1477 1.5443 -1.4173, -6.1477 1.5443 0.1969, -6.1618 1.5626 -1.4173, -6.1618 1.5626 0.1969, -6.1801 1.5767 -1.4173, -6.1801 1.5767 0.1969, -6.2015 1.5856 -1.4173, -6.2015 1.5856 0.1969, -6.2244 1.5886 -1.4173, -6.2244 1.5886 0.1969, -6.2473 1.5856 -1.4173, -6.2473 1.5856 0.1969, -6.2687 1.5767 -1.4173, -6.2687 1.5767 0.1969, -6.287 1.5626 -1.4173, -6.287 1.5626 0.1969, -6.3011 1.5443 -1.4173, -6.3011 1.5443 0.1969, -6.31 1.5229 -1.4173, -6.31 1.5229 0.1969, -6.313 1.5 -1.4173, -6.313 1.5 0.1969, -6.31 1.4771 -1.4173, -6.31 1.4771 0.1969, -6.3011 1.4557 -1.4173, -6.3011 1.4557 0.1969, -6.287 1.4374 -1.4173, -6.287 1.4374 0.1969, -6.2687 1.4233 -1.4173, -6.2687 1.4233 0.1969, -6.2473 1.4144 -1.4173, -6.2473 1.4144 0.1969, -6.2244 1.4114 -1.4173, -6.2244 1.4114 0.1969, -6.2015 1.4144 -1.4173, -6.2015 1.4144 0.1969, -6.1801 1.4233 -1.4173, -6.1801 1.4233 0.1969, -6.1618 1.4374 -1.4173, -6.1618 1.4374 0.1969, -6.1477 1.4557 -1.4173, -6.1477 1.4557 0.1969, -6.1388 1.4771 -1.4173, -6.1388 1.4771 0.1969, -6.1358 1.5 -1.4173, -6.2244 1.5 -1.4173, -5.1358 1.5 0.1969, -5.1388 1.5229 -1.4173, -5.1388 1.5229 0.1969, -5.1477 1.5443 -1.4173, -5.1477 1.5443 0.1969, -5.1618 1.5626 -1.4173, -5.1618 1.5626 0.1969, -5.1801 1.5767 -1.4173, -5.1801 1.5767 0.1969, -5.2015 1.5856 -1.4173, -5.2015 1.5856 0.1969, -5.2244 1.5886 -1.4173, -5.2244 1.5886 0.1969, -5.2473 1.5856 -1.4173, -5.2473 1.5856 0.1969, -5.2687 1.5767 -1.4173, -5.2687 1.5767 0.1969, -5.287 1.5626 -1.4173, -5.287 1.5626 0.1969, -5.3011 1.5443 -1.4173, -5.3011 1.5443 0.1969, -5.31 1.5229 -1.4173, -5.31 1.5229 0.1969, -5.313 1.5 -1.4173, -5.313 1.5 0.1969, -5.31 1.4771 -1.4173, -5.31 1.4771 0.1969, -5.3011 1.4557 -1.4173, -5.3011 1.4557 0.1969, -5.287 1.4374 -1.4173, -5.287 1.4374 0.1969, -5.2687 1.4233 -1.4173, -5.2687 1.4233 0.1969, -5.2473 1.4144 -1.4173, -5.2473 1.4144 0.1969, -5.2244 1.4114 -1.4173, -5.2244 1.4114 0.1969, -5.2015 1.4144 -1.4173, -5.2015 1.4144 0.1969, -5.1801 1.4233 -1.4173, -5.1801 1.4233 0.1969, -5.1618 1.4374 -1.4173, -5.1618 1.4374 0.1969, -5.1477 1.4557 -1.4173, -5.1477 1.4557 0.1969, -5.1388 1.4771 -1.4173, -5.1388 1.4771 0.1969, -5.1358 1.5 -1.4173, -5.2244 1.5 -1.4173, -4.1358 1.5 0.1969, -4.1388 1.5229 -1.4173, -4.1388 1.5229 0.1969, -4.1477 1.5443 -1.4173, -4.1477 1.5443 0.1969, -4.1618 1.5626 -1.4173, -4.1618 1.5626 0.1969, -4.1801 1.5767 -1.4173, -4.1801 1.5767 0.1969, -4.2015 1.5856 -1.4173, -4.2015 1.5856 0.1969, -4.2244 1.5886 -1.4173, -4.2244 1.5886 0.1969, -4.2473 1.5856 -1.4173, -4.2473 1.5856 0.1969, -4.2687 1.5767 -1.4173, -4.2687 1.5767 0.1969, -4.287 1.5626 -1.4173, -4.287 1.5626 0.1969, -4.3011 1.5443 -1.4173, -4.3011 1.5443 0.1969, -4.31 1.5229 -1.4173, -4.31 1.5229 0.1969, -4.313 1.5 -1.4173, -4.313 1.5 0.1969, -4.31 1.4771 -1.4173, -4.31 1.4771 0.1969, -4.3011 1.4557 -1.4173, -4.3011 1.4557 0.1969, -4.287 1.4374 -1.4173, -4.287 1.4374 0.1969, -4.2687 1.4233 -1.4173, -4.2687 1.4233 0.1969, -4.2473 1.4144 -1.4173, -4.2473 1.4144 0.1969, -4.2244 1.4114 -1.4173, -4.2244 1.4114 0.1969, -4.2015 1.4144 -1.4173, -4.2015 1.4144 0.1969, -4.1801 1.4233 -1.4173, -4.1801 1.4233 0.1969, -4.1618 1.4374 -1.4173, -4.1618 1.4374 0.1969, -4.1477 1.4557 -1.4173, -4.1477 1.4557 0.1969, -4.1388 1.4771 -1.4173, -4.1388 1.4771 0.1969, -4.1358 1.5 -1.4173, -4.2244 1.5 -1.4173, -3.1358 1.5 0.1969, -3.1388 1.5229 -1.4173, -3.1388 1.5229 0.1969, -3.1477 1.5443 -1.4173, -3.1477 1.5443 0.1969, -3.1618 1.5626 -1.4173, -3.1618 1.5626 0.1969, -3.1801 1.5767 -1.4173, -3.1801 1.5767 0.1969, -3.2015 1.5856 -1.4173, -3.2015 1.5856 0.1969, -3.2244 1.5886 -1.4173, -3.2244 1.5886 0.1969, -3.2473 1.5856 -1.4173, -3.2473 1.5856 0.1969, -3.2687 1.5767 -1.4173, -3.2687 1.5767 0.1969, -3.287 1.5626 -1.4173, -3.287 1.5626 0.1969, -3.3011 1.5443 -1.4173, -3.3011 1.5443 0.1969, -3.31 1.5229 -1.4173, -3.31 1.5229 0.1969, -3.313 1.5 -1.4173, -3.313 1.5 0.1969, -3.31 1.4771 -1.4173, -3.31 1.4771 0.1969, -3.3011 1.4557 -1.4173, -3.3011 1.4557 0.1969, -3.287 1.4374 -1.4173, -3.287 1.4374 0.1969, -3.2687 1.4233 -1.4173, -3.2687 1.4233 0.1969, -3.2473 1.4144 -1.4173, -3.2473 1.4144 0.1969, -3.2244 1.4114 -1.4173, -3.2244 1.4114 0.1969, -3.2015 1.4144 -1.4173, -3.2015 1.4144 0.1969, -3.1801 1.4233 -1.4173, -3.1801 1.4233 0.1969, -3.1618 1.4374 -1.4173, -3.1618 1.4374 0.1969, -3.1477 1.4557 -1.4173, -3.1477 1.4557 0.1969, -3.1388 1.4771 -1.4173, -3.1388 1.4771 0.1969, -3.1358 1.5 -1.4173, -3.2244 1.5 -1.4173, -2.1358 1.5 0.1969, -2.1388 1.5229 -1.4173, -2.1388 1.5229 0.1969, -2.1477 1.5443 -1.4173, -2.1477 1.5443 0.1969, -2.1618 1.5626 -1.4173, -2.1618 1.5626 0.1969, -2.1801 1.5767 -1.4173, -2.1801 1.5767 0.1969, -2.2015 1.5856 -1.4173, -2.2015 1.5856 0.1969, -2.2244 1.5886 -1.4173, -2.2244 1.5886 0.1969, -2.2473 1.5856 -1.4173, -2.2473 1.5856 0.1969, -2.2687 1.5767 -1.4173, -2.2687 1.5767 0.1969, -2.287 1.5626 -1.4173, -2.287 1.5626 0.1969, -2.3011 1.5443 -1.4173, -2.3011 1.5443 0.1969, -2.31 1.5229 -1.4173, -2.31 1.5229 0.1969, -2.313 1.5 -1.4173, -2.313 1.5 0.1969, -2.31 1.4771 -1.4173, -2.31 1.4771 0.1969, -2.3011 1.4557 -1.4173, -2.3011 1.4557 0.1969, -2.287 1.4374 -1.4173, -2.287 1.4374 0.1969, -2.2687 1.4233 -1.4173, -2.2687 1.4233 0.1969, -2.2473 1.4144 -1.4173, -2.2473 1.4144 0.1969, -2.2244 1.4114 -1.4173, -2.2244 1.4114 0.1969, -2.2015 1.4144 -1.4173, -2.2015 1.4144 0.1969, -2.1801 1.4233 -1.4173, -2.1801 1.4233 0.1969, -2.1618 1.4374 -1.4173, -2.1618 1.4374 0.1969, -2.1477 1.4557 -1.4173, -2.1477 1.4557 0.1969, -2.1388 1.4771 -1.4173, -2.1388 1.4771 0.1969, -2.1358 1.5 -1.4173, -2.2244 1.5 -1.4173, -7.1358 1.5 0.1969, -7.1388 1.5229 -1.4173, -7.1388 1.5229 0.1969, -7.1477 1.5443 -1.4173, -7.1477 1.5443 0.1969, -7.1618 1.5626 -1.4173, -7.1618 1.5626 0.1969, -7.1801 1.5767 -1.4173, -7.1801 1.5767 0.1969, -7.2015 1.5856 -1.4173, -7.2015 1.5856 0.1969, -7.2244 1.5886 -1.4173, -7.2244 1.5886 0.1969, -7.2473 1.5856 -1.4173, -7.2473 1.5856 0.1969, -7.2687 1.5767 -1.4173, -7.2687 1.5767 0.1969, -7.287 1.5626 -1.4173, -7.287 1.5626 0.1969, -7.3011 1.5443 -1.4173, -7.3011 1.5443 0.1969, -7.31 1.5229 -1.4173, -7.31 1.5229 0.1969, -7.313 1.5 -1.4173, -7.313 1.5 0.1969, -7.31 1.4771 -1.4173, -7.31 1.4771 0.1969, -7.3011 1.4557 -1.4173, -7.3011 1.4557 0.1969, -7.287 1.4374 -1.4173, -7.287 1.4374 0.1969, -7.2687 1.4233 -1.4173, -7.2687 1.4233 0.1969, -7.2473 1.4144 -1.4173, -7.2473 1.4144 0.1969, -7.2244 1.4114 -1.4173, -7.2244 1.4114 0.1969, -7.2015 1.4144 -1.4173, -7.2015 1.4144 0.1969, -7.1801 1.4233 -1.4173, -7.1801 1.4233 0.1969, -7.1618 1.4374 -1.4173, -7.1618 1.4374 0.1969, -7.1477 1.4557 -1.4173, -7.1477 1.4557 0.1969, -7.1388 1.4771 -1.4173, -7.1388 1.4771 0.1969, -7.1358 1.5 -1.4173, -7.2244 1.5 -1.4173, -7.2244 1.5 -1.4173
            ]
        }
        coordIndex [
            0,1,2,-1,2,1,3,-1,2,3,4,-1,4,3,5,-1,4,5,6,-1,6,5,7,-1,6,7,8,-1,8,7,9,-1,8,9,10,-1,10,9,11,-1,10,11,12,-1,12,11,13,-1,12,13,14,-1,14,13,15,-1,14,15,16,-1,16,15,17,-1,16,17,18,-1,18,17,19,-1,18,19,20,-1,20,19,21,-1,20,21,22,-1,22,21,23,-1,22,23,24,-1,24,23,25,-1,24,25,26,-1,26,25,27,-1,26,27,28,-1,28,27,29,-1,28,29,30,-1,30,29,31,-1,30,31,32,-1,32,31,33,-1,32,33,34,-1,34,33,35,-1,34,35,36,-1,36,35,37,-1,36,37,38,-1,38,37,39,-1,38,39,40,-1,40,39,41,-1,40,41,42,-1,42,41,43,-1,42,43,44,-1,44,43,45,-1,44,45,46,-1,46,45,47,-1,46,47,0,-1,0,47,1,-1,27,25,48,-1,48,25,23,-1,48,23,21,-1,33,31,48,-1,48,31,29,-1,48,29,27,-1,39,37,48,-1,48,37,35,-1,48,35,33,-1,45,43,48,-1,48,43,41,-1,48,41,39,-1,3,1,48,-1,48,1,47,-1,48,47,45,-1,9,7,48,-1,48,7,5,-1,48,5,3,-1,15,13,48,-1,48,13,11,-1,48,11,9,-1,21,19,48,-1,48,19,17,-1,48,17,15,-1,49,50,51,-1,51,50,52,-1,51,52,53,-1,53,52,54,-1,53,54,55,-1,55,54,56,-1,55,56,57,-1,57,56,58,-1,57,58,59,-1,59,58,60,-1,59,60,61,-1,61,60,62,-1,61,62,63,-1,63,62,64,-1,63,64,65,-1,65,64,66,-1,65,66,67,-1,67,66,68,-1,67,68,69,-1,69,68,70,-1,69,70,71,-1,71,70,72,-1,71,72,73,-1,73,72,74,-1,73,74,75,-1,75,74,76,-1,75,76,77,-1,77,76,78,-1,77,78,79,-1,79,78,80,-1,79,80,81,-1,81,80,82,-1,81,82,83,-1,83,82,84,-1,83,84,85,-1,85,84,86,-1,85,86,87,-1,87,86,88,-1,87,88,89,-1,89,88,90,-1,89,90,91,-1,91,90,92,-1,91,92,93,-1,93,92,94,-1,93,94,95,-1,95,94,96,-1,95,96,49,-1,49,96,50,-1,76,74,97,-1,97,74,72,-1,97,72,70,-1,82,80,97,-1,97,80,78,-1,97,78,76,-1,88,86,97,-1,97,86,84,-1,97,84,82,-1,94,92,97,-1,97,92,90,-1,97,90,88,-1,52,50,97,-1,97,50,96,-1,97,96,94,-1,58,56,97,-1,97,56,54,-1,97,54,52,-1,64,62,97,-1,97,62,60,-1,97,60,58,-1,70,68,97,-1,97,68,66,-1,97,66,64,-1,98,99,100,-1,100,99,101,-1,100,101,102,-1,102,101,103,-1,102,103,104,-1,104,103,105,-1,104,105,106,-1,106,105,107,-1,106,107,108,-1,108,107,109,-1,108,109,110,-1,110,109,111,-1,110,111,112,-1,112,111,113,-1,112,113,114,-1,114,113,115,-1,114,115,116,-1,116,115,117,-1,116,117,118,-1,118,117,119,-1,118,119,120,-1,120,119,121,-1,120,121,122,-1,122,121,123,-1,122,123,124,-1,124,123,125,-1,124,125,126,-1,126,125,127,-1,126,127,128,-1,128,127,129,-1,128,129,130,-1,130,129,131,-1,130,131,132,-1,132,131,133,-1,132,133,134,-1,134,133,135,-1,134,135,136,-1,136,135,137,-1,136,137,138,-1,138,137,139,-1,138,139,140,-1,140,139,141,-1,140,141,142,-1,142,141,143,-1,142,143,144,-1,144,143,145,-1,144,145,98,-1,98,145,99,-1,125,123,146,-1,146,123,121,-1,146,121,119,-1,131,129,146,-1,146,129,127,-1,146,127,125,-1,137,135,146,-1,146,135,133,-1,146,133,131,-1,143,141,146,-1,146,141,139,-1,146,139,137,-1,101,99,146,-1,146,99,145,-1,146,145,143,-1,107,105,146,-1,146,105,103,-1,146,103,101,-1,113,111,146,-1,146,111,109,-1,146,109,107,-1,119,117,146,-1,146,117,115,-1,146,115,113,-1,147,148,149,-1,149,148,150,-1,149,150,151,-1,151,150,152,-1,151,152,153,-1,153,152,154,-1,153,154,155,-1,155,154,156,-1,155,156,157,-1,157,156,158,-1,157,158,159,-1,159,158,160,-1,159,160,161,-1,161,160,162,-1,161,162,163,-1,163,162,164,-1,163,164,165,-1,165,164,166,-1,165,166,167,-1,167,166,168,-1,167,168,169,-1,169,168,170,-1,169,170,171,-1,171,170,172,-1,171,172,173,-1,173,172,174,-1,173,174,175,-1,175,174,176,-1,175,176,177,-1,177,176,178,-1,177,178,179,-1,179,178,180,-1,179,180,181,-1,181,180,182,-1,181,182,183,-1,183,182,184,-1,183,184,185,-1,185,184,186,-1,185,186,187,-1,187,186,188,-1,187,188,189,-1,189,188,190,-1,189,190,191,-1,191,190,192,-1,191,192,193,-1,193,192,194,-1,193,194,147,-1,147,194,148,-1,174,172,195,-1,195,172,170,-1,195,170,168,-1,180,178,195,-1,195,178,176,-1,195,176,174,-1,186,184,195,-1,195,184,182,-1,195,182,180,-1,192,190,195,-1,195,190,188,-1,195,188,186,-1,150,148,195,-1,195,148,194,-1,195,194,192,-1,156,154,195,-1,195,154,152,-1,195,152,150,-1,162,160,195,-1,195,160,158,-1,195,158,156,-1,168,166,195,-1,195,166,164,-1,195,164,162,-1,196,197,198,-1,198,197,199,-1,198,199,200,-1,200,199,201,-1,200,201,202,-1,202,201,203,-1,202,203,204,-1,204,203,205,-1,204,205,206,-1,206,205,207,-1,206,207,208,-1,208,207,209,-1,208,209,210,-1,210,209,211,-1,210,211,212,-1,212,211,213,-1,212,213,214,-1,214,213,215,-1,214,215,216,-1,216,215,217,-1,216,217,218,-1,218,217,219,-1,218,219,220,-1,220,219,221,-1,220,221,222,-1,222,221,223,-1,222,223,224,-1,224,223,225,-1,224,225,226,-1,226,225,227,-1,226,227,228,-1,228,227,229,-1,228,229,230,-1,230,229,231,-1,230,231,232,-1,232,231,233,-1,232,233,234,-1,234,233,235,-1,234,235,236,-1,236,235,237,-1,236,237,238,-1,238,237,239,-1,238,239,240,-1,240,239,241,-1,240,241,242,-1,242,241,243,-1,242,243,196,-1,196,243,197,-1,223,221,244,-1,244,221,219,-1,244,219,217,-1,229,227,244,-1,244,227,225,-1,244,225,223,-1,235,233,244,-1,244,233,231,-1,244,231,229,-1,241,239,244,-1,244,239,237,-1,244,237,235,-1,199,197,244,-1,244,197,243,-1,244,243,241,-1,205,203,244,-1,244,203,201,-1,244,201,199,-1,211,209,244,-1,244,209,207,-1,244,207,205,-1,217,215,244,-1,244,215,213,-1,244,213,211,-1,245,246,247,-1,247,246,248,-1,247,248,249,-1,249,248,250,-1,249,250,251,-1,251,250,252,-1,251,252,253,-1,253,252,254,-1,253,254,255,-1,255,254,256,-1,255,256,257,-1,257,256,258,-1,257,258,259,-1,259,258,260,-1,259,260,261,-1,261,260,262,-1,261,262,263,-1,263,262,264,-1,263,264,265,-1,265,264,266,-1,265,266,267,-1,267,266,268,-1,267,268,269,-1,269,268,270,-1,269,270,271,-1,271,270,272,-1,271,272,273,-1,273,272,274,-1,273,274,275,-1,275,274,276,-1,275,276,277,-1,277,276,278,-1,277,278,279,-1,279,278,280,-1,279,280,281,-1,281,280,282,-1,281,282,283,-1,283,282,284,-1,283,284,285,-1,285,284,286,-1,285,286,287,-1,287,286,288,-1,287,288,289,-1,289,288,290,-1,289,290,291,-1,291,290,292,-1,291,292,245,-1,245,292,246,-1,272,270,293,-1,293,270,268,-1,293,268,266,-1,278,276,293,-1,293,276,274,-1,293,274,272,-1,284,282,293,-1,293,282,280,-1,293,280,278,-1,290,288,293,-1,293,288,286,-1,293,286,284,-1,248,246,293,-1,293,246,292,-1,293,292,290,-1,254,252,293,-1,293,252,250,-1,293,250,248,-1,260,258,293,-1,293,258,256,-1,293,256,254,-1,266,264,293,-1,293,264,262,-1,293,262,260,-1,294,295,296,-1,296,295,297,-1,296,297,298,-1,298,297,299,-1,298,299,300,-1,300,299,301,-1,300,301,302,-1,302,301,303,-1,302,303,304,-1,304,303,305,-1,304,305,306,-1,306,305,307,-1,306,307,308,-1,308,307,309,-1,308,309,310,-1,310,309,311,-1,310,311,312,-1,312,311,313,-1,312,313,314,-1,314,313,315,-1,314,315,316,-1,316,315,317,-1,316,317,318,-1,318,317,319,-1,318,319,320,-1,320,319,321,-1,320,321,322,-1,322,321,323,-1,322,323,324,-1,324,323,325,-1,324,325,326,-1,326,325,327,-1,326,327,328,-1,328,327,329,-1,328,329,330,-1,330,329,331,-1,330,331,332,-1,332,331,333,-1,332,333,334,-1,334,333,335,-1,334,335,336,-1,336,335,337,-1,336,337,338,-1,338,337,339,-1,338,339,340,-1,340,339,341,-1,340,341,294,-1,294,341,295,-1,321,319,342,-1,342,319,317,-1,342,317,315,-1,327,325,342,-1,342,325,323,-1,342,323,321,-1,333,331,342,-1,342,331,329,-1,342,329,327,-1,339,337,342,-1,342,337,335,-1,342,335,333,-1,297,295,342,-1,342,295,341,-1,342,341,339,-1,303,301,342,-1,342,301,299,-1,342,299,297,-1,309,307,342,-1,342,307,305,-1,342,305,303,-1,315,313,342,-1,342,313,311,-1,342,311,309,-1,343,344,345,-1,345,344,346,-1,345,346,347,-1,347,346,348,-1,347,348,349,-1,349,348,350,-1,349,350,351,-1,351,350,352,-1,351,352,353,-1,353,352,354,-1,353,354,355,-1,355,354,356,-1,355,356,357,-1,357,356,358,-1,357,358,359,-1,359,358,360,-1,359,360,361,-1,361,360,362,-1,361,362,363,-1,363,362,364,-1,363,364,365,-1,365,364,366,-1,365,366,367,-1,367,366,368,-1,367,368,369,-1,369,368,370,-1,369,370,371,-1,371,370,372,-1,371,372,373,-1,373,372,374,-1,373,374,375,-1,375,374,376,-1,375,376,377,-1,377,376,378,-1,377,378,379,-1,379,378,380,-1,379,380,381,-1,381,380,382,-1,381,382,383,-1,383,382,384,-1,383,384,385,-1,385,384,386,-1,385,386,387,-1,387,386,388,-1,387,388,389,-1,389,388,390,-1,389,390,343,-1,343,390,344,-1,370,368,391,-1,391,368,366,-1,391,366,364,-1,376,374,391,-1,391,374,372,-1,391,372,370,-1,382,380,391,-1,391,380,378,-1,391,378,376,-1,388,386,391,-1,391,386,384,-1,391,384,382,-1,346,344,391,-1,391,344,390,-1,391,390,388,-1,352,350,391,-1,391,350,348,-1,391,348,346,-1,358,356,391,-1,391,356,354,-1,391,354,352,-1,364,362,391,-1,391,362,360,-1,391,360,358,-1,392,393,394,-1,394,393,395,-1,394,395,396,-1,396,395,397,-1,396,397,398,-1,398,397,399,-1,398,399,400,-1,400,399,401,-1,400,401,402,-1,402,401,403,-1,402,403,404,-1,404,403,405,-1,404,405,406,-1,406,405,407,-1,406,407,408,-1,408,407,409,-1,408,409,410,-1,410,409,411,-1,410,411,412,-1,412,411,413,-1,412,413,414,-1,414,413,415,-1,414,415,416,-1,416,415,417,-1,416,417,418,-1,418,417,419,-1,418,419,420,-1,420,419,421,-1,420,421,422,-1,422,421,423,-1,422,423,424,-1,424,423,425,-1,424,425,426,-1,426,425,427,-1,426,427,428,-1,428,427,429,-1,428,429,430,-1,430,429,431,-1,430,431,432,-1,432,431,433,-1,432,433,434,-1,434,433,435,-1,434,435,436,-1,436,435,437,-1,436,437,438,-1,438,437,439,-1,438,439,392,-1,392,439,393,-1,419,417,440,-1,440,417,415,-1,440,415,413,-1,425,423,440,-1,440,423,421,-1,440,421,419,-1,431,429,440,-1,440,429,427,-1,440,427,425,-1,437,435,440,-1,440,435,433,-1,440,433,431,-1,395,393,440,-1,440,393,439,-1,440,439,437,-1,401,399,440,-1,440,399,397,-1,440,397,395,-1,407,405,440,-1,440,405,403,-1,440,403,401,-1,413,411,440,-1,440,411,409,-1,440,409,407,-1,441,442,443,-1,443,442,444,-1,443,444,445,-1,445,444,446,-1,445,446,447,-1,447,446,448,-1,447,448,449,-1,449,448,450,-1,449,450,451,-1,451,450,452,-1,451,452,453,-1,453,452,454,-1,453,454,455,-1,455,454,456,-1,455,456,457,-1,457,456,458,-1,457,458,459,-1,459,458,460,-1,459,460,461,-1,461,460,462,-1,461,462,463,-1,463,462,464,-1,463,464,465,-1,465,464,466,-1,465,466,467,-1,467,466,468,-1,467,468,469,-1,469,468,470,-1,469,470,471,-1,471,470,472,-1,471,472,473,-1,473,472,474,-1,473,474,475,-1,475,474,476,-1,475,476,477,-1,477,476,478,-1,477,478,479,-1,479,478,480,-1,479,480,481,-1,481,480,482,-1,481,482,483,-1,483,482,484,-1,483,484,485,-1,485,484,486,-1,485,486,487,-1,487,486,488,-1,487,488,441,-1,441,488,442,-1,468,466,489,-1,489,466,464,-1,489,464,462,-1,474,472,489,-1,489,472,470,-1,489,470,468,-1,480,478,489,-1,489,478,476,-1,489,476,474,-1,486,484,489,-1,489,484,482,-1,489,482,480,-1,444,442,489,-1,489,442,488,-1,489,488,486,-1,450,448,489,-1,489,448,446,-1,489,446,444,-1,456,454,489,-1,489,454,452,-1,489,452,450,-1,462,460,489,-1,489,460,458,-1,489,458,456,-1,490,491,492,-1,492,491,493,-1,492,493,494,-1,494,493,495,-1,494,495,496,-1,496,495,497,-1,496,497,498,-1,498,497,499,-1,498,499,500,-1,500,499,501,-1,500,501,502,-1,502,501,503,-1,502,503,504,-1,504,503,505,-1,504,505,506,-1,506,505,507,-1,506,507,508,-1,508,507,509,-1,508,509,510,-1,510,509,511,-1,510,511,512,-1,512,511,513,-1,512,513,514,-1,514,513,515,-1,514,515,516,-1,516,515,517,-1,516,517,518,-1,518,517,519,-1,518,519,520,-1,520,519,521,-1,520,521,522,-1,522,521,523,-1,522,523,524,-1,524,523,525,-1,524,525,526,-1,526,525,527,-1,526,527,528,-1,528,527,529,-1,528,529,530,-1,530,529,531,-1,530,531,532,-1,532,531,533,-1,532,533,534,-1,534,533,535,-1,534,535,536,-1,536,535,537,-1,536,537,490,-1,490,537,491,-1,517,515,538,-1,538,515,513,-1,538,513,511,-1,523,521,538,-1,538,521,519,-1,538,519,517,-1,529,527,538,-1,538,527,525,-1,538,525,523,-1,535,533,538,-1,538,533,531,-1,538,531,529,-1,493,491,538,-1,538,491,537,-1,538,537,535,-1,499,497,538,-1,538,497,495,-1,538,495,493,-1,505,503,538,-1,538,503,501,-1,538,501,499,-1,511,509,538,-1,538,509,507,-1,538,507,505,-1,539,540,541,-1,541,540,542,-1,541,542,543,-1,543,542,544,-1,543,544,545,-1,545,544,546,-1,545,546,547,-1,547,546,548,-1,547,548,549,-1,549,548,550,-1,549,550,551,-1,551,550,552,-1,551,552,553,-1,553,552,554,-1,553,554,555,-1,555,554,556,-1,555,556,557,-1,557,556,558,-1,557,558,559,-1,559,558,560,-1,559,560,561,-1,561,560,562,-1,561,562,563,-1,563,562,564,-1,563,564,565,-1,565,564,566,-1,565,566,567,-1,567,566,568,-1,567,568,569,-1,569,568,570,-1,569,570,571,-1,571,570,572,-1,571,572,573,-1,573,572,574,-1,573,574,575,-1,575,574,576,-1,575,576,577,-1,577,576,578,-1,577,578,579,-1,579,578,580,-1,579,580,581,-1,581,580,582,-1,581,582,583,-1,583,582,584,-1,583,584,585,-1,585,584,586,-1,585,586,539,-1,539,586,540,-1,566,564,587,-1,587,564,562,-1,587,562,560,-1,572,570,587,-1,587,570,568,-1,587,568,566,-1,578,576,587,-1,587,576,574,-1,587,574,572,-1,584,582,587,-1,587,582,580,-1,587,580,578,-1,542,540,587,-1,587,540,586,-1,587,586,584,-1,548,546,587,-1,587,546,544,-1,587,544,542,-1,554,552,587,-1,587,552,550,-1,587,550,548,-1,560,558,587,-1,587,558,556,-1,587,556,554,-1,
        ]
    }
}
Shape{
    appearance Appearance {
        material  Material 	{
            diffuseColor 1.0 1.0 1.0
            specularColor 0.30196078431372547 0.30196078431372547 0.30196078431372547
            ambientIntensity 0.2
            transparency 0
            shininess 0.5
        }
    }
    geometry IndexedFaceSet {
        ccw TRUE
        solid FALSE
        coord DEF co Coordinate {
            point [
                1.5551 -1.9685 2.2835, 1.5551 -1.9685 0.0, 1.5653 -1.9672 0.0, 1.5653 -1.9672 2.2835, 1.5748 -1.9632 0.0, 1.5748 -1.9632 2.2835, 1.583 -1.957 0.0, 1.583 -1.957 2.2835, 1.5892 -1.9488 0.0, 1.5892 -1.9488 2.2835, 1.5931 -1.9393 0.0, 1.5931 -1.9393 2.2835, 1.5945 -1.9291 0.0, 1.5945 -1.9291 2.2835, -11.0433 -1.9291 2.2835, -11.0433 -1.9291 0.0, -11.042 -1.9393 0.0, -11.042 -1.9393 2.2835, -11.038 -1.9488 0.0, -11.038 -1.9488 2.2835, -11.0318 -1.957 0.0, -11.0318 -1.957 2.2835, -11.0236 -1.9632 0.0, -11.0236 -1.9632 2.2835, -11.0141 -1.9672 0.0, -11.0141 -1.9672 2.2835, -11.0039 -1.9685 0.0, -11.0039 -1.9685 2.2835, 1.5945 1.9291 2.2835, 1.5945 1.9291 0.0, 1.5931 1.9393 0.0, 1.5931 1.9393 2.2835, 1.5892 1.9488 0.0, 1.5892 1.9488 2.2835, 1.583 1.957 0.0, 1.583 1.957 2.2835, 1.5748 1.9632 0.0, 1.5748 1.9632 2.2835, 1.5653 1.9672 0.0, 1.5653 1.9672 2.2835, 1.5551 1.9685 0.0, 1.5551 1.9685 2.2835, -11.0039 1.9685 2.2835, -11.0039 1.9685 0.0, -11.0141 1.9672 0.0, -11.0141 1.9672 2.2835, -11.0236 1.9632 0.0, -11.0236 1.9632 2.2835, -11.0318 1.957 0.0, -11.0318 1.957 2.2835, -11.038 1.9488 0.0, -11.038 1.9488 2.2835, -11.042 1.9393 0.0, -11.042 1.9393 2.2835, -11.0433 1.9291 0.0, -11.0433 1.9291 2.2835, -11.0433 1.9291 2.2835
            ]
        }
        coordIndex [
            0,1,2,-1,0,2,3,-1,3,2,4,-1,3,4,5,-1,5,4,6,-1,5,6,7,-1,7,6,8,-1,7,8,9,-1,9,8,10,-1,9,10,11,-1,11,10,12,-1,11,12,13,-1,14,15,16,-1,14,16,17,-1,17,16,18,-1,17,18,19,-1,19,18,20,-1,19,20,21,-1,21,20,22,-1,21,22,23,-1,23,22,24,-1,23,24,25,-1,25,24,26,-1,25,26,27,-1,28,29,30,-1,28,30,31,-1,31,30,32,-1,31,32,33,-1,33,32,34,-1,33,34,35,-1,35,34,36,-1,35,36,37,-1,37,36,38,-1,37,38,39,-1,39,38,40,-1,39,40,41,-1,42,43,44,-1,42,44,45,-1,45,44,46,-1,45,46,47,-1,47,46,48,-1,47,48,49,-1,49,48,50,-1,49,50,51,-1,51,50,52,-1,51,52,53,-1,53,52,54,-1,53,54,55,-1,
        ]
    }
}
Shape{
    appearance Appearance {
        material  Material 	{
            diffuseColor 0.7019607843137254 0.7019607843137254 0.7019607843137254
            specularColor 0.050980392156862744 0.050980392156862744 0.050980392156862744
            ambientIntensity 0.2
            transparency 0
            shininess 0.5
        }
    }
    geometry IndexedFaceSet {
        ccw TRUE
        solid FALSE
        coord DEF co Coordinate {
            point [
                -3.884 -0.0112 2.2835, -3.884 -0.0112 2.2795, -3.8861 -0.0095 2.2835, -3.8861 -0.0095 2.2795, -3.8879 -0.0073 2.2835, -3.8879 -0.0073 2.2795, -3.889 -0.0047 2.2835, -3.889 -0.0047 2.2795, -3.8895 -0.002 2.2835, -3.8895 -0.002 2.2795, -3.8894 0.0008 2.2835, -3.8894 0.0008 2.2795, -3.8886 0.0035 2.2835, -3.8886 0.0035 2.2795, -3.8873 0.0059 2.2835, -3.8873 0.0059 2.2795, -3.8853 0.0079 2.2835, -3.8853 0.0079 2.2795, -3.8849 0.0082 2.2835, -3.883 0.0095 2.2795, -3.883 0.0095 2.2835, -3.5674 0.1654 2.2795, -3.5674 0.1654 2.2835, -3.7331 0.0835 2.2835, -3.8166 0.0423 2.2835, -3.5325 0.1736 2.2795, -3.5325 0.1736 2.2835, -3.5504 0.1715 2.2795, -3.5504 0.1715 2.2835, -3.1496 0.1736 2.2835, -2.6936 0.1736 2.2795, -2.6936 0.1736 2.2835, -2.6573 0.1648 2.2795, -2.6573 0.1648 2.2835, -2.6749 0.1714 2.2795, -2.6749 0.1714 2.2835, -2.3602 0.0107 2.2835, -2.421 0.0423 2.2835, -2.3602 0.0107 2.2795, -2.5694 0.1192 2.2835, -2.3605 -0.0103 2.2795, -2.3605 -0.0103 2.2835, -2.358 -0.0088 2.2795, -2.358 -0.0088 2.2835, -2.3561 -0.0066 2.2795, -2.3561 -0.0066 2.2835, -2.3547 -0.0041 2.2795, -2.3547 -0.0041 2.2835, -2.354 -0.0013 2.2795, -2.354 -0.0013 2.2835, -2.354 0.0016 2.2795, -2.354 0.0016 2.2835, -2.3546 0.0044 2.2795, -2.3546 0.0044 2.2835, -2.356 0.0069 2.2795, -2.356 0.0069 2.2835, -2.3571 0.0082 2.2835, -2.3579 0.0091 2.2795, -2.3579 0.0091 2.2835, -2.5694 -0.1136 2.2835, -2.6761 -0.1663 2.2795, -2.6761 -0.1663 2.2835, -2.7109 -0.1745 2.2795, -2.7109 -0.1745 2.2835, -2.693 -0.1724 2.2795, -2.693 -0.1724 2.2835, -3.1496 -0.1745 2.2835, -3.5965 -0.1745 2.2795, -3.5965 -0.1745 2.2835, -3.6378 -0.1628 2.2795, -3.6378 -0.1628 2.2835, -3.6248 -0.1692 2.2795, -3.6248 -0.1692 2.2835, -3.6109 -0.1731 2.2795, -3.6109 -0.1731 2.2835, -3.7331 -0.1041 2.2835, -2.2701 0.0527 2.2835, -2.2701 0.0527 2.2795, -2.3368 0.0873 2.2835, -2.5671 0.2067 2.2795, -2.5671 0.2067 2.2835, -2.4352 0.9548 2.2795, -2.4352 0.9548 2.2835, -2.4083 1.0014 2.2795, -2.4083 1.0014 2.2835, -2.4209 0.9881 2.2795, -2.4209 0.9881 2.2835, -2.43 0.9723 2.2795, -2.43 0.9723 2.2835, -2.3368 1.0614 2.2835, -2.0563 1.2968 2.2795, -2.0563 1.2968 2.2835, -2.0371 1.2857 2.2795, -2.0371 1.2857 2.2835, -2.0369 1.2886 2.2795, -2.0369 1.2886 2.2835, -2.0375 1.2914 2.2795, -2.0375 1.2914 2.2835, -2.0387 1.294 2.2795, -2.0387 1.294 2.2835, -2.0405 1.2962 2.2795, -2.0405 1.2962 2.2835, -2.0428 1.298 2.2795, -2.0428 1.298 2.2835, -2.0455 1.2991 2.2795, -2.0455 1.2991 2.2835, -2.0483 1.2995 2.2795, -2.0483 1.2995 2.2835, -2.0512 1.2993 2.2795, -2.0512 1.2993 2.2835, -2.0539 1.2983 2.2795, -2.0539 1.2983 2.2835, -2.253 0.0611 2.2795, -2.253 0.0611 2.2835, -2.2675 0.0517 2.2795, -2.2675 0.0517 2.2835, -2.2647 0.0514 2.2795, -2.2647 0.0514 2.2835, -2.262 0.0516 2.2795, -2.262 0.0516 2.2835, -2.2594 0.0526 2.2795, -2.2594 0.0526 2.2835, -2.2571 0.0541 2.2795, -2.2571 0.0541 2.2835, -2.2552 0.0561 2.2795, -2.2552 0.0561 2.2835, -2.2538 0.0585 2.2795, -2.2538 0.0585 2.2835, -1.9851 -1.2008 2.2795, -1.9851 -1.2008 2.2835, -1.9908 -1.1575 2.2795, -1.9908 -1.1575 2.2835, -2.0075 -1.1171 2.2795, -2.0075 -1.1171 2.2835, -2.0341 -1.0825 2.2795, -2.0341 -1.0825 2.2835, -2.0688 -1.0559 2.2795, -2.0688 -1.0559 2.2835, -2.1091 -1.0392 2.2795, -2.1091 -1.0392 2.2835, -2.1524 -1.0335 2.2795, -2.1524 -1.0335 2.2835, -2.1957 -1.0392 2.2795, -2.1957 -1.0392 2.2835, -2.2361 -1.0559 2.2795, -2.2361 -1.0559 2.2835, -2.2707 -1.0825 2.2795, -2.2707 -1.0825 2.2835, -2.2973 -1.1171 2.2795, -2.2973 -1.1171 2.2835, -2.314 -1.1575 2.2795, -2.314 -1.1575 2.2835, -2.3197 -1.2008 2.2795, -2.3197 -1.2008 2.2835, -2.314 -1.2441 2.2795, -2.314 -1.2441 2.2835, -2.2973 -1.2844 2.2795, -2.2973 -1.2844 2.2835, -2.2707 -1.3191 2.2795, -2.2707 -1.3191 2.2835, -2.2361 -1.3457 2.2795, -2.2361 -1.3457 2.2835, -2.1957 -1.3624 2.2795, -2.1957 -1.3624 2.2835, -2.1524 -1.3681 2.2795, -2.1524 -1.3681 2.2835, -2.1091 -1.3624 2.2795, -2.1091 -1.3624 2.2835, -2.0688 -1.3457 2.2795, -2.0688 -1.3457 2.2835, -2.0341 -1.3191 2.2795, -2.0341 -1.3191 2.2835, -2.0075 -1.2844 2.2795, -2.0075 -1.2844 2.2835, -1.9908 -1.2441 2.2795, -1.9908 -1.2441 2.2835, -2.1524 -1.2008 2.2795, -3.7851 1.3079 2.2795, -3.7851 1.3079 2.2835, -3.7873 1.31 2.2795, -3.7873 1.31 2.2835, -3.7899 1.3114 2.2795, -3.7899 1.3114 2.2835, -3.7928 1.3121 2.2795, -3.7928 1.3121 2.2835, -3.7958 1.312 2.2795, -3.7958 1.312 2.2835, -3.7986 1.3113 2.2795, -3.7986 1.3113 2.2835, -3.8012 1.3098 2.2795, -3.8012 1.3098 2.2835, -3.8033 1.3078 2.2795, -3.8033 1.3078 2.2835, -3.8049 1.3052 2.2795, -3.8049 1.3052 2.2835, -3.8058 1.3024 2.2795, -3.8058 1.3024 2.2835, -3.7331 1.246 2.2835, -3.5442 1.0208 2.2795, -3.5442 1.0208 2.2835, -3.527 0.9565 2.2795, -3.527 0.9565 2.2835, -3.5258 0.9736 2.2795, -3.5258 0.9736 2.2835, -3.5284 0.9906 2.2795, -3.5284 0.9906 2.2835, -3.5347 1.0066 2.2795, -3.5347 1.0066 2.2835, -3.652 0.2473 2.2795, -3.652 0.2473 2.2835, -3.6947 0.1904 2.2795, -3.6947 0.1904 2.2835, -3.6792 0.2004 2.2795, -3.6792 0.2004 2.2835, -3.6666 0.2137 2.2795, -3.6666 0.2137 2.2835, -3.6573 0.2297 2.2795, -3.6573 0.2297 2.2835, -4.0103 0.0344 2.2835, -3.9943 0.0423 2.2835, -4.0103 0.0344 2.2795, -3.7331 0.1714 2.2835, -4.0273 0.0441 2.2795, -4.0271 0.047 2.2795, -4.0271 0.047 2.2835, -4.0273 0.0441 2.2835, -4.0269 0.0423 2.2835, -4.0267 0.0413 2.2795, -4.0267 0.0413 2.2835, -4.0255 0.0387 2.2795, -4.0255 0.0387 2.2835, -4.0237 0.0365 2.2795, -4.0237 0.0365 2.2835, -4.0214 0.0347 2.2795, -4.0214 0.0347 2.2835, -4.0187 0.0336 2.2795, -4.0187 0.0336 2.2835, -4.0159 0.0332 2.2795, -4.0159 0.0332 2.2835, -4.013 0.0334 2.2795, -4.013 0.0334 2.2835, -3.7157 1.378 2.2795, -3.7157 1.378 2.2835, -3.7187 1.3776 2.2795, -3.7187 1.3776 2.2835, -3.7214 1.3765 2.2795, -3.7214 1.3765 2.2835, -3.7238 1.3747 2.2795, -3.7238 1.3747 2.2835, -3.7257 1.3724 2.2795, -3.7257 1.3724 2.2835, -3.727 1.3697 2.2795, -3.727 1.3697 2.2835, -3.7275 1.3668 2.2795, -3.7275 1.3668 2.2835, -3.7273 1.3639 2.2795, -3.7273 1.3639 2.2835, -3.7264 1.361 2.2795, -3.7264 1.361 2.2835, -3.7248 1.3585 2.2795, -3.7248 1.3585 2.2835, -2.1145 1.378 2.2795, -2.1145 1.378 2.2835, -2.3368 1.378 2.2835, -2.5694 1.378 2.2835, -3.1496 1.378 2.2835, -2.1069 1.3571 2.2795, -2.1069 1.3571 2.2835, -2.105 1.3592 2.2795, -2.105 1.3592 2.2835, -2.1036 1.3617 2.2795, -2.1036 1.3617 2.2835, -2.1028 1.3645 2.2795, -2.1028 1.3645 2.2835, -2.1028 1.3674 2.2795, -2.1028 1.3674 2.2835, -2.1034 1.3702 2.2795, -2.1034 1.3702 2.2835, -2.1047 1.3727 2.2795, -2.1047 1.3727 2.2835, -2.1066 1.3749 2.2795, -2.1066 1.3749 2.2835, -2.109 1.3766 2.2795, -2.109 1.3766 2.2835, -2.1117 1.3776 2.2795, -2.1117 1.3776 2.2835, -2.3368 1.1642 2.2835, -2.4589 1.0617 2.2795, -2.4589 1.0617 2.2835, -2.5095 1.0433 2.2795, -2.5095 1.0433 2.2835, -2.4914 1.0454 2.2795, -2.4914 1.0454 2.2835, -2.4742 1.0517 2.2795, -2.4742 1.0517 2.2835, -2.5694 1.0433 2.2835, -3.1496 1.0433 2.2835, -3.4236 1.0433 2.2795, -3.4236 1.0433 2.2835, -3.4839 1.0714 2.2795, -3.4839 1.0714 2.2835, -3.4715 1.0596 2.2795, -3.4715 1.0596 2.2835, -3.4568 1.0507 2.2795, -3.4568 1.0507 2.2835, -3.4406 1.0452 2.2795, -3.4406 1.0452 2.2835, -2.2776 -0.0782 2.2795, -2.2776 -0.0782 2.2835, -2.2774 -0.0753 2.2795, -2.2774 -0.0753 2.2835, -2.278 -0.0725 2.2795, -2.278 -0.0725 2.2835, -2.2792 -0.0698 2.2795, -2.2792 -0.0698 2.2835, -2.281 -0.0676 2.2795, -2.281 -0.0676 2.2835, -2.2833 -0.0659 2.2795, -2.2833 -0.0659 2.2835, -2.286 -0.0648 2.2795, -2.286 -0.0648 2.2835, -2.2888 -0.0643 2.2795, -2.2888 -0.0643 2.2835, -2.2917 -0.0646 2.2795, -2.2917 -0.0646 2.2835, -2.2944 -0.0655 2.2795, -2.2944 -0.0655 2.2835, -2.4934 -1.3024 2.2795, -2.4934 -1.3024 2.2835, -2.3703 -0.604 2.2835, -2.3368 -0.4142 2.2835, -2.5141 -1.3079 2.2795, -2.5141 -1.3079 2.2835, -2.5119 -1.31 2.2795, -2.5119 -1.31 2.2835, -2.5093 -1.3114 2.2795, -2.5093 -1.3114 2.2835, -2.5064 -1.3121 2.2795, -2.5064 -1.3121 2.2835, -2.5035 -1.312 2.2795, -2.5035 -1.312 2.2835, -2.5006 -1.3113 2.2795, -2.5006 -1.3113 2.2835, -2.498 -1.3098 2.2795, -2.498 -1.3098 2.2835, -2.4959 -1.3078 2.2795, -2.4959 -1.3078 2.2835, -2.4943 -1.3052 2.2795, -2.4943 -1.3052 2.2835, -2.5694 -1.242 2.2835, -2.755 -1.0208 2.2795, -2.755 -1.0208 2.2835, -2.7723 -0.9565 2.2795, -2.7723 -0.9565 2.2835, -2.7734 -0.9736 2.2795, -2.7734 -0.9736 2.2835, -2.7708 -0.9906 2.2795, -2.7708 -0.9906 2.2835, -2.7645 -1.0066 2.2795, -2.7645 -1.0066 2.2835, -2.7101 -0.604 2.2835, -2.6527 -0.2784 2.2795, -2.6527 -0.2784 2.2835, -2.61 -0.2215 2.2795, -2.61 -0.2215 2.2835, -2.6255 -0.2316 2.2795, -2.6255 -0.2316 2.2835, -2.6381 -0.2449 2.2795, -2.6381 -0.2449 2.2835, -2.6474 -0.2608 2.2795, -2.6474 -0.2608 2.2835, -2.5694 -0.2014 2.2835, -2.3368 -0.0865 2.2835, -2.5835 -1.378 2.2795, -2.5835 -1.378 2.2835, -2.5805 -1.3776 2.2795, -2.5805 -1.3776 2.2835, -2.5778 -1.3765 2.2795, -2.5778 -1.3765 2.2835, -2.5754 -1.3747 2.2795, -2.5754 -1.3747 2.2835, -2.5735 -1.3724 2.2795, -2.5735 -1.3724 2.2835, -2.5722 -1.3697 2.2795, -2.5722 -1.3697 2.2835, -2.5717 -1.3668 2.2795, -2.5717 -1.3668 2.2835, -2.5719 -1.3639 2.2795, -2.5719 -1.3639 2.2835, -2.5728 -1.361 2.2795, -2.5728 -1.361 2.2835, -2.5744 -1.3585 2.2795, -2.5744 -1.3585 2.2835, -4.1847 -1.378 2.2795, -4.1847 -1.378 2.2835, -4.1119 -1.378 2.2835, -3.7331 -1.378 2.2835, -3.1496 -1.378 2.2835, -4.1923 -1.3571 2.2795, -4.1923 -1.3571 2.2835, -4.1943 -1.3592 2.2795, -4.1943 -1.3592 2.2835, -4.1957 -1.3617 2.2795, -4.1957 -1.3617 2.2835, -4.1964 -1.3645 2.2795, -4.1964 -1.3645 2.2835, -4.1964 -1.3674 2.2795, -4.1964 -1.3674 2.2835, -4.1958 -1.3702 2.2795, -4.1958 -1.3702 2.2835, -4.1945 -1.3727 2.2795, -4.1945 -1.3727 2.2835, -4.1926 -1.3749 2.2795, -4.1926 -1.3749 2.2835, -4.1902 -1.3766 2.2795, -4.1902 -1.3766 2.2835, -4.1876 -1.3776 2.2795, -4.1876 -1.3776 2.2835, -4.1119 -1.2896 2.2835, -3.8403 -1.0617 2.2795, -3.8403 -1.0617 2.2835, -3.7897 -1.0433 2.2795, -3.7897 -1.0433 2.2835, -3.8078 -1.0454 2.2795, -3.8078 -1.0454 2.2835, -3.825 -1.0517 2.2795, -3.825 -1.0517 2.2835, -3.7331 -1.0433 2.2835, -3.1496 -1.0433 2.2835, -2.8757 -1.0433 2.2795, -2.8757 -1.0433 2.2835, -2.8153 -1.0714 2.2795, -2.8153 -1.0714 2.2835, -2.8277 -1.0596 2.2795, -2.8277 -1.0596 2.2835, -2.8424 -1.0507 2.2795, -2.8424 -1.0507 2.2835, -2.8586 -1.0452 2.2795, -2.8586 -1.0452 2.2835, -4.2621 -1.2857 2.2795, -4.2621 -1.2857 2.2835, -4.2623 -1.2886 2.2795, -4.2623 -1.2886 2.2835, -4.2617 -1.2914 2.2795, -4.2617 -1.2914 2.2835, -4.2605 -1.294 2.2795, -4.2605 -1.294 2.2835, -4.2587 -1.2962 2.2795, -4.2587 -1.2962 2.2835, -4.2564 -1.298 2.2795, -4.2564 -1.298 2.2835, -4.2538 -1.2991 2.2795, -4.2538 -1.2991 2.2835, -4.2509 -1.2995 2.2795, -4.2509 -1.2995 2.2835, -4.248 -1.2993 2.2795, -4.248 -1.2993 2.2835, -4.2453 -1.2983 2.2795, -4.2453 -1.2983 2.2835, -4.2429 -1.2968 2.2795, -4.2429 -1.2968 2.2835, -4.0401 -0.0265 2.2835, -4.1119 -0.4338 2.2835, -4.0401 -0.0265 2.2795, -4.1419 -0.604 2.2835, -4.0223 -0.0185 2.2795, -4.0223 -0.0185 2.2835, -4.0249 -0.0173 2.2795, -4.0249 -0.0173 2.2835, -4.0277 -0.0168 2.2795, -4.0277 -0.0168 2.2835, -4.0306 -0.0169 2.2795, -4.0306 -0.0169 2.2835, -4.0333 -0.0178 2.2795, -4.0333 -0.0178 2.2835, -4.0358 -0.0193 2.2795, -4.0358 -0.0193 2.2835, -4.0378 -0.0213 2.2795, -4.0378 -0.0213 2.2835, -4.0393 -0.0237 2.2795, -4.0393 -0.0237 2.2835, -3.7761 -0.1701 2.2795, -3.7761 -0.1701 2.2835, -3.7398 -0.2508 2.2795, -3.7398 -0.2508 2.2835, -3.7388 -0.2321 2.2795, -3.7388 -0.2321 2.2835, -3.7422 -0.2136 2.2795, -3.7422 -0.2136 2.2835, -3.7499 -0.1965 2.2795, -3.7499 -0.1965 2.2835, -3.7614 -0.1817 2.2795, -3.7614 -0.1817 2.2835, -3.8021 -0.604 2.2835, -3.864 -0.9548 2.2795, -3.864 -0.9548 2.2835, -3.8909 -1.0014 2.2795, -3.8909 -1.0014 2.2835, -3.8784 -0.9881 2.2795, -3.8784 -0.9881 2.2835, -3.8692 -0.9723 2.2795, -3.8692 -0.9723 2.2835, -4.1119 -1.1869 2.2835, -4.1119 -1.1869 2.2835
            ]
        }
        coordIndex [
            0,1,2,-1,2,1,3,-1,2,3,4,-1,4,3,5,-1,4,5,6,-1,6,5,7,-1,6,7,8,-1,8,7,9,-1,8,9,10,-1,10,9,11,-1,10,11,12,-1,12,11,13,-1,12,13,14,-1,14,13,15,-1,14,15,16,-1,16,15,17,-1,16,17,18,-1,18,17,19,-1,18,19,20,-1,21,22,23,-1,21,23,19,-1,19,23,24,-1,19,24,20,-1,25,26,27,-1,27,26,28,-1,27,28,21,-1,21,28,22,-1,26,25,29,-1,29,25,30,-1,29,30,31,-1,32,33,34,-1,34,33,35,-1,34,35,30,-1,30,35,31,-1,36,37,38,-1,38,37,39,-1,38,39,32,-1,32,39,33,-1,40,41,42,-1,42,41,43,-1,42,43,44,-1,44,43,45,-1,44,45,46,-1,46,45,47,-1,46,47,48,-1,48,47,49,-1,48,49,50,-1,50,49,51,-1,50,51,52,-1,52,51,53,-1,52,53,54,-1,53,55,54,-1,54,55,56,-1,54,56,57,-1,57,56,58,-1,57,58,38,-1,38,58,36,-1,41,40,59,-1,59,40,60,-1,59,60,61,-1,62,63,64,-1,64,63,65,-1,64,65,60,-1,60,65,61,-1,63,62,66,-1,66,62,67,-1,66,67,68,-1,69,70,71,-1,71,70,72,-1,71,72,73,-1,73,72,74,-1,73,74,67,-1,67,74,68,-1,70,69,75,-1,75,69,1,-1,75,1,0,-1,25,69,71,-1,64,60,30,-1,71,73,25,-1,25,73,67,-1,25,67,30,-1,30,67,62,-1,30,62,64,-1,25,27,69,-1,69,27,21,-1,69,21,1,-1,1,21,19,-1,1,19,17,-1,11,9,7,-1,7,5,11,-1,11,5,3,-1,11,3,1,-1,17,15,1,-1,1,15,13,-1,1,13,11,-1,42,38,40,-1,40,38,32,-1,40,32,60,-1,60,32,34,-1,60,34,30,-1,42,44,38,-1,38,44,46,-1,38,46,57,-1,57,46,54,-1,48,50,46,-1,46,50,52,-1,46,52,54,-1,76,77,78,-1,78,77,79,-1,78,79,80,-1,79,81,80,-1,80,81,82,-1,83,84,85,-1,85,84,86,-1,85,86,87,-1,87,86,88,-1,87,88,81,-1,81,88,82,-1,84,83,89,-1,89,83,90,-1,89,90,91,-1,92,93,94,-1,94,93,95,-1,94,95,96,-1,96,95,97,-1,96,97,98,-1,98,97,99,-1,98,99,100,-1,100,99,101,-1,100,101,102,-1,102,101,103,-1,102,103,104,-1,104,103,105,-1,104,105,106,-1,106,105,107,-1,106,107,108,-1,108,107,109,-1,108,109,110,-1,110,109,111,-1,110,111,90,-1,90,111,91,-1,92,112,93,-1,93,112,113,-1,77,76,114,-1,114,76,115,-1,114,115,116,-1,116,115,117,-1,116,117,118,-1,118,117,119,-1,118,119,120,-1,120,119,121,-1,120,121,122,-1,122,121,123,-1,122,123,124,-1,124,123,125,-1,124,125,126,-1,126,125,127,-1,126,127,112,-1,112,127,113,-1,90,83,81,-1,81,83,85,-1,81,85,87,-1,81,79,92,-1,92,79,77,-1,92,77,112,-1,112,77,126,-1,81,92,90,-1,90,92,94,-1,90,94,96,-1,96,98,90,-1,90,98,100,-1,90,100,102,-1,102,104,90,-1,90,104,106,-1,90,106,110,-1,110,106,108,-1,126,77,124,-1,124,77,114,-1,124,114,116,-1,116,118,124,-1,124,118,120,-1,124,120,122,-1,128,129,130,-1,130,129,131,-1,130,131,132,-1,132,131,133,-1,132,133,134,-1,134,133,135,-1,134,135,136,-1,136,135,137,-1,136,137,138,-1,138,137,139,-1,138,139,140,-1,140,139,141,-1,140,141,142,-1,142,141,143,-1,142,143,144,-1,144,143,145,-1,144,145,146,-1,146,145,147,-1,146,147,148,-1,148,147,149,-1,148,149,150,-1,150,149,151,-1,150,151,152,-1,152,151,153,-1,152,153,154,-1,154,153,155,-1,154,155,156,-1,156,155,157,-1,156,157,158,-1,158,157,159,-1,158,159,160,-1,160,159,161,-1,160,161,162,-1,162,161,163,-1,162,163,164,-1,164,163,165,-1,164,165,166,-1,166,165,167,-1,166,167,168,-1,168,167,169,-1,168,169,170,-1,170,169,171,-1,170,171,172,-1,172,171,173,-1,172,173,174,-1,174,173,175,-1,174,175,128,-1,128,175,129,-1,172,174,176,-1,176,174,128,-1,176,128,130,-1,166,168,176,-1,176,168,170,-1,176,170,172,-1,160,162,176,-1,176,162,164,-1,176,164,166,-1,154,156,176,-1,176,156,158,-1,176,158,160,-1,148,150,176,-1,176,150,152,-1,176,152,154,-1,142,144,176,-1,176,144,146,-1,176,146,148,-1,136,138,176,-1,176,138,140,-1,176,140,142,-1,130,132,176,-1,176,132,134,-1,176,134,136,-1,177,178,179,-1,179,178,180,-1,179,180,181,-1,181,180,182,-1,181,182,183,-1,183,182,184,-1,183,184,185,-1,185,184,186,-1,185,186,187,-1,187,186,188,-1,187,188,189,-1,189,188,190,-1,189,190,191,-1,191,190,192,-1,191,192,193,-1,193,192,194,-1,193,194,195,-1,195,194,196,-1,178,177,197,-1,197,177,198,-1,197,198,199,-1,200,201,202,-1,202,201,203,-1,202,203,204,-1,204,203,205,-1,204,205,206,-1,206,205,207,-1,206,207,198,-1,198,207,199,-1,200,208,201,-1,201,208,209,-1,210,211,212,-1,212,211,213,-1,212,213,214,-1,214,213,215,-1,214,215,216,-1,216,215,217,-1,216,217,208,-1,208,217,209,-1,218,219,220,-1,220,219,221,-1,220,221,210,-1,210,221,211,-1,222,223,224,-1,224,225,222,-1,222,225,226,-1,222,226,227,-1,227,226,228,-1,227,228,229,-1,229,228,230,-1,229,230,231,-1,231,230,232,-1,231,232,233,-1,233,232,234,-1,233,234,235,-1,235,234,236,-1,235,236,237,-1,237,236,238,-1,237,238,239,-1,239,238,240,-1,239,240,220,-1,220,240,218,-1,223,195,224,-1,224,195,196,-1,214,216,208,-1,204,223,202,-1,202,223,200,-1,177,195,198,-1,198,195,223,-1,198,223,206,-1,206,223,204,-1,189,177,179,-1,189,191,177,-1,177,191,193,-1,177,193,195,-1,223,222,220,-1,220,222,227,-1,220,227,239,-1,223,220,200,-1,200,220,210,-1,200,210,208,-1,208,210,212,-1,208,212,214,-1,179,181,189,-1,189,181,183,-1,189,183,187,-1,187,183,185,-1,233,227,231,-1,231,227,229,-1,233,235,227,-1,227,235,237,-1,227,237,239,-1,241,242,243,-1,243,242,244,-1,243,244,245,-1,245,244,246,-1,245,246,247,-1,247,246,248,-1,247,248,249,-1,249,248,250,-1,249,250,251,-1,251,250,252,-1,251,252,253,-1,253,252,254,-1,253,254,255,-1,255,254,256,-1,255,256,257,-1,257,256,258,-1,257,258,259,-1,259,258,260,-1,261,262,263,-1,263,264,261,-1,261,264,265,-1,261,265,241,-1,241,265,242,-1,266,267,268,-1,268,267,269,-1,268,269,270,-1,270,269,271,-1,270,271,272,-1,272,271,273,-1,272,273,274,-1,274,273,275,-1,274,275,276,-1,276,275,277,-1,276,277,278,-1,278,277,279,-1,278,279,280,-1,280,279,281,-1,280,281,282,-1,282,281,283,-1,282,283,284,-1,284,283,285,-1,284,285,261,-1,261,285,262,-1,267,266,286,-1,286,266,287,-1,286,287,288,-1,289,290,291,-1,291,290,292,-1,291,292,293,-1,293,292,294,-1,293,294,287,-1,287,294,288,-1,295,290,289,-1,295,289,296,-1,296,289,297,-1,296,297,298,-1,299,300,301,-1,301,300,302,-1,301,302,303,-1,303,302,304,-1,303,304,305,-1,305,304,306,-1,305,306,297,-1,297,306,298,-1,299,259,300,-1,300,259,260,-1,241,297,261,-1,261,297,289,-1,305,297,303,-1,303,297,301,-1,255,257,241,-1,241,257,259,-1,241,259,297,-1,297,259,299,-1,297,299,301,-1,291,293,289,-1,289,293,287,-1,289,287,261,-1,261,287,266,-1,243,245,241,-1,241,245,247,-1,241,247,249,-1,249,251,241,-1,241,251,253,-1,241,253,255,-1,280,282,266,-1,266,282,284,-1,266,284,261,-1,274,276,272,-1,272,276,270,-1,266,268,280,-1,280,268,270,-1,280,270,278,-1,278,270,276,-1,307,308,309,-1,309,308,310,-1,309,310,311,-1,311,310,312,-1,311,312,313,-1,313,312,314,-1,313,314,315,-1,315,314,316,-1,315,316,317,-1,317,316,318,-1,317,318,319,-1,319,318,320,-1,319,320,321,-1,321,320,322,-1,321,322,323,-1,323,322,324,-1,323,324,325,-1,325,324,326,-1,327,328,329,-1,327,329,307,-1,307,329,330,-1,307,330,308,-1,331,332,333,-1,333,332,334,-1,333,334,335,-1,335,334,336,-1,335,336,337,-1,337,336,338,-1,337,338,339,-1,339,338,340,-1,339,340,341,-1,341,340,342,-1,341,342,343,-1,343,342,344,-1,343,344,345,-1,345,344,346,-1,345,346,347,-1,347,346,348,-1,347,348,327,-1,327,348,328,-1,332,331,349,-1,349,331,350,-1,349,350,351,-1,352,353,354,-1,354,353,355,-1,354,355,356,-1,356,355,357,-1,356,357,358,-1,358,357,359,-1,358,359,350,-1,350,359,351,-1,353,352,360,-1,360,352,361,-1,360,361,362,-1,363,364,365,-1,365,364,366,-1,365,366,367,-1,367,366,368,-1,367,368,369,-1,369,368,370,-1,369,370,361,-1,361,370,362,-1,371,364,363,-1,371,363,372,-1,372,363,325,-1,372,325,326,-1,361,352,327,-1,352,354,356,-1,309,311,325,-1,367,369,365,-1,365,369,363,-1,369,361,363,-1,363,361,327,-1,363,327,325,-1,325,327,307,-1,325,307,309,-1,311,313,325,-1,325,313,315,-1,325,315,317,-1,356,358,352,-1,352,358,350,-1,352,350,327,-1,327,350,331,-1,327,331,347,-1,347,331,333,-1,347,333,335,-1,317,319,325,-1,325,319,321,-1,325,321,323,-1,339,341,343,-1,335,337,347,-1,347,337,339,-1,347,339,345,-1,345,339,343,-1,373,374,375,-1,375,374,376,-1,375,376,377,-1,377,376,378,-1,377,378,379,-1,379,378,380,-1,379,380,381,-1,381,380,382,-1,381,382,383,-1,383,382,384,-1,383,384,385,-1,385,384,386,-1,385,386,387,-1,387,386,388,-1,387,388,389,-1,389,388,390,-1,389,390,391,-1,391,390,392,-1,393,394,395,-1,395,396,393,-1,393,396,397,-1,393,397,373,-1,373,397,374,-1,398,399,400,-1,400,399,401,-1,400,401,402,-1,402,401,403,-1,402,403,404,-1,404,403,405,-1,404,405,406,-1,406,405,407,-1,406,407,408,-1,408,407,409,-1,408,409,410,-1,410,409,411,-1,410,411,412,-1,412,411,413,-1,412,413,414,-1,414,413,415,-1,414,415,416,-1,416,415,417,-1,416,417,393,-1,393,417,394,-1,399,398,418,-1,418,398,419,-1,418,419,420,-1,421,422,423,-1,423,422,424,-1,423,424,425,-1,425,424,426,-1,425,426,419,-1,419,426,420,-1,427,422,421,-1,427,421,428,-1,428,421,429,-1,428,429,430,-1,431,432,433,-1,433,432,434,-1,433,434,435,-1,435,434,436,-1,435,436,437,-1,437,436,438,-1,437,438,429,-1,429,438,430,-1,431,391,432,-1,432,391,392,-1,383,385,373,-1,423,425,419,-1,431,433,429,-1,429,433,435,-1,429,435,437,-1,373,391,393,-1,393,391,431,-1,393,431,419,-1,373,375,377,-1,385,387,373,-1,373,387,389,-1,373,389,391,-1,431,429,419,-1,419,429,421,-1,419,421,423,-1,377,379,373,-1,373,379,381,-1,373,381,383,-1,419,398,393,-1,393,398,400,-1,393,400,416,-1,416,400,414,-1,402,404,410,-1,410,404,406,-1,410,406,408,-1,402,410,400,-1,400,410,412,-1,400,412,414,-1,439,440,441,-1,441,440,442,-1,441,442,443,-1,443,442,444,-1,443,444,445,-1,445,444,446,-1,445,446,447,-1,447,446,448,-1,447,448,449,-1,449,448,450,-1,449,450,451,-1,451,450,452,-1,451,452,453,-1,453,452,454,-1,453,454,455,-1,455,454,456,-1,455,456,457,-1,457,456,458,-1,457,458,459,-1,459,458,460,-1,461,462,463,-1,463,462,464,-1,463,464,439,-1,439,464,440,-1,465,466,467,-1,467,466,468,-1,467,468,469,-1,469,468,470,-1,469,470,471,-1,471,470,472,-1,471,472,473,-1,473,472,474,-1,473,474,475,-1,475,474,476,-1,475,476,477,-1,477,476,478,-1,477,478,479,-1,479,478,480,-1,479,480,463,-1,463,480,461,-1,465,481,466,-1,466,481,482,-1,483,484,485,-1,485,484,486,-1,485,486,487,-1,487,486,488,-1,487,488,489,-1,489,488,490,-1,489,490,491,-1,491,490,492,-1,491,492,481,-1,481,492,482,-1,484,483,493,-1,493,483,494,-1,493,494,495,-1,496,497,498,-1,498,497,499,-1,498,499,500,-1,500,499,501,-1,500,501,494,-1,494,501,495,-1,497,496,502,-1,502,496,459,-1,502,459,460,-1,459,496,494,-1,494,496,498,-1,494,498,500,-1,443,445,459,-1,489,491,487,-1,487,491,481,-1,487,481,485,-1,481,465,463,-1,485,481,483,-1,483,481,463,-1,483,463,494,-1,494,463,439,-1,494,439,459,-1,459,439,441,-1,459,441,443,-1,455,449,453,-1,453,449,451,-1,445,447,459,-1,459,447,449,-1,459,449,457,-1,457,449,455,-1,467,477,465,-1,465,477,479,-1,465,479,463,-1,473,475,471,-1,471,475,477,-1,471,477,469,-1,469,477,467,-1,
        ]
    }
}
Shape{
    appearance Appearance {
        material  Material 	{
            diffuseColor 0.25098039215686274 0.25098039215686274 0.25098039215686274
            specularColor 0.07450980392156863 0.07450980392156863 0.07450980392156863
            ambientIntensity 0.2
            transparency 0
            shininess 0.5
        }
    }
    geometry IndexedFaceSet {
        ccw TRUE
        solid FALSE
        coord DEF co Coordinate {
            point [
                -5.3918 0.1835 0.1969, -5.3918 0.1835 0.2008, -5.4292 0.0876 0.1969, -5.5454 -0.2102 0.2008, -5.5454 -0.2102 0.1969, -5.4878 -0.2102 0.2008, -5.4878 -0.2102 0.1969, -5.448 -0.0997 0.2008, -5.448 -0.0997 0.1969, -5.4292 -0.0997 0.1969, -5.2853 -0.0997 0.2008, -5.2853 -0.0997 0.1969, -5.2477 -0.2102 0.2008, -5.2477 -0.2102 0.1969, -5.1901 -0.2102 0.2008, -5.1901 -0.2102 0.1969, -5.339 0.1835 0.2008, -5.339 0.1835 0.1969, -5.2986 -0.0565 0.2008, -5.4303 -0.0565 0.2008, -5.3573 0.1079 0.2008, -5.3611 0.1216 0.2008, -5.3636 0.1355 0.2008, -5.3649 0.1355 0.2008, -5.3675 0.1216 0.2008, -5.371 0.1079 0.2008, -5.2986 -0.0565 0.1969, -5.4303 -0.0565 0.1969, -5.3573 0.1079 0.1969, -5.3611 0.1216 0.1969, -5.3636 0.1355 0.1969, -5.3649 0.1355 0.1969, -5.3675 0.1216 0.1969, -5.371 0.1079 0.1969, -4.9515 -0.2102 0.2008, -4.8444 -0.2102 0.2008, -4.9515 -0.2102 0.1969, -4.8444 -0.2102 0.1969, -4.8444 0.1835 0.2008, -4.8444 0.1835 0.1969, -4.9555 0.1835 0.2008, -4.9555 0.1835 0.1969, -5.1613 -0.0084 0.2008, -5.1613 -0.0084 0.1969, -5.1585 0.0287 0.1969, -5.1585 0.0287 0.2008, -5.1479 0.0675 0.1969, -5.1479 0.0675 0.2008, -5.1296 0.1013 0.1969, -5.1296 0.1013 0.2008, -5.1017 0.1322 0.1969, -5.1017 0.1322 0.2008, -5.1013 0.1326 0.1969, -5.1013 0.1326 0.2008, -5.0585 0.1613 0.1969, -5.0585 0.1613 0.2008, -5.0124 0.1775 0.1969, -5.0124 0.1775 0.2008, -5.0002 -0.2059 0.1969, -5.0002 -0.2059 0.2008, -5.0456 -0.1924 0.1969, -5.0456 -0.1924 0.2008, -5.0867 -0.1685 0.1969, -5.0867 -0.1685 0.2008, -5.1191 -0.1375 0.1969, -5.1191 -0.1375 0.2008, -5.1417 -0.1023 0.1969, -5.1417 -0.1023 0.2008, -5.1558 -0.061 0.1969, -5.1558 -0.061 0.2008, -5.0823 0.0851 0.2008, -5.0632 0.1054 0.2008, -5.0344 0.124 0.2008, -5.0019 0.1354 0.2008, -4.9553 0.1403 0.2008, -4.8973 0.1403 0.2008, -4.8973 -0.1669 0.2008, -4.9531 -0.1669 0.2008, -4.9947 -0.1631 0.2008, -5.0278 -0.1527 0.2008, -5.0547 -0.1368 0.2008, -5.0767 -0.115 0.2008, -5.0933 -0.0878 0.2008, -5.1049 -0.0508 0.2008, -5.1085 -0.0095 0.2008, -5.1052 0.0297 0.2008, -5.096 0.0608 0.2008, -4.9553 0.1403 0.1969, -4.8973 0.1403 0.1969, -5.0019 0.1354 0.1969, -5.0344 0.124 0.1969, -5.0632 0.1054 0.1969, -5.0823 0.0851 0.1969, -5.096 0.0608 0.1969, -5.1052 0.0297 0.1969, -5.1085 -0.0095 0.1969, -5.1049 -0.0508 0.1969, -5.0933 -0.0878 0.1969, -5.0767 -0.115 0.1969, -5.0547 -0.1368 0.1969, -5.0278 -0.1527 0.1969, -4.9947 -0.1631 0.1969, -4.9531 -0.1669 0.1969, -4.8973 -0.1669 0.1969, -4.7676 -0.1669 0.2008, -4.7676 -0.2102 0.2008, -4.7676 -0.1669 0.1969, -4.7676 -0.2102 0.1969, -4.5564 -0.2102 0.2008, -4.5564 -0.2102 0.1969, -4.5564 0.1835 0.2008, -4.5564 0.1835 0.1969, -4.758 0.1835 0.2008, -4.758 0.1835 0.1969, -4.758 0.1403 0.2008, -4.758 0.1403 0.1969, -4.6092 0.1403 0.2008, -4.6092 0.1403 0.1969, -4.6092 0.0107 0.2008, -4.6092 0.0107 0.1969, -4.7484 0.0107 0.2008, -4.7484 0.0107 0.1969, -4.7484 -0.0325 0.2008, -4.7484 -0.0325 0.1969, -4.6092 -0.0325 0.2008, -4.6092 -0.0325 0.1969, -4.6092 -0.1669 0.2008, -4.6092 -0.1669 0.1969, -4.4795 -0.1465 0.2008, -4.4795 -0.1898 0.2008, -4.4795 -0.1465 0.1969, -4.4795 -0.1898 0.1969, -4.4376 -0.207 0.2008, -4.382 -0.2148 0.2008, -4.3712 -0.215 0.2008, -4.382 -0.2148 0.1969, -4.3712 -0.215 0.1969, -4.3963 -0.2128 0.1969, -4.3978 -0.2126 0.1969, -4.4376 -0.207 0.1969, -4.3481 -0.2126 0.1969, -4.3227 -0.2099 0.2008, -4.3227 -0.2099 0.1969, -4.2845 -0.1968 0.2008, -4.2845 -0.1968 0.1969, -4.2529 -0.1766 0.2008, -4.2529 -0.1766 0.1969, -4.2233 -0.1454 0.2008, -4.2233 -0.1454 0.1969, -4.2023 -0.108 0.2008, -4.2023 -0.108 0.1969, -4.1905 -0.0663 0.2008, -4.1905 -0.0663 0.1969, -4.1867 -0.0207 0.2008, -4.1867 -0.0207 0.1969, -4.3869 0.1883 0.2008, -4.3869 0.1883 0.1969, -4.3474 0.1851 0.1969, -4.3474 0.1851 0.2008, -4.3035 0.1724 0.1969, -4.3035 0.1724 0.2008, -4.2661 0.1508 0.1969, -4.2661 0.1508 0.2008, -4.2305 0.1167 0.1969, -4.2305 0.1167 0.2008, -4.2074 0.0798 0.1969, -4.2074 0.0798 0.2008, -4.1923 0.0352 0.1969, -4.1923 0.0352 0.2008, -4.434 0.1851 0.2008, -4.4795 0.1727 0.2008, -4.434 0.1851 0.1969, -4.4795 0.1727 0.1969, -4.3963 0.1877 0.1969, -4.4795 0.1199 0.2008, -4.4795 0.1199 0.1969, -4.4352 0.1389 0.2008, -4.3873 0.1451 0.2008, -4.3873 0.1451 0.1969, -4.3963 0.144 0.1969, -4.4352 0.1389 0.1969, -4.2395 -0.0175 0.2008, -4.2395 -0.0175 0.1969, -4.2414 0.0131 0.1969, -4.2414 0.0131 0.2008, -4.2519 0.0553 0.1969, -4.2519 0.0553 0.2008, -4.2681 0.0857 0.1969, -4.2681 0.0857 0.2008, -4.2919 0.1119 0.1969, -4.2919 0.1119 0.2008, -4.3191 0.1301 0.1969, -4.3191 0.1301 0.2008, -4.3486 0.1408 0.1969, -4.3486 0.1408 0.2008, -4.3785 -0.1717 0.2008, -4.3785 -0.1717 0.1969, -4.3418 -0.1676 0.1969, -4.3418 -0.1676 0.2008, -4.3131 -0.1571 0.1969, -4.3131 -0.1571 0.2008, -4.2889 -0.1408 0.1969, -4.2889 -0.1408 0.2008, -4.2705 -0.1213 0.1969, -4.2705 -0.1213 0.2008, -4.2542 -0.094 0.1969, -4.2542 -0.094 0.2008, -4.2435 -0.0601 0.1969, -4.2435 -0.0601 0.2008, -4.3963 -0.1698 0.1969, -4.4308 -0.1659 0.2008, -4.4308 -0.1659 0.1969, -4.4725 -0.1505 0.2008, -4.4725 -0.1505 0.1969, -4.1531 -0.1669 0.2008, -4.1531 -0.2102 0.2008, -4.1531 -0.1669 0.1969, -4.1531 -0.2102 0.1969, -3.9514 -0.2102 0.2008, -3.9514 -0.2102 0.1969, -3.9514 0.1835 0.2008, -3.9514 0.1835 0.1969, -4.0042 0.1835 0.2008, -4.0042 0.1835 0.1969, -4.0042 -0.1669 0.2008, -4.0042 -0.1669 0.1969, -4.0042 -0.1669 0.1969
            ]
        }
        coordIndex [
            0,1,2,-1,2,1,3,-1,2,3,4,-1,3,5,4,-1,4,5,6,-1,5,7,6,-1,6,7,8,-1,8,7,9,-1,9,7,10,-1,9,10,11,-1,10,12,11,-1,11,12,13,-1,12,14,13,-1,13,14,15,-1,14,16,15,-1,15,16,17,-1,16,1,17,-1,17,1,0,-1,18,10,19,-1,19,10,7,-1,20,16,18,-1,18,16,14,-1,18,14,10,-1,10,14,12,-1,20,21,16,-1,16,21,22,-1,16,22,1,-1,1,22,23,-1,1,23,24,-1,24,25,1,-1,1,25,19,-1,1,19,3,-1,3,19,7,-1,3,7,5,-1,18,19,26,-1,26,19,27,-1,20,18,28,-1,28,18,26,-1,20,28,29,-1,20,29,21,-1,21,29,30,-1,21,30,22,-1,23,22,31,-1,31,22,30,-1,23,31,32,-1,23,32,24,-1,24,32,33,-1,24,33,25,-1,19,25,27,-1,27,25,33,-1,34,35,36,-1,36,35,37,-1,35,38,37,-1,37,38,39,-1,38,40,39,-1,39,40,41,-1,42,43,44,-1,42,44,45,-1,45,44,46,-1,45,46,47,-1,47,46,48,-1,47,48,49,-1,49,48,50,-1,49,50,51,-1,51,50,52,-1,51,52,53,-1,53,52,54,-1,53,54,55,-1,55,54,56,-1,55,56,57,-1,57,56,41,-1,57,41,40,-1,34,36,58,-1,34,58,59,-1,59,58,60,-1,59,60,61,-1,61,60,62,-1,61,62,63,-1,63,62,64,-1,63,64,65,-1,65,64,66,-1,65,66,67,-1,67,66,68,-1,67,68,69,-1,69,68,43,-1,69,43,42,-1,47,49,70,-1,70,49,51,-1,70,51,71,-1,71,51,53,-1,71,53,72,-1,72,53,55,-1,72,55,73,-1,73,55,57,-1,73,57,74,-1,74,57,40,-1,74,40,75,-1,75,40,38,-1,75,38,76,-1,76,38,35,-1,76,35,77,-1,77,35,34,-1,77,34,78,-1,78,34,59,-1,78,59,79,-1,79,59,61,-1,79,61,80,-1,80,61,63,-1,80,63,81,-1,81,63,65,-1,81,65,82,-1,82,65,67,-1,82,67,83,-1,83,67,69,-1,83,69,84,-1,84,69,42,-1,84,42,85,-1,85,42,45,-1,85,45,86,-1,86,45,47,-1,86,47,70,-1,74,75,87,-1,87,75,88,-1,74,87,89,-1,74,89,73,-1,73,89,90,-1,73,90,72,-1,72,90,91,-1,72,91,71,-1,71,91,92,-1,71,92,70,-1,70,92,93,-1,70,93,86,-1,86,93,94,-1,86,94,85,-1,85,94,95,-1,85,95,84,-1,84,95,96,-1,84,96,83,-1,83,96,97,-1,83,97,82,-1,82,97,98,-1,82,98,81,-1,81,98,99,-1,81,99,80,-1,80,99,100,-1,80,100,79,-1,79,100,101,-1,79,101,78,-1,78,101,102,-1,78,102,77,-1,76,77,103,-1,103,77,102,-1,75,76,88,-1,88,76,103,-1,104,105,106,-1,106,105,107,-1,105,108,107,-1,107,108,109,-1,108,110,109,-1,109,110,111,-1,110,112,111,-1,111,112,113,-1,112,114,113,-1,113,114,115,-1,114,116,115,-1,115,116,117,-1,116,118,117,-1,117,118,119,-1,118,120,119,-1,119,120,121,-1,120,122,121,-1,121,122,123,-1,122,124,123,-1,123,124,125,-1,124,126,125,-1,125,126,127,-1,126,104,127,-1,127,104,106,-1,108,105,104,-1,104,126,108,-1,108,126,124,-1,108,124,110,-1,114,112,116,-1,116,112,110,-1,116,110,118,-1,118,110,124,-1,118,124,120,-1,120,124,122,-1,128,129,130,-1,130,129,131,-1,131,129,132,-1,133,134,135,-1,135,134,136,-1,135,137,133,-1,133,137,138,-1,133,138,132,-1,132,138,139,-1,132,139,131,-1,136,134,140,-1,140,134,141,-1,140,141,142,-1,142,141,143,-1,142,143,144,-1,144,143,145,-1,144,145,146,-1,146,145,147,-1,146,147,148,-1,148,147,149,-1,148,149,150,-1,150,149,151,-1,150,151,152,-1,152,151,153,-1,152,153,154,-1,155,156,157,-1,155,157,158,-1,158,157,159,-1,158,159,160,-1,160,159,161,-1,160,161,162,-1,162,161,163,-1,162,163,164,-1,164,163,165,-1,164,165,166,-1,166,165,167,-1,166,167,168,-1,168,167,154,-1,168,154,153,-1,169,170,171,-1,171,170,172,-1,169,171,155,-1,155,171,173,-1,155,173,156,-1,170,174,172,-1,172,174,175,-1,175,174,176,-1,177,178,179,-1,177,179,176,-1,176,179,180,-1,176,180,175,-1,181,182,183,-1,181,183,184,-1,184,183,185,-1,184,185,186,-1,186,185,187,-1,186,187,188,-1,188,187,189,-1,188,189,190,-1,190,189,191,-1,190,191,192,-1,192,191,193,-1,192,193,194,-1,194,193,178,-1,194,178,177,-1,195,196,197,-1,195,197,198,-1,198,197,199,-1,198,199,200,-1,200,199,201,-1,200,201,202,-1,202,201,203,-1,202,203,204,-1,204,203,205,-1,204,205,206,-1,206,205,207,-1,206,207,208,-1,208,207,182,-1,208,182,181,-1,196,195,209,-1,209,195,210,-1,209,210,211,-1,211,210,212,-1,211,212,213,-1,213,212,128,-1,213,128,130,-1,198,134,195,-1,195,134,133,-1,195,133,210,-1,210,133,132,-1,210,132,212,-1,212,132,129,-1,212,129,128,-1,174,170,176,-1,176,170,169,-1,176,169,177,-1,177,169,155,-1,177,155,194,-1,194,155,158,-1,194,158,192,-1,192,158,160,-1,192,160,190,-1,190,160,162,-1,190,162,188,-1,188,162,164,-1,188,164,186,-1,186,164,166,-1,186,166,184,-1,184,166,168,-1,184,168,181,-1,181,168,153,-1,181,153,208,-1,208,153,151,-1,208,151,206,-1,206,151,149,-1,206,149,204,-1,204,149,147,-1,204,147,202,-1,202,147,145,-1,202,145,200,-1,200,145,143,-1,200,143,198,-1,198,143,141,-1,198,141,134,-1,214,215,216,-1,216,215,217,-1,215,218,217,-1,217,218,219,-1,218,220,219,-1,219,220,221,-1,220,222,221,-1,221,222,223,-1,222,224,223,-1,223,224,225,-1,224,214,225,-1,225,214,216,-1,222,220,224,-1,224,220,218,-1,224,218,214,-1,214,218,215,-1,
        ]
    }
}
Shape{
    appearance Appearance {
        material  Material 	{
            diffuseColor 1.0 1.0 1.0
            specularColor 0.30196078431372547 0.30196078431372547 0.30196078431372547
            ambientIntensity 0.2
            transparency 0
            shininess 0.5
        }
    }
    geometry IndexedFaceSet {
        ccw TRUE
        solid FALSE
        coord DEF co Coordinate {
            point [
                -5.2986 -0.0565 0.1969, -5.4303 -0.0565 0.1969, -5.3573 0.1079 0.1969, -5.371 0.1079 0.1969, -5.3611 0.1216 0.1969, -5.3675 0.1216 0.1969, -5.3636 0.1355 0.1969, -5.3649 0.1355 0.1969, -4.8973 0.1403 0.1969, -4.8973 -0.1669 0.1969, -4.9553 0.1403 0.1969, -4.9531 -0.1669 0.1969, -4.9947 -0.1631 0.1969, -5.1085 -0.0095 0.1969, -5.1052 0.0297 0.1969, -5.096 0.0608 0.1969, -5.0019 0.1354 0.1969, -5.0278 -0.1527 0.1969, -5.0547 -0.1368 0.1969, -5.0767 -0.115 0.1969, -5.0933 -0.0878 0.1969, -5.1049 -0.0508 0.1969, -5.0823 0.0851 0.1969, -5.0632 0.1054 0.1969, -5.0344 0.124 0.1969, -5.0344 0.124 0.1969
            ]
        }
        coordIndex [
            0,1,2,-1,2,1,3,-1,2,3,4,-1,4,3,5,-1,4,5,6,-1,6,5,7,-1,8,9,10,-1,10,9,11,-1,10,11,12,-1,13,14,10,-1,10,14,15,-1,10,15,16,-1,12,17,10,-1,10,17,18,-1,10,18,19,-1,19,20,10,-1,10,20,21,-1,10,21,13,-1,22,23,15,-1,15,23,24,-1,15,24,16,-1,
        ]
    }
}
Shape{
    appearance Appearance {
        material  Material 	{
            diffuseColor 0.7019607843137254 0.7019607843137254 0.7019607843137254
            specularColor 0.050980392156862744 0.050980392156862744 0.050980392156862744
            ambientIntensity 0.2
            transparency 0
            shininess 0.5
        }
    }
    geometry IndexedFaceSet {
        ccw TRUE
        solid FALSE
        coord DEF co Coordinate {
            point [
                -4.5415 0.7269 2.2795, -4.5669 0.7375 2.2835, -4.5795 0.7427 2.2795, -4.5795 0.7427 2.2835, -4.6203 0.748 2.2795, -4.6203 0.748 2.2835, -4.661 0.7427 2.2795, -4.661 0.7427 2.2835, -4.699 0.7269 2.2795, -4.699 0.7269 2.2835, -4.7316 0.7019 2.2795, -4.7316 0.7019 2.2835, -4.7567 0.6693 2.2795, -4.7567 0.6693 2.2835, -4.7724 0.6313 2.2795, -4.7724 0.6313 2.2835, -4.7778 0.5906 2.2795, -4.7778 0.5906 2.2835, -4.7724 0.5498 2.2795, -4.7724 0.5498 2.2835, -4.7567 0.5118 2.2795, -4.7567 0.5118 2.2835, -4.7316 0.4792 2.2795, -4.7316 0.4792 2.2835, -4.699 0.4542 2.2795, -4.699 0.4542 2.2835, -4.661 0.4384 2.2795, -4.661 0.4384 2.2835, -4.6203 0.4331 2.2795, -4.6203 0.4331 2.2835, -4.5795 0.4384 2.2795, -4.5795 0.4384 2.2835, -4.5669 0.4437 2.2835, -4.5415 0.4542 2.2795, -4.5415 0.4542 2.2835, -4.5089 0.4792 2.2795, -4.5089 0.4792 2.2835, -4.4839 0.5118 2.2795, -4.4839 0.5118 2.2835, -4.4682 0.5498 2.2795, -4.4682 0.5498 2.2835, -4.4628 0.5906 2.2795, -4.4628 0.5906 2.2835, -4.4682 0.6313 2.2795, -4.4682 0.6313 2.2835, -4.4839 0.6693 2.2795, -4.4839 0.6693 2.2835, -4.5089 0.7019 2.2795, -4.5089 0.7019 2.2835, -4.5415 0.7269 2.2835, -4.6203 0.5906 2.2795, -4.8693 -0.4384 2.2795, -4.8819 -0.4437 2.2835, -4.9073 -0.4542 2.2795, -4.9073 -0.4542 2.2835, -4.9399 -0.4792 2.2795, -4.9399 -0.4792 2.2835, -4.9649 -0.5118 2.2795, -4.9649 -0.5118 2.2835, -4.9807 -0.5498 2.2795, -4.9807 -0.5498 2.2835, -4.986 -0.5906 2.2795, -4.986 -0.5906 2.2835, -4.9807 -0.6313 2.2795, -4.9807 -0.6313 2.2835, -4.9649 -0.6693 2.2795, -4.9649 -0.6693 2.2835, -4.9399 -0.7019 2.2795, -4.9399 -0.7019 2.2835, -4.9073 -0.7269 2.2795, -4.9073 -0.7269 2.2835, -4.8819 -0.7375 2.2835, -4.8693 -0.7427 2.2795, -4.8693 -0.7427 2.2835, -4.8285 -0.748 2.2795, -4.8285 -0.748 2.2835, -4.7878 -0.7427 2.2795, -4.7878 -0.7427 2.2835, -4.7498 -0.7269 2.2795, -4.7498 -0.7269 2.2835, -4.7172 -0.7019 2.2795, -4.7172 -0.7019 2.2835, -4.6922 -0.6693 2.2795, -4.6922 -0.6693 2.2835, -4.6764 -0.6313 2.2795, -4.6764 -0.6313 2.2835, -4.6711 -0.5906 2.2795, -4.6711 -0.5906 2.2835, -4.6764 -0.5498 2.2795, -4.6764 -0.5498 2.2835, -4.6922 -0.5118 2.2795, -4.6922 -0.5118 2.2835, -4.7172 -0.4792 2.2795, -4.7172 -0.4792 2.2835, -4.7498 -0.4542 2.2795, -4.7498 -0.4542 2.2835, -4.7878 -0.4384 2.2795, -4.7878 -0.4384 2.2835, -4.8285 -0.4331 2.2795, -4.8285 -0.4331 2.2835, -4.8693 -0.4384 2.2835, -4.8285 -0.5906 2.2795, -4.8285 -0.5906 2.2795
            ]
        }
        coordIndex [
            0,1,2,-1,2,1,3,-1,2,3,4,-1,4,3,5,-1,4,5,6,-1,6,5,7,-1,6,7,8,-1,8,7,9,-1,8,9,10,-1,10,9,11,-1,10,11,12,-1,12,11,13,-1,12,13,14,-1,14,13,15,-1,14,15,16,-1,16,15,17,-1,16,17,18,-1,18,17,19,-1,18,19,20,-1,20,19,21,-1,20,21,22,-1,22,21,23,-1,22,23,24,-1,24,23,25,-1,24,25,26,-1,26,25,27,-1,26,27,28,-1,28,27,29,-1,28,29,30,-1,29,31,30,-1,30,31,32,-1,30,32,33,-1,33,32,34,-1,33,34,35,-1,35,34,36,-1,35,36,37,-1,37,36,38,-1,37,38,39,-1,39,38,40,-1,39,40,41,-1,41,40,42,-1,41,42,43,-1,43,42,44,-1,43,44,45,-1,45,44,46,-1,45,46,47,-1,47,46,48,-1,47,48,0,-1,0,48,49,-1,0,49,1,-1,37,39,50,-1,50,39,41,-1,50,41,43,-1,30,33,50,-1,50,33,35,-1,50,35,37,-1,24,26,50,-1,50,26,28,-1,50,28,30,-1,18,20,50,-1,50,20,22,-1,50,22,24,-1,12,14,50,-1,50,14,16,-1,50,16,18,-1,6,8,50,-1,50,8,10,-1,50,10,12,-1,0,2,50,-1,50,2,4,-1,50,4,6,-1,43,45,50,-1,50,45,47,-1,50,47,0,-1,51,52,53,-1,53,52,54,-1,53,54,55,-1,55,54,56,-1,55,56,57,-1,57,56,58,-1,57,58,59,-1,59,58,60,-1,59,60,61,-1,61,60,62,-1,61,62,63,-1,63,62,64,-1,63,64,65,-1,65,64,66,-1,65,66,67,-1,67,66,68,-1,67,68,69,-1,68,70,69,-1,69,70,71,-1,69,71,72,-1,72,71,73,-1,72,73,74,-1,74,73,75,-1,74,75,76,-1,76,75,77,-1,76,77,78,-1,78,77,79,-1,78,79,80,-1,80,79,81,-1,80,81,82,-1,82,81,83,-1,82,83,84,-1,84,83,85,-1,84,85,86,-1,86,85,87,-1,86,87,88,-1,88,87,89,-1,88,89,90,-1,90,89,91,-1,90,91,92,-1,92,91,93,-1,92,93,94,-1,94,93,95,-1,94,95,96,-1,96,95,97,-1,96,97,98,-1,98,97,99,-1,98,99,51,-1,51,99,100,-1,51,100,52,-1,82,84,101,-1,101,84,86,-1,101,86,88,-1,76,78,101,-1,101,78,80,-1,101,80,82,-1,69,72,101,-1,101,72,74,-1,101,74,76,-1,63,65,101,-1,101,65,67,-1,101,67,69,-1,57,59,101,-1,101,59,61,-1,101,61,63,-1,51,53,101,-1,101,53,55,-1,101,55,57,-1,94,96,101,-1,101,96,98,-1,101,98,51,-1,88,90,101,-1,101,90,92,-1,101,92,94,-1,
        ]
    }
}