#VRML V2.0 utf8
# 3D model generated by easyeda2kicad.py (https://github.com/uPesy/easyeda2kicad.py)

Shape{
    appearance Appearance {
        material  Material 	{
            diffuseColor 0.996078431372549 0.8705882352941177 0.7607843137254902
            specularColor 0.4980392156862745 0.43529411764705883 0.3803921568627451
            ambientIntensity 0.2
            transparency 0
            shininess 0.5
        }
    }
    geometry IndexedFaceSet {
        ccw TRUE
        solid FALSE
        coord DEF co Coordinate {
            point [
                -1.2992 0.4711 -0.3865, -1.2992 0.4771 -0.3805, -0.5906 0.4771 -0.3805, -1.2992 0.3865 0.4711, -1.2992 0.3805 0.4771, -0.5906 0.3805 0.4771, -1.2992 -0.4711 0.3865, -1.2992 -0.4771 0.3805, -0.5906 -0.4771 0.3805, -0.8517 -0.0187 -0.61, -0.7856 -0.0 -0.6102, -0.7862 -0.0017 -0.6102, -0.8125 -0.0238 -0.6098, -0.8235 -0.025 -0.6097, -0.8038 -0.0206 -0.6099, -0.7966 -0.0158 -0.61, -0.7911 -0.0099 -0.6102, -0.8391 -0.0233 -0.6098, -1.1735 -0.0366 -0.6091, -1.1563 -0.0366 -0.6091, -1.2992 -0.1358 -0.5949, -1.1443 -0.0034 -0.6102, -1.0955 -0.0034 -0.6102, -1.0842 -0.0366 -0.6091, -1.0359 -0.0241 -0.6098, -1.0236 -0.0312 -0.6094, -1.067 -0.0366 -0.6091, -1.01 -0.0353 -0.6092, -0.5906 -0.1358 -0.5949, -0.9954 -0.0366 -0.6091, -0.9633 -0.0366 -0.6091, -0.7112 0.0 -0.6102, -0.7112 -0.0236 -0.6098, -0.7558 -0.0236 -0.6098, -0.7689 -0.0 -0.6102, -0.7953 -0.0326 -0.6094, -0.7558 -0.0366 -0.6091, -0.8067 -0.0365 -0.6091, -0.8213 -0.038 -0.6091, -0.7858 -0.0265 -0.6097, -0.7769 -0.0172 -0.61, -0.7706 -0.0059 -0.6102, -0.8768 -0.0 -0.6102, -0.8538 -0.0175 -0.61, -0.8768 -0.0366 -0.6091, -0.8538 -0.0304 -0.6095, -0.8245 -0.0376 -0.6091, -0.8412 -0.0356 -0.6092, -0.9402 -0.0366 -0.6091, -0.9402 -0.0236 -0.6098, -0.9633 -0.0 -0.6102, -0.8927 -0.0236 -0.6098, -0.8927 0.0 -0.6102, -0.7112 0.0815 -0.6048, -1.2992 0.1358 -0.5949, -0.5906 0.1358 -0.5949, -0.6953 -0.0366 -0.6091, -0.5906 0.0 -0.6102, -0.6953 -0.0 -0.6102, -0.6953 0.0815 -0.6048, -0.8768 0.0815 -0.6048, -0.9373 0.0815 -0.6048, -0.7671 0.0066 -0.6102, -0.7659 0.0203 -0.6099, -0.7676 0.037 -0.6091, -0.7722 0.0504 -0.6081, -0.7791 0.0615 -0.6071, -0.7897 0.0717 -0.606, -0.801 0.0782 -0.6052, -0.8141 0.082 -0.6047, -0.826 0.083 -0.6046, -0.8401 0.082 -0.6047, -1.2992 0.1189 -0.5968, -1.1275 0.0815 -0.6048, -1.0567 0.0082 -0.6102, -1.0539 -0.0 -0.6102, -1.0807 -0.0001 -0.6078, -1.0524 -0.0042 -0.6102, -1.0456 -0.0148 -0.6101, -1.0275 0.0749 -0.6056, -1.0403 0.0662 -0.6066, -1.1116 0.0815 -0.6048, -1.0404 0.0661 -0.6066, -1.0488 0.0569 -0.6076, -1.0543 0.0467 -0.6084, -1.0575 0.0351 -0.6092, -1.0583 0.024 -0.6098, -0.9633 0.0815 -0.6048, -0.9966 0.0815 -0.6048, -1.0136 0.0797 -0.605, -1.2992 -0.1189 -0.5968, -1.2992 -0.0594 -0.6035, -1.1593 -0.0001 -0.6078, -1.2992 -0.0 -0.6102, -1.2992 0.0594 -0.6035, -0.8927 0.0686 -0.6064, -0.8927 0.0297 -0.6095, -0.9373 0.0686 -0.6064, -0.9344 0.0297 -0.6095, -0.8927 0.0167 -0.61, -0.9344 0.0167 -0.61, -0.8261 0.07 -0.6062, -0.8145 0.0687 -0.6064, -0.8538 0.0783 -0.6052, -0.8538 0.0625 -0.607, -0.8405 0.0682 -0.6064, -0.8057 0.0655 -0.6067, -0.7975 0.0601 -0.6073, -0.7903 0.0522 -0.608, -0.7855 0.0431 -0.6087, -0.7823 0.0304 -0.6095, -0.7818 0.0212 -0.6099, -0.783 0.0084 -0.6102, -1.2992 -0.1761 -0.5808, -0.5906 -0.2648 -0.5498, -1.2992 -0.2326 -0.5611, -1.2992 -0.2648 -0.5498, -1.2992 -0.2864 -0.5362, -0.5906 -0.3805 -0.4771, -1.2992 -0.3371 -0.5043, -0.5906 -0.4771 -0.3805, -1.2992 -0.4771 -0.3805, -1.2992 -0.4711 -0.3865, -1.2992 -0.4288 -0.4288, -1.2992 -0.3865 -0.4711, -1.2992 -0.3805 -0.4771, -1.2992 -0.5043 -0.3371, -0.5906 -0.5498 -0.2648, -1.2992 -0.5362 -0.2864, -1.2992 -0.5949 -0.1358, -1.2992 -0.5808 -0.1761, -0.5906 -0.5949 -0.1358, -1.2992 -0.5611 -0.2326, -1.2992 -0.5498 -0.2648, -1.2992 -0.5968 -0.1189, -0.5906 -0.6102 0.0, -1.2992 -0.6035 -0.0594, -1.2992 -0.5949 0.1358, -1.2992 -0.5968 0.1189, -0.5906 -0.5949 0.1358, -1.2992 -0.6035 0.0594, -1.2992 -0.6102 0.0, -1.2992 -0.5808 0.1761, -0.5906 -0.5498 0.2648, -1.2992 -0.5611 0.2326, -1.2992 -0.5043 0.3371, -1.2992 -0.5362 0.2864, -1.2992 -0.5498 0.2648, -0.5906 -0.3805 0.4771, -1.2992 -0.3805 0.4771, -1.2992 -0.3865 0.4711, -1.2992 -0.4288 0.4288, -1.2992 -0.3371 0.5043, -0.5906 -0.2648 0.5498, -1.2992 -0.2864 0.5362, -1.2992 -0.1358 0.5949, -1.2992 -0.1761 0.5808, -0.5906 -0.1358 0.5949, -1.2992 -0.2326 0.5611, -1.2992 -0.2648 0.5498, -1.2992 -0.1189 0.5968, -0.5906 0.0 0.6102, -1.2992 -0.0594 0.6035, -1.2992 0.1358 0.5949, -1.2992 0.1189 0.5968, -0.5906 0.1358 0.5949, -1.2992 0.0594 0.6035, -1.2992 0.0 0.6102, -1.2992 0.1761 0.5808, -0.5906 0.2648 0.5498, -1.2992 0.2326 0.5611, -1.2992 0.3371 0.5043, -1.2992 0.2864 0.5362, -1.2992 0.2648 0.5498, -0.5906 0.4771 0.3805, -1.2992 0.4771 0.3805, -1.2992 0.4711 0.3865, -1.2992 0.4288 0.4288, -1.2992 0.5043 0.3371, -0.5906 0.5498 0.2648, -1.2992 0.5362 0.2864, -1.2992 0.5949 0.1358, -1.2992 0.5808 0.1761, -0.5906 0.5949 0.1358, -1.2992 0.5611 0.2326, -1.2992 0.5498 0.2648, -1.2992 0.5968 0.1189, -0.5906 0.6102 -0.0, -1.2992 0.6035 0.0594, -1.2992 0.5949 -0.1358, -1.2992 0.5968 -0.1189, -0.5906 0.5949 -0.1358, -1.2992 0.6035 -0.0594, -1.2992 0.6102 -0.0, -1.2992 0.5808 -0.1761, -0.5906 0.5498 -0.2648, -1.2992 0.5611 -0.2326, -1.2992 0.5043 -0.3371, -1.2992 0.5362 -0.2864, -1.2992 0.5498 -0.2648, -0.5906 0.3805 -0.4771, -1.2992 0.3805 -0.4771, -1.2992 0.3865 -0.4711, -1.2992 0.4288 -0.4288, -1.2992 0.3371 -0.5043, -0.5906 0.2648 -0.5498, -1.2992 0.2864 -0.5362, -1.2992 0.1761 -0.5808, -1.2992 0.2326 -0.5611, -1.2992 0.2648 -0.5498, 0.1969 0.0 -0.6102, -0.3937 0.1358 -0.5949, 0.1969 0.1358 -0.5949, -0.3937 0.2648 -0.5498, 0.1969 0.2648 -0.5498, -0.3937 0.3805 -0.4771, 0.1969 0.3805 -0.4771, -0.3937 0.4771 -0.3805, 0.1969 0.4771 -0.3805, -0.3937 0.5498 -0.2648, 0.1969 0.5498 -0.2648, -0.3937 0.5949 -0.1358, 0.1969 0.5949 -0.1358, -0.3937 0.6102 -0.0, 0.1969 0.6102 -0.0, -0.3937 0.5949 0.1358, 0.1969 0.5949 0.1358, -0.3937 0.5498 0.2648, 0.1969 0.5498 0.2648, -0.3937 0.4771 0.3805, 0.1969 0.4771 0.3805, -0.3937 0.3805 0.4771, 0.1969 0.3805 0.4771, -0.3937 0.2648 0.5498, 0.1969 0.2648 0.5498, -0.3937 0.1358 0.5949, 0.1969 0.1358 0.5949, -0.3937 0.0 0.6102, 0.1969 0.0 0.6102, -0.3937 -0.1358 0.5949, 0.1969 -0.1358 0.5949, -0.3937 -0.2648 0.5498, 0.1969 -0.2648 0.5498, -0.3937 -0.3805 0.4771, 0.1969 -0.3805 0.4771, -0.3937 -0.4771 0.3805, 0.1969 -0.4771 0.3805, -0.3937 -0.5498 0.2648, 0.1969 -0.5498 0.2648, -0.3937 -0.5949 0.1358, 0.1969 -0.5949 0.1358, -0.3937 -0.6102 0.0, 0.1969 -0.6102 0.0, -0.3937 -0.5949 -0.1358, 0.1969 -0.5949 -0.1358, -0.3937 -0.5498 -0.2648, 0.1969 -0.5498 -0.2648, -0.3937 -0.4771 -0.3805, 0.1969 -0.4771 -0.3805, -0.3937 -0.3805 -0.4771, 0.1969 -0.3805 -0.4771, -0.3937 -0.2648 -0.5498, 0.1969 -0.2648 -0.5498, -0.3937 -0.1358 -0.5949, 0.1969 -0.1358 -0.5949, -0.3937 0.0 -0.6102, 0.5906 0.0 -0.6102, 0.3543 0.1358 -0.5949, 0.5906 0.1358 -0.5949, 0.3543 0.2648 -0.5498, 0.5906 0.2648 -0.5498, 0.3543 0.3805 -0.4771, 0.5906 0.3805 -0.4771, 0.3543 0.4771 -0.3805, 0.5906 0.4771 -0.3805, 0.3543 0.5498 -0.2648, 0.5906 0.5498 -0.2648, 0.3543 0.5949 -0.1358, 0.5906 0.5949 -0.1358, 0.3543 0.6102 -0.0, 0.5906 0.6102 -0.0, 0.3543 0.5949 0.1358, 0.5906 0.5949 0.1358, 0.3543 0.5498 0.2648, 0.5906 0.5498 0.2648, 0.3543 0.4771 0.3805, 0.5906 0.4771 0.3805, 0.3543 0.3805 0.4771, 0.5906 0.3805 0.4771, 0.3543 0.2648 0.5498, 0.5906 0.2648 0.5498, 0.3543 0.1358 0.5949, 0.5906 0.1358 0.5949, 0.3543 0.0 0.6102, 0.5906 0.0 0.6102, 0.3543 -0.1358 0.5949, 0.5906 -0.1358 0.5949, 0.3543 -0.2648 0.5498, 0.5906 -0.2648 0.5498, 0.3543 -0.3805 0.4771, 0.5906 -0.3805 0.4771, 0.3543 -0.4771 0.3805, 0.5906 -0.4771 0.3805, 0.3543 -0.5498 0.2648, 0.5906 -0.5498 0.2648, 0.3543 -0.5949 0.1358, 0.5906 -0.5949 0.1358, 0.3543 -0.6102 0.0, 0.5906 -0.6102 0.0, 0.3543 -0.5949 -0.1358, 0.5906 -0.5949 -0.1358, 0.3543 -0.5498 -0.2648, 0.5906 -0.5498 -0.2648, 0.3543 -0.4771 -0.3805, 0.5906 -0.4771 -0.3805, 0.3543 -0.3805 -0.4771, 0.5906 -0.3805 -0.4771, 0.3543 -0.2648 -0.5498, 0.5906 -0.2648 -0.5498, 0.3543 -0.1358 -0.5949, 0.5906 -0.1358 -0.5949, 0.3543 0.0 -0.6102, 1.2992 -0.4711 -0.3865, 1.2992 -0.4771 -0.3805, 0.7874 -0.4771 -0.3805, 1.2992 -0.1358 -0.5949, 0.7874 -0.1358 -0.5949, 1.2992 -0.1189 -0.5968, 0.7874 0.0 -0.6102, 1.2992 -0.0594 -0.6035, 1.2992 -0.2648 -0.5498, 0.7874 -0.2648 -0.5498, 1.2992 -0.2326 -0.5611, 1.2992 -0.1761 -0.5808, 1.2992 -0.2864 -0.5362, 1.2992 -0.3371 -0.5043, 0.7874 -0.3805 -0.4771, 1.2992 -0.3805 -0.4771, 1.2992 -0.3865 -0.4711, 1.2992 -0.4288 -0.4288, 1.2992 -0.5498 -0.2648, 0.7874 -0.5498 -0.2648, 1.2992 -0.5362 -0.2864, 1.2992 -0.5043 -0.3371, 1.2992 -0.5949 -0.1358, 0.7874 -0.5949 -0.1358, 1.2992 -0.5808 -0.1761, 1.2992 -0.5611 -0.2326, 1.2992 -0.6102 0.0, 0.7874 -0.6102 0.0, 1.2992 -0.6035 -0.0594, 1.2992 -0.5968 -0.1189, 1.2992 -0.5949 0.1358, 0.7874 -0.5949 0.1358, 1.2992 -0.5968 0.1189, 1.2992 -0.6035 0.0594, 1.2992 -0.5498 0.2648, 0.7874 -0.5498 0.2648, 1.2992 -0.5611 0.2326, 1.2992 -0.5808 0.1761, 1.2992 -0.5362 0.2864, 1.2992 -0.5043 0.3371, 0.7874 -0.4771 0.3805, 1.2992 -0.4771 0.3805, 1.2992 -0.4711 0.3865, 1.2992 -0.3805 0.4771, 0.7874 -0.3805 0.4771, 1.2992 -0.3865 0.4711, 1.2992 -0.4288 0.4288, 1.2992 -0.2648 0.5498, 0.7874 -0.2648 0.5498, 1.2992 -0.2864 0.5362, 1.2992 -0.3371 0.5043, 1.2992 -0.1358 0.5949, 0.7874 -0.1358 0.5949, 1.2992 -0.1761 0.5808, 1.2992 -0.2326 0.5611, 1.2992 0.0 0.6102, 0.7874 0.0 0.6102, 1.2992 -0.0594 0.6035, 1.2992 -0.1189 0.5968, 1.2992 0.1358 0.5949, 0.7874 0.1358 0.5949, 1.2992 0.1189 0.5968, 1.2992 0.0594 0.6035, 1.2992 0.2648 0.5498, 0.7874 0.2648 0.5498, 1.2992 0.2326 0.5611, 1.2992 0.1761 0.5808, 1.2992 0.2864 0.5362, 1.2992 0.3371 0.5043, 0.7874 0.3805 0.4771, 1.2992 0.3805 0.4771, 1.2992 0.3865 0.4711, 1.2992 0.4771 0.3805, 0.7874 0.4771 0.3805, 1.2992 0.4711 0.3865, 1.2992 0.4288 0.4288, 1.2992 0.5498 0.2648, 0.7874 0.5498 0.2648, 1.2992 0.5362 0.2864, 1.2992 0.5043 0.3371, 1.2992 0.5949 0.1358, 0.7874 0.5949 0.1358, 1.2992 0.5808 0.1761, 1.2992 0.5611 0.2326, 1.2992 0.6102 -0.0, 0.7874 0.6102 -0.0, 1.2992 0.6035 0.0594, 1.2992 0.5968 0.1189, 1.2992 0.5949 -0.1358, 0.7874 0.5949 -0.1358, 1.2992 0.5968 -0.1189, 1.2992 0.6035 -0.0594, 1.2992 0.5498 -0.2648, 0.7874 0.5498 -0.2648, 1.2992 0.5611 -0.2326, 1.2992 0.5808 -0.1761, 1.2992 0.5362 -0.2864, 1.2992 0.5043 -0.3371, 0.7874 0.4771 -0.3805, 1.2992 0.4771 -0.3805, 1.2992 0.4711 -0.3865, 1.2992 0.3805 -0.4771, 0.7874 0.3805 -0.4771, 1.2992 0.3865 -0.4711, 1.2992 0.4288 -0.4288, 1.2992 0.2648 -0.5498, 0.7874 0.2648 -0.5498, 1.2992 0.2864 -0.5362, 1.2992 0.3371 -0.5043, 1.2992 0.1358 -0.5949, 0.7874 0.1358 -0.5949, 1.2992 0.1761 -0.5808, 1.2992 0.2326 -0.5611, 1.2992 0.1189 -0.5968, 1.2992 0.0594 -0.6035, 1.2992 0.0 -0.6102, 1.7717 -0.0 -0.1772, 1.7717 -0.0459 -0.1711, 1.7717 -0.0851 -0.5645, 1.7717 -0.1253 -0.1253, 1.7717 -0.3216 -0.4717, 1.7717 -0.0886 -0.1534, 1.7717 -0.2477 -0.5143, 1.7717 -0.1683 -0.5455, 1.7717 -0.0 0.1772, 1.7717 -0.0851 0.5645, 1.7717 -0.0459 0.1711, 1.7717 -0.1683 0.5455, 1.7717 -0.0886 0.1534, 1.7717 0.1534 0.0886, 1.7717 0.4463 0.3559, 1.7717 0.1253 0.1253, 1.7717 0.3883 0.4185, 1.7717 0.0886 0.1534, 1.7717 0.1711 0.0459, 1.7717 0.1772 -0.0, 1.7717 0.5693 0.0427, 1.7717 -0.1534 -0.0886, 1.7717 -0.4463 -0.3559, 1.7717 -0.3883 -0.4185, 1.7717 -0.1711 -0.0459, 1.7717 -0.1772 0.0, 1.7717 -0.5693 -0.0427, 1.7717 0.0459 0.1711, 1.7717 0.0851 0.5645, 1.7717 -0.0 0.5709, 1.7717 0.3216 0.4717, 1.7717 0.2477 0.5143, 1.7717 0.1683 0.5455, 1.7717 0.5566 0.127, 1.7717 0.5314 0.2086, 1.7717 0.4944 0.2854, 1.7717 0.1534 -0.0886, 1.7717 0.5314 -0.2086, 1.7717 0.1711 -0.0459, 1.7717 0.5566 -0.127, 1.7717 0.5693 -0.0427, 1.7717 -0.5566 -0.127, 1.7717 -0.5314 -0.2086, 1.7717 -0.4944 -0.2854, 1.7717 -0.1534 0.0886, 1.7717 -0.5314 0.2086, 1.7717 -0.1711 0.0459, 1.7717 -0.5566 0.127, 1.7717 -0.5693 0.0427, 1.7717 -0.2477 0.5143, 1.7717 -0.3216 0.4717, 1.7717 -0.1253 0.1253, 1.7717 0.0459 -0.1711, 1.7717 0.2477 -0.5143, 1.7717 0.0886 -0.1534, 1.7717 0.3216 -0.4717, 1.7717 0.1253 -0.1253, 1.7717 -0.0 -0.5709, 1.7717 0.0851 -0.5645, 1.7717 0.1683 -0.5455, 1.7717 -0.3883 0.4185, 1.7717 -0.4463 0.3559, 1.7717 -0.4944 0.2854, 1.7717 0.3883 -0.4185, 1.7717 0.4463 -0.3559, 1.7717 0.4944 -0.2854, 1.6535 -0.2798 -0.6283, 1.4567 -0.2631 -0.635, 1.6535 -0.2031 -0.6584, 1.4567 -0.1989 -0.6558, 1.6535 -0.1428 -0.6721, 1.6535 -0.4686 -0.5051, 1.4567 -0.435 -0.5303, 1.6535 -0.4042 -0.5564, 1.4567 -0.405 -0.5574, 1.6535 -0.3881 -0.5693, 1.4567 -0.3816 -0.5709, 1.6535 -0.2989 -0.6207, 1.4567 -0.3231 -0.6047, 1.4567 -0.2802 -0.6294, 1.6535 -0.5967 -0.3445, 1.4567 -0.5702 -0.3809, 1.6535 -0.5387 -0.4296, 1.4567 -0.5305 -0.4356, 1.6535 -0.5107 -0.4598, 1.4567 -0.512 -0.461, 1.4567 -0.4853 -0.4851, 1.6535 -0.6413 -0.2517, 1.4567 -0.6058 -0.324, 1.4567 -0.5967 -0.3445, 1.6535 -0.6717 -0.1533, 1.4567 -0.6581 -0.1997, 1.6535 -0.6535 -0.2124, 1.4567 -0.6553 -0.2129, 1.4567 -0.6333 -0.2622, 1.6535 -0.684 0.0718, 1.4567 -0.6852 0.0675, 1.6535 -0.687 0.0515, 1.4567 -0.6852 -0.0, 1.6535 -0.687 -0.0515, 1.4567 -0.6852 -0.0675, 1.6535 -0.684 -0.0718, 1.4567 -0.6852 -0.072, 1.4567 -0.6721 -0.1336, 1.6535 -0.6535 0.2124, 1.4567 -0.6581 0.1997, 1.6535 -0.6717 0.1533, 1.4567 -0.6721 0.1336, 1.4567 -0.6852 0.072, 1.6535 -0.5967 0.3445, 1.4567 -0.6058 0.324, 1.6535 -0.6413 0.2517, 1.4567 -0.6333 0.2622, 1.4567 -0.6553 0.2129, 1.6535 -0.5387 0.4296, 1.4567 -0.5702 0.3809, 1.4567 -0.5967 0.3445, 1.6535 -0.4042 0.5564, 1.4567 -0.435 0.5303, 1.6535 -0.4686 0.5051, 1.4567 -0.4853 0.4851, 1.6535 -0.5107 0.4598, 1.4567 -0.512 0.461, 1.4567 -0.5305 0.4356, 1.6535 -0.2031 0.6584, 1.4567 -0.2631 0.635, 1.6535 -0.2798 0.6283, 1.4567 -0.2802 0.6294, 1.6535 -0.2989 0.6207, 1.4567 -0.3231 0.6047, 1.6535 -0.3881 0.5693, 1.4567 -0.3816 0.5709, 1.4567 -0.405 0.5574, 1.6535 -0.1027 0.6813, 1.4567 -0.1343 0.6749, 1.6535 -0.1428 0.6721, 1.4567 -0.1432 0.6739, 1.4567 -0.1989 0.6558, 1.6535 0.1428 0.6721, 1.4567 0.1343 0.6749, 1.6535 0.1027 0.6813, 1.4567 0.0671 0.6819, 1.6535 -0.0 0.689, 1.4567 -0.0 0.689, 1.4567 -0.0671 0.6819, 1.6535 0.2798 0.6283, 1.4567 0.2631 0.635, 1.6535 0.2031 0.6584, 1.4567 0.1989 0.6558, 1.4567 0.1432 0.6739, 1.6535 0.4686 0.5051, 1.4567 0.435 0.5303, 1.6535 0.4042 0.5564, 1.4567 0.405 0.5574, 1.6535 0.3881 0.5693, 1.4567 0.3816 0.5709, 1.6535 0.2989 0.6207, 1.4567 0.3231 0.6047, 1.4567 0.2802 0.6294, 1.6535 0.5967 0.3445, 1.4567 0.5702 0.3809, 1.6535 0.5387 0.4296, 1.4567 0.5305 0.4356, 1.6535 0.5107 0.4598, 1.4567 0.512 0.461, 1.4567 0.4853 0.4851, 1.6535 0.6413 0.2517, 1.4567 0.6058 0.324, 1.4567 0.5967 0.3445, 1.6535 0.6717 0.1533, 1.4567 0.6581 0.1997, 1.6535 0.6535 0.2124, 1.4567 0.6553 0.2129, 1.4567 0.6333 0.2622, 1.6535 0.684 -0.0718, 1.4567 0.6852 -0.0675, 1.6535 0.687 -0.0515, 1.4567 0.6852 0.0, 1.6535 0.687 0.0515, 1.4567 0.6852 0.0675, 1.6535 0.684 0.0718, 1.4567 0.6852 0.072, 1.4567 0.6721 0.1336, 1.6535 0.6535 -0.2124, 1.4567 0.6581 -0.1997, 1.6535 0.6717 -0.1533, 1.4567 0.6721 -0.1336, 1.4567 0.6852 -0.072, 1.6535 0.5967 -0.3445, 1.4567 0.6058 -0.324, 1.6535 0.6413 -0.2517, 1.4567 0.6333 -0.2622, 1.4567 0.6553 -0.2129, 1.6535 0.5387 -0.4296, 1.4567 0.5702 -0.3809, 1.4567 0.5967 -0.3445, 1.6535 0.4042 -0.5564, 1.4567 0.435 -0.5303, 1.6535 0.4686 -0.5051, 1.4567 0.4853 -0.4851, 1.6535 0.5107 -0.4598, 1.4567 0.512 -0.461, 1.4567 0.5305 -0.4356, 1.6535 0.2031 -0.6584, 1.4567 0.2631 -0.635, 1.6535 0.2798 -0.6283, 1.4567 0.2802 -0.6294, 1.6535 0.2989 -0.6207, 1.4567 0.3231 -0.6047, 1.6535 0.3881 -0.5693, 1.4567 0.3816 -0.5709, 1.4567 0.405 -0.5574, 1.4567 -0.1432 -0.6739, 1.4567 -0.1343 -0.6749, 1.6535 -0.1027 -0.6813, 1.4567 -0.0671 -0.6819, 1.6535 -0.0 -0.689, 1.4567 -0.0 -0.689, 1.6535 0.1027 -0.6813, 1.4567 0.0671 -0.6819, 1.4567 0.1343 -0.6749, 1.6535 0.1428 -0.6721, 1.4567 0.1432 -0.6739, 1.4567 0.1989 -0.6558, 1.4567 0.1989 -0.6558
            ]
        }
        coordIndex [
            0,1,2,-1,3,4,5,-1,6,7,8,-1,9,10,11,-1,12,13,14,-1,14,13,15,-1,11,16,9,-1,9,16,15,-1,9,15,17,-1,17,15,13,-1,18,19,20,-1,21,22,19,-1,19,22,23,-1,19,23,20,-1,24,25,26,-1,26,25,27,-1,26,27,28,-1,28,27,29,-1,28,29,30,-1,31,32,33,-1,31,33,34,-1,35,36,37,-1,37,36,38,-1,35,39,36,-1,36,39,40,-1,36,40,33,-1,33,40,41,-1,33,41,34,-1,42,43,44,-1,44,43,45,-1,46,38,28,-1,46,28,47,-1,45,47,44,-1,44,47,28,-1,44,28,48,-1,48,28,30,-1,48,30,49,-1,49,30,50,-1,49,50,51,-1,51,50,52,-1,53,54,55,-1,38,36,28,-1,28,36,56,-1,28,56,57,-1,57,56,58,-1,57,58,55,-1,55,58,59,-1,55,59,53,-1,60,61,54,-1,34,62,31,-1,31,62,63,-1,31,63,53,-1,53,63,64,-1,53,64,65,-1,65,66,53,-1,53,66,67,-1,53,67,68,-1,68,69,53,-1,53,69,70,-1,53,70,54,-1,54,70,71,-1,54,71,60,-1,72,54,73,-1,74,75,76,-1,76,75,77,-1,76,77,26,-1,26,77,78,-1,26,78,24,-1,79,80,81,-1,81,80,82,-1,81,82,83,-1,83,84,81,-1,81,84,85,-1,81,85,76,-1,76,85,86,-1,76,86,74,-1,73,54,81,-1,61,87,54,-1,54,87,88,-1,54,88,81,-1,81,88,89,-1,81,89,79,-1,20,90,18,-1,18,90,91,-1,18,91,92,-1,92,91,93,-1,92,93,73,-1,73,93,94,-1,73,94,72,-1,95,96,97,-1,97,96,98,-1,99,52,100,-1,100,52,50,-1,100,50,98,-1,98,50,87,-1,98,87,97,-1,97,87,61,-1,101,102,42,-1,71,103,60,-1,60,103,104,-1,60,104,42,-1,42,104,105,-1,42,105,101,-1,102,106,42,-1,42,106,107,-1,42,107,108,-1,108,109,42,-1,42,109,110,-1,42,110,111,-1,9,43,10,-1,10,43,42,-1,10,42,112,-1,112,42,111,-1,23,26,20,-1,20,26,28,-1,20,28,113,-1,113,28,114,-1,113,114,115,-1,115,114,116,-1,116,114,117,-1,117,114,118,-1,117,118,119,-1,120,121,122,-1,122,123,120,-1,120,123,124,-1,120,124,118,-1,118,124,125,-1,118,125,119,-1,121,120,126,-1,126,120,127,-1,126,127,128,-1,129,130,131,-1,131,130,132,-1,131,132,127,-1,127,132,133,-1,127,133,128,-1,129,131,134,-1,134,131,135,-1,134,135,136,-1,137,138,139,-1,139,138,140,-1,139,140,135,-1,135,140,141,-1,135,141,136,-1,137,139,142,-1,142,139,143,-1,142,143,144,-1,7,145,8,-1,8,145,146,-1,8,146,143,-1,143,146,147,-1,143,147,144,-1,148,149,150,-1,148,150,8,-1,8,150,151,-1,8,151,6,-1,149,148,152,-1,152,148,153,-1,152,153,154,-1,155,156,157,-1,157,156,158,-1,157,158,153,-1,153,158,159,-1,153,159,154,-1,155,157,160,-1,160,157,161,-1,160,161,162,-1,163,164,165,-1,165,164,166,-1,165,166,161,-1,161,166,167,-1,161,167,162,-1,163,165,168,-1,168,165,169,-1,168,169,170,-1,4,171,5,-1,5,171,172,-1,5,172,169,-1,169,172,173,-1,169,173,170,-1,174,175,176,-1,174,176,5,-1,5,176,177,-1,5,177,3,-1,175,174,178,-1,178,174,179,-1,178,179,180,-1,181,182,183,-1,183,182,184,-1,183,184,179,-1,179,184,185,-1,179,185,180,-1,181,183,186,-1,186,183,187,-1,186,187,188,-1,189,190,191,-1,191,190,192,-1,191,192,187,-1,187,192,193,-1,187,193,188,-1,189,191,194,-1,194,191,195,-1,194,195,196,-1,1,197,2,-1,2,197,198,-1,2,198,195,-1,195,198,199,-1,195,199,196,-1,200,201,202,-1,200,202,2,-1,2,202,203,-1,2,203,0,-1,201,200,204,-1,204,200,205,-1,204,205,206,-1,54,207,55,-1,55,207,208,-1,55,208,205,-1,205,208,209,-1,205,209,206,-1,210,211,212,-1,212,211,213,-1,212,213,214,-1,214,213,215,-1,214,215,216,-1,216,215,217,-1,216,217,218,-1,218,217,219,-1,218,219,220,-1,220,219,221,-1,220,221,222,-1,222,221,223,-1,222,223,224,-1,224,223,225,-1,224,225,226,-1,226,225,227,-1,226,227,228,-1,228,227,229,-1,228,229,230,-1,230,229,231,-1,230,231,232,-1,232,231,233,-1,232,233,234,-1,234,233,235,-1,234,235,236,-1,236,235,237,-1,236,237,238,-1,238,237,239,-1,238,239,240,-1,240,239,241,-1,240,241,242,-1,242,241,243,-1,242,243,244,-1,244,243,245,-1,244,245,246,-1,246,245,247,-1,246,247,248,-1,248,247,249,-1,248,249,250,-1,250,249,251,-1,250,251,252,-1,252,251,253,-1,252,253,254,-1,254,253,255,-1,254,255,256,-1,256,255,257,-1,256,257,258,-1,258,257,259,-1,258,259,260,-1,260,259,261,-1,260,261,262,-1,262,261,263,-1,262,263,264,-1,264,263,265,-1,264,265,210,-1,210,265,211,-1,266,267,268,-1,268,267,269,-1,268,269,270,-1,270,269,271,-1,270,271,272,-1,272,271,273,-1,272,273,274,-1,274,273,275,-1,274,275,276,-1,276,275,277,-1,276,277,278,-1,278,277,279,-1,278,279,280,-1,280,279,281,-1,280,281,282,-1,282,281,283,-1,282,283,284,-1,284,283,285,-1,284,285,286,-1,286,285,287,-1,286,287,288,-1,288,287,289,-1,288,289,290,-1,290,289,291,-1,290,291,292,-1,292,291,293,-1,292,293,294,-1,294,293,295,-1,294,295,296,-1,296,295,297,-1,296,297,298,-1,298,297,299,-1,298,299,300,-1,300,299,301,-1,300,301,302,-1,302,301,303,-1,302,303,304,-1,304,303,305,-1,304,305,306,-1,306,305,307,-1,306,307,308,-1,308,307,309,-1,308,309,310,-1,310,309,311,-1,310,311,312,-1,312,311,313,-1,312,313,314,-1,314,313,315,-1,314,315,316,-1,316,315,317,-1,316,317,318,-1,318,317,319,-1,318,319,320,-1,320,319,321,-1,320,321,266,-1,266,321,267,-1,322,323,324,-1,325,326,327,-1,327,326,328,-1,327,328,329,-1,330,331,332,-1,332,331,326,-1,332,326,333,-1,333,326,325,-1,330,334,331,-1,331,334,335,-1,331,335,336,-1,335,337,336,-1,336,337,338,-1,336,338,324,-1,324,338,339,-1,324,339,322,-1,340,341,342,-1,342,341,324,-1,342,324,343,-1,343,324,323,-1,344,345,346,-1,346,345,341,-1,346,341,347,-1,347,341,340,-1,348,349,350,-1,350,349,345,-1,350,345,351,-1,351,345,344,-1,352,353,354,-1,354,353,349,-1,354,349,355,-1,355,349,348,-1,356,357,358,-1,358,357,353,-1,358,353,359,-1,359,353,352,-1,356,360,357,-1,357,360,361,-1,357,361,362,-1,362,361,363,-1,362,363,364,-1,365,366,367,-1,367,366,362,-1,367,362,368,-1,368,362,364,-1,369,370,371,-1,371,370,366,-1,371,366,372,-1,372,366,365,-1,373,374,375,-1,375,374,370,-1,375,370,376,-1,376,370,369,-1,377,378,379,-1,379,378,374,-1,379,374,380,-1,380,374,373,-1,381,382,383,-1,383,382,378,-1,383,378,384,-1,384,378,377,-1,385,386,387,-1,387,386,382,-1,387,382,388,-1,388,382,381,-1,385,389,386,-1,386,389,390,-1,386,390,391,-1,391,390,392,-1,391,392,393,-1,394,395,396,-1,396,395,391,-1,396,391,397,-1,397,391,393,-1,398,399,400,-1,400,399,395,-1,400,395,401,-1,401,395,394,-1,402,403,404,-1,404,403,399,-1,404,399,405,-1,405,399,398,-1,406,407,408,-1,408,407,403,-1,408,403,409,-1,409,403,402,-1,410,411,412,-1,412,411,407,-1,412,407,413,-1,413,407,406,-1,414,415,416,-1,416,415,411,-1,416,411,417,-1,417,411,410,-1,414,418,415,-1,415,418,419,-1,415,419,420,-1,420,419,421,-1,420,421,422,-1,423,424,425,-1,425,424,420,-1,425,420,426,-1,426,420,422,-1,427,428,429,-1,429,428,424,-1,429,424,430,-1,430,424,423,-1,431,432,433,-1,433,432,428,-1,433,428,434,-1,434,428,427,-1,431,435,432,-1,432,435,436,-1,432,436,328,-1,328,436,437,-1,328,437,329,-1,438,439,440,-1,441,442,443,-1,443,442,444,-1,443,444,439,-1,439,444,445,-1,439,445,440,-1,446,447,448,-1,448,447,449,-1,448,449,450,-1,451,452,453,-1,453,452,454,-1,453,454,455,-1,456,457,458,-1,459,460,441,-1,441,460,461,-1,441,461,442,-1,462,463,464,-1,465,466,446,-1,446,466,467,-1,446,467,447,-1,454,468,455,-1,455,468,469,-1,455,469,465,-1,465,469,470,-1,465,470,466,-1,458,471,456,-1,456,471,472,-1,456,472,451,-1,451,472,473,-1,451,473,452,-1,474,475,476,-1,476,475,477,-1,476,477,457,-1,457,477,478,-1,457,478,458,-1,464,479,462,-1,462,479,480,-1,462,480,459,-1,459,480,481,-1,459,481,460,-1,482,483,484,-1,484,483,485,-1,484,485,463,-1,463,485,486,-1,463,486,464,-1,449,487,450,-1,450,487,488,-1,450,488,489,-1,490,491,492,-1,492,491,493,-1,492,493,494,-1,440,495,438,-1,438,495,496,-1,438,496,490,-1,490,496,497,-1,490,497,491,-1,488,498,489,-1,489,498,499,-1,489,499,482,-1,482,499,500,-1,482,500,483,-1,493,501,494,-1,494,501,502,-1,494,502,474,-1,474,502,503,-1,474,503,475,-1,504,505,506,-1,506,505,507,-1,506,507,508,-1,509,510,511,-1,511,510,512,-1,511,512,513,-1,513,512,514,-1,513,514,515,-1,515,514,516,-1,515,516,504,-1,504,516,517,-1,504,517,505,-1,518,519,520,-1,520,519,521,-1,520,521,522,-1,522,521,523,-1,522,523,509,-1,509,523,524,-1,509,524,510,-1,525,526,518,-1,518,526,527,-1,518,527,519,-1,528,529,530,-1,530,529,531,-1,530,531,525,-1,525,531,532,-1,525,532,526,-1,533,534,535,-1,535,534,536,-1,535,536,537,-1,537,536,538,-1,537,538,539,-1,539,538,540,-1,539,540,528,-1,528,540,541,-1,528,541,529,-1,542,543,544,-1,544,543,545,-1,544,545,533,-1,533,545,546,-1,533,546,534,-1,547,548,549,-1,549,548,550,-1,549,550,542,-1,542,550,551,-1,542,551,543,-1,552,553,547,-1,547,553,554,-1,547,554,548,-1,555,556,557,-1,557,556,558,-1,557,558,559,-1,559,558,560,-1,559,560,552,-1,552,560,561,-1,552,561,553,-1,562,563,564,-1,564,563,565,-1,564,565,566,-1,566,565,567,-1,566,567,568,-1,568,567,569,-1,568,569,555,-1,555,569,570,-1,555,570,556,-1,571,572,573,-1,573,572,574,-1,573,574,562,-1,562,574,575,-1,562,575,563,-1,576,577,578,-1,578,577,579,-1,578,579,580,-1,580,579,581,-1,580,581,571,-1,571,581,582,-1,571,582,572,-1,583,584,585,-1,585,584,586,-1,585,586,576,-1,576,586,587,-1,576,587,577,-1,588,589,590,-1,590,589,591,-1,590,591,592,-1,592,591,593,-1,592,593,594,-1,594,593,595,-1,594,595,583,-1,583,595,596,-1,583,596,584,-1,597,598,599,-1,599,598,600,-1,599,600,601,-1,601,600,602,-1,601,602,588,-1,588,602,603,-1,588,603,589,-1,604,605,597,-1,597,605,606,-1,597,606,598,-1,607,608,609,-1,609,608,610,-1,609,610,604,-1,604,610,611,-1,604,611,605,-1,612,613,614,-1,614,613,615,-1,614,615,616,-1,616,615,617,-1,616,617,618,-1,618,617,619,-1,618,619,607,-1,607,619,620,-1,607,620,608,-1,621,622,623,-1,623,622,624,-1,623,624,612,-1,612,624,625,-1,612,625,613,-1,626,627,628,-1,628,627,629,-1,628,629,621,-1,621,629,630,-1,621,630,622,-1,631,632,626,-1,626,632,633,-1,626,633,627,-1,634,635,636,-1,636,635,637,-1,636,637,638,-1,638,637,639,-1,638,639,631,-1,631,639,640,-1,631,640,632,-1,641,642,643,-1,643,642,644,-1,643,644,645,-1,645,644,646,-1,645,646,647,-1,647,646,648,-1,647,648,634,-1,634,648,649,-1,634,649,635,-1,507,650,508,-1,508,650,651,-1,508,651,652,-1,652,651,653,-1,652,653,654,-1,654,653,655,-1,654,655,656,-1,655,657,656,-1,656,657,658,-1,656,658,659,-1,659,658,660,-1,659,660,641,-1,641,660,661,-1,641,661,642,-1,
        ]
    }
}
Shape{
    appearance Appearance {
        material  Material 	{
            diffuseColor 0.25098039215686274 0.25098039215686274 0.25098039215686274
            specularColor 0.12549019607843137 0.12549019607843137 0.12549019607843137
            ambientIntensity 0.2
            transparency 0
            shininess 0.5
        }
    }
    geometry IndexedFaceSet {
        ccw TRUE
        solid FALSE
        coord DEF co Coordinate {
            point [
                1.4277 0.1992 -0.6566, 1.4277 0.2626 -0.634, 1.4567 0.2631 -0.635, 1.378 0.0801 0.6446, 1.378 0.0636 0.6452, 1.3783 0.064 0.65, 1.378 0.1953 0.6195, 1.378 0.1884 0.621, 1.3783 0.1896 0.625, 1.378 0.4851 -0.432, 1.378 0.5007 -0.411, 1.3783 0.5049 -0.4143, 1.378 0.3991 -0.5125, 1.378 0.4112 -0.5012, 1.3783 0.4143 -0.5049, 1.378 0.3 -0.5762, 1.378 0.3059 -0.5724, 1.3783 0.3079 -0.576, 1.3908 0.6422 0.1948, 1.3908 0.6582 0.1309, 1.3835 0.6513 0.1296, 1.401 0.1966 0.6483, 1.401 0.2592 0.6259, 1.3908 0.2568 0.6201, 1.401 0.3193 0.5974, 1.401 0.3763 0.5632, 1.3908 0.3728 0.558, 1.401 0.4298 0.5237, 1.401 0.479 0.479, 1.3908 0.4746 0.4746, 1.401 0.6742 0.0664, 1.401 0.6774 0.0, 1.3908 0.6711 0.0, 1.401 0.6742 -0.0664, 1.401 0.6644 -0.1322, 1.3908 0.6582 -0.1309, 1.401 0.6483 -0.1966, 1.401 0.6259 -0.2592, 1.3908 0.6201 -0.2568, 1.401 0.5974 -0.3193, 1.401 0.5632 -0.3763, 1.3908 0.558 -0.3728, 1.401 0.3193 -0.5974, 1.401 0.2592 -0.6259, 1.3908 0.2568 -0.6201, 1.401 0.1966 -0.6483, 1.401 0.1322 -0.6644, 1.3908 0.1309 -0.6582, 1.401 0.0664 -0.6742, 1.401 -0.0 -0.6774, 1.3908 -0.0 -0.6711, 1.378 -0.4319 -0.4852, 1.378 -0.411 -0.5007, 1.3783 -0.4143 -0.5049, 1.378 -0.5124 -0.3993, 1.378 -0.5012 -0.4112, 1.3783 -0.5049 -0.4143, 1.378 -0.5761 -0.3002, 1.378 -0.5724 -0.3059, 1.3783 -0.576 -0.3079, 1.401 -0.0664 -0.6742, 1.401 -0.1322 -0.6644, 1.3908 -0.1309 -0.6582, 1.401 -0.1966 -0.6483, 1.401 -0.2592 -0.6259, 1.3908 -0.2568 -0.6201, 1.401 -0.3193 -0.5974, 1.401 -0.3763 -0.5632, 1.3908 -0.3728 -0.558, 1.401 -0.5974 -0.3193, 1.401 -0.6259 -0.2592, 1.3908 -0.6201 -0.2568, 1.401 -0.6483 -0.1966, 1.401 -0.6644 -0.1322, 1.3908 -0.6582 -0.1309, 1.378 -0.0375 0.6485, 1.378 -0.0634 0.6446, 1.3783 -0.064 0.65, 1.3908 -0.5919 0.3164, 1.3908 -0.558 0.3728, 1.3835 -0.5521 0.3689, 1.401 -0.5237 0.4298, 1.401 -0.479 0.479, 1.3908 -0.4746 0.4746, 1.401 -0.4298 0.5237, 1.401 -0.3763 0.5632, 1.3908 -0.3728 0.558, 1.401 -0.3193 0.5974, 1.401 -0.2592 0.6259, 1.3908 -0.2568 0.6201, 1.401 -0.1966 0.6483, 1.401 -0.1322 0.6644, 1.3908 -0.1309 0.6582, 1.4277 -0.1992 0.6566, 1.4277 -0.2626 0.634, 1.4567 -0.2631 0.635, 1.4277 -0.3812 0.5705, 1.4567 -0.3816 0.5709, 1.4277 -0.3235 0.6052, 1.4567 -0.3231 0.6047, 1.4567 -0.2802 0.6294, 1.4277 -0.6052 0.3235, 1.4567 -0.5967 0.3445, 1.4277 -0.5705 0.3812, 1.4567 -0.5702 0.3809, 1.4277 -0.5304 0.4353, 1.4277 -0.6829 0.0673, 1.4567 -0.6852 0.072, 1.4277 -0.673 0.1339, 1.4567 -0.6721 0.1336, 1.4277 -0.6566 0.1992, 1.4567 -0.6581 0.1997, 1.4567 -0.6553 0.2129, 1.4277 -0.634 0.2626, 1.4567 -0.6333 0.2622, 1.4567 -0.6058 0.324, 1.4567 -0.5305 0.4356, 1.4567 -0.512 0.461, 1.4277 -0.4852 0.4852, 1.4567 -0.4853 0.4851, 1.4277 -0.4353 0.5304, 1.4567 -0.435 0.5303, 1.4567 -0.405 0.5574, 1.4277 -0.634 -0.2626, 1.4277 -0.6052 -0.3235, 1.4567 -0.6058 -0.324, 1.4277 -0.5304 -0.4353, 1.4567 -0.5305 -0.4356, 1.4277 -0.5705 -0.3812, 1.4567 -0.5702 -0.3809, 1.4567 -0.5967 -0.3445, 1.4567 -0.6333 -0.2622, 1.4567 -0.6553 -0.2129, 1.4277 -0.6566 -0.1992, 1.4567 -0.6581 -0.1997, 1.4277 -0.673 -0.1339, 1.4277 -0.1339 -0.673, 1.4567 -0.1432 -0.6739, 1.4277 -0.1992 -0.6566, 1.4567 -0.1989 -0.6558, 1.4277 -0.2626 -0.634, 1.4567 -0.2631 -0.635, 1.4567 -0.2802 -0.6294, 1.4277 -0.3235 -0.6052, 1.4567 -0.3231 -0.6047, 1.4277 -0.3812 -0.5705, 1.4567 -0.3816 -0.5709, 1.4567 -0.405 -0.5574, 1.4277 -0.4353 -0.5304, 1.4567 -0.435 -0.5303, 1.4277 -0.4852 -0.4852, 1.4567 -0.4853 -0.4851, 1.4567 -0.512 -0.461, 1.4567 -0.6721 -0.1336, 1.4567 -0.6852 -0.072, 1.4277 -0.6829 -0.0673, 1.4567 -0.6852 -0.0675, 1.4277 -0.6862 -0.0, 1.4567 -0.6852 -0.0, 1.4567 -0.6852 0.0675, 1.401 -0.0664 0.6742, 1.3908 -0.0658 0.6679, 1.3908 -0.3164 0.5919, 1.3908 -0.1948 0.6422, 1.3908 -0.4258 0.5188, 1.401 -0.5632 0.3763, 1.401 -0.5974 0.3193, 1.401 -0.6259 0.2592, 1.401 -0.6483 0.1966, 1.3908 -0.6201 0.2568, 1.3835 -0.5857 0.313, 1.381 -0.5491 0.3669, 1.3783 -0.0 0.6531, 1.3793 -0.0644 0.6536, 1.3793 -0.0 0.6568, 1.381 -0.0647 0.6572, 1.381 -0.0 0.6604, 1.3835 -0.0651 0.6609, 1.3835 -0.0 0.6641, 1.3908 -0.0 0.6711, 1.401 -0.0 0.6774, 1.378 -0.0001 0.6473, 1.3783 -0.1274 0.6406, 1.378 -0.1264 0.6352, 1.378 -0.154 0.631, 1.3835 -0.1296 0.6513, 1.3835 -0.1928 0.6355, 1.381 -0.1288 0.6477, 1.381 -0.1917 0.632, 1.3793 -0.1281 0.6441, 1.3793 -0.1906 0.6285, 1.3783 -0.1896 0.625, 1.378 -0.1878 0.6195, 1.3783 -0.2499 0.6034, 1.378 -0.2481 0.5988, 1.378 -0.2659 0.5927, 1.3835 -0.2541 0.6135, 1.3835 -0.313 0.5857, 1.381 -0.2527 0.6102, 1.381 -0.3113 0.5824, 1.3793 -0.2513 0.6068, 1.3793 -0.3096 0.5792, 1.3783 -0.3079 0.576, 1.378 -0.305 0.5707, 1.3783 -0.3628 0.543, 1.378 -0.3605 0.5394, 1.378 -0.3687 0.5348, 1.3835 -0.3689 0.5521, 1.3835 -0.4213 0.5133, 1.381 -0.3669 0.5491, 1.381 -0.419 0.5105, 1.3793 -0.3649 0.5461, 1.3793 -0.4166 0.5077, 1.3783 -0.4143 0.5049, 1.378 -0.4104 0.5001, 1.401 -0.6644 0.1322, 1.3908 -0.6422 0.1948, 1.3835 -0.6135 0.2541, 1.381 -0.5824 0.3113, 1.3793 -0.5461 0.3649, 1.3793 -0.6441 0.1281, 1.3793 -0.6536 0.0644, 1.381 -0.6572 0.0647, 1.3783 -0.5049 0.4143, 1.3793 -0.5077 0.4166, 1.381 -0.5105 0.419, 1.3835 -0.5133 0.4213, 1.3908 -0.5188 0.4258, 1.3835 -0.4696 0.4696, 1.381 -0.467 0.467, 1.3793 -0.4644 0.4644, 1.3783 -0.4618 0.4618, 1.378 -0.4593 0.4593, 1.378 -0.5003 0.4105, 1.378 -0.5391 0.3603, 1.378 -0.5708 0.305, 1.3783 -0.576 0.3079, 1.401 -0.6742 0.0664, 1.3908 -0.6582 0.1309, 1.3835 -0.6355 0.1928, 1.381 -0.6102 0.2527, 1.3793 -0.5792 0.3096, 1.3783 -0.543 0.3628, 1.378 -0.5319 0.3728, 1.3793 -0.6068 0.2513, 1.381 -0.632 0.1917, 1.3835 -0.6513 0.1296, 1.3908 -0.6679 0.0658, 1.401 -0.6774 -0.0, 1.3783 -0.65 0.064, 1.3783 -0.6406 0.1274, 1.3783 -0.625 0.1896, 1.378 -0.5905 0.2706, 1.378 -0.5985 0.248, 1.3783 -0.6034 0.2499, 1.3793 -0.6285 0.1906, 1.381 -0.6477 0.1288, 1.3835 -0.6609 0.0651, 1.401 -0.6742 -0.0664, 1.3908 -0.6679 -0.0658, 1.401 -0.5632 -0.3763, 1.3908 -0.5919 -0.3164, 1.3908 -0.6422 -0.1948, 1.401 -0.479 -0.479, 1.401 -0.5237 -0.4298, 1.3908 -0.5188 -0.4258, 1.401 -0.4298 -0.5237, 1.3908 -0.4258 -0.5188, 1.3908 -0.1948 -0.6422, 1.3908 -0.3164 -0.5919, 1.3908 -0.0658 -0.6679, 1.3783 -0.543 -0.3628, 1.3793 -0.5077 -0.4166, 1.3793 -0.5461 -0.3649, 1.381 -0.5105 -0.419, 1.381 -0.5491 -0.3669, 1.3835 -0.5133 -0.4213, 1.3835 -0.5521 -0.3689, 1.3908 -0.558 -0.3728, 1.378 -0.6471 0.0001, 1.3783 -0.65 -0.064, 1.3783 -0.6531 -0.0, 1.3793 -0.6536 -0.0644, 1.3793 -0.6568 -0.0, 1.381 -0.6572 -0.0647, 1.381 -0.6604 -0.0, 1.3835 -0.6609 -0.0651, 1.3835 -0.6641 -0.0, 1.3908 -0.6711 -0.0, 1.3835 -0.6513 -0.1296, 1.3835 -0.6355 -0.1928, 1.381 -0.6477 -0.1288, 1.381 -0.632 -0.1917, 1.3793 -0.6441 -0.1281, 1.3793 -0.6285 -0.1906, 1.3783 -0.6406 -0.1274, 1.3783 -0.625 -0.1896, 1.3835 -0.6135 -0.2541, 1.3835 -0.5857 -0.313, 1.381 -0.6102 -0.2527, 1.381 -0.5824 -0.3113, 1.3793 -0.6068 -0.2513, 1.3793 -0.5792 -0.3096, 1.3783 -0.6034 -0.2499, 1.378 -0.5976 -0.2476, 1.378 -0.5379 -0.3595, 1.378 -0.6455 -0.0636, 1.378 -0.6452 -0.0752, 1.378 -0.6345 -0.1262, 1.378 -0.6214 -0.1885, 1.378 -0.621 -0.1906, 1.3783 -0.4618 -0.4618, 1.3793 -0.4166 -0.5077, 1.3793 -0.4644 -0.4644, 1.381 -0.419 -0.5105, 1.381 -0.467 -0.467, 1.3835 -0.4213 -0.5133, 1.3835 -0.4696 -0.4696, 1.3908 -0.4746 -0.4746, 1.378 -0.4576 -0.4577, 1.3783 -0.3628 -0.543, 1.378 -0.3597 -0.5385, 1.378 -0.3371 -0.5552, 1.3835 -0.3689 -0.5521, 1.3835 -0.313 -0.5857, 1.381 -0.3669 -0.5491, 1.381 -0.3113 -0.5824, 1.3793 -0.3649 -0.5461, 1.3793 -0.3096 -0.5792, 1.3783 -0.3079 -0.576, 1.378 -0.3052 -0.5708, 1.3783 -0.2499 -0.6034, 1.378 -0.248 -0.5988, 1.378 -0.2309 -0.6072, 1.3835 -0.2541 -0.6135, 1.3835 -0.1928 -0.6355, 1.381 -0.2527 -0.6102, 1.381 -0.1917 -0.632, 1.3793 -0.2513 -0.6068, 1.3793 -0.1906 -0.6285, 1.3783 -0.1896 -0.625, 1.378 -0.1879 -0.6192, 1.3783 -0.1274 -0.6406, 1.378 -0.1265 -0.6363, 1.378 -0.1173 -0.6389, 1.3835 -0.1296 -0.6513, 1.3835 -0.0651 -0.6609, 1.381 -0.1288 -0.6477, 1.381 -0.0647 -0.6572, 1.3793 -0.1281 -0.6441, 1.3793 -0.0644 -0.6536, 1.3783 -0.064 -0.65, 1.378 -0.0634 -0.6438, 1.378 -0.6196 0.1879, 1.378 -0.6298 0.1589, 1.378 -0.635 0.1264, 1.378 -0.6449 0.0634, 1.378 -0.6482 0.0426, 1.3908 0.0658 -0.6679, 1.401 0.3763 -0.5632, 1.3908 0.3164 -0.5919, 1.3908 0.1948 -0.6422, 1.401 0.5237 -0.4298, 1.3908 0.5188 -0.4258, 1.3908 0.6422 -0.1948, 1.3908 0.5919 -0.3164, 1.401 0.479 -0.479, 1.401 0.4298 -0.5237, 1.3908 0.4258 -0.5188, 1.3908 0.6679 -0.0658, 1.401 0.6644 0.1322, 1.401 0.6483 0.1966, 1.401 0.6259 0.2592, 1.3908 0.4258 0.5188, 1.401 0.1322 0.6644, 1.3908 0.1948 0.6422, 1.3908 0.3164 0.5919, 1.401 0.5974 0.3193, 1.3908 0.6201 0.2568, 1.3835 0.6355 0.1928, 1.381 0.6477 0.1288, 1.401 0.0664 0.6742, 1.3908 0.0658 0.6679, 1.3783 0.3628 -0.543, 1.3793 0.4166 -0.5077, 1.3793 0.3649 -0.5461, 1.381 0.419 -0.5105, 1.381 0.3669 -0.5491, 1.3835 0.4213 -0.5133, 1.3835 0.3689 -0.5521, 1.3908 0.3728 -0.558, 1.3783 0.4618 -0.4618, 1.3793 0.5077 -0.4166, 1.3793 0.4644 -0.4644, 1.381 0.5105 -0.419, 1.381 0.467 -0.467, 1.3835 0.5133 -0.4213, 1.3835 0.4696 -0.4696, 1.3908 0.4746 -0.4746, 1.3835 -0.0 -0.6641, 1.3835 0.0651 -0.6609, 1.381 -0.0 -0.6604, 1.381 0.0647 -0.6572, 1.3793 -0.0 -0.6568, 1.3793 0.0644 -0.6536, 1.3783 -0.0 -0.6531, 1.3783 0.064 -0.65, 1.3835 0.1296 -0.6513, 1.3835 0.1928 -0.6355, 1.381 0.1288 -0.6477, 1.381 0.1917 -0.632, 1.3793 0.1281 -0.6441, 1.3793 0.1906 -0.6285, 1.3783 0.1274 -0.6406, 1.3783 0.1896 -0.625, 1.378 0.1262 -0.6345, 1.378 0.1904 -0.6211, 1.378 0.0 -0.6496, 1.378 0.0636 -0.6459, 1.378 0.075 -0.6452, 1.3835 0.2541 -0.6135, 1.3835 0.313 -0.5857, 1.381 0.2527 -0.6102, 1.381 0.3113 -0.5824, 1.3793 0.2513 -0.6068, 1.3793 0.3096 -0.5792, 1.3783 0.2499 -0.6034, 1.378 0.2476 -0.5976, 1.378 0.3595 -0.5379, 1.378 0.4577 -0.4576, 1.3783 0.543 -0.3628, 1.378 0.5385 -0.3597, 1.378 0.5551 -0.3373, 1.3835 0.5521 -0.3689, 1.3835 0.5857 -0.313, 1.381 0.5491 -0.3669, 1.381 0.5824 -0.3113, 1.3793 0.5461 -0.3649, 1.3793 0.5792 -0.3096, 1.3783 0.576 -0.3079, 1.378 0.5708 -0.3052, 1.3783 0.6034 -0.2499, 1.378 0.5989 -0.248, 1.378 0.6071 -0.2311, 1.3835 0.6135 -0.2541, 1.3835 0.6355 -0.1928, 1.381 0.6102 -0.2527, 1.381 0.632 -0.1917, 1.3793 0.6068 -0.2513, 1.3793 0.6285 -0.1906, 1.3783 0.625 -0.1896, 1.378 0.6192 -0.1879, 1.3783 0.6406 -0.1274, 1.378 0.6363 -0.1265, 1.378 0.6389 -0.1175, 1.3835 0.6513 -0.1296, 1.3835 0.6609 -0.0651, 1.381 0.6477 -0.1288, 1.381 0.6572 -0.0647, 1.3793 0.6441 -0.1281, 1.3793 0.6536 -0.0644, 1.3783 0.65 -0.064, 1.378 0.6438 -0.0634, 1.401 0.5632 0.3763, 1.3908 0.5919 0.3164, 1.3835 0.6135 0.2541, 1.381 0.632 0.1917, 1.3793 0.6441 0.1281, 1.3793 0.5461 0.3649, 1.3793 0.5077 0.4166, 1.381 0.5105 0.419, 1.3783 0.1274 0.6406, 1.3793 0.0644 0.6536, 1.3793 0.1281 0.6441, 1.381 0.0647 0.6572, 1.381 0.1288 0.6477, 1.3835 0.0651 0.6609, 1.3835 0.1296 0.6513, 1.3908 0.1309 0.6582, 1.3783 0.65 0.064, 1.3793 0.6536 0.0644, 1.381 0.6572 0.0647, 1.3835 0.6609 0.0651, 1.3908 0.6679 0.0658, 1.3783 0.5049 0.4143, 1.3783 0.543 0.3628, 1.3783 0.576 0.3079, 1.378 0.609 0.226, 1.378 0.5986 0.2478, 1.3783 0.6034 0.2499, 1.3793 0.5792 0.3096, 1.381 0.5491 0.3669, 1.3835 0.5133 0.4213, 1.3783 0.6406 0.1274, 1.3783 0.625 0.1896, 1.3793 0.6285 0.1906, 1.3793 0.6068 0.2513, 1.381 0.6102 0.2527, 1.381 0.5824 0.3113, 1.3835 0.5857 0.313, 1.3835 0.5521 0.3689, 1.3908 0.558 0.3728, 1.3908 0.5188 0.4258, 1.401 0.5237 0.4298, 1.3835 0.6641 0.0, 1.381 0.6604 0.0, 1.3793 0.6568 0.0, 1.3783 0.6531 0.0, 1.378 0.6496 -0.0, 1.378 0.6441 0.0635, 1.378 0.6193 0.1879, 1.378 0.636 0.1264, 1.378 0.6398 0.1123, 1.3835 0.4696 0.4696, 1.3835 0.4213 0.5133, 1.381 0.467 0.467, 1.381 0.419 0.5105, 1.3793 0.4644 0.4644, 1.3793 0.4166 0.5077, 1.3783 0.4618 0.4618, 1.3783 0.4143 0.5049, 1.3835 0.3689 0.5521, 1.3835 0.313 0.5857, 1.381 0.3669 0.5491, 1.381 0.3113 0.5824, 1.3793 0.3649 0.5461, 1.3793 0.3096 0.5792, 1.3783 0.3628 0.543, 1.3783 0.3079 0.576, 1.378 0.3594 0.5379, 1.378 0.3045 0.5738, 1.378 0.4576 0.4575, 1.378 0.4114 0.5015, 1.378 0.4032 0.5093, 1.3835 0.2541 0.6135, 1.3835 0.1928 0.6355, 1.381 0.2527 0.6102, 1.381 0.1917 0.632, 1.3793 0.2513 0.6068, 1.3793 0.1906 0.6285, 1.3783 0.2499 0.6034, 1.378 0.2475 0.5976, 1.378 0.1262 0.6346, 1.378 0.571 0.3053, 1.378 0.5578 0.3328, 1.378 0.5384 0.3596, 1.378 0.5009 0.4112, 1.378 0.4886 0.4281, 1.4277 0.3812 -0.5705, 1.4567 0.3816 -0.5709, 1.4277 0.3235 -0.6052, 1.4567 0.3231 -0.6047, 1.4567 0.2802 -0.6294, 1.4567 0.1989 -0.6558, 1.4567 0.1432 -0.6739, 1.4277 0.1339 -0.673, 1.4567 0.1343 -0.6749, 1.4277 0.0673 -0.6829, 1.4567 0.0671 -0.6819, 1.4277 -0.0 -0.6862, 1.4567 -0.0 -0.689, 1.4277 -0.0673 -0.6829, 1.4567 -0.0671 -0.6819, 1.4567 -0.1343 -0.6749, 1.4277 0.6052 -0.3235, 1.4567 0.5967 -0.3445, 1.4277 0.5705 -0.3812, 1.4567 0.5702 -0.3809, 1.4277 0.5304 -0.4353, 1.4277 0.6829 -0.0673, 1.4567 0.6852 -0.072, 1.4277 0.673 -0.1339, 1.4567 0.6721 -0.1336, 1.4277 0.6566 -0.1992, 1.4567 0.6581 -0.1997, 1.4567 0.6553 -0.2129, 1.4277 0.634 -0.2626, 1.4567 0.6333 -0.2622, 1.4567 0.6058 -0.324, 1.4567 0.5305 -0.4356, 1.4567 0.512 -0.461, 1.4277 0.4852 -0.4852, 1.4567 0.4853 -0.4851, 1.4277 0.4353 -0.5304, 1.4567 0.435 -0.5303, 1.4567 0.405 -0.5574, 1.4277 0.673 0.1339, 1.4567 0.6852 0.072, 1.4277 0.6829 0.0673, 1.4567 0.6852 0.0675, 1.4277 0.6862 0.0, 1.4567 0.6852 0.0, 1.4567 0.6852 -0.0675, 1.4277 0.634 0.2626, 1.4277 0.6052 0.3235, 1.4567 0.6058 0.324, 1.4277 0.5304 0.4353, 1.4567 0.5305 0.4356, 1.4277 0.5705 0.3812, 1.4567 0.5702 0.3809, 1.4567 0.5967 0.3445, 1.4567 0.6333 0.2622, 1.4567 0.6553 0.2129, 1.4277 0.6566 0.1992, 1.4567 0.6581 0.1997, 1.4567 0.6721 0.1336, 1.4277 0.1339 0.673, 1.4567 0.1432 0.6739, 1.4277 0.1992 0.6566, 1.4567 0.1989 0.6558, 1.4277 0.2626 0.634, 1.4567 0.2631 0.635, 1.4567 0.2802 0.6294, 1.4277 0.3235 0.6052, 1.4567 0.3231 0.6047, 1.4277 0.3812 0.5705, 1.4567 0.3816 0.5709, 1.4567 0.405 0.5574, 1.4277 0.4353 0.5304, 1.4567 0.435 0.5303, 1.4277 0.4852 0.4852, 1.4567 0.4853 0.4851, 1.4567 0.512 0.461, 1.4136 0.0669 0.6792, 1.4277 0.0673 0.6829, 1.4136 0.1332 0.6694, 1.4136 0.1981 0.6531, 1.4136 0.2612 0.6306, 1.4136 0.3217 0.6019, 1.4136 0.3792 0.5675, 1.4136 0.433 0.5276, 1.4136 0.4826 0.4826, 1.4136 0.5276 0.433, 1.4136 0.5675 0.3792, 1.4136 0.6019 0.3217, 1.4136 0.6306 0.2612, 1.4136 0.6531 0.1981, 1.4136 0.6694 0.1332, 1.4136 0.6792 0.0669, 1.4136 0.6826 0.0, 1.4136 0.6792 -0.0669, 1.4136 0.6694 -0.1332, 1.4136 0.6531 -0.1981, 1.4136 0.6306 -0.2612, 1.4136 0.6019 -0.3217, 1.4136 0.5675 -0.3792, 1.4136 0.5276 -0.433, 1.4136 0.4826 -0.4826, 1.4136 0.433 -0.5276, 1.4136 0.3792 -0.5675, 1.4136 0.3217 -0.6019, 1.4136 0.2612 -0.6306, 1.4136 0.1981 -0.6531, 1.4136 0.1332 -0.6694, 1.4136 0.0669 -0.6792, 1.4136 -0.0 -0.6826, 1.4136 -0.0669 -0.6792, 1.4136 -0.1332 -0.6694, 1.4136 -0.1981 -0.6531, 1.4136 -0.2612 -0.6306, 1.4136 -0.3217 -0.6019, 1.4136 -0.3792 -0.5675, 1.4136 -0.433 -0.5276, 1.4136 -0.4826 -0.4826, 1.4136 -0.5276 -0.433, 1.4136 -0.5675 -0.3792, 1.4136 -0.6019 -0.3217, 1.4136 -0.6306 -0.2612, 1.4136 -0.6531 -0.1981, 1.4136 -0.6694 -0.1332, 1.4136 -0.6792 -0.0669, 1.4136 -0.6826 -0.0, 1.4136 -0.6792 0.0669, 1.4136 -0.6694 0.1332, 1.4136 -0.6531 0.1981, 1.4136 -0.6306 0.2612, 1.4136 -0.6019 0.3217, 1.4136 -0.5675 0.3792, 1.4136 -0.5276 0.433, 1.4136 -0.4826 0.4826, 1.4136 -0.433 0.5276, 1.4136 -0.3792 0.5675, 1.4136 -0.3217 0.6019, 1.4136 -0.2612 0.6306, 1.4136 -0.1981 0.6531, 1.4136 -0.1332 0.6694, 1.4277 -0.1339 0.673, 1.4136 -0.0669 0.6792, 1.4277 -0.0673 0.6829, 1.4136 -0.0 0.6826, 1.4277 -0.0 0.6862, 1.4567 -0.1989 0.6558, 1.4567 -0.1432 0.6739, 1.4567 -0.1343 0.6749, 1.4567 -0.0671 0.6819, 1.4567 -0.0 0.689, 1.4567 0.0671 0.6819, 1.4567 0.1343 0.6749, 1.3776 0.6182 -0.1875, 1.3776 0.6336 -0.126, 1.3776 -0.1875 -0.6182, 1.3776 -0.126 -0.6336, 1.3776 -0.3045 0.5698, 1.3776 -0.3589 0.5372, 1.3776 -0.1875 0.6182, 1.3776 -0.126 0.6336, 1.3776 -0.0633 0.6429, 1.3776 -0.2472 0.5969, 1.3776 -0.5372 0.3589, 1.3776 -0.4994 0.4098, 1.3776 -0.4568 0.4568, 1.3776 -0.4098 0.4994, 1.3776 -0.6336 0.126, 1.3776 -0.6182 0.1875, 1.3776 -0.5969 0.2472, 1.3776 -0.5698 0.3045, 1.3776 -0.6461 -0.0, 1.3776 -0.6429 0.0633, 1.3776 -0.6429 -0.0633, 1.3776 -0.5969 -0.2472, 1.3776 -0.5698 -0.3045, 1.3776 -0.4994 -0.4098, 1.3776 -0.5372 -0.3589, 1.3776 -0.6182 -0.1875, 1.3776 -0.6336 -0.126, 1.3776 -0.3045 -0.5698, 1.3776 -0.3589 -0.5372, 1.3776 -0.4098 -0.4994, 1.3776 -0.4568 -0.4568, 1.3776 -0.2472 -0.5969, 1.3282 -0.289 0.5406, 1.2992 -0.2864 0.5362, 1.3282 -0.3405 0.5097, 1.2992 -0.3371 0.5043, 1.3282 -0.3889 0.4738, 1.3282 -0.1196 0.6012, 1.2992 -0.1358 0.5949, 1.3282 -0.1779 0.5866, 1.2992 -0.1761 0.5808, 1.3282 -0.2346 0.5663, 1.2992 -0.2326 0.5611, 1.2992 -0.2648 0.5498, 1.3282 -0.4738 0.3889, 1.2992 -0.4771 0.3805, 1.3282 -0.5097 0.3405, 1.2992 -0.5043 0.3371, 1.3282 -0.5406 0.289, 1.2992 -0.5362 0.2864, 1.2992 -0.5498 0.2648, 1.3282 -0.5663 0.2346, 1.2992 -0.5611 0.2326, 1.3282 -0.5866 0.1779, 1.2992 -0.5808 0.1761, 1.3282 -0.6012 0.1196, 1.2992 -0.3805 0.4771, 1.2992 -0.3865 0.4711, 1.3282 -0.4335 0.4335, 1.2992 -0.4288 0.4288, 1.2992 -0.4711 0.3865, 1.3282 -0.5406 -0.289, 1.2992 -0.5362 -0.2864, 1.3282 -0.5097 -0.3405, 1.2992 -0.5043 -0.3371, 1.3282 -0.4738 -0.3889, 1.3282 -0.6012 -0.1196, 1.2992 -0.5949 -0.1358, 1.3282 -0.5866 -0.1779, 1.2992 -0.5808 -0.1761, 1.3282 -0.5663 -0.2346, 1.2992 -0.5611 -0.2326, 1.2992 -0.5498 -0.2648, 1.3282 -0.3889 -0.4738, 1.2992 -0.3805 -0.4771, 1.3282 -0.3405 -0.5097, 1.2992 -0.3371 -0.5043, 1.3282 -0.289 -0.5406, 1.2992 -0.2864 -0.5362, 1.2992 -0.2648 -0.5498, 1.3282 -0.2346 -0.5663, 1.2992 -0.2326 -0.5611, 1.3282 -0.1779 -0.5866, 1.2992 -0.1761 -0.5808, 1.3282 -0.1196 -0.6012, 1.2992 -0.4771 -0.3805, 1.2992 -0.4711 -0.3865, 1.3282 -0.4335 -0.4335, 1.2992 -0.4288 -0.4288, 1.2992 -0.3865 -0.4711, 1.2992 -0.5949 0.1358, 1.2992 -0.5968 0.1189, 1.3282 -0.61 0.0601, 1.2992 -0.6035 0.0594, 1.3282 -0.613 -0.0, 1.2992 -0.6102 0.0, 1.3282 -0.61 -0.0601, 1.2992 -0.6035 -0.0594, 1.2992 -0.5968 -0.1189, 1.3423 0.0604 0.6137, 1.3549 0.0609 0.6188, 1.3423 0.1203 0.6048, 1.3549 0.1213 0.6098, 1.3423 0.179 0.5901, 1.3549 0.1805 0.595, 1.3423 0.236 0.5697, 1.3549 0.2379 0.5744, 1.3423 0.2907 0.5438, 1.3549 0.2931 0.5483, 1.3423 0.3426 0.5127, 1.3549 0.3454 0.5169, 1.3423 0.3912 0.4767, 1.3549 0.3944 0.4806, 1.3423 0.436 0.436, 1.3549 0.4397 0.4397, 1.3423 0.4767 0.3912, 1.3549 0.4806 0.3944, 1.3423 0.5127 0.3426, 1.3549 0.5169 0.3454, 1.3423 0.5438 0.2907, 1.3549 0.5483 0.2931, 1.3423 0.5697 0.236, 1.3549 0.5744 0.2379, 1.3423 0.5901 0.179, 1.3549 0.595 0.1805, 1.3423 0.6048 0.1203, 1.3549 0.6098 0.1213, 1.3423 0.6137 0.0604, 1.3549 0.6188 0.0609, 1.3423 0.6167 -0.0, 1.3549 0.6218 -0.0, 1.3423 0.6137 -0.0604, 1.3549 0.6188 -0.0609, 1.3423 0.6048 -0.1203, 1.3549 0.6098 -0.1213, 1.3423 0.5901 -0.179, 1.3549 0.595 -0.1805, 1.3423 0.5697 -0.236, 1.3549 0.5744 -0.2379, 1.3423 0.5438 -0.2907, 1.3549 0.5483 -0.2931, 1.3423 0.5127 -0.3426, 1.3549 0.5169 -0.3454, 1.3423 0.4767 -0.3912, 1.3549 0.4806 -0.3944, 1.3423 0.436 -0.436, 1.3549 0.4397 -0.4397, 1.3423 0.3912 -0.4767, 1.3549 0.3944 -0.4806, 1.3423 0.3426 -0.5127, 1.3549 0.3454 -0.5169, 1.3423 0.2907 -0.5438, 1.3549 0.2931 -0.5483, 1.3423 0.236 -0.5697, 1.3549 0.2379 -0.5744, 1.3423 0.179 -0.5901, 1.3549 0.1805 -0.595, 1.3423 0.1203 -0.6048, 1.3549 0.1213 -0.6098, 1.3423 0.0604 -0.6137, 1.3549 0.0609 -0.6188, 1.3423 0.0 -0.6167, 1.3549 0.0 -0.6218, 1.3423 -0.0604 -0.6137, 1.3549 -0.0609 -0.6188, 1.3423 -0.1203 -0.6048, 1.3549 -0.1213 -0.6098, 1.3423 -0.179 -0.5901, 1.3549 -0.1805 -0.595, 1.3423 -0.236 -0.5697, 1.3549 -0.2379 -0.5744, 1.3423 -0.2907 -0.5438, 1.3549 -0.2931 -0.5483, 1.3423 -0.3426 -0.5127, 1.3549 -0.3454 -0.5169, 1.3423 -0.3912 -0.4767, 1.3549 -0.3944 -0.4806, 1.3423 -0.436 -0.436, 1.3549 -0.4397 -0.4397, 1.3423 -0.4767 -0.3912, 1.3549 -0.4806 -0.3944, 1.3423 -0.5127 -0.3426, 1.3549 -0.5169 -0.3454, 1.3423 -0.5438 -0.2907, 1.3549 -0.5483 -0.2931, 1.3423 -0.5697 -0.236, 1.3549 -0.5744 -0.2379, 1.3423 -0.5901 -0.179, 1.3549 -0.595 -0.1805, 1.3423 -0.6048 -0.1203, 1.3549 -0.6098 -0.1213, 1.3423 -0.6137 -0.0604, 1.3549 -0.6188 -0.0609, 1.3423 -0.6167 -0.0, 1.3549 -0.6218 -0.0, 1.3423 -0.6137 0.0604, 1.3549 -0.6188 0.0609, 1.3423 -0.6048 0.1203, 1.3549 -0.6098 0.1213, 1.3423 -0.5901 0.179, 1.3549 -0.595 0.1805, 1.3423 -0.5697 0.236, 1.3549 -0.5744 0.2379, 1.3423 -0.5438 0.2907, 1.3549 -0.5483 0.2931, 1.3423 -0.5127 0.3426, 1.3549 -0.5169 0.3454, 1.3423 -0.4767 0.3912, 1.3549 -0.4806 0.3944, 1.3423 -0.436 0.436, 1.3549 -0.4397 0.4397, 1.3423 -0.3912 0.4767, 1.3549 -0.3944 0.4806, 1.3423 -0.3426 0.5127, 1.3549 -0.3454 0.5169, 1.3423 -0.2907 0.5438, 1.3549 -0.2931 0.5483, 1.3423 -0.236 0.5697, 1.3549 -0.2379 0.5744, 1.3423 -0.179 0.5901, 1.3549 -0.1805 0.595, 1.3423 -0.1203 0.6048, 1.3549 -0.1213 0.6098, 1.3423 -0.0604 0.6137, 1.3549 -0.0609 0.6188, 1.3423 0.0 0.6167, 1.3549 0.0 0.6218, 1.3282 0.289 -0.5406, 1.2992 0.2864 -0.5362, 1.3282 0.3405 -0.5097, 1.2992 0.3371 -0.5043, 1.3282 0.3889 -0.4738, 1.3282 0.1196 -0.6012, 1.2992 0.1358 -0.5949, 1.3282 0.1779 -0.5866, 1.2992 0.1761 -0.5808, 1.3282 0.2346 -0.5663, 1.2992 0.2326 -0.5611, 1.2992 0.2648 -0.5498, 1.3282 0.4738 -0.3889, 1.2992 0.4771 -0.3805, 1.3282 0.5097 -0.3405, 1.2992 0.5043 -0.3371, 1.3282 0.5406 -0.289, 1.2992 0.5362 -0.2864, 1.2992 0.5498 -0.2648, 1.3282 0.5663 -0.2346, 1.2992 0.5611 -0.2326, 1.3282 0.5866 -0.1779, 1.2992 0.5808 -0.1761, 1.3282 0.6012 -0.1196, 1.2992 0.3805 -0.4771, 1.2992 0.3865 -0.4711, 1.3282 0.4335 -0.4335, 1.2992 0.4288 -0.4288, 1.2992 0.4711 -0.3865, 1.3282 0.5406 0.289, 1.2992 0.5362 0.2864, 1.3282 0.5097 0.3405, 1.2992 0.5043 0.3371, 1.3282 0.4738 0.3889, 1.3282 0.6012 0.1196, 1.2992 0.5949 0.1358, 1.3282 0.5866 0.1779, 1.2992 0.5808 0.1761, 1.3282 0.5663 0.2346, 1.2992 0.5611 0.2326, 1.2992 0.5498 0.2648, 1.3282 0.3889 0.4738, 1.2992 0.3805 0.4771, 1.3282 0.3405 0.5097, 1.2992 0.3371 0.5043, 1.3282 0.289 0.5406, 1.2992 0.2864 0.5362, 1.2992 0.2648 0.5498, 1.3282 0.2346 0.5663, 1.2992 0.2326 0.5611, 1.3282 0.1779 0.5866, 1.2992 0.1761 0.5808, 1.3282 0.1196 0.6012, 1.2992 0.4771 0.3805, 1.2992 0.4711 0.3865, 1.3282 0.4335 0.4335, 1.2992 0.4288 0.4288, 1.2992 0.3865 0.4711, 1.2992 0.5949 -0.1358, 1.2992 0.5968 -0.1189, 1.3282 0.61 -0.0601, 1.2992 0.6035 -0.0594, 1.3282 0.613 -0.0, 1.2992 0.6102 -0.0, 1.3282 0.61 0.0601, 1.2992 0.6035 0.0594, 1.2992 0.5968 0.1189, 1.3282 0.0601 0.61, 1.3282 0.0601 -0.61, 1.3282 0.0 -0.613, 1.3282 -0.0601 -0.61, 1.3282 -0.0601 0.61, 1.3282 0.0 0.613, 1.3776 0.0633 -0.6429, 1.3776 0.0 -0.6461, 1.3776 -0.0633 -0.6429, 1.3776 0.4098 -0.4994, 1.3776 0.3589 -0.5372, 1.3776 0.3045 -0.5698, 1.3776 0.2472 -0.5969, 1.3776 0.1875 -0.6182, 1.3776 0.126 -0.6336, 1.3776 0.5698 -0.3045, 1.3776 0.5372 -0.3589, 1.3776 0.4994 -0.4098, 1.3776 0.4568 -0.4568, 1.3776 0.5969 -0.2472, 1.3776 0.6336 0.126, 1.3776 0.6429 0.0633, 1.3776 0.6461 -0.0, 1.3776 0.6429 -0.0633, 1.3776 0.5969 0.2472, 1.3776 0.6182 0.1875, 1.3776 0.5372 0.3589, 1.3776 0.5698 0.3045, 1.3776 0.4568 0.4568, 1.3776 0.4994 0.4098, 1.3776 0.4098 0.4994, 1.3776 0.0633 0.6429, 1.3776 0.126 0.6336, 1.3776 0.1875 0.6182, 1.3776 0.2472 0.5969, 1.3776 0.3045 0.5698, 1.3776 0.3589 0.5372, 1.3776 0.0 0.6461, 1.3749 0.0626 0.6357, 1.3766 0.063 0.6393, 1.3749 0.1246 0.6265, 1.3766 0.1253 0.6301, 1.3749 0.1854 0.6112, 1.3766 0.1865 0.6148, 1.3749 0.2444 0.5901, 1.3766 0.2459 0.5935, 1.3749 0.3011 0.5633, 1.3766 0.3028 0.5666, 1.3749 0.3549 0.5311, 1.3766 0.3569 0.5341, 1.3749 0.4052 0.4938, 1.3766 0.4075 0.4966, 1.3749 0.4517 0.4517, 1.3766 0.4543 0.4543, 1.3749 0.4938 0.4052, 1.3766 0.4966 0.4075, 1.3749 0.5311 0.3549, 1.3766 0.5341 0.3569, 1.3749 0.5633 0.3011, 1.3766 0.5666 0.3028, 1.3749 0.5901 0.2444, 1.3766 0.5935 0.2459, 1.3749 0.6112 0.1854, 1.3766 0.6148 0.1865, 1.3749 0.6265 0.1246, 1.3766 0.6301 0.1253, 1.3749 0.6357 0.0626, 1.3766 0.6393 0.063, 1.3749 0.6388 -0.0, 1.3766 0.6424 -0.0, 1.3749 0.6357 -0.0626, 1.3766 0.6393 -0.063, 1.3749 0.6265 -0.1246, 1.3766 0.6301 -0.1253, 1.3749 0.6112 -0.1854, 1.3766 0.6148 -0.1865, 1.3749 0.5901 -0.2444, 1.3766 0.5935 -0.2459, 1.3749 0.5633 -0.3011, 1.3766 0.5666 -0.3028, 1.3749 0.5311 -0.3549, 1.3766 0.5341 -0.3569, 1.3749 0.4938 -0.4052, 1.3766 0.4966 -0.4075, 1.3749 0.4517 -0.4517, 1.3766 0.4543 -0.4543, 1.3749 0.4052 -0.4938, 1.3766 0.4075 -0.4966, 1.3749 0.3549 -0.5311, 1.3766 0.3569 -0.5341, 1.3749 0.3011 -0.5633, 1.3766 0.3028 -0.5666, 1.3749 0.2444 -0.5901, 1.3766 0.2459 -0.5935, 1.3749 0.1854 -0.6112, 1.3766 0.1865 -0.6148, 1.3749 0.1246 -0.6265, 1.3766 0.1253 -0.6301, 1.3749 0.0626 -0.6357, 1.3766 0.063 -0.6393, 1.3749 0.0 -0.6388, 1.3766 0.0 -0.6424, 1.3749 -0.0626 -0.6357, 1.3766 -0.063 -0.6393, 1.3749 -0.1246 -0.6265, 1.3766 -0.1253 -0.6301, 1.3749 -0.1854 -0.6112, 1.3766 -0.1865 -0.6148, 1.3749 -0.2444 -0.5901, 1.3766 -0.2459 -0.5935, 1.3749 -0.3011 -0.5633, 1.3766 -0.3028 -0.5666, 1.3749 -0.3549 -0.5311, 1.3766 -0.3569 -0.5341, 1.3749 -0.4052 -0.4938, 1.3766 -0.4075 -0.4966, 1.3749 -0.4517 -0.4517, 1.3766 -0.4543 -0.4543, 1.3749 -0.4938 -0.4052, 1.3766 -0.4966 -0.4075, 1.3749 -0.5311 -0.3549, 1.3766 -0.5341 -0.3569, 1.3749 -0.5633 -0.3011, 1.3766 -0.5666 -0.3028, 1.3749 -0.5901 -0.2444, 1.3766 -0.5935 -0.2459, 1.3749 -0.6112 -0.1854, 1.3766 -0.6148 -0.1865, 1.3749 -0.6265 -0.1246, 1.3766 -0.6301 -0.1253, 1.3749 -0.6357 -0.0626, 1.3766 -0.6393 -0.063, 1.3749 -0.6388 -0.0, 1.3766 -0.6424 -0.0, 1.3749 -0.6357 0.0626, 1.3766 -0.6393 0.063, 1.3749 -0.6265 0.1246, 1.3766 -0.6301 0.1253, 1.3749 -0.6112 0.1854, 1.3766 -0.6148 0.1865, 1.3749 -0.5901 0.2444, 1.3766 -0.5935 0.2459, 1.3749 -0.5633 0.3011, 1.3766 -0.5666 0.3028, 1.3749 -0.5311 0.3549, 1.3766 -0.5341 0.3569, 1.3749 -0.4938 0.4052, 1.3766 -0.4966 0.4075, 1.3749 -0.4517 0.4517, 1.3766 -0.4543 0.4543, 1.3749 -0.4052 0.4938, 1.3766 -0.4075 0.4966, 1.3749 -0.3549 0.5311, 1.3766 -0.3569 0.5341, 1.3749 -0.3011 0.5633, 1.3766 -0.3028 0.5666, 1.3749 -0.2444 0.5901, 1.3766 -0.2459 0.5935, 1.3749 -0.1854 0.6112, 1.3766 -0.1865 0.6148, 1.3749 -0.1246 0.6265, 1.3766 -0.1253 0.6301, 1.3749 -0.0626 0.6357, 1.3766 -0.063 0.6393, 1.3749 0.0 0.6388, 1.3766 0.0 0.6424, 1.3651 0.0616 0.625, 1.3724 0.0622 0.632, 1.3651 0.1225 0.616, 1.3724 0.1239 0.6229, 1.3651 0.1823 0.601, 1.3724 0.1844 0.6077, 1.3651 0.2403 0.5803, 1.3724 0.243 0.5868, 1.3651 0.2961 0.5539, 1.3724 0.2994 0.5601, 1.3651 0.3489 0.5222, 1.3724 0.3528 0.528, 1.3651 0.3984 0.4855, 1.3724 0.4029 0.4909, 1.3651 0.4441 0.4441, 1.3724 0.4491 0.4491, 1.3651 0.4855 0.3984, 1.3724 0.4909 0.4029, 1.3651 0.5222 0.3489, 1.3724 0.528 0.3528, 1.3651 0.5539 0.2961, 1.3724 0.5601 0.2994, 1.3651 0.5803 0.2403, 1.3724 0.5868 0.243, 1.3651 0.601 0.1823, 1.3724 0.6077 0.1844, 1.3651 0.616 0.1225, 1.3724 0.6229 0.1239, 1.3651 0.625 0.0616, 1.3724 0.632 0.0622, 1.3651 0.6281 -0.0, 1.3724 0.6351 -0.0, 1.3651 0.625 -0.0616, 1.3724 0.632 -0.0622, 1.3651 0.616 -0.1225, 1.3724 0.6229 -0.1239, 1.3651 0.601 -0.1823, 1.3724 0.6077 -0.1844, 1.3651 0.5803 -0.2403, 1.3724 0.5868 -0.243, 1.3651 0.5539 -0.2961, 1.3724 0.5601 -0.2994, 1.3651 0.5222 -0.3489, 1.3724 0.528 -0.3528, 1.3651 0.4855 -0.3984, 1.3724 0.4909 -0.4029, 1.3651 0.4441 -0.4441, 1.3724 0.4491 -0.4491, 1.3651 0.3984 -0.4855, 1.3724 0.4029 -0.4909, 1.3651 0.3489 -0.5222, 1.3724 0.3528 -0.528, 1.3651 0.2961 -0.5539, 1.3724 0.2994 -0.5601, 1.3651 0.2403 -0.5803, 1.3724 0.243 -0.5868, 1.3651 0.1823 -0.601, 1.3724 0.1844 -0.6077, 1.3651 0.1225 -0.616, 1.3724 0.1239 -0.6229, 1.3651 0.0616 -0.625, 1.3724 0.0622 -0.632, 1.3651 0.0 -0.6281, 1.3724 0.0 -0.6351, 1.3651 -0.0616 -0.625, 1.3724 -0.0622 -0.632, 1.3651 -0.1225 -0.616, 1.3724 -0.1239 -0.6229, 1.3651 -0.1823 -0.601, 1.3724 -0.1844 -0.6077, 1.3651 -0.2403 -0.5803, 1.3724 -0.243 -0.5868, 1.3651 -0.2961 -0.5539, 1.3724 -0.2994 -0.5601, 1.3651 -0.3489 -0.5222, 1.3724 -0.3528 -0.528, 1.3651 -0.3984 -0.4855, 1.3724 -0.4029 -0.4909, 1.3651 -0.4441 -0.4441, 1.3724 -0.4491 -0.4491, 1.3651 -0.4855 -0.3984, 1.3724 -0.4909 -0.4029, 1.3651 -0.5222 -0.3489, 1.3724 -0.528 -0.3528, 1.3651 -0.5539 -0.2961, 1.3724 -0.5601 -0.2994, 1.3651 -0.5803 -0.2403, 1.3724 -0.5868 -0.243, 1.3651 -0.601 -0.1823, 1.3724 -0.6077 -0.1844, 1.3651 -0.616 -0.1225, 1.3724 -0.6229 -0.1239, 1.3651 -0.625 -0.0616, 1.3724 -0.632 -0.0622, 1.3651 -0.6281 -0.0, 1.3724 -0.6351 -0.0, 1.3651 -0.625 0.0616, 1.3724 -0.632 0.0622, 1.3651 -0.616 0.1225, 1.3724 -0.6229 0.1239, 1.3651 -0.601 0.1823, 1.3724 -0.6077 0.1844, 1.3651 -0.5803 0.2403, 1.3724 -0.5868 0.243, 1.3651 -0.5539 0.2961, 1.3724 -0.5601 0.2994, 1.3651 -0.5222 0.3489, 1.3724 -0.528 0.3528, 1.3651 -0.4855 0.3984, 1.3724 -0.4909 0.4029, 1.3651 -0.4441 0.4441, 1.3724 -0.4491 0.4491, 1.3651 -0.3984 0.4855, 1.3724 -0.4029 0.4909, 1.3651 -0.3489 0.5222, 1.3724 -0.3528 0.528, 1.3651 -0.2961 0.5539, 1.3724 -0.2994 0.5601, 1.3651 -0.2403 0.5803, 1.3724 -0.243 0.5868, 1.3651 -0.1823 0.601, 1.3724 -0.1844 0.6077, 1.3651 -0.1225 0.616, 1.3724 -0.1239 0.6229, 1.3651 -0.0616 0.625, 1.3724 -0.0622 0.632, 1.3651 0.0 0.6281, 1.3724 0.0 0.6351, 1.2992 -0.1358 -0.5949, 1.2992 -0.1189 -0.5968, 1.2992 -0.0594 -0.6035, 1.2992 0.0 -0.6102, 1.2992 0.0594 -0.6035, 1.2992 0.1189 -0.5968, 1.2992 0.1358 0.5949, 1.2992 0.1189 0.5968, 1.2992 0.0594 0.6035, 1.2992 0.0 0.6102, 1.2992 -0.0594 0.6035, 1.2992 -0.1189 0.5968, 1.2992 -0.1189 0.5968
            ]
        }
        coordIndex [
            0,1,2,-1,3,4,5,-1,6,7,8,-1,9,10,11,-1,12,13,14,-1,15,16,17,-1,18,19,20,-1,21,22,23,-1,24,25,26,-1,27,28,29,-1,30,31,32,-1,33,34,35,-1,36,37,38,-1,39,40,41,-1,42,43,44,-1,45,46,47,-1,48,49,50,-1,51,52,53,-1,54,55,56,-1,57,58,59,-1,60,61,62,-1,63,64,65,-1,66,67,68,-1,69,70,71,-1,72,73,74,-1,75,76,77,-1,78,79,80,-1,81,82,83,-1,84,85,86,-1,87,88,89,-1,90,91,92,-1,93,94,95,-1,96,97,98,-1,98,97,99,-1,98,99,94,-1,94,99,100,-1,94,100,95,-1,101,102,103,-1,103,102,104,-1,103,104,105,-1,106,107,108,-1,108,107,109,-1,108,109,110,-1,109,111,110,-1,110,111,112,-1,110,112,113,-1,113,112,114,-1,113,114,101,-1,101,114,115,-1,101,115,102,-1,104,116,105,-1,105,116,117,-1,105,117,118,-1,118,117,119,-1,118,119,120,-1,120,119,121,-1,120,121,96,-1,96,121,122,-1,96,122,97,-1,123,124,125,-1,126,127,128,-1,128,127,129,-1,128,129,124,-1,124,129,130,-1,124,130,125,-1,125,131,123,-1,123,131,132,-1,123,132,133,-1,133,132,134,-1,133,134,135,-1,136,137,138,-1,138,137,139,-1,138,139,140,-1,139,141,140,-1,140,141,142,-1,140,142,143,-1,143,142,144,-1,143,144,145,-1,144,146,145,-1,145,146,147,-1,145,147,148,-1,148,147,149,-1,148,149,150,-1,150,149,151,-1,150,151,126,-1,126,151,152,-1,126,152,127,-1,134,153,135,-1,135,153,154,-1,135,154,155,-1,155,154,156,-1,155,156,157,-1,157,156,158,-1,157,158,106,-1,106,158,159,-1,106,159,107,-1,91,160,161,-1,85,87,162,-1,88,90,163,-1,82,84,164,-1,165,79,166,-1,166,79,78,-1,166,78,167,-1,168,167,169,-1,169,167,78,-1,169,78,170,-1,170,78,80,-1,170,80,171,-1,172,173,174,-1,174,173,175,-1,174,175,176,-1,176,175,177,-1,176,177,178,-1,178,177,161,-1,178,161,179,-1,179,161,160,-1,179,160,180,-1,181,75,172,-1,172,75,77,-1,172,77,173,-1,182,183,184,-1,90,92,163,-1,163,92,185,-1,163,185,186,-1,186,185,187,-1,186,187,188,-1,188,187,189,-1,188,189,190,-1,190,189,182,-1,190,182,191,-1,191,182,184,-1,191,184,192,-1,91,161,92,-1,92,161,177,-1,92,177,185,-1,185,177,175,-1,185,175,187,-1,187,175,173,-1,187,173,189,-1,189,173,77,-1,189,77,182,-1,182,77,76,-1,182,76,183,-1,193,194,195,-1,87,89,162,-1,162,89,196,-1,162,196,197,-1,197,196,198,-1,197,198,199,-1,199,198,200,-1,199,200,201,-1,201,200,193,-1,201,193,202,-1,202,193,195,-1,202,195,203,-1,204,205,206,-1,84,86,164,-1,164,86,207,-1,164,207,208,-1,208,207,209,-1,208,209,210,-1,210,209,211,-1,210,211,212,-1,212,211,204,-1,212,204,213,-1,213,204,206,-1,213,206,214,-1,85,162,86,-1,86,162,197,-1,86,197,207,-1,207,197,199,-1,207,199,209,-1,209,199,201,-1,209,201,211,-1,211,201,202,-1,211,202,204,-1,204,202,203,-1,204,203,205,-1,88,163,89,-1,89,163,186,-1,89,186,196,-1,196,186,188,-1,196,188,198,-1,198,188,190,-1,198,190,200,-1,200,190,191,-1,200,191,193,-1,193,191,192,-1,193,192,194,-1,215,168,216,-1,216,168,169,-1,216,169,217,-1,217,169,170,-1,217,170,218,-1,218,170,171,-1,218,171,219,-1,220,221,222,-1,223,219,224,-1,224,219,171,-1,224,171,225,-1,225,171,80,-1,225,80,226,-1,226,80,79,-1,226,79,227,-1,227,79,165,-1,227,165,81,-1,81,83,227,-1,227,83,228,-1,227,228,226,-1,226,228,229,-1,226,229,225,-1,225,229,230,-1,225,230,224,-1,224,230,231,-1,224,231,223,-1,223,231,232,-1,223,232,233,-1,234,235,236,-1,237,215,238,-1,238,215,216,-1,238,216,239,-1,239,216,217,-1,239,217,240,-1,240,217,218,-1,240,218,241,-1,241,218,219,-1,241,219,242,-1,242,219,223,-1,242,223,243,-1,243,223,233,-1,243,234,242,-1,242,234,236,-1,242,236,241,-1,241,236,244,-1,241,244,240,-1,240,244,245,-1,240,245,239,-1,239,245,246,-1,239,246,238,-1,238,246,247,-1,238,247,237,-1,237,247,248,-1,249,221,250,-1,250,221,220,-1,250,220,251,-1,252,253,254,-1,254,253,251,-1,254,251,255,-1,255,251,220,-1,255,220,256,-1,256,220,222,-1,256,222,257,-1,235,252,236,-1,236,252,254,-1,236,254,244,-1,244,254,255,-1,244,255,245,-1,245,255,256,-1,245,256,246,-1,246,256,257,-1,246,257,247,-1,82,164,83,-1,83,164,208,-1,83,208,228,-1,228,208,210,-1,228,210,229,-1,229,210,212,-1,229,212,230,-1,230,212,213,-1,230,213,231,-1,231,213,214,-1,231,214,232,-1,73,258,259,-1,260,69,261,-1,70,72,262,-1,263,264,265,-1,67,266,267,-1,61,63,268,-1,64,66,269,-1,49,60,270,-1,271,272,273,-1,273,272,274,-1,273,274,275,-1,275,274,276,-1,275,276,277,-1,277,276,265,-1,277,265,278,-1,278,265,264,-1,278,264,260,-1,279,280,281,-1,281,280,282,-1,281,282,283,-1,283,282,284,-1,283,284,285,-1,285,284,286,-1,285,286,287,-1,287,286,259,-1,287,259,288,-1,288,259,258,-1,288,258,248,-1,72,74,262,-1,262,74,289,-1,262,289,290,-1,290,289,291,-1,290,291,292,-1,292,291,293,-1,292,293,294,-1,294,293,295,-1,294,295,296,-1,73,259,74,-1,74,259,286,-1,74,286,289,-1,289,286,284,-1,289,284,291,-1,291,284,282,-1,291,282,293,-1,293,282,280,-1,293,280,295,-1,69,71,261,-1,261,71,297,-1,261,297,298,-1,298,297,299,-1,298,299,300,-1,300,299,301,-1,300,301,302,-1,302,301,303,-1,302,303,59,-1,59,303,304,-1,59,304,57,-1,305,54,271,-1,271,54,56,-1,271,56,272,-1,260,261,278,-1,278,261,298,-1,278,298,277,-1,277,298,300,-1,277,300,275,-1,275,300,302,-1,275,302,273,-1,273,302,59,-1,273,59,271,-1,271,59,58,-1,271,58,305,-1,279,306,280,-1,280,306,307,-1,280,307,295,-1,295,307,308,-1,295,308,296,-1,296,308,309,-1,296,309,310,-1,70,262,71,-1,71,262,290,-1,71,290,297,-1,297,290,292,-1,297,292,299,-1,299,292,294,-1,299,294,301,-1,301,294,296,-1,301,296,303,-1,303,296,310,-1,303,310,304,-1,311,312,313,-1,313,312,314,-1,313,314,315,-1,315,314,316,-1,315,316,317,-1,317,316,267,-1,317,267,318,-1,318,267,266,-1,318,266,263,-1,319,51,311,-1,311,51,53,-1,311,53,312,-1,320,321,322,-1,66,68,269,-1,269,68,323,-1,269,323,324,-1,324,323,325,-1,324,325,326,-1,326,325,327,-1,326,327,328,-1,328,327,320,-1,328,320,329,-1,329,320,322,-1,329,322,330,-1,67,267,68,-1,68,267,316,-1,68,316,323,-1,323,316,314,-1,323,314,325,-1,325,314,312,-1,325,312,327,-1,327,312,53,-1,327,53,320,-1,320,53,52,-1,320,52,321,-1,331,332,333,-1,63,65,268,-1,268,65,334,-1,268,334,335,-1,335,334,336,-1,335,336,337,-1,337,336,338,-1,337,338,339,-1,339,338,331,-1,339,331,340,-1,340,331,333,-1,340,333,341,-1,342,343,344,-1,60,62,270,-1,270,62,345,-1,270,345,346,-1,346,345,347,-1,346,347,348,-1,348,347,349,-1,348,349,350,-1,350,349,342,-1,350,342,351,-1,351,342,344,-1,351,344,352,-1,61,268,62,-1,62,268,335,-1,62,335,345,-1,345,335,337,-1,345,337,347,-1,347,337,339,-1,347,339,349,-1,349,339,340,-1,349,340,342,-1,342,340,341,-1,342,341,343,-1,64,269,65,-1,65,269,324,-1,65,324,334,-1,334,324,326,-1,334,326,336,-1,336,326,328,-1,336,328,338,-1,338,328,329,-1,338,329,331,-1,331,329,330,-1,331,330,332,-1,263,265,318,-1,318,265,276,-1,318,276,317,-1,317,276,274,-1,317,274,315,-1,315,274,272,-1,315,272,313,-1,313,272,56,-1,313,56,311,-1,311,56,55,-1,311,55,319,-1,253,353,251,-1,251,353,354,-1,251,354,250,-1,250,354,355,-1,250,355,249,-1,249,355,356,-1,249,356,357,-1,248,247,288,-1,288,247,257,-1,288,257,287,-1,287,257,222,-1,287,222,285,-1,285,222,221,-1,285,221,283,-1,283,221,249,-1,283,249,281,-1,281,249,357,-1,281,357,279,-1,46,48,358,-1,359,42,360,-1,43,45,361,-1,40,362,363,-1,34,36,364,-1,37,39,365,-1,366,367,368,-1,31,33,369,-1,370,19,371,-1,371,19,18,-1,371,18,372,-1,25,27,373,-1,374,21,375,-1,22,24,376,-1,377,372,378,-1,378,372,18,-1,378,18,379,-1,379,18,20,-1,379,20,380,-1,180,381,382,-1,383,384,385,-1,385,384,386,-1,385,386,387,-1,387,386,388,-1,387,388,389,-1,389,388,368,-1,389,368,390,-1,390,368,367,-1,390,367,359,-1,391,392,393,-1,393,392,394,-1,393,394,395,-1,395,394,396,-1,395,396,397,-1,397,396,363,-1,397,363,398,-1,398,363,362,-1,398,362,366,-1,48,50,358,-1,358,50,399,-1,358,399,400,-1,400,399,401,-1,400,401,402,-1,402,401,403,-1,402,403,404,-1,404,403,405,-1,404,405,406,-1,45,47,361,-1,361,47,407,-1,361,407,408,-1,408,407,409,-1,408,409,410,-1,410,409,411,-1,410,411,412,-1,412,411,413,-1,412,413,414,-1,414,413,415,-1,414,415,416,-1,405,417,406,-1,406,417,418,-1,406,418,419,-1,46,358,47,-1,47,358,400,-1,47,400,407,-1,407,400,402,-1,407,402,409,-1,409,402,404,-1,409,404,411,-1,411,404,406,-1,411,406,413,-1,413,406,419,-1,413,419,415,-1,42,44,360,-1,360,44,420,-1,360,420,421,-1,421,420,422,-1,421,422,423,-1,423,422,424,-1,423,424,425,-1,425,424,426,-1,425,426,17,-1,17,426,427,-1,17,427,15,-1,428,12,383,-1,383,12,14,-1,383,14,384,-1,359,360,390,-1,390,360,421,-1,390,421,389,-1,389,421,423,-1,389,423,387,-1,387,423,425,-1,387,425,385,-1,385,425,17,-1,385,17,383,-1,383,17,16,-1,383,16,428,-1,43,361,44,-1,44,361,408,-1,44,408,420,-1,420,408,410,-1,420,410,422,-1,422,410,412,-1,422,412,424,-1,424,412,414,-1,424,414,426,-1,426,414,416,-1,426,416,427,-1,429,9,391,-1,391,9,11,-1,391,11,392,-1,430,431,432,-1,39,41,365,-1,365,41,433,-1,365,433,434,-1,434,433,435,-1,434,435,436,-1,436,435,437,-1,436,437,438,-1,438,437,430,-1,438,430,439,-1,439,430,432,-1,439,432,440,-1,40,363,41,-1,41,363,396,-1,41,396,433,-1,433,396,394,-1,433,394,435,-1,435,394,392,-1,435,392,437,-1,437,392,11,-1,437,11,430,-1,430,11,10,-1,430,10,431,-1,441,442,443,-1,36,38,364,-1,364,38,444,-1,364,444,445,-1,445,444,446,-1,445,446,447,-1,447,446,448,-1,447,448,449,-1,449,448,441,-1,449,441,450,-1,450,441,443,-1,450,443,451,-1,452,453,454,-1,33,35,369,-1,369,35,455,-1,369,455,456,-1,456,455,457,-1,456,457,458,-1,458,457,459,-1,458,459,460,-1,460,459,452,-1,460,452,461,-1,461,452,454,-1,461,454,462,-1,34,364,35,-1,35,364,445,-1,35,445,455,-1,455,445,447,-1,455,447,457,-1,457,447,449,-1,457,449,459,-1,459,449,450,-1,459,450,452,-1,452,450,451,-1,452,451,453,-1,37,365,38,-1,38,365,434,-1,38,434,444,-1,444,434,436,-1,444,436,446,-1,446,436,438,-1,446,438,448,-1,448,438,439,-1,448,439,441,-1,441,439,440,-1,441,440,442,-1,366,368,398,-1,398,368,388,-1,398,388,397,-1,397,388,386,-1,397,386,395,-1,395,386,384,-1,395,384,393,-1,393,384,14,-1,393,14,391,-1,391,14,13,-1,391,13,429,-1,463,377,464,-1,464,377,378,-1,464,378,465,-1,465,378,379,-1,465,379,466,-1,466,379,380,-1,466,380,467,-1,468,469,470,-1,471,472,473,-1,473,472,474,-1,473,474,475,-1,475,474,476,-1,475,476,477,-1,477,476,382,-1,477,382,478,-1,478,382,381,-1,478,381,374,-1,479,467,480,-1,480,467,380,-1,480,380,481,-1,481,380,20,-1,481,20,482,-1,482,20,19,-1,482,19,483,-1,483,19,370,-1,483,370,30,-1,484,469,485,-1,485,469,468,-1,485,468,486,-1,487,488,489,-1,489,488,486,-1,489,486,490,-1,490,486,468,-1,490,468,491,-1,491,468,470,-1,491,470,492,-1,493,494,495,-1,495,494,496,-1,495,496,497,-1,497,496,498,-1,497,498,499,-1,499,498,500,-1,499,500,501,-1,501,500,502,-1,501,502,503,-1,503,502,28,-1,30,32,483,-1,483,32,504,-1,483,504,482,-1,482,504,505,-1,482,505,481,-1,481,505,506,-1,481,506,480,-1,480,506,507,-1,480,507,479,-1,479,507,508,-1,479,508,509,-1,510,494,511,-1,511,494,493,-1,511,493,512,-1,503,463,501,-1,501,463,464,-1,501,464,499,-1,499,464,465,-1,499,465,497,-1,497,465,466,-1,497,466,495,-1,495,466,467,-1,495,467,493,-1,493,467,479,-1,493,479,512,-1,512,479,509,-1,510,487,494,-1,494,487,489,-1,494,489,496,-1,496,489,490,-1,496,490,498,-1,498,490,491,-1,498,491,500,-1,500,491,492,-1,500,492,502,-1,27,29,373,-1,373,29,513,-1,373,513,514,-1,514,513,515,-1,514,515,516,-1,516,515,517,-1,516,517,518,-1,518,517,519,-1,518,519,520,-1,24,26,376,-1,376,26,521,-1,376,521,522,-1,522,521,523,-1,522,523,524,-1,524,523,525,-1,524,525,526,-1,526,525,527,-1,526,527,528,-1,528,527,529,-1,528,529,530,-1,519,531,520,-1,520,531,532,-1,520,532,533,-1,25,373,26,-1,26,373,514,-1,26,514,521,-1,521,514,516,-1,521,516,523,-1,523,516,518,-1,523,518,525,-1,525,518,520,-1,525,520,527,-1,527,520,533,-1,527,533,529,-1,21,23,375,-1,375,23,534,-1,375,534,535,-1,535,534,536,-1,535,536,537,-1,537,536,538,-1,537,538,539,-1,539,538,540,-1,539,540,8,-1,8,540,541,-1,8,541,6,-1,542,3,471,-1,471,3,5,-1,471,5,472,-1,374,375,478,-1,478,375,535,-1,478,535,477,-1,477,535,537,-1,477,537,475,-1,475,537,539,-1,475,539,473,-1,473,539,8,-1,473,8,471,-1,471,8,7,-1,471,7,542,-1,22,376,23,-1,23,376,522,-1,23,522,534,-1,534,522,524,-1,534,524,536,-1,536,524,526,-1,536,526,538,-1,538,526,528,-1,538,528,540,-1,540,528,530,-1,540,530,541,-1,488,543,486,-1,486,543,544,-1,486,544,485,-1,485,544,545,-1,485,545,484,-1,484,545,546,-1,484,546,547,-1,28,502,29,-1,29,502,492,-1,29,492,513,-1,513,492,470,-1,513,470,515,-1,515,470,469,-1,515,469,517,-1,517,469,484,-1,517,484,519,-1,519,484,547,-1,519,547,531,-1,31,369,32,-1,32,369,456,-1,32,456,504,-1,504,456,458,-1,504,458,505,-1,505,458,460,-1,505,460,506,-1,506,460,461,-1,506,461,507,-1,507,461,462,-1,507,462,508,-1,548,549,550,-1,550,549,551,-1,550,551,1,-1,1,551,552,-1,1,552,2,-1,2,553,0,-1,0,553,554,-1,0,554,555,-1,555,554,556,-1,555,556,557,-1,557,556,558,-1,557,558,559,-1,559,558,560,-1,559,560,561,-1,561,560,562,-1,561,562,136,-1,136,562,563,-1,136,563,137,-1,564,565,566,-1,566,565,567,-1,566,567,568,-1,569,570,571,-1,571,570,572,-1,571,572,573,-1,572,574,573,-1,573,574,575,-1,573,575,576,-1,576,575,577,-1,576,577,564,-1,564,577,578,-1,564,578,565,-1,567,579,568,-1,568,579,580,-1,568,580,581,-1,581,580,582,-1,581,582,583,-1,583,582,584,-1,583,584,548,-1,548,584,585,-1,548,585,549,-1,586,587,588,-1,588,587,589,-1,588,589,590,-1,590,589,591,-1,590,591,569,-1,569,591,592,-1,569,592,570,-1,593,594,595,-1,596,597,598,-1,598,597,599,-1,598,599,594,-1,594,599,600,-1,594,600,595,-1,595,601,593,-1,593,601,602,-1,593,602,603,-1,603,602,604,-1,603,604,586,-1,586,604,605,-1,586,605,587,-1,606,607,608,-1,608,607,609,-1,608,609,610,-1,609,611,610,-1,610,611,612,-1,610,612,613,-1,613,612,614,-1,613,614,615,-1,614,616,615,-1,615,616,617,-1,615,617,618,-1,618,617,619,-1,618,619,620,-1,620,619,621,-1,620,621,596,-1,596,621,622,-1,596,622,597,-1,623,624,625,-1,625,624,606,-1,625,606,626,-1,626,606,608,-1,626,608,627,-1,627,608,610,-1,627,610,628,-1,628,610,613,-1,628,613,629,-1,629,613,615,-1,629,615,630,-1,630,615,618,-1,630,618,631,-1,631,618,620,-1,631,620,632,-1,632,620,596,-1,632,596,633,-1,633,596,598,-1,633,598,634,-1,634,598,594,-1,634,594,635,-1,635,594,593,-1,635,593,636,-1,636,593,603,-1,636,603,637,-1,637,603,586,-1,637,586,638,-1,638,586,588,-1,638,588,639,-1,639,588,590,-1,639,590,640,-1,640,590,569,-1,640,569,641,-1,641,569,571,-1,641,571,642,-1,642,571,573,-1,642,573,643,-1,643,573,576,-1,643,576,644,-1,644,576,564,-1,644,564,645,-1,645,564,566,-1,645,566,646,-1,646,566,568,-1,646,568,647,-1,647,568,581,-1,647,581,648,-1,648,581,583,-1,648,583,649,-1,649,583,548,-1,649,548,650,-1,650,548,550,-1,650,550,651,-1,651,550,1,-1,651,1,652,-1,652,1,0,-1,652,0,653,-1,653,0,555,-1,653,555,654,-1,654,555,557,-1,654,557,655,-1,655,557,559,-1,655,559,656,-1,656,559,561,-1,656,561,657,-1,657,561,136,-1,657,136,658,-1,658,136,138,-1,658,138,659,-1,659,138,140,-1,659,140,660,-1,660,140,143,-1,660,143,661,-1,661,143,145,-1,661,145,662,-1,662,145,148,-1,662,148,663,-1,663,148,150,-1,663,150,664,-1,664,150,126,-1,664,126,665,-1,665,126,128,-1,665,128,666,-1,666,128,124,-1,666,124,667,-1,667,124,123,-1,667,123,668,-1,668,123,133,-1,668,133,669,-1,669,133,135,-1,669,135,670,-1,670,135,155,-1,670,155,671,-1,671,155,157,-1,671,157,672,-1,672,157,106,-1,672,106,673,-1,673,106,108,-1,673,108,674,-1,674,108,110,-1,674,110,675,-1,675,110,113,-1,675,113,676,-1,676,113,101,-1,676,101,677,-1,677,101,103,-1,677,103,678,-1,678,103,105,-1,678,105,679,-1,679,105,118,-1,679,118,680,-1,680,118,120,-1,680,120,681,-1,681,120,96,-1,681,96,682,-1,682,96,98,-1,682,98,683,-1,683,98,94,-1,683,94,684,-1,684,94,93,-1,684,93,685,-1,685,93,686,-1,685,686,687,-1,687,686,688,-1,687,688,689,-1,689,688,690,-1,689,690,623,-1,623,690,624,-1,95,691,93,-1,93,691,692,-1,93,692,686,-1,686,692,693,-1,686,693,688,-1,688,693,694,-1,688,694,690,-1,690,694,695,-1,690,695,624,-1,624,695,696,-1,624,696,606,-1,606,696,697,-1,606,697,607,-1,49,270,50,-1,50,270,346,-1,50,346,399,-1,399,346,348,-1,399,348,401,-1,401,348,350,-1,401,350,403,-1,403,350,351,-1,403,351,405,-1,405,351,352,-1,405,352,417,-1,180,382,179,-1,179,382,476,-1,179,476,178,-1,178,476,474,-1,178,474,176,-1,176,474,472,-1,176,472,174,-1,174,472,5,-1,174,5,172,-1,172,5,4,-1,172,4,181,-1,381,623,374,-1,374,623,625,-1,374,625,21,-1,21,625,626,-1,21,626,22,-1,22,626,627,-1,22,627,24,-1,24,627,628,-1,24,628,25,-1,25,628,629,-1,25,629,27,-1,27,629,630,-1,27,630,28,-1,28,630,631,-1,28,631,503,-1,503,631,632,-1,503,632,463,-1,463,632,633,-1,463,633,377,-1,377,633,634,-1,377,634,372,-1,372,634,635,-1,372,635,371,-1,371,635,636,-1,371,636,370,-1,370,636,637,-1,370,637,30,-1,30,637,638,-1,30,638,31,-1,31,638,639,-1,31,639,33,-1,33,639,640,-1,33,640,34,-1,34,640,641,-1,34,641,36,-1,36,641,642,-1,36,642,37,-1,37,642,643,-1,37,643,39,-1,39,643,644,-1,39,644,40,-1,40,644,645,-1,40,645,362,-1,362,645,646,-1,362,646,366,-1,366,646,647,-1,366,647,367,-1,367,647,648,-1,367,648,359,-1,359,648,649,-1,359,649,42,-1,42,649,650,-1,42,650,43,-1,43,650,651,-1,43,651,45,-1,45,651,652,-1,45,652,46,-1,46,652,653,-1,46,653,48,-1,48,653,654,-1,48,654,49,-1,49,654,655,-1,49,655,60,-1,60,655,656,-1,60,656,61,-1,61,656,657,-1,61,657,63,-1,63,657,658,-1,63,658,64,-1,64,658,659,-1,64,659,66,-1,66,659,660,-1,66,660,67,-1,67,660,661,-1,67,661,266,-1,266,661,662,-1,266,662,263,-1,263,662,663,-1,263,663,264,-1,264,663,664,-1,264,664,260,-1,260,664,665,-1,260,665,69,-1,69,665,666,-1,69,666,70,-1,70,666,667,-1,70,667,72,-1,72,667,668,-1,72,668,73,-1,73,668,669,-1,73,669,258,-1,258,669,670,-1,258,670,248,-1,248,670,671,-1,248,671,237,-1,237,671,672,-1,237,672,215,-1,215,672,673,-1,215,673,168,-1,168,673,674,-1,168,674,167,-1,167,674,675,-1,167,675,166,-1,166,675,676,-1,166,676,165,-1,165,676,677,-1,165,677,81,-1,81,677,678,-1,81,678,82,-1,82,678,679,-1,82,679,84,-1,84,679,680,-1,84,680,85,-1,85,680,681,-1,85,681,87,-1,87,681,682,-1,87,682,88,-1,88,682,683,-1,88,683,90,-1,90,683,684,-1,90,684,91,-1,91,684,685,-1,91,685,160,-1,160,685,687,-1,160,687,180,-1,180,687,689,-1,180,689,381,-1,381,689,623,-1,698,699,453,-1,700,701,343,-1,702,703,205,-1,704,184,705,-1,705,184,183,-1,705,183,706,-1,205,203,702,-1,702,203,195,-1,702,195,707,-1,707,195,194,-1,707,194,704,-1,704,194,192,-1,704,192,184,-1,708,243,709,-1,709,243,233,-1,709,233,710,-1,710,233,232,-1,710,232,711,-1,711,232,214,-1,711,214,703,-1,703,214,206,-1,703,206,205,-1,712,354,713,-1,713,354,353,-1,713,353,714,-1,353,253,714,-1,714,253,252,-1,714,252,715,-1,715,252,235,-1,715,235,708,-1,708,235,234,-1,708,234,243,-1,716,357,717,-1,717,357,356,-1,717,356,712,-1,712,356,355,-1,712,355,354,-1,718,306,716,-1,716,306,279,-1,716,279,357,-1,719,720,57,-1,721,54,722,-1,722,54,305,-1,722,305,720,-1,720,305,58,-1,720,58,57,-1,57,304,719,-1,719,304,310,-1,719,310,723,-1,723,310,309,-1,723,309,724,-1,724,309,308,-1,724,308,718,-1,718,308,307,-1,718,307,306,-1,725,322,726,-1,726,322,321,-1,726,321,727,-1,321,52,727,-1,727,52,51,-1,727,51,728,-1,728,51,319,-1,728,319,721,-1,721,319,55,-1,721,55,54,-1,343,341,700,-1,700,341,333,-1,700,333,729,-1,729,333,332,-1,729,332,725,-1,725,332,330,-1,725,330,322,-1,730,731,732,-1,732,731,733,-1,732,733,734,-1,735,736,737,-1,737,736,738,-1,737,738,739,-1,739,738,740,-1,739,740,730,-1,730,740,741,-1,730,741,731,-1,742,743,744,-1,744,743,745,-1,744,745,746,-1,745,747,746,-1,746,747,748,-1,746,748,749,-1,749,748,750,-1,749,750,751,-1,751,750,752,-1,751,752,753,-1,733,754,734,-1,734,754,755,-1,734,755,756,-1,756,755,757,-1,756,757,742,-1,742,757,758,-1,742,758,743,-1,759,760,761,-1,761,760,762,-1,761,762,763,-1,764,765,766,-1,766,765,767,-1,766,767,768,-1,768,767,769,-1,768,769,759,-1,759,769,770,-1,759,770,760,-1,771,772,773,-1,773,772,774,-1,773,774,775,-1,774,776,775,-1,775,776,777,-1,775,777,778,-1,778,777,779,-1,778,779,780,-1,780,779,781,-1,780,781,782,-1,762,783,763,-1,763,783,784,-1,763,784,785,-1,785,784,786,-1,785,786,771,-1,771,786,787,-1,771,787,772,-1,752,788,753,-1,753,788,789,-1,753,789,790,-1,790,789,791,-1,790,791,792,-1,792,791,793,-1,792,793,794,-1,794,793,795,-1,794,795,764,-1,764,795,796,-1,764,796,765,-1,797,798,799,-1,799,798,800,-1,799,800,801,-1,801,800,802,-1,801,802,803,-1,803,802,804,-1,803,804,805,-1,805,804,806,-1,805,806,807,-1,807,806,808,-1,807,808,809,-1,809,808,810,-1,809,810,811,-1,811,810,812,-1,811,812,813,-1,813,812,814,-1,813,814,815,-1,815,814,816,-1,815,816,817,-1,817,816,818,-1,817,818,819,-1,819,818,820,-1,819,820,821,-1,821,820,822,-1,821,822,823,-1,823,822,824,-1,823,824,825,-1,825,824,826,-1,825,826,827,-1,827,826,828,-1,827,828,829,-1,829,828,830,-1,829,830,831,-1,831,830,832,-1,831,832,833,-1,833,832,834,-1,833,834,835,-1,835,834,836,-1,835,836,837,-1,837,836,838,-1,837,838,839,-1,839,838,840,-1,839,840,841,-1,841,840,842,-1,841,842,843,-1,843,842,844,-1,843,844,845,-1,845,844,846,-1,845,846,847,-1,847,846,848,-1,847,848,849,-1,849,848,850,-1,849,850,851,-1,851,850,852,-1,851,852,853,-1,853,852,854,-1,853,854,855,-1,855,854,856,-1,855,856,857,-1,857,856,858,-1,857,858,859,-1,859,858,860,-1,859,860,861,-1,861,860,862,-1,861,862,863,-1,863,862,864,-1,863,864,865,-1,865,864,866,-1,865,866,867,-1,867,866,868,-1,867,868,869,-1,869,868,870,-1,869,870,871,-1,871,870,872,-1,871,872,873,-1,873,872,874,-1,873,874,875,-1,875,874,876,-1,875,876,877,-1,877,876,878,-1,877,878,879,-1,879,878,880,-1,879,880,881,-1,881,880,882,-1,881,882,883,-1,883,882,884,-1,883,884,885,-1,885,884,886,-1,885,886,887,-1,887,886,888,-1,887,888,889,-1,889,888,890,-1,889,890,891,-1,891,890,892,-1,891,892,893,-1,893,892,894,-1,893,894,895,-1,895,894,896,-1,895,896,897,-1,897,896,898,-1,897,898,899,-1,899,898,900,-1,899,900,901,-1,901,900,902,-1,901,902,903,-1,903,902,904,-1,903,904,905,-1,905,904,906,-1,905,906,907,-1,907,906,908,-1,907,908,909,-1,909,908,910,-1,909,910,911,-1,911,910,912,-1,911,912,913,-1,913,912,914,-1,913,914,915,-1,915,914,916,-1,915,916,917,-1,917,916,918,-1,917,918,919,-1,919,918,920,-1,919,920,921,-1,921,920,922,-1,921,922,923,-1,923,922,924,-1,923,924,797,-1,797,924,798,-1,925,926,927,-1,927,926,928,-1,927,928,929,-1,930,931,932,-1,932,931,933,-1,932,933,934,-1,934,933,935,-1,934,935,925,-1,925,935,936,-1,925,936,926,-1,937,938,939,-1,939,938,940,-1,939,940,941,-1,940,942,941,-1,941,942,943,-1,941,943,944,-1,944,943,945,-1,944,945,946,-1,946,945,947,-1,946,947,948,-1,928,949,929,-1,929,949,950,-1,929,950,951,-1,951,950,952,-1,951,952,937,-1,937,952,953,-1,937,953,938,-1,954,955,956,-1,956,955,957,-1,956,957,958,-1,959,960,961,-1,961,960,962,-1,961,962,963,-1,963,962,964,-1,963,964,954,-1,954,964,965,-1,954,965,955,-1,966,967,968,-1,968,967,969,-1,968,969,970,-1,969,971,970,-1,970,971,972,-1,970,972,973,-1,973,972,974,-1,973,974,975,-1,975,974,976,-1,975,976,977,-1,957,978,958,-1,958,978,979,-1,958,979,980,-1,980,979,981,-1,980,981,966,-1,966,981,982,-1,966,982,967,-1,947,983,948,-1,948,983,984,-1,948,984,985,-1,985,984,986,-1,985,986,987,-1,987,986,988,-1,987,988,989,-1,989,988,990,-1,989,990,959,-1,959,990,991,-1,959,991,960,-1,992,797,977,-1,977,797,799,-1,977,799,975,-1,975,799,801,-1,975,801,973,-1,973,801,803,-1,973,803,970,-1,970,803,805,-1,970,805,968,-1,968,805,807,-1,968,807,966,-1,966,807,809,-1,966,809,980,-1,980,809,811,-1,980,811,958,-1,958,811,813,-1,958,813,956,-1,956,813,815,-1,956,815,954,-1,954,815,817,-1,954,817,963,-1,963,817,819,-1,963,819,961,-1,961,819,821,-1,961,821,959,-1,959,821,823,-1,959,823,989,-1,989,823,825,-1,989,825,987,-1,987,825,827,-1,987,827,985,-1,985,827,829,-1,985,829,948,-1,948,829,831,-1,948,831,946,-1,946,831,833,-1,946,833,944,-1,944,833,835,-1,944,835,941,-1,941,835,837,-1,941,837,939,-1,939,837,839,-1,939,839,937,-1,937,839,841,-1,937,841,951,-1,951,841,843,-1,951,843,929,-1,929,843,845,-1,929,845,927,-1,927,845,847,-1,927,847,925,-1,925,847,849,-1,925,849,934,-1,934,849,851,-1,934,851,932,-1,932,851,853,-1,932,853,930,-1,930,853,855,-1,930,855,993,-1,993,855,857,-1,993,857,994,-1,994,857,859,-1,994,859,995,-1,995,859,861,-1,995,861,782,-1,782,861,863,-1,782,863,780,-1,780,863,865,-1,780,865,778,-1,778,865,867,-1,778,867,775,-1,775,867,869,-1,775,869,773,-1,773,869,871,-1,773,871,771,-1,771,871,873,-1,771,873,785,-1,785,873,875,-1,785,875,763,-1,763,875,877,-1,763,877,761,-1,761,877,879,-1,761,879,759,-1,759,879,881,-1,759,881,768,-1,768,881,883,-1,768,883,766,-1,766,883,885,-1,766,885,764,-1,764,885,887,-1,764,887,794,-1,794,887,889,-1,794,889,792,-1,792,889,891,-1,792,891,790,-1,790,891,893,-1,790,893,753,-1,753,893,895,-1,753,895,751,-1,751,895,897,-1,751,897,749,-1,749,897,899,-1,749,899,746,-1,746,899,901,-1,746,901,744,-1,744,901,903,-1,744,903,742,-1,742,903,905,-1,742,905,756,-1,756,905,907,-1,756,907,734,-1,734,907,909,-1,734,909,732,-1,732,909,911,-1,732,911,730,-1,730,911,913,-1,730,913,739,-1,739,913,915,-1,739,915,737,-1,737,915,917,-1,737,917,735,-1,735,917,919,-1,735,919,996,-1,996,919,921,-1,996,921,997,-1,997,921,923,-1,997,923,992,-1,992,923,797,-1,998,418,999,-1,999,418,417,-1,999,417,1000,-1,1000,417,352,-1,1000,352,701,-1,701,352,344,-1,701,344,343,-1,1001,12,1002,-1,1002,12,428,-1,1002,428,1003,-1,428,16,1003,-1,1003,16,15,-1,1003,15,1004,-1,1004,15,427,-1,1004,427,1005,-1,1005,427,416,-1,1005,416,1006,-1,1006,416,415,-1,1006,415,998,-1,998,415,419,-1,998,419,418,-1,1007,432,1008,-1,1008,432,431,-1,1008,431,1009,-1,431,10,1009,-1,1009,10,9,-1,1009,9,1010,-1,1010,9,429,-1,1010,429,1001,-1,1001,429,13,-1,1001,13,12,-1,453,451,698,-1,698,451,443,-1,698,443,1011,-1,1011,443,442,-1,1011,442,1007,-1,1007,442,440,-1,1007,440,432,-1,1012,512,1013,-1,1013,512,509,-1,1013,509,1014,-1,1014,509,508,-1,1014,508,1015,-1,1015,508,462,-1,1015,462,699,-1,699,462,454,-1,699,454,453,-1,1016,487,1017,-1,1017,487,510,-1,1017,510,1012,-1,1012,510,511,-1,1012,511,512,-1,1018,544,1019,-1,1019,544,543,-1,1019,543,1016,-1,1016,543,488,-1,1016,488,487,-1,1020,547,1021,-1,1021,547,546,-1,1021,546,1018,-1,1018,546,545,-1,1018,545,544,-1,1022,532,1020,-1,1020,532,531,-1,1020,531,547,-1,1023,3,1024,-1,1024,3,542,-1,1024,542,1025,-1,542,7,1025,-1,1025,7,6,-1,1025,6,1026,-1,1026,6,541,-1,1026,541,1027,-1,1027,541,530,-1,1027,530,1028,-1,1028,530,529,-1,1028,529,1022,-1,1022,529,533,-1,1022,533,532,-1,183,76,706,-1,706,76,75,-1,706,75,1029,-1,1029,75,181,-1,1029,181,1023,-1,1023,181,4,-1,1023,4,3,-1,1030,1031,1032,-1,1032,1031,1033,-1,1032,1033,1034,-1,1034,1033,1035,-1,1034,1035,1036,-1,1036,1035,1037,-1,1036,1037,1038,-1,1038,1037,1039,-1,1038,1039,1040,-1,1040,1039,1041,-1,1040,1041,1042,-1,1042,1041,1043,-1,1042,1043,1044,-1,1044,1043,1045,-1,1044,1045,1046,-1,1046,1045,1047,-1,1046,1047,1048,-1,1048,1047,1049,-1,1048,1049,1050,-1,1050,1049,1051,-1,1050,1051,1052,-1,1052,1051,1053,-1,1052,1053,1054,-1,1054,1053,1055,-1,1054,1055,1056,-1,1056,1055,1057,-1,1056,1057,1058,-1,1058,1057,1059,-1,1058,1059,1060,-1,1060,1059,1061,-1,1060,1061,1062,-1,1062,1061,1063,-1,1062,1063,1064,-1,1064,1063,1065,-1,1064,1065,1066,-1,1066,1065,1067,-1,1066,1067,1068,-1,1068,1067,1069,-1,1068,1069,1070,-1,1070,1069,1071,-1,1070,1071,1072,-1,1072,1071,1073,-1,1072,1073,1074,-1,1074,1073,1075,-1,1074,1075,1076,-1,1076,1075,1077,-1,1076,1077,1078,-1,1078,1077,1079,-1,1078,1079,1080,-1,1080,1079,1081,-1,1080,1081,1082,-1,1082,1081,1083,-1,1082,1083,1084,-1,1084,1083,1085,-1,1084,1085,1086,-1,1086,1085,1087,-1,1086,1087,1088,-1,1088,1087,1089,-1,1088,1089,1090,-1,1090,1089,1091,-1,1090,1091,1092,-1,1092,1091,1093,-1,1092,1093,1094,-1,1094,1093,1095,-1,1094,1095,1096,-1,1096,1095,1097,-1,1096,1097,1098,-1,1098,1097,1099,-1,1098,1099,1100,-1,1100,1099,1101,-1,1100,1101,1102,-1,1102,1101,1103,-1,1102,1103,1104,-1,1104,1103,1105,-1,1104,1105,1106,-1,1106,1105,1107,-1,1106,1107,1108,-1,1108,1107,1109,-1,1108,1109,1110,-1,1110,1109,1111,-1,1110,1111,1112,-1,1112,1111,1113,-1,1112,1113,1114,-1,1114,1113,1115,-1,1114,1115,1116,-1,1116,1115,1117,-1,1116,1117,1118,-1,1118,1117,1119,-1,1118,1119,1120,-1,1120,1119,1121,-1,1120,1121,1122,-1,1122,1121,1123,-1,1122,1123,1124,-1,1124,1123,1125,-1,1124,1125,1126,-1,1126,1125,1127,-1,1126,1127,1128,-1,1128,1127,1129,-1,1128,1129,1130,-1,1130,1129,1131,-1,1130,1131,1132,-1,1132,1131,1133,-1,1132,1133,1134,-1,1134,1133,1135,-1,1134,1135,1136,-1,1136,1135,1137,-1,1136,1137,1138,-1,1138,1137,1139,-1,1138,1139,1140,-1,1140,1139,1141,-1,1140,1141,1142,-1,1142,1141,1143,-1,1142,1143,1144,-1,1144,1143,1145,-1,1144,1145,1146,-1,1146,1145,1147,-1,1146,1147,1148,-1,1148,1147,1149,-1,1148,1149,1150,-1,1150,1149,1151,-1,1150,1151,1152,-1,1152,1151,1153,-1,1152,1153,1154,-1,1154,1153,1155,-1,1154,1155,1156,-1,1156,1155,1157,-1,1156,1157,1030,-1,1030,1157,1031,-1,1031,1023,1033,-1,1033,1023,1024,-1,1033,1024,1035,-1,1035,1024,1025,-1,1035,1025,1037,-1,1037,1025,1026,-1,1037,1026,1039,-1,1039,1026,1027,-1,1039,1027,1041,-1,1041,1027,1028,-1,1041,1028,1043,-1,1043,1028,1022,-1,1043,1022,1045,-1,1045,1022,1020,-1,1045,1020,1047,-1,1047,1020,1021,-1,1047,1021,1049,-1,1049,1021,1018,-1,1049,1018,1051,-1,1051,1018,1019,-1,1051,1019,1053,-1,1053,1019,1016,-1,1053,1016,1055,-1,1055,1016,1017,-1,1055,1017,1057,-1,1057,1017,1012,-1,1057,1012,1059,-1,1059,1012,1013,-1,1059,1013,1061,-1,1061,1013,1014,-1,1061,1014,1063,-1,1063,1014,1015,-1,1063,1015,1065,-1,1065,1015,699,-1,1065,699,1067,-1,1067,699,698,-1,1067,698,1069,-1,1069,698,1011,-1,1069,1011,1071,-1,1071,1011,1007,-1,1071,1007,1073,-1,1073,1007,1008,-1,1073,1008,1075,-1,1075,1008,1009,-1,1075,1009,1077,-1,1077,1009,1010,-1,1077,1010,1079,-1,1079,1010,1001,-1,1079,1001,1081,-1,1081,1001,1002,-1,1081,1002,1083,-1,1083,1002,1003,-1,1083,1003,1085,-1,1085,1003,1004,-1,1085,1004,1087,-1,1087,1004,1005,-1,1087,1005,1089,-1,1089,1005,1006,-1,1089,1006,1091,-1,1091,1006,998,-1,1091,998,1093,-1,1093,998,999,-1,1093,999,1095,-1,1095,999,1000,-1,1095,1000,1097,-1,1097,1000,701,-1,1097,701,1099,-1,1099,701,700,-1,1099,700,1101,-1,1101,700,729,-1,1101,729,1103,-1,1103,729,725,-1,1103,725,1105,-1,1105,725,726,-1,1105,726,1107,-1,1107,726,727,-1,1107,727,1109,-1,1109,727,728,-1,1109,728,1111,-1,1111,728,721,-1,1111,721,1113,-1,1113,721,722,-1,1113,722,1115,-1,1115,722,720,-1,1115,720,1117,-1,1117,720,719,-1,1117,719,1119,-1,1119,719,723,-1,1119,723,1121,-1,1121,723,724,-1,1121,724,1123,-1,1123,724,718,-1,1123,718,1125,-1,1125,718,716,-1,1125,716,1127,-1,1127,716,717,-1,1127,717,1129,-1,1129,717,712,-1,1129,712,1131,-1,1131,712,713,-1,1131,713,1133,-1,1133,713,714,-1,1133,714,1135,-1,1135,714,715,-1,1135,715,1137,-1,1137,715,708,-1,1137,708,1139,-1,1139,708,709,-1,1139,709,1141,-1,1141,709,710,-1,1141,710,1143,-1,1143,710,711,-1,1143,711,1145,-1,1145,711,703,-1,1145,703,1147,-1,1147,703,702,-1,1147,702,1149,-1,1149,702,707,-1,1149,707,1151,-1,1151,707,704,-1,1151,704,1153,-1,1153,704,705,-1,1153,705,1155,-1,1155,705,706,-1,1155,706,1157,-1,1157,706,1029,-1,1157,1029,1031,-1,1031,1029,1023,-1,1158,1159,1160,-1,1160,1159,1161,-1,1160,1161,1162,-1,1162,1161,1163,-1,1162,1163,1164,-1,1164,1163,1165,-1,1164,1165,1166,-1,1166,1165,1167,-1,1166,1167,1168,-1,1168,1167,1169,-1,1168,1169,1170,-1,1170,1169,1171,-1,1170,1171,1172,-1,1172,1171,1173,-1,1172,1173,1174,-1,1174,1173,1175,-1,1174,1175,1176,-1,1176,1175,1177,-1,1176,1177,1178,-1,1178,1177,1179,-1,1178,1179,1180,-1,1180,1179,1181,-1,1180,1181,1182,-1,1182,1181,1183,-1,1182,1183,1184,-1,1184,1183,1185,-1,1184,1185,1186,-1,1186,1185,1187,-1,1186,1187,1188,-1,1188,1187,1189,-1,1188,1189,1190,-1,1190,1189,1191,-1,1190,1191,1192,-1,1192,1191,1193,-1,1192,1193,1194,-1,1194,1193,1195,-1,1194,1195,1196,-1,1196,1195,1197,-1,1196,1197,1198,-1,1198,1197,1199,-1,1198,1199,1200,-1,1200,1199,1201,-1,1200,1201,1202,-1,1202,1201,1203,-1,1202,1203,1204,-1,1204,1203,1205,-1,1204,1205,1206,-1,1206,1205,1207,-1,1206,1207,1208,-1,1208,1207,1209,-1,1208,1209,1210,-1,1210,1209,1211,-1,1210,1211,1212,-1,1212,1211,1213,-1,1212,1213,1214,-1,1214,1213,1215,-1,1214,1215,1216,-1,1216,1215,1217,-1,1216,1217,1218,-1,1218,1217,1219,-1,1218,1219,1220,-1,1220,1219,1221,-1,1220,1221,1222,-1,1222,1221,1223,-1,1222,1223,1224,-1,1224,1223,1225,-1,1224,1225,1226,-1,1226,1225,1227,-1,1226,1227,1228,-1,1228,1227,1229,-1,1228,1229,1230,-1,1230,1229,1231,-1,1230,1231,1232,-1,1232,1231,1233,-1,1232,1233,1234,-1,1234,1233,1235,-1,1234,1235,1236,-1,1236,1235,1237,-1,1236,1237,1238,-1,1238,1237,1239,-1,1238,1239,1240,-1,1240,1239,1241,-1,1240,1241,1242,-1,1242,1241,1243,-1,1242,1243,1244,-1,1244,1243,1245,-1,1244,1245,1246,-1,1246,1245,1247,-1,1246,1247,1248,-1,1248,1247,1249,-1,1248,1249,1250,-1,1250,1249,1251,-1,1250,1251,1252,-1,1252,1251,1253,-1,1252,1253,1254,-1,1254,1253,1255,-1,1254,1255,1256,-1,1256,1255,1257,-1,1256,1257,1258,-1,1258,1257,1259,-1,1258,1259,1260,-1,1260,1259,1261,-1,1260,1261,1262,-1,1262,1261,1263,-1,1262,1263,1264,-1,1264,1263,1265,-1,1264,1265,1266,-1,1266,1265,1267,-1,1266,1267,1268,-1,1268,1267,1269,-1,1268,1269,1270,-1,1270,1269,1271,-1,1270,1271,1272,-1,1272,1271,1273,-1,1272,1273,1274,-1,1274,1273,1275,-1,1274,1275,1276,-1,1276,1275,1277,-1,1276,1277,1278,-1,1278,1277,1279,-1,1278,1279,1280,-1,1280,1279,1281,-1,1280,1281,1282,-1,1282,1281,1283,-1,1282,1283,1284,-1,1284,1283,1285,-1,1284,1285,1158,-1,1158,1285,1159,-1,1159,1030,1161,-1,1161,1030,1032,-1,1161,1032,1163,-1,1163,1032,1034,-1,1163,1034,1165,-1,1165,1034,1036,-1,1165,1036,1167,-1,1167,1036,1038,-1,1167,1038,1169,-1,1169,1038,1040,-1,1169,1040,1171,-1,1171,1040,1042,-1,1171,1042,1173,-1,1173,1042,1044,-1,1173,1044,1175,-1,1175,1044,1046,-1,1175,1046,1177,-1,1177,1046,1048,-1,1177,1048,1179,-1,1179,1048,1050,-1,1179,1050,1181,-1,1181,1050,1052,-1,1181,1052,1183,-1,1183,1052,1054,-1,1183,1054,1185,-1,1185,1054,1056,-1,1185,1056,1187,-1,1187,1056,1058,-1,1187,1058,1189,-1,1189,1058,1060,-1,1189,1060,1191,-1,1191,1060,1062,-1,1191,1062,1193,-1,1193,1062,1064,-1,1193,1064,1195,-1,1195,1064,1066,-1,1195,1066,1197,-1,1197,1066,1068,-1,1197,1068,1199,-1,1199,1068,1070,-1,1199,1070,1201,-1,1201,1070,1072,-1,1201,1072,1203,-1,1203,1072,1074,-1,1203,1074,1205,-1,1205,1074,1076,-1,1205,1076,1207,-1,1207,1076,1078,-1,1207,1078,1209,-1,1209,1078,1080,-1,1209,1080,1211,-1,1211,1080,1082,-1,1211,1082,1213,-1,1213,1082,1084,-1,1213,1084,1215,-1,1215,1084,1086,-1,1215,1086,1217,-1,1217,1086,1088,-1,1217,1088,1219,-1,1219,1088,1090,-1,1219,1090,1221,-1,1221,1090,1092,-1,1221,1092,1223,-1,1223,1092,1094,-1,1223,1094,1225,-1,1225,1094,1096,-1,1225,1096,1227,-1,1227,1096,1098,-1,1227,1098,1229,-1,1229,1098,1100,-1,1229,1100,1231,-1,1231,1100,1102,-1,1231,1102,1233,-1,1233,1102,1104,-1,1233,1104,1235,-1,1235,1104,1106,-1,1235,1106,1237,-1,1237,1106,1108,-1,1237,1108,1239,-1,1239,1108,1110,-1,1239,1110,1241,-1,1241,1110,1112,-1,1241,1112,1243,-1,1243,1112,1114,-1,1243,1114,1245,-1,1245,1114,1116,-1,1245,1116,1247,-1,1247,1116,1118,-1,1247,1118,1249,-1,1249,1118,1120,-1,1249,1120,1251,-1,1251,1120,1122,-1,1251,1122,1253,-1,1253,1122,1124,-1,1253,1124,1255,-1,1255,1124,1126,-1,1255,1126,1257,-1,1257,1126,1128,-1,1257,1128,1259,-1,1259,1128,1130,-1,1259,1130,1261,-1,1261,1130,1132,-1,1261,1132,1263,-1,1263,1132,1134,-1,1263,1134,1265,-1,1265,1134,1136,-1,1265,1136,1267,-1,1267,1136,1138,-1,1267,1138,1269,-1,1269,1138,1140,-1,1269,1140,1271,-1,1271,1140,1142,-1,1271,1142,1273,-1,1273,1142,1144,-1,1273,1144,1275,-1,1275,1144,1146,-1,1275,1146,1277,-1,1277,1146,1148,-1,1277,1148,1279,-1,1279,1148,1150,-1,1279,1150,1281,-1,1281,1150,1152,-1,1281,1152,1283,-1,1283,1152,1154,-1,1283,1154,1285,-1,1285,1154,1156,-1,1285,1156,1159,-1,1159,1156,1030,-1,781,1286,782,-1,782,1286,1287,-1,782,1287,995,-1,995,1287,1288,-1,995,1288,994,-1,994,1288,1289,-1,994,1289,993,-1,993,1289,1290,-1,993,1290,930,-1,930,1290,1291,-1,930,1291,931,-1,976,1292,977,-1,977,1292,1293,-1,977,1293,992,-1,992,1293,1294,-1,992,1294,997,-1,997,1294,1295,-1,997,1295,996,-1,996,1295,1296,-1,996,1296,735,-1,735,1296,1297,-1,735,1297,736,-1,798,1158,800,-1,800,1158,1160,-1,800,1160,802,-1,802,1160,1162,-1,802,1162,804,-1,804,1162,1164,-1,804,1164,806,-1,806,1164,1166,-1,806,1166,808,-1,808,1166,1168,-1,808,1168,810,-1,810,1168,1170,-1,810,1170,812,-1,812,1170,1172,-1,812,1172,814,-1,814,1172,1174,-1,814,1174,816,-1,816,1174,1176,-1,816,1176,818,-1,818,1176,1178,-1,818,1178,820,-1,820,1178,1180,-1,820,1180,822,-1,822,1180,1182,-1,822,1182,824,-1,824,1182,1184,-1,824,1184,826,-1,826,1184,1186,-1,826,1186,828,-1,828,1186,1188,-1,828,1188,830,-1,830,1188,1190,-1,830,1190,832,-1,832,1190,1192,-1,832,1192,834,-1,834,1192,1194,-1,834,1194,836,-1,836,1194,1196,-1,836,1196,838,-1,838,1196,1198,-1,838,1198,840,-1,840,1198,1200,-1,840,1200,842,-1,842,1200,1202,-1,842,1202,844,-1,844,1202,1204,-1,844,1204,846,-1,846,1204,1206,-1,846,1206,848,-1,848,1206,1208,-1,848,1208,850,-1,850,1208,1210,-1,850,1210,852,-1,852,1210,1212,-1,852,1212,854,-1,854,1212,1214,-1,854,1214,856,-1,856,1214,1216,-1,856,1216,858,-1,858,1216,1218,-1,858,1218,860,-1,860,1218,1220,-1,860,1220,862,-1,862,1220,1222,-1,862,1222,864,-1,864,1222,1224,-1,864,1224,866,-1,866,1224,1226,-1,866,1226,868,-1,868,1226,1228,-1,868,1228,870,-1,870,1228,1230,-1,870,1230,872,-1,872,1230,1232,-1,872,1232,874,-1,874,1232,1234,-1,874,1234,876,-1,876,1234,1236,-1,876,1236,878,-1,878,1236,1238,-1,878,1238,880,-1,880,1238,1240,-1,880,1240,882,-1,882,1240,1242,-1,882,1242,884,-1,884,1242,1244,-1,884,1244,886,-1,886,1244,1246,-1,886,1246,888,-1,888,1246,1248,-1,888,1248,890,-1,890,1248,1250,-1,890,1250,892,-1,892,1250,1252,-1,892,1252,894,-1,894,1252,1254,-1,894,1254,896,-1,896,1254,1256,-1,896,1256,898,-1,898,1256,1258,-1,898,1258,900,-1,900,1258,1260,-1,900,1260,902,-1,902,1260,1262,-1,902,1262,904,-1,904,1262,1264,-1,904,1264,906,-1,906,1264,1266,-1,906,1266,908,-1,908,1266,1268,-1,908,1268,910,-1,910,1268,1270,-1,910,1270,912,-1,912,1270,1272,-1,912,1272,914,-1,914,1272,1274,-1,914,1274,916,-1,916,1274,1276,-1,916,1276,918,-1,918,1276,1278,-1,918,1278,920,-1,920,1278,1280,-1,920,1280,922,-1,922,1280,1282,-1,922,1282,924,-1,924,1282,1284,-1,924,1284,798,-1,798,1284,1158,-1,
        ]
    }
}
Shape{
    appearance Appearance {
        material  Material 	{
            diffuseColor 0.996078431372549 0.8705882352941177 0.7607843137254902
            specularColor 0.4980392156862745 0.43529411764705883 0.3803921568627451
            ambientIntensity 0.2
            transparency 0
            shininess 0.5
        }
    }
    geometry IndexedFaceSet {
        ccw TRUE
        solid FALSE
        coord DEF co Coordinate {
            point [
                1.6535 0.1428 -0.6721, 1.6535 0.2031 -0.6584, 1.6841 0.2019 -0.6545, 1.6535 0.4042 -0.5564, 1.6535 0.4686 -0.5051, 1.6841 0.4659 -0.5021, 1.6535 0.6535 -0.2124, 1.6535 0.6717 -0.1533, 1.6841 0.6678 -0.1524, 1.6535 0.684 0.0718, 1.6535 0.6717 0.1533, 1.6841 0.6678 0.1524, 1.6535 0.5107 0.4598, 1.6535 0.4686 0.5051, 1.6841 0.4659 0.5021, 1.6535 0.2798 0.6283, 1.6535 0.2031 0.6584, 1.6841 0.2019 0.6545, 1.6535 -0.1428 0.6721, 1.6535 -0.2031 0.6584, 1.6841 -0.2019 0.6545, 1.6535 -0.4042 0.5564, 1.6535 -0.4686 0.5051, 1.6841 -0.4659 0.5021, 1.6535 -0.6535 0.2124, 1.6535 -0.6717 0.1533, 1.6841 -0.6678 0.1524, 1.6535 -0.684 -0.0718, 1.6535 -0.6717 -0.1533, 1.6841 -0.6678 -0.1524, 1.6535 -0.5107 -0.4598, 1.6535 -0.4686 -0.5051, 1.6841 -0.4659 -0.5021, 1.6535 -0.2798 -0.6283, 1.6535 -0.2031 -0.6584, 1.6841 -0.2019 -0.6545, 1.7717 -0.0851 -0.5645, 1.7717 -0.1683 -0.5455, 1.7676 -0.0896 -0.5947, 1.7676 -0.1773 -0.5747, 1.7558 -0.0939 -0.6229, 1.7558 -0.1857 -0.6019, 1.7371 -0.0975 -0.6471, 1.7371 -0.1929 -0.6253, 1.7126 -0.1003 -0.6656, 1.7126 -0.1984 -0.6432, 1.6841 -0.1021 -0.6773, 1.7717 -0.3216 -0.4717, 1.7717 -0.3883 -0.4185, 1.7676 -0.3388 -0.4969, 1.7676 -0.4091 -0.4409, 1.7558 -0.3548 -0.5205, 1.7558 -0.4285 -0.4618, 1.7371 -0.3686 -0.5407, 1.7371 -0.4451 -0.4797, 1.7126 -0.3792 -0.5562, 1.7126 -0.4579 -0.4935, 1.6841 -0.3858 -0.5659, 1.7717 -0.5314 -0.2086, 1.7717 -0.5566 -0.127, 1.7676 -0.5599 -0.2197, 1.7676 -0.5864 -0.1338, 1.7558 -0.5864 -0.2301, 1.7558 -0.6141 -0.1402, 1.7371 -0.6091 -0.2391, 1.7371 -0.638 -0.1456, 1.7126 -0.6266 -0.2459, 1.7126 -0.6563 -0.1498, 1.6841 -0.6376 -0.2502, 1.7717 -0.5693 0.0427, 1.7717 -0.5566 0.127, 1.7676 -0.5998 0.0449, 1.7676 -0.5864 0.1338, 1.7558 -0.6282 0.0471, 1.7558 -0.6141 0.1402, 1.7371 -0.6526 0.0489, 1.7371 -0.638 0.1456, 1.7126 -0.6713 0.0503, 1.7126 -0.6563 0.1498, 1.6841 -0.683 0.0512, 1.7717 -0.4463 0.3559, 1.7717 -0.3883 0.4185, 1.7676 -0.4702 0.375, 1.7676 -0.4091 0.4409, 1.7558 -0.4925 0.3927, 1.7558 -0.4285 0.4618, 1.7371 -0.5116 0.408, 1.7371 -0.4451 0.4797, 1.7126 -0.5263 0.4197, 1.7126 -0.4579 0.4935, 1.6841 -0.5355 0.4271, 1.7717 -0.2477 0.5143, 1.7717 -0.1683 0.5455, 1.7676 -0.261 0.5419, 1.7676 -0.1773 0.5747, 1.7558 -0.2733 0.5675, 1.7558 -0.1857 0.6019, 1.7371 -0.2839 0.5896, 1.7371 -0.1929 0.6253, 1.7126 -0.2921 0.6065, 1.7126 -0.1984 0.6432, 1.6841 -0.2972 0.6171, 1.7717 0.0851 0.5645, 1.7717 0.1683 0.5455, 1.7676 0.0896 0.5947, 1.7676 0.1773 0.5747, 1.7558 0.0939 0.6229, 1.7558 0.1857 0.6019, 1.7371 0.0975 0.6471, 1.7371 0.1929 0.6253, 1.7126 0.1003 0.6656, 1.7126 0.1984 0.6432, 1.6841 0.1021 0.6773, 1.7717 0.3216 0.4717, 1.7717 0.3883 0.4185, 1.7676 0.3388 0.4969, 1.7676 0.4091 0.4409, 1.7558 0.3548 0.5205, 1.7558 0.4285 0.4618, 1.7371 0.3686 0.5407, 1.7371 0.4451 0.4797, 1.7126 0.3792 0.5562, 1.7126 0.4579 0.4935, 1.6841 0.3858 0.5659, 1.7717 0.5314 0.2086, 1.7717 0.5566 0.127, 1.7676 0.5599 0.2197, 1.7676 0.5864 0.1338, 1.7558 0.5864 0.2301, 1.7558 0.6141 0.1402, 1.7371 0.6091 0.2391, 1.7371 0.638 0.1456, 1.7126 0.6266 0.2459, 1.7126 0.6563 0.1498, 1.6841 0.6376 0.2502, 1.7717 0.5693 -0.0427, 1.7717 0.5566 -0.127, 1.7676 0.5998 -0.0449, 1.7676 0.5864 -0.1338, 1.7558 0.6282 -0.0471, 1.7558 0.6141 -0.1402, 1.7371 0.6526 -0.0489, 1.7371 0.638 -0.1456, 1.7126 0.6713 -0.0503, 1.7126 0.6563 -0.1498, 1.6841 0.683 -0.0512, 1.7717 0.4463 -0.3559, 1.7717 0.3883 -0.4185, 1.7676 0.4702 -0.375, 1.7676 0.4091 -0.4409, 1.7558 0.4925 -0.3927, 1.7558 0.4285 -0.4618, 1.7371 0.5116 -0.408, 1.7371 0.4451 -0.4797, 1.7126 0.5263 -0.4197, 1.7126 0.4579 -0.4935, 1.6841 0.5355 -0.4271, 1.7717 0.2477 -0.5143, 1.7717 0.1683 -0.5455, 1.7676 0.261 -0.5419, 1.7676 0.1773 -0.5747, 1.7558 0.2733 -0.5675, 1.7558 0.1857 -0.6019, 1.7371 0.2839 -0.5896, 1.7371 0.1929 -0.6253, 1.7126 0.2921 -0.6065, 1.7126 0.1984 -0.6432, 1.6841 0.2972 -0.6171, 1.7717 -0.0 -0.5709, 1.7676 -0.0 -0.6014, 1.7558 -0.0 -0.6299, 1.7371 -0.0 -0.6544, 1.7126 -0.0 -0.6732, 1.6841 -0.0 -0.685, 1.6535 -0.0 -0.689, 1.6535 -0.1027 -0.6813, 1.6535 -0.1428 -0.6721, 1.6535 -0.2989 -0.6207, 1.6841 -0.2972 -0.6171, 1.7126 -0.2921 -0.6065, 1.7371 -0.2839 -0.5896, 1.7558 -0.2733 -0.5675, 1.7676 -0.261 -0.5419, 1.7717 -0.2477 -0.5143, 1.6535 -0.3881 -0.5693, 1.6535 -0.4042 -0.5564, 1.6535 -0.5387 -0.4296, 1.6841 -0.5355 -0.4271, 1.7126 -0.5263 -0.4197, 1.7371 -0.5116 -0.408, 1.7558 -0.4925 -0.3927, 1.7676 -0.4702 -0.375, 1.7717 -0.4463 -0.3559, 1.7717 -0.4944 -0.2854, 1.7676 -0.5209 -0.3007, 1.7558 -0.5455 -0.315, 1.7371 -0.5667 -0.3272, 1.7126 -0.583 -0.3366, 1.6841 -0.5932 -0.3425, 1.6535 -0.5967 -0.3445, 1.6535 -0.6413 -0.2517, 1.6535 -0.6535 -0.2124, 1.6535 -0.687 -0.0515, 1.6841 -0.683 -0.0512, 1.7126 -0.6713 -0.0503, 1.7371 -0.6526 -0.0489, 1.7558 -0.6282 -0.0471, 1.7676 -0.5998 -0.0449, 1.7717 -0.5693 -0.0427, 1.6535 -0.687 0.0515, 1.6535 -0.684 0.0718, 1.6535 -0.6413 0.2517, 1.6841 -0.6376 0.2502, 1.7126 -0.6266 0.2459, 1.7371 -0.6091 0.2391, 1.7558 -0.5864 0.2301, 1.7676 -0.5599 0.2197, 1.7717 -0.5314 0.2086, 1.7717 -0.4944 0.2854, 1.7676 -0.5209 0.3007, 1.7558 -0.5455 0.315, 1.7371 -0.5667 0.3272, 1.7126 -0.583 0.3366, 1.6841 -0.5932 0.3425, 1.6535 -0.5967 0.3445, 1.6535 -0.5387 0.4296, 1.6535 -0.5107 0.4598, 1.6535 -0.3881 0.5693, 1.6841 -0.3858 0.5659, 1.7126 -0.3792 0.5562, 1.7371 -0.3686 0.5407, 1.7558 -0.3548 0.5205, 1.7676 -0.3388 0.4969, 1.7717 -0.3216 0.4717, 1.6535 -0.2989 0.6207, 1.6535 -0.2798 0.6283, 1.6535 -0.1027 0.6813, 1.6841 -0.1021 0.6773, 1.7126 -0.1003 0.6656, 1.7371 -0.0975 0.6471, 1.7558 -0.0939 0.6229, 1.7676 -0.0896 0.5947, 1.7717 -0.0851 0.5645, 1.7717 -0.0 0.5709, 1.7676 -0.0 0.6014, 1.7558 -0.0 0.6299, 1.7371 -0.0 0.6544, 1.7126 -0.0 0.6732, 1.6841 -0.0 0.685, 1.6535 -0.0 0.689, 1.6535 0.1027 0.6813, 1.6535 0.1428 0.6721, 1.6535 0.2989 0.6207, 1.6841 0.2972 0.6171, 1.7126 0.2921 0.6065, 1.7371 0.2839 0.5896, 1.7558 0.2733 0.5675, 1.7676 0.261 0.5419, 1.7717 0.2477 0.5143, 1.6535 0.3881 0.5693, 1.6535 0.4042 0.5564, 1.6535 0.5387 0.4296, 1.6841 0.5355 0.4271, 1.7126 0.5263 0.4197, 1.7371 0.5116 0.408, 1.7558 0.4925 0.3927, 1.7676 0.4702 0.375, 1.7717 0.4463 0.3559, 1.7717 0.4944 0.2854, 1.7676 0.5209 0.3007, 1.7558 0.5455 0.315, 1.7371 0.5667 0.3272, 1.7126 0.583 0.3366, 1.6841 0.5932 0.3425, 1.6535 0.5967 0.3445, 1.6535 0.6413 0.2517, 1.6535 0.6535 0.2124, 1.6535 0.687 0.0515, 1.6841 0.683 0.0512, 1.7126 0.6713 0.0503, 1.7371 0.6526 0.0489, 1.7558 0.6282 0.0471, 1.7676 0.5998 0.0449, 1.7717 0.5693 0.0427, 1.6535 0.687 -0.0515, 1.6535 0.684 -0.0718, 1.6535 0.6413 -0.2517, 1.6841 0.6376 -0.2502, 1.7126 0.6266 -0.2459, 1.7371 0.6091 -0.2391, 1.7558 0.5864 -0.2301, 1.7676 0.5599 -0.2197, 1.7717 0.5314 -0.2086, 1.7717 0.4944 -0.2854, 1.7676 0.5209 -0.3007, 1.7558 0.5455 -0.315, 1.7371 0.5667 -0.3272, 1.7126 0.583 -0.3366, 1.6841 0.5932 -0.3425, 1.6535 0.5967 -0.3445, 1.6535 0.5387 -0.4296, 1.6535 0.5107 -0.4598, 1.6535 0.3881 -0.5693, 1.6841 0.3858 -0.5659, 1.7126 0.3792 -0.5562, 1.7371 0.3686 -0.5407, 1.7558 0.3548 -0.5205, 1.7676 0.3388 -0.4969, 1.7717 0.3216 -0.4717, 1.6535 0.2989 -0.6207, 1.6535 0.2798 -0.6283, 1.6535 0.1027 -0.6813, 1.6841 0.1021 -0.6773, 1.7126 0.1003 -0.6656, 1.7371 0.0975 -0.6471, 1.7558 0.0939 -0.6229, 1.7676 0.0896 -0.5947, 1.7717 0.0851 -0.5645, 1.7717 0.0851 -0.5645
            ]
        }
        coordIndex [
            0,1,2,-1,3,4,5,-1,6,7,8,-1,9,10,11,-1,12,13,14,-1,15,16,17,-1,18,19,20,-1,21,22,23,-1,24,25,26,-1,27,28,29,-1,30,31,32,-1,33,34,35,-1,36,37,38,-1,38,37,39,-1,38,39,40,-1,40,39,41,-1,40,41,42,-1,42,41,43,-1,42,43,44,-1,44,43,45,-1,44,45,46,-1,46,45,35,-1,47,48,49,-1,49,48,50,-1,49,50,51,-1,51,50,52,-1,51,52,53,-1,53,52,54,-1,53,54,55,-1,55,54,56,-1,55,56,57,-1,57,56,32,-1,58,59,60,-1,60,59,61,-1,60,61,62,-1,62,61,63,-1,62,63,64,-1,64,63,65,-1,64,65,66,-1,66,65,67,-1,66,67,68,-1,68,67,29,-1,69,70,71,-1,71,70,72,-1,71,72,73,-1,73,72,74,-1,73,74,75,-1,75,74,76,-1,75,76,77,-1,77,76,78,-1,77,78,79,-1,79,78,26,-1,80,81,82,-1,82,81,83,-1,82,83,84,-1,84,83,85,-1,84,85,86,-1,86,85,87,-1,86,87,88,-1,88,87,89,-1,88,89,90,-1,90,89,23,-1,91,92,93,-1,93,92,94,-1,93,94,95,-1,95,94,96,-1,95,96,97,-1,97,96,98,-1,97,98,99,-1,99,98,100,-1,99,100,101,-1,101,100,20,-1,102,103,104,-1,104,103,105,-1,104,105,106,-1,106,105,107,-1,106,107,108,-1,108,107,109,-1,108,109,110,-1,110,109,111,-1,110,111,112,-1,112,111,17,-1,113,114,115,-1,115,114,116,-1,115,116,117,-1,117,116,118,-1,117,118,119,-1,119,118,120,-1,119,120,121,-1,121,120,122,-1,121,122,123,-1,123,122,14,-1,124,125,126,-1,126,125,127,-1,126,127,128,-1,128,127,129,-1,128,129,130,-1,130,129,131,-1,130,131,132,-1,132,131,133,-1,132,133,134,-1,134,133,11,-1,135,136,137,-1,137,136,138,-1,137,138,139,-1,139,138,140,-1,139,140,141,-1,141,140,142,-1,141,142,143,-1,143,142,144,-1,143,144,145,-1,145,144,8,-1,146,147,148,-1,148,147,149,-1,148,149,150,-1,150,149,151,-1,150,151,152,-1,152,151,153,-1,152,153,154,-1,154,153,155,-1,154,155,156,-1,156,155,5,-1,157,158,159,-1,159,158,160,-1,159,160,161,-1,161,160,162,-1,161,162,163,-1,163,162,164,-1,163,164,165,-1,165,164,166,-1,165,166,167,-1,167,166,2,-1,168,36,169,-1,169,36,38,-1,169,38,170,-1,170,38,40,-1,170,40,171,-1,171,40,42,-1,171,42,172,-1,172,42,44,-1,172,44,173,-1,173,44,46,-1,173,46,174,-1,174,46,175,-1,35,34,46,-1,46,34,176,-1,46,176,175,-1,177,33,178,-1,178,33,35,-1,178,35,179,-1,179,35,45,-1,179,45,180,-1,180,45,43,-1,180,43,181,-1,181,43,41,-1,181,41,182,-1,182,41,39,-1,182,39,183,-1,183,39,37,-1,183,47,182,-1,182,47,49,-1,182,49,181,-1,181,49,51,-1,181,51,180,-1,180,51,53,-1,180,53,179,-1,179,53,55,-1,179,55,178,-1,178,55,57,-1,178,57,177,-1,177,57,184,-1,32,31,57,-1,57,31,185,-1,57,185,184,-1,186,30,187,-1,187,30,32,-1,187,32,188,-1,188,32,56,-1,188,56,189,-1,189,56,54,-1,189,54,190,-1,190,54,52,-1,190,52,191,-1,191,52,50,-1,191,50,192,-1,192,50,48,-1,192,193,191,-1,191,193,194,-1,191,194,190,-1,190,194,195,-1,190,195,189,-1,189,195,196,-1,189,196,188,-1,188,196,197,-1,188,197,187,-1,187,197,198,-1,187,198,186,-1,186,198,199,-1,193,58,194,-1,194,58,60,-1,194,60,195,-1,195,60,62,-1,195,62,196,-1,196,62,64,-1,196,64,197,-1,197,64,66,-1,197,66,198,-1,198,66,68,-1,198,68,199,-1,199,68,200,-1,29,28,68,-1,68,28,201,-1,68,201,200,-1,202,27,203,-1,203,27,29,-1,203,29,204,-1,204,29,67,-1,204,67,205,-1,205,67,65,-1,205,65,206,-1,206,65,63,-1,206,63,207,-1,207,63,61,-1,207,61,208,-1,208,61,59,-1,208,69,207,-1,207,69,71,-1,207,71,206,-1,206,71,73,-1,206,73,205,-1,205,73,75,-1,205,75,204,-1,204,75,77,-1,204,77,203,-1,203,77,79,-1,203,79,202,-1,202,79,209,-1,26,25,79,-1,79,25,210,-1,79,210,209,-1,211,24,212,-1,212,24,26,-1,212,26,213,-1,213,26,78,-1,213,78,214,-1,214,78,76,-1,214,76,215,-1,215,76,74,-1,215,74,216,-1,216,74,72,-1,216,72,217,-1,217,72,70,-1,217,218,216,-1,216,218,219,-1,216,219,215,-1,215,219,220,-1,215,220,214,-1,214,220,221,-1,214,221,213,-1,213,221,222,-1,213,222,212,-1,212,222,223,-1,212,223,211,-1,211,223,224,-1,218,80,219,-1,219,80,82,-1,219,82,220,-1,220,82,84,-1,220,84,221,-1,221,84,86,-1,221,86,222,-1,222,86,88,-1,222,88,223,-1,223,88,90,-1,223,90,224,-1,224,90,225,-1,23,22,90,-1,90,22,226,-1,90,226,225,-1,227,21,228,-1,228,21,23,-1,228,23,229,-1,229,23,89,-1,229,89,230,-1,230,89,87,-1,230,87,231,-1,231,87,85,-1,231,85,232,-1,232,85,83,-1,232,83,233,-1,233,83,81,-1,233,91,232,-1,232,91,93,-1,232,93,231,-1,231,93,95,-1,231,95,230,-1,230,95,97,-1,230,97,229,-1,229,97,99,-1,229,99,228,-1,228,99,101,-1,228,101,227,-1,227,101,234,-1,20,19,101,-1,101,19,235,-1,101,235,234,-1,236,18,237,-1,237,18,20,-1,237,20,238,-1,238,20,100,-1,238,100,239,-1,239,100,98,-1,239,98,240,-1,240,98,96,-1,240,96,241,-1,241,96,94,-1,241,94,242,-1,242,94,92,-1,242,243,241,-1,241,243,244,-1,241,244,240,-1,240,244,245,-1,240,245,239,-1,239,245,246,-1,239,246,238,-1,238,246,247,-1,238,247,237,-1,237,247,248,-1,237,248,236,-1,236,248,249,-1,243,102,244,-1,244,102,104,-1,244,104,245,-1,245,104,106,-1,245,106,246,-1,246,106,108,-1,246,108,247,-1,247,108,110,-1,247,110,248,-1,248,110,112,-1,248,112,249,-1,249,112,250,-1,17,16,112,-1,112,16,251,-1,112,251,250,-1,252,15,253,-1,253,15,17,-1,253,17,254,-1,254,17,111,-1,254,111,255,-1,255,111,109,-1,255,109,256,-1,256,109,107,-1,256,107,257,-1,257,107,105,-1,257,105,258,-1,258,105,103,-1,258,113,257,-1,257,113,115,-1,257,115,256,-1,256,115,117,-1,256,117,255,-1,255,117,119,-1,255,119,254,-1,254,119,121,-1,254,121,253,-1,253,121,123,-1,253,123,252,-1,252,123,259,-1,14,13,123,-1,123,13,260,-1,123,260,259,-1,261,12,262,-1,262,12,14,-1,262,14,263,-1,263,14,122,-1,263,122,264,-1,264,122,120,-1,264,120,265,-1,265,120,118,-1,265,118,266,-1,266,118,116,-1,266,116,267,-1,267,116,114,-1,267,268,266,-1,266,268,269,-1,266,269,265,-1,265,269,270,-1,265,270,264,-1,264,270,271,-1,264,271,263,-1,263,271,272,-1,263,272,262,-1,262,272,273,-1,262,273,261,-1,261,273,274,-1,268,124,269,-1,269,124,126,-1,269,126,270,-1,270,126,128,-1,270,128,271,-1,271,128,130,-1,271,130,272,-1,272,130,132,-1,272,132,273,-1,273,132,134,-1,273,134,274,-1,274,134,275,-1,11,10,134,-1,134,10,276,-1,134,276,275,-1,277,9,278,-1,278,9,11,-1,278,11,279,-1,279,11,133,-1,279,133,280,-1,280,133,131,-1,280,131,281,-1,281,131,129,-1,281,129,282,-1,282,129,127,-1,282,127,283,-1,283,127,125,-1,283,135,282,-1,282,135,137,-1,282,137,281,-1,281,137,139,-1,281,139,280,-1,280,139,141,-1,280,141,279,-1,279,141,143,-1,279,143,278,-1,278,143,145,-1,278,145,277,-1,277,145,284,-1,8,7,145,-1,145,7,285,-1,145,285,284,-1,286,6,287,-1,287,6,8,-1,287,8,288,-1,288,8,144,-1,288,144,289,-1,289,144,142,-1,289,142,290,-1,290,142,140,-1,290,140,291,-1,291,140,138,-1,291,138,292,-1,292,138,136,-1,292,293,291,-1,291,293,294,-1,291,294,290,-1,290,294,295,-1,290,295,289,-1,289,295,296,-1,289,296,288,-1,288,296,297,-1,288,297,287,-1,287,297,298,-1,287,298,286,-1,286,298,299,-1,293,146,294,-1,294,146,148,-1,294,148,295,-1,295,148,150,-1,295,150,296,-1,296,150,152,-1,296,152,297,-1,297,152,154,-1,297,154,298,-1,298,154,156,-1,298,156,299,-1,299,156,300,-1,5,4,156,-1,156,4,301,-1,156,301,300,-1,302,3,303,-1,303,3,5,-1,303,5,304,-1,304,5,155,-1,304,155,305,-1,305,155,153,-1,305,153,306,-1,306,153,151,-1,306,151,307,-1,307,151,149,-1,307,149,308,-1,308,149,147,-1,308,157,307,-1,307,157,159,-1,307,159,306,-1,306,159,161,-1,306,161,305,-1,305,161,163,-1,305,163,304,-1,304,163,165,-1,304,165,303,-1,303,165,167,-1,303,167,302,-1,302,167,309,-1,2,1,167,-1,167,1,310,-1,167,310,309,-1,311,0,312,-1,312,0,2,-1,312,2,313,-1,313,2,166,-1,313,166,314,-1,314,166,164,-1,314,164,315,-1,315,164,162,-1,315,162,316,-1,316,162,160,-1,316,160,317,-1,317,160,158,-1,317,168,316,-1,316,168,169,-1,316,169,315,-1,315,169,170,-1,315,170,314,-1,314,170,171,-1,314,171,313,-1,313,171,172,-1,313,172,312,-1,312,172,173,-1,312,173,311,-1,311,173,174,-1,
        ]
    }
}
Shape{
    appearance Appearance {
        material  Material 	{
            diffuseColor 0.7529411764705882 0.7529411764705882 0.7529411764705882
            specularColor 0.3764705882352941 0.3764705882352941 0.3764705882352941
            ambientIntensity 0.2
            transparency 0
            shininess 0.5
        }
    }
    geometry IndexedFaceSet {
        ccw TRUE
        solid FALSE
        coord DEF co Coordinate {
            point [
                2.4738 -0.0492 -2.6575, 2.464 -0.0255 -2.6575, 2.5591 0.0 -2.6575, 2.4606 0.0 -2.6575, 2.464 0.0255 -2.6575, 2.5336 -0.0951 -2.6575, 2.5098 -0.0852 -2.6575, 2.4895 -0.0696 -2.6575, 2.6083 -0.0852 -2.6575, 2.5845 -0.0951 -2.6575, 2.5591 -0.0984 -2.6575, 2.6541 -0.0255 -2.6575, 2.6443 -0.0492 -2.6575, 2.6287 -0.0696 -2.6575, 2.6443 0.0492 -2.6575, 2.6541 0.0255 -2.6575, 2.6575 0.0 -2.6575, 2.5845 0.0951 -2.6575, 2.6083 0.0852 -2.6575, 2.6287 0.0696 -2.6575, 2.5098 0.0852 -2.6575, 2.5336 0.0951 -2.6575, 2.5591 0.0984 -2.6575, 2.4738 0.0492 -2.6575, 2.4895 0.0696 -2.6575, 1.9685 -0.0 -0.0984, 1.8504 0.0255 -0.0951, 1.9685 0.0255 -0.0951, 1.8504 0.0492 -0.0852, 1.9685 0.0492 -0.0852, 1.8504 0.0696 -0.0696, 1.9685 0.0696 -0.0696, 1.8504 0.0852 -0.0492, 1.9685 0.0852 -0.0492, 1.8504 0.0951 -0.0255, 1.9685 0.0951 -0.0255, 1.8504 0.0984 -0.0, 1.9685 0.0984 -0.0, 1.8504 0.0951 0.0255, 1.9685 0.0951 0.0255, 1.8504 0.0852 0.0492, 1.9685 0.0852 0.0492, 1.8504 0.0696 0.0696, 1.9685 0.0696 0.0696, 1.8504 0.0492 0.0852, 1.9685 0.0492 0.0852, 1.8504 0.0255 0.0951, 1.9685 0.0255 0.0951, 1.8504 0.0 0.0984, 1.9685 0.0 0.0984, 1.8504 -0.0255 0.0951, 1.9685 -0.0255 0.0951, 1.8504 -0.0492 0.0852, 1.9685 -0.0492 0.0852, 1.8504 -0.0696 0.0696, 1.9685 -0.0696 0.0696, 1.8504 -0.0852 0.0492, 1.9685 -0.0852 0.0492, 1.8504 -0.0951 0.0255, 1.9685 -0.0951 0.0255, 1.8504 -0.0984 0.0, 1.9685 -0.0984 0.0, 1.8504 -0.0951 -0.0255, 1.9685 -0.0951 -0.0255, 1.8504 -0.0852 -0.0492, 1.9685 -0.0852 -0.0492, 1.8504 -0.0696 -0.0696, 1.9685 -0.0696 -0.0696, 1.8504 -0.0492 -0.0852, 1.9685 -0.0492 -0.0852, 1.8504 -0.0255 -0.0951, 1.9685 -0.0255 -0.0951, 1.8504 0.0 -0.0984, 2.4606 0.0 -0.5906, 2.4556 -0.0 -0.5205, 2.464 0.0255 -0.5906, 2.4589 0.0255 -0.52, 2.4738 0.0492 -0.5906, 2.4687 0.0492 -0.5186, 2.4895 0.0696 -0.5906, 2.4842 0.0696 -0.5164, 2.5098 0.0852 -0.5906, 2.5043 0.0852 -0.5135, 2.5336 0.0951 -0.5906, 2.5278 0.0951 -0.5101, 2.5591 0.0984 -0.5906, 2.553 0.0984 -0.5065, 2.5845 0.0951 -0.5906, 2.5783 0.0951 -0.5029, 2.6083 0.0852 -0.5906, 2.6018 0.0852 -0.4995, 2.6287 0.0696 -0.5906, 2.6219 0.0696 -0.4966, 2.6443 0.0492 -0.5906, 2.6374 0.0492 -0.4944, 2.6541 0.0255 -0.5906, 2.6471 0.0255 -0.493, 2.6575 -0.0 -0.5906, 2.6505 -0.0 -0.4925, 2.6541 -0.0255 -0.5906, 2.6471 -0.0255 -0.493, 2.6443 -0.0492 -0.5906, 2.6374 -0.0492 -0.4944, 2.6287 -0.0696 -0.5906, 2.6219 -0.0696 -0.4966, 2.6083 -0.0852 -0.5906, 2.6018 -0.0852 -0.4995, 2.5845 -0.0951 -0.5906, 2.5783 -0.0951 -0.5029, 2.5591 -0.0984 -0.5906, 2.553 -0.0984 -0.5065, 2.5336 -0.0951 -0.5906, 2.5278 -0.0951 -0.5101, 2.5098 -0.0852 -0.5906, 2.5043 -0.0852 -0.5135, 2.4895 -0.0696 -0.5906, 2.4842 -0.0696 -0.5164, 2.4738 -0.0492 -0.5906, 2.4687 -0.0492 -0.5186, 2.464 -0.0255 -0.5906, 2.4589 -0.0255 -0.52, 2.4407 -0.0 -0.4519, 2.4439 0.0255 -0.451, 2.4533 0.0492 -0.4482, 2.4684 0.0696 -0.4438, 2.4879 0.0852 -0.438, 2.5107 0.0951 -0.4314, 2.5351 0.0984 -0.4242, 2.5596 0.0951 -0.417, 2.5824 0.0852 -0.4103, 2.6019 0.0696 -0.4046, 2.6169 0.0492 -0.4002, 2.6264 0.0255 -0.3974, 2.6296 -0.0 -0.3964, 2.6264 -0.0255 -0.3974, 2.6169 -0.0492 -0.4002, 2.6019 -0.0696 -0.4046, 2.5824 -0.0852 -0.4103, 2.5596 -0.0951 -0.417, 2.5351 -0.0984 -0.4242, 2.5107 -0.0951 -0.4314, 2.4879 -0.0852 -0.438, 2.4684 -0.0696 -0.4438, 2.4533 -0.0492 -0.4482, 2.4439 -0.0255 -0.451, 2.4162 -0.0 -0.3861, 2.4192 0.0255 -0.3847, 2.4282 0.0492 -0.3806, 2.4424 0.0696 -0.3741, 2.4609 0.0852 -0.3657, 2.4825 0.0951 -0.3558, 2.5057 0.0984 -0.3452, 2.5289 0.0951 -0.3346, 2.5505 0.0852 -0.3248, 2.569 0.0696 -0.3163, 2.5832 0.0492 -0.3098, 2.5922 0.0255 -0.3057, 2.5952 -0.0 -0.3043, 2.5922 -0.0255 -0.3057, 2.5832 -0.0492 -0.3098, 2.569 -0.0696 -0.3163, 2.5505 -0.0852 -0.3248, 2.5289 -0.0951 -0.3346, 2.5057 -0.0984 -0.3452, 2.4825 -0.0951 -0.3558, 2.4609 -0.0852 -0.3657, 2.4424 -0.0696 -0.3741, 2.4282 -0.0492 -0.3806, 2.4192 -0.0255 -0.3847, 2.3825 -0.0 -0.3245, 2.3853 0.0255 -0.3227, 2.3936 0.0492 -0.3174, 2.4068 0.0696 -0.3089, 2.4239 0.0852 -0.2979, 2.4439 0.0951 -0.285, 2.4653 0.0984 -0.2713, 2.4867 0.0951 -0.2575, 2.5067 0.0852 -0.2447, 2.5239 0.0696 -0.2336, 2.537 0.0492 -0.2252, 2.5453 0.0255 -0.2199, 2.5481 -0.0 -0.2181, 2.5453 -0.0255 -0.2199, 2.537 -0.0492 -0.2252, 2.5239 -0.0696 -0.2336, 2.5067 -0.0852 -0.2447, 2.4867 -0.0951 -0.2575, 2.4653 -0.0984 -0.2713, 2.4439 -0.0951 -0.285, 2.4239 -0.0852 -0.2979, 2.4068 -0.0696 -0.3089, 2.3936 -0.0492 -0.3174, 2.3853 -0.0255 -0.3227, 2.3404 -0.0 -0.2683, 2.343 0.0255 -0.2661, 2.3504 0.0492 -0.2596, 2.3622 0.0696 -0.2494, 2.3776 0.0852 -0.236, 2.3956 0.0951 -0.2205, 2.4148 0.0984 -0.2038, 2.4341 0.0951 -0.1871, 2.452 0.0852 -0.1716, 2.4674 0.0696 -0.1582, 2.4792 0.0492 -0.148, 2.4867 0.0255 -0.1416, 2.4892 -0.0 -0.1394, 2.4867 -0.0255 -0.1416, 2.4792 -0.0492 -0.148, 2.4674 -0.0696 -0.1582, 2.452 -0.0852 -0.1716, 2.4341 -0.0951 -0.1871, 2.4148 -0.0984 -0.2038, 2.3956 -0.0951 -0.2205, 2.3776 -0.0852 -0.236, 2.3622 -0.0696 -0.2494, 2.3504 -0.0492 -0.2596, 2.343 -0.0255 -0.2661, 2.2908 -0.0 -0.2186, 2.293 0.0255 -0.2161, 2.2994 0.0492 -0.2087, 2.3097 0.0696 -0.1968, 2.323 0.0852 -0.1814, 2.3386 0.0951 -0.1635, 2.3552 0.0984 -0.1442, 2.3719 0.0951 -0.125, 2.3875 0.0852 -0.1071, 2.4008 0.0696 -0.0916, 2.4111 0.0492 -0.0798, 2.4175 0.0255 -0.0724, 2.4197 -0.0 -0.0699, 2.4175 -0.0255 -0.0724, 2.4111 -0.0492 -0.0798, 2.4008 -0.0696 -0.0916, 2.3875 -0.0852 -0.1071, 2.3719 -0.0951 -0.125, 2.3552 -0.0984 -0.1442, 2.3386 -0.0951 -0.1635, 2.323 -0.0852 -0.1814, 2.3097 -0.0696 -0.1968, 2.2994 -0.0492 -0.2087, 2.293 -0.0255 -0.2161, 2.2346 -0.0 -0.1765, 2.2364 0.0255 -0.1737, 2.2417 0.0492 -0.1655, 2.2502 0.0696 -0.1523, 2.2612 0.0852 -0.1351, 2.274 0.0951 -0.1152, 2.2878 0.0984 -0.0937, 2.3016 0.0951 -0.0723, 2.3144 0.0852 -0.0523, 2.3254 0.0696 -0.0352, 2.3339 0.0492 -0.022, 2.3392 0.0255 -0.0138, 2.341 -0.0 -0.0109, 2.3392 -0.0255 -0.0138, 2.3339 -0.0492 -0.022, 2.3254 -0.0696 -0.0352, 2.3144 -0.0852 -0.0523, 2.3016 -0.0951 -0.0723, 2.2878 -0.0984 -0.0937, 2.274 -0.0951 -0.1152, 2.2612 -0.0852 -0.1351, 2.2502 -0.0696 -0.1523, 2.2417 -0.0492 -0.1655, 2.2364 -0.0255 -0.1737, 2.1729 -0.0 -0.1429, 2.1743 0.0255 -0.1398, 2.1784 0.0492 -0.1309, 2.1849 0.0696 -0.1167, 2.1934 0.0852 -0.0981, 2.2032 0.0951 -0.0765, 2.2138 0.0984 -0.0534, 2.2244 0.0951 -0.0302, 2.2343 0.0852 -0.0086, 2.2427 0.0696 0.0099, 2.2492 0.0492 0.0242, 2.2533 0.0255 0.0331, 2.2547 -0.0 0.0362, 2.2533 -0.0255 0.0331, 2.2492 -0.0492 0.0242, 2.2427 -0.0696 0.0099, 2.2343 -0.0852 -0.0086, 2.2244 -0.0951 -0.0302, 2.2138 -0.0984 -0.0534, 2.2032 -0.0951 -0.0765, 2.1934 -0.0852 -0.0981, 2.1849 -0.0696 -0.1167, 2.1784 -0.0492 -0.1309, 2.1743 -0.0255 -0.1398, 2.1072 -0.0 -0.1184, 2.1081 0.0255 -0.1151, 2.1109 0.0492 -0.1057, 2.1153 0.0696 -0.0907, 2.121 0.0852 -0.0711, 2.1277 0.0951 -0.0484, 2.1349 0.0984 -0.0239, 2.1421 0.0951 0.0005, 2.1487 0.0852 0.0233, 2.1545 0.0696 0.0429, 2.1589 0.0492 0.0579, 2.1617 0.0255 0.0673, 2.1626 -0.0 0.0705, 2.1617 -0.0255 0.0673, 2.1589 -0.0492 0.0579, 2.1545 -0.0696 0.0429, 2.1487 -0.0852 0.0233, 2.1421 -0.0951 0.0005, 2.1349 -0.0984 -0.0239, 2.1277 -0.0951 -0.0484, 2.121 -0.0852 -0.0711, 2.1153 -0.0696 -0.0907, 2.1109 -0.0492 -0.1057, 2.1081 -0.0255 -0.1151, 2.0385 -0.0 -0.1034, 2.039 0.0255 -0.1001, 2.0404 0.0492 -0.0904, 2.0426 0.0696 -0.0749, 2.0455 0.0852 -0.0547, 2.0489 0.0951 -0.0312, 2.0525 0.0984 -0.006, 2.0562 0.0951 0.0192, 2.0596 0.0852 0.0427, 2.0625 0.0696 0.0629, 2.0647 0.0492 0.0784, 2.0661 0.0255 0.0881, 2.0666 -0.0 0.0914, 2.0661 -0.0255 0.0881, 2.0647 -0.0492 0.0784, 2.0625 -0.0696 0.0629, 2.0596 -0.0852 0.0427, 2.0562 -0.0951 0.0192, 2.0525 -0.0984 -0.006, 2.0489 -0.0951 -0.0312, 2.0455 -0.0852 -0.0547, 2.0426 -0.0696 -0.0749, 2.0404 -0.0492 -0.0904, 2.039 -0.0255 -0.1001, 1.83 0.0262 -0.0977, 1.83 0.0506 -0.0876, 1.83 0.0715 -0.0715, 1.83 0.0876 -0.0506, 1.83 0.0977 -0.0262, 1.83 0.1011 -0.0, 1.83 0.0977 0.0262, 1.83 0.0876 0.0506, 1.83 0.0715 0.0715, 1.83 0.0506 0.0876, 1.83 0.0262 0.0977, 1.83 0.0 0.1011, 1.83 -0.0262 0.0977, 1.83 -0.0506 0.0876, 1.83 -0.0715 0.0715, 1.83 -0.0876 0.0506, 1.83 -0.0977 0.0262, 1.83 -0.1011 0.0, 1.83 -0.0977 -0.0262, 1.83 -0.0876 -0.0506, 1.83 -0.0715 -0.0715, 1.83 -0.0506 -0.0876, 1.83 -0.0262 -0.0977, 1.83 0.0 -0.1011, 1.811 0.0282 -0.1053, 1.811 0.0545 -0.0944, 1.811 0.0771 -0.0771, 1.811 0.0944 -0.0545, 1.811 0.1053 -0.0282, 1.811 0.109 -0.0, 1.811 0.1053 0.0282, 1.811 0.0944 0.0545, 1.811 0.0771 0.0771, 1.811 0.0545 0.0944, 1.811 0.0282 0.1053, 1.811 0.0 0.109, 1.811 -0.0282 0.1053, 1.811 -0.0545 0.0944, 1.811 -0.0771 0.0771, 1.811 -0.0944 0.0545, 1.811 -0.1053 0.0282, 1.811 -0.109 0.0, 1.811 -0.1053 -0.0282, 1.811 -0.0944 -0.0545, 1.811 -0.0771 -0.0771, 1.811 -0.0545 -0.0944, 1.811 -0.0282 -0.1053, 1.811 0.0 -0.109, 1.7947 0.0314 -0.1173, 1.7947 0.0607 -0.1052, 1.7947 0.0859 -0.0859, 1.7947 0.1052 -0.0607, 1.7947 0.1173 -0.0314, 1.7947 0.1215 -0.0, 1.7947 0.1173 0.0314, 1.7947 0.1052 0.0607, 1.7947 0.0859 0.0859, 1.7947 0.0607 0.1052, 1.7947 0.0314 0.1173, 1.7947 0.0 0.1215, 1.7947 -0.0314 0.1173, 1.7947 -0.0607 0.1052, 1.7947 -0.0859 0.0859, 1.7947 -0.1052 0.0607, 1.7947 -0.1173 0.0314, 1.7947 -0.1215 0.0, 1.7947 -0.1173 -0.0314, 1.7947 -0.1052 -0.0607, 1.7947 -0.0859 -0.0859, 1.7947 -0.0607 -0.1052, 1.7947 -0.0314 -0.1173, 1.7947 0.0 -0.1215, 1.7822 0.0357 -0.1331, 1.7822 0.0689 -0.1193, 1.7822 0.0974 -0.0974, 1.7822 0.1193 -0.0689, 1.7822 0.1331 -0.0357, 1.7822 0.1378 -0.0, 1.7822 0.1331 0.0357, 1.7822 0.1193 0.0689, 1.7822 0.0974 0.0974, 1.7822 0.0689 0.1193, 1.7822 0.0357 0.1331, 1.7822 0.0 0.1378, 1.7822 -0.0357 0.1331, 1.7822 -0.0689 0.1193, 1.7822 -0.0974 0.0974, 1.7822 -0.1193 0.0689, 1.7822 -0.1331 0.0357, 1.7822 -0.1378 0.0, 1.7822 -0.1331 -0.0357, 1.7822 -0.1193 -0.0689, 1.7822 -0.0974 -0.0974, 1.7822 -0.0689 -0.1193, 1.7822 -0.0357 -0.1331, 1.7822 0.0 -0.1378, 1.7743 0.0406 -0.1514, 1.7743 0.0784 -0.1358, 1.7743 0.1109 -0.1109, 1.7743 0.1358 -0.0784, 1.7743 0.1514 -0.0406, 1.7743 0.1568 -0.0, 1.7743 0.1514 0.0406, 1.7743 0.1358 0.0784, 1.7743 0.1109 0.1109, 1.7743 0.0784 0.1358, 1.7743 0.0406 0.1514, 1.7743 0.0 0.1568, 1.7743 -0.0406 0.1514, 1.7743 -0.0784 0.1358, 1.7743 -0.1109 0.1109, 1.7743 -0.1358 0.0784, 1.7743 -0.1514 0.0406, 1.7743 -0.1568 0.0, 1.7743 -0.1514 -0.0406, 1.7743 -0.1358 -0.0784, 1.7743 -0.1109 -0.1109, 1.7743 -0.0784 -0.1358, 1.7743 -0.0406 -0.1514, 1.7743 0.0 -0.1568, 1.7717 0.0459 -0.1711, 1.7717 0.0886 -0.1534, 1.7717 0.1253 -0.1253, 1.7717 0.1534 -0.0886, 1.7717 0.1711 -0.0459, 1.7717 0.1772 -0.0, 1.7717 0.1711 0.0459, 1.7717 0.1534 0.0886, 1.7717 0.1253 0.1253, 1.7717 0.0886 0.1534, 1.7717 0.0459 0.1711, 1.7717 -0.0 0.1772, 1.7717 -0.0459 0.1711, 1.7717 -0.0886 0.1534, 1.7717 -0.1253 0.1253, 1.7717 -0.1534 0.0886, 1.7717 -0.1711 0.0459, 1.7717 -0.1772 0.0, 1.7717 -0.1711 -0.0459, 1.7717 -0.1534 -0.0886, 1.7717 -0.1253 -0.1253, 1.7717 -0.0886 -0.1534, 1.7717 -0.0459 -0.1711, 1.7717 -0.0 -0.1772, 1.7717 -0.0 -0.1772
            ]
        }
        coordIndex [
            0,1,2,-1,2,1,3,-1,2,3,4,-1,5,6,2,-1,2,6,7,-1,2,7,0,-1,8,9,2,-1,2,9,10,-1,2,10,5,-1,11,12,2,-1,2,12,13,-1,2,13,8,-1,14,15,2,-1,2,15,16,-1,2,16,11,-1,17,18,2,-1,2,18,19,-1,2,19,14,-1,20,21,2,-1,2,21,22,-1,2,22,17,-1,4,23,2,-1,2,23,24,-1,2,24,20,-1,25,26,27,-1,27,26,28,-1,27,28,29,-1,29,28,30,-1,29,30,31,-1,31,30,32,-1,31,32,33,-1,33,32,34,-1,33,34,35,-1,35,34,36,-1,35,36,37,-1,37,36,38,-1,37,38,39,-1,39,38,40,-1,39,40,41,-1,41,40,42,-1,41,42,43,-1,43,42,44,-1,43,44,45,-1,45,44,46,-1,45,46,47,-1,47,46,48,-1,47,48,49,-1,49,48,50,-1,49,50,51,-1,51,50,52,-1,51,52,53,-1,53,52,54,-1,53,54,55,-1,55,54,56,-1,55,56,57,-1,57,56,58,-1,57,58,59,-1,59,58,60,-1,59,60,61,-1,61,60,62,-1,61,62,63,-1,63,62,64,-1,63,64,65,-1,65,64,66,-1,65,66,67,-1,67,66,68,-1,67,68,69,-1,69,68,70,-1,69,70,71,-1,71,70,72,-1,71,72,25,-1,25,72,26,-1,73,74,75,-1,75,74,76,-1,75,76,77,-1,77,76,78,-1,77,78,79,-1,79,78,80,-1,79,80,81,-1,81,80,82,-1,81,82,83,-1,83,82,84,-1,83,84,85,-1,85,84,86,-1,85,86,87,-1,87,86,88,-1,87,88,89,-1,89,88,90,-1,89,90,91,-1,91,90,92,-1,91,92,93,-1,93,92,94,-1,93,94,95,-1,95,94,96,-1,95,96,97,-1,97,96,98,-1,97,98,99,-1,99,98,100,-1,99,100,101,-1,101,100,102,-1,101,102,103,-1,103,102,104,-1,103,104,105,-1,105,104,106,-1,105,106,107,-1,107,106,108,-1,107,108,109,-1,109,108,110,-1,109,110,111,-1,111,110,112,-1,111,112,113,-1,113,112,114,-1,113,114,115,-1,115,114,116,-1,115,116,117,-1,117,116,118,-1,117,118,119,-1,119,118,120,-1,119,120,73,-1,73,120,74,-1,74,121,76,-1,76,121,122,-1,76,122,78,-1,78,122,123,-1,78,123,80,-1,80,123,124,-1,80,124,82,-1,82,124,125,-1,82,125,84,-1,84,125,126,-1,84,126,86,-1,86,126,127,-1,86,127,88,-1,88,127,128,-1,88,128,90,-1,90,128,129,-1,90,129,92,-1,92,129,130,-1,92,130,94,-1,94,130,131,-1,94,131,96,-1,96,131,132,-1,96,132,98,-1,98,132,133,-1,98,133,100,-1,100,133,134,-1,100,134,102,-1,102,134,135,-1,102,135,104,-1,104,135,136,-1,104,136,106,-1,106,136,137,-1,106,137,108,-1,108,137,138,-1,108,138,110,-1,110,138,139,-1,110,139,112,-1,112,139,140,-1,112,140,114,-1,114,140,141,-1,114,141,116,-1,116,141,142,-1,116,142,118,-1,118,142,143,-1,118,143,120,-1,120,143,144,-1,120,144,74,-1,74,144,121,-1,121,145,122,-1,122,145,146,-1,122,146,123,-1,123,146,147,-1,123,147,124,-1,124,147,148,-1,124,148,125,-1,125,148,149,-1,125,149,126,-1,126,149,150,-1,126,150,127,-1,127,150,151,-1,127,151,128,-1,128,151,152,-1,128,152,129,-1,129,152,153,-1,129,153,130,-1,130,153,154,-1,130,154,131,-1,131,154,155,-1,131,155,132,-1,132,155,156,-1,132,156,133,-1,133,156,157,-1,133,157,134,-1,134,157,158,-1,134,158,135,-1,135,158,159,-1,135,159,136,-1,136,159,160,-1,136,160,137,-1,137,160,161,-1,137,161,138,-1,138,161,162,-1,138,162,139,-1,139,162,163,-1,139,163,140,-1,140,163,164,-1,140,164,141,-1,141,164,165,-1,141,165,142,-1,142,165,166,-1,142,166,143,-1,143,166,167,-1,143,167,144,-1,144,167,168,-1,144,168,121,-1,121,168,145,-1,145,169,146,-1,146,169,170,-1,146,170,147,-1,147,170,171,-1,147,171,148,-1,148,171,172,-1,148,172,149,-1,149,172,173,-1,149,173,150,-1,150,173,174,-1,150,174,151,-1,151,174,175,-1,151,175,152,-1,152,175,176,-1,152,176,153,-1,153,176,177,-1,153,177,154,-1,154,177,178,-1,154,178,155,-1,155,178,179,-1,155,179,156,-1,156,179,180,-1,156,180,157,-1,157,180,181,-1,157,181,158,-1,158,181,182,-1,158,182,159,-1,159,182,183,-1,159,183,160,-1,160,183,184,-1,160,184,161,-1,161,184,185,-1,161,185,162,-1,162,185,186,-1,162,186,163,-1,163,186,187,-1,163,187,164,-1,164,187,188,-1,164,188,165,-1,165,188,189,-1,165,189,166,-1,166,189,190,-1,166,190,167,-1,167,190,191,-1,167,191,168,-1,168,191,192,-1,168,192,145,-1,145,192,169,-1,169,193,170,-1,170,193,194,-1,170,194,171,-1,171,194,195,-1,171,195,172,-1,172,195,196,-1,172,196,173,-1,173,196,197,-1,173,197,174,-1,174,197,198,-1,174,198,175,-1,175,198,199,-1,175,199,176,-1,176,199,200,-1,176,200,177,-1,177,200,201,-1,177,201,178,-1,178,201,202,-1,178,202,179,-1,179,202,203,-1,179,203,180,-1,180,203,204,-1,180,204,181,-1,181,204,205,-1,181,205,182,-1,182,205,206,-1,182,206,183,-1,183,206,207,-1,183,207,184,-1,184,207,208,-1,184,208,185,-1,185,208,209,-1,185,209,186,-1,186,209,210,-1,186,210,187,-1,187,210,211,-1,187,211,188,-1,188,211,212,-1,188,212,189,-1,189,212,213,-1,189,213,190,-1,190,213,214,-1,190,214,191,-1,191,214,215,-1,191,215,192,-1,192,215,216,-1,192,216,169,-1,169,216,193,-1,193,217,194,-1,194,217,218,-1,194,218,195,-1,195,218,219,-1,195,219,196,-1,196,219,220,-1,196,220,197,-1,197,220,221,-1,197,221,198,-1,198,221,222,-1,198,222,199,-1,199,222,223,-1,199,223,200,-1,200,223,224,-1,200,224,201,-1,201,224,225,-1,201,225,202,-1,202,225,226,-1,202,226,203,-1,203,226,227,-1,203,227,204,-1,204,227,228,-1,204,228,205,-1,205,228,229,-1,205,229,206,-1,206,229,230,-1,206,230,207,-1,207,230,231,-1,207,231,208,-1,208,231,232,-1,208,232,209,-1,209,232,233,-1,209,233,210,-1,210,233,234,-1,210,234,211,-1,211,234,235,-1,211,235,212,-1,212,235,236,-1,212,236,213,-1,213,236,237,-1,213,237,214,-1,214,237,238,-1,214,238,215,-1,215,238,239,-1,215,239,216,-1,216,239,240,-1,216,240,193,-1,193,240,217,-1,217,241,218,-1,218,241,242,-1,218,242,219,-1,219,242,243,-1,219,243,220,-1,220,243,244,-1,220,244,221,-1,221,244,245,-1,221,245,222,-1,222,245,246,-1,222,246,223,-1,223,246,247,-1,223,247,224,-1,224,247,248,-1,224,248,225,-1,225,248,249,-1,225,249,226,-1,226,249,250,-1,226,250,227,-1,227,250,251,-1,227,251,228,-1,228,251,252,-1,228,252,229,-1,229,252,253,-1,229,253,230,-1,230,253,254,-1,230,254,231,-1,231,254,255,-1,231,255,232,-1,232,255,256,-1,232,256,233,-1,233,256,257,-1,233,257,234,-1,234,257,258,-1,234,258,235,-1,235,258,259,-1,235,259,236,-1,236,259,260,-1,236,260,237,-1,237,260,261,-1,237,261,238,-1,238,261,262,-1,238,262,239,-1,239,262,263,-1,239,263,240,-1,240,263,264,-1,240,264,217,-1,217,264,241,-1,241,265,242,-1,242,265,266,-1,242,266,243,-1,243,266,267,-1,243,267,244,-1,244,267,268,-1,244,268,245,-1,245,268,269,-1,245,269,246,-1,246,269,270,-1,246,270,247,-1,247,270,271,-1,247,271,248,-1,248,271,272,-1,248,272,249,-1,249,272,273,-1,249,273,250,-1,250,273,274,-1,250,274,251,-1,251,274,275,-1,251,275,252,-1,252,275,276,-1,252,276,253,-1,253,276,277,-1,253,277,254,-1,254,277,278,-1,254,278,255,-1,255,278,279,-1,255,279,256,-1,256,279,280,-1,256,280,257,-1,257,280,281,-1,257,281,258,-1,258,281,282,-1,258,282,259,-1,259,282,283,-1,259,283,260,-1,260,283,284,-1,260,284,261,-1,261,284,285,-1,261,285,262,-1,262,285,286,-1,262,286,263,-1,263,286,287,-1,263,287,264,-1,264,287,288,-1,264,288,241,-1,241,288,265,-1,265,289,266,-1,266,289,290,-1,266,290,267,-1,267,290,291,-1,267,291,268,-1,268,291,292,-1,268,292,269,-1,269,292,293,-1,269,293,270,-1,270,293,294,-1,270,294,271,-1,271,294,295,-1,271,295,272,-1,272,295,296,-1,272,296,273,-1,273,296,297,-1,273,297,274,-1,274,297,298,-1,274,298,275,-1,275,298,299,-1,275,299,276,-1,276,299,300,-1,276,300,277,-1,277,300,301,-1,277,301,278,-1,278,301,302,-1,278,302,279,-1,279,302,303,-1,279,303,280,-1,280,303,304,-1,280,304,281,-1,281,304,305,-1,281,305,282,-1,282,305,306,-1,282,306,283,-1,283,306,307,-1,283,307,284,-1,284,307,308,-1,284,308,285,-1,285,308,309,-1,285,309,286,-1,286,309,310,-1,286,310,287,-1,287,310,311,-1,287,311,288,-1,288,311,312,-1,288,312,265,-1,265,312,289,-1,289,313,290,-1,290,313,314,-1,290,314,291,-1,291,314,315,-1,291,315,292,-1,292,315,316,-1,292,316,293,-1,293,316,317,-1,293,317,294,-1,294,317,318,-1,294,318,295,-1,295,318,319,-1,295,319,296,-1,296,319,320,-1,296,320,297,-1,297,320,321,-1,297,321,298,-1,298,321,322,-1,298,322,299,-1,299,322,323,-1,299,323,300,-1,300,323,324,-1,300,324,301,-1,301,324,325,-1,301,325,302,-1,302,325,326,-1,302,326,303,-1,303,326,327,-1,303,327,304,-1,304,327,328,-1,304,328,305,-1,305,328,329,-1,305,329,306,-1,306,329,330,-1,306,330,307,-1,307,330,331,-1,307,331,308,-1,308,331,332,-1,308,332,309,-1,309,332,333,-1,309,333,310,-1,310,333,334,-1,310,334,311,-1,311,334,335,-1,311,335,312,-1,312,335,336,-1,312,336,289,-1,289,336,313,-1,313,25,314,-1,314,25,27,-1,314,27,315,-1,315,27,29,-1,315,29,316,-1,316,29,31,-1,316,31,317,-1,317,31,33,-1,317,33,318,-1,318,33,35,-1,318,35,319,-1,319,35,37,-1,319,37,320,-1,320,37,39,-1,320,39,321,-1,321,39,41,-1,321,41,322,-1,322,41,43,-1,322,43,323,-1,323,43,45,-1,323,45,324,-1,324,45,47,-1,324,47,325,-1,325,47,49,-1,325,49,326,-1,326,49,51,-1,326,51,327,-1,327,51,53,-1,327,53,328,-1,328,53,55,-1,328,55,329,-1,329,55,57,-1,329,57,330,-1,330,57,59,-1,330,59,331,-1,331,59,61,-1,331,61,332,-1,332,61,63,-1,332,63,333,-1,333,63,65,-1,333,65,334,-1,334,65,67,-1,334,67,335,-1,335,67,69,-1,335,69,336,-1,336,69,71,-1,336,71,313,-1,313,71,25,-1,3,75,4,-1,4,75,77,-1,4,77,23,-1,23,77,79,-1,23,79,24,-1,24,79,81,-1,24,81,20,-1,20,81,83,-1,20,83,21,-1,21,83,85,-1,21,85,22,-1,22,85,87,-1,22,87,17,-1,17,87,89,-1,17,89,18,-1,18,89,91,-1,18,91,19,-1,19,91,93,-1,19,93,14,-1,14,93,95,-1,14,95,15,-1,15,95,97,-1,15,97,16,-1,16,97,99,-1,16,99,11,-1,11,99,101,-1,11,101,12,-1,12,101,103,-1,12,103,13,-1,13,103,105,-1,13,105,8,-1,8,105,107,-1,8,107,9,-1,9,107,109,-1,9,109,10,-1,10,109,111,-1,10,111,5,-1,5,111,113,-1,5,113,6,-1,6,113,115,-1,6,115,7,-1,7,115,117,-1,7,117,0,-1,0,117,119,-1,0,119,1,-1,1,119,73,-1,1,73,3,-1,3,73,75,-1,26,337,28,-1,28,337,338,-1,28,338,30,-1,30,338,339,-1,30,339,32,-1,32,339,340,-1,32,340,34,-1,34,340,341,-1,34,341,36,-1,36,341,342,-1,36,342,38,-1,38,342,343,-1,38,343,40,-1,40,343,344,-1,40,344,42,-1,42,344,345,-1,42,345,44,-1,44,345,346,-1,44,346,46,-1,46,346,347,-1,46,347,48,-1,48,347,348,-1,48,348,50,-1,50,348,349,-1,50,349,52,-1,52,349,350,-1,52,350,54,-1,54,350,351,-1,54,351,56,-1,56,351,352,-1,56,352,58,-1,58,352,353,-1,58,353,60,-1,60,353,354,-1,60,354,62,-1,62,354,355,-1,62,355,64,-1,64,355,356,-1,64,356,66,-1,66,356,357,-1,66,357,68,-1,68,357,358,-1,68,358,70,-1,70,358,359,-1,70,359,72,-1,72,359,360,-1,72,360,26,-1,26,360,337,-1,337,361,338,-1,338,361,362,-1,338,362,339,-1,339,362,363,-1,339,363,340,-1,340,363,364,-1,340,364,341,-1,341,364,365,-1,341,365,342,-1,342,365,366,-1,342,366,343,-1,343,366,367,-1,343,367,344,-1,344,367,368,-1,344,368,345,-1,345,368,369,-1,345,369,346,-1,346,369,370,-1,346,370,347,-1,347,370,371,-1,347,371,348,-1,348,371,372,-1,348,372,349,-1,349,372,373,-1,349,373,350,-1,350,373,374,-1,350,374,351,-1,351,374,375,-1,351,375,352,-1,352,375,376,-1,352,376,353,-1,353,376,377,-1,353,377,354,-1,354,377,378,-1,354,378,355,-1,355,378,379,-1,355,379,356,-1,356,379,380,-1,356,380,357,-1,357,380,381,-1,357,381,358,-1,358,381,382,-1,358,382,359,-1,359,382,383,-1,359,383,360,-1,360,383,384,-1,360,384,337,-1,337,384,361,-1,361,385,362,-1,362,385,386,-1,362,386,363,-1,363,386,387,-1,363,387,364,-1,364,387,388,-1,364,388,365,-1,365,388,389,-1,365,389,366,-1,366,389,390,-1,366,390,367,-1,367,390,391,-1,367,391,368,-1,368,391,392,-1,368,392,369,-1,369,392,393,-1,369,393,370,-1,370,393,394,-1,370,394,371,-1,371,394,395,-1,371,395,372,-1,372,395,396,-1,372,396,373,-1,373,396,397,-1,373,397,374,-1,374,397,398,-1,374,398,375,-1,375,398,399,-1,375,399,376,-1,376,399,400,-1,376,400,377,-1,377,400,401,-1,377,401,378,-1,378,401,402,-1,378,402,379,-1,379,402,403,-1,379,403,380,-1,380,403,404,-1,380,404,381,-1,381,404,405,-1,381,405,382,-1,382,405,406,-1,382,406,383,-1,383,406,407,-1,383,407,384,-1,384,407,408,-1,384,408,361,-1,361,408,385,-1,385,409,386,-1,386,409,410,-1,386,410,387,-1,387,410,411,-1,387,411,388,-1,388,411,412,-1,388,412,389,-1,389,412,413,-1,389,413,390,-1,390,413,414,-1,390,414,391,-1,391,414,415,-1,391,415,392,-1,392,415,416,-1,392,416,393,-1,393,416,417,-1,393,417,394,-1,394,417,418,-1,394,418,395,-1,395,418,419,-1,395,419,396,-1,396,419,420,-1,396,420,397,-1,397,420,421,-1,397,421,398,-1,398,421,422,-1,398,422,399,-1,399,422,423,-1,399,423,400,-1,400,423,424,-1,400,424,401,-1,401,424,425,-1,401,425,402,-1,402,425,426,-1,402,426,403,-1,403,426,427,-1,403,427,404,-1,404,427,428,-1,404,428,405,-1,405,428,429,-1,405,429,406,-1,406,429,430,-1,406,430,407,-1,407,430,431,-1,407,431,408,-1,408,431,432,-1,408,432,385,-1,385,432,409,-1,409,433,410,-1,410,433,434,-1,410,434,411,-1,411,434,435,-1,411,435,412,-1,412,435,436,-1,412,436,413,-1,413,436,437,-1,413,437,414,-1,414,437,438,-1,414,438,415,-1,415,438,439,-1,415,439,416,-1,416,439,440,-1,416,440,417,-1,417,440,441,-1,417,441,418,-1,418,441,442,-1,418,442,419,-1,419,442,443,-1,419,443,420,-1,420,443,444,-1,420,444,421,-1,421,444,445,-1,421,445,422,-1,422,445,446,-1,422,446,423,-1,423,446,447,-1,423,447,424,-1,424,447,448,-1,424,448,425,-1,425,448,449,-1,425,449,426,-1,426,449,450,-1,426,450,427,-1,427,450,451,-1,427,451,428,-1,428,451,452,-1,428,452,429,-1,429,452,453,-1,429,453,430,-1,430,453,454,-1,430,454,431,-1,431,454,455,-1,431,455,432,-1,432,455,456,-1,432,456,409,-1,409,456,433,-1,433,457,434,-1,434,457,458,-1,434,458,435,-1,435,458,459,-1,435,459,436,-1,436,459,460,-1,436,460,437,-1,437,460,461,-1,437,461,438,-1,438,461,462,-1,438,462,439,-1,439,462,463,-1,439,463,440,-1,440,463,464,-1,440,464,441,-1,441,464,465,-1,441,465,442,-1,442,465,466,-1,442,466,443,-1,443,466,467,-1,443,467,444,-1,444,467,468,-1,444,468,445,-1,445,468,469,-1,445,469,446,-1,446,469,470,-1,446,470,447,-1,447,470,471,-1,447,471,448,-1,448,471,472,-1,448,472,449,-1,449,472,473,-1,449,473,450,-1,450,473,474,-1,450,474,451,-1,451,474,475,-1,451,475,452,-1,452,475,476,-1,452,476,453,-1,453,476,477,-1,453,477,454,-1,454,477,478,-1,454,478,455,-1,455,478,479,-1,455,479,456,-1,456,479,480,-1,456,480,433,-1,433,480,457,-1,
        ]
    }
}
Shape{
    appearance Appearance {
        material  Material 	{
            diffuseColor 0.9882352941176471 0.7372549019607844 0.5176470588235295
            specularColor 0.49411764705882355 0.3686274509803922 0.25882352941176473
            ambientIntensity 0.2
            transparency 0
            shininess 0.5
        }
    }
    geometry IndexedFaceSet {
        ccw TRUE
        solid FALSE
        coord DEF co Coordinate {
            point [
                0.7874 0.474 0.378, 0.7874 0.4771 0.3805, 0.7874 0.5463 0.2631, 0.7874 0.5498 0.2648, 0.7874 0.5911 0.1349, 0.7874 0.5949 0.1358, 0.7874 0.6063 0.0, 0.7874 0.6102 -0.0, 0.7874 0.5911 -0.1349, 0.7874 0.5949 -0.1358, 0.7874 0.5463 -0.2631, 0.7874 0.5498 -0.2648, 0.7874 0.474 -0.378, 0.7874 0.4771 -0.3805, 0.7874 0.378 -0.474, 0.7874 0.3805 -0.4771, 0.7874 0.2631 -0.5463, 0.7874 0.2648 -0.5498, 0.7874 0.1349 -0.5911, 0.7874 0.1358 -0.5949, 0.7874 0.0 -0.6063, 0.7874 0.0 -0.6102, 0.7874 -0.1349 -0.5911, 0.7874 -0.1358 -0.5949, 0.7874 -0.2631 -0.5463, 0.7874 -0.2648 -0.5498, 0.7874 -0.378 -0.474, 0.7874 -0.3805 -0.4771, 0.7874 -0.474 -0.378, 0.7874 -0.4771 -0.3805, 0.7874 -0.5463 -0.2631, 0.7874 -0.5498 -0.2648, 0.7874 -0.5911 -0.1349, 0.7874 -0.5949 -0.1358, 0.7874 -0.6063 -0.0, 0.7874 -0.6102 0.0, 0.7874 -0.5911 0.1349, 0.7874 -0.5949 0.1358, 0.7874 -0.5463 0.2631, 0.7874 -0.5498 0.2648, 0.7874 -0.474 0.378, 0.7874 -0.4771 0.3805, 0.7874 -0.378 0.474, 0.7874 -0.3805 0.4771, 0.7874 -0.2631 0.5463, 0.7874 -0.2648 0.5498, 0.7874 -0.1349 0.5911, 0.7874 -0.1358 0.5949, 0.7874 -0.0 0.6063, 0.7874 0.0 0.6102, 0.7874 0.1349 0.5911, 0.7874 0.1358 0.5949, 0.7874 0.2631 0.5463, 0.7874 0.2648 0.5498, 0.7874 0.378 0.474, 0.7874 0.3805 0.4771, 0.5906 0.474 0.378, 0.5906 0.4771 0.3805, 0.5906 0.378 0.474, 0.5906 0.3805 0.4771, 0.5906 0.2631 0.5463, 0.5906 0.2648 0.5498, 0.5906 0.1349 0.5911, 0.5906 0.1358 0.5949, 0.5906 0.0 0.6063, 0.5906 0.0 0.6102, 0.5906 -0.1349 0.5911, 0.5906 -0.1358 0.5949, 0.5906 -0.2631 0.5463, 0.5906 -0.2648 0.5498, 0.5906 -0.378 0.474, 0.5906 -0.3805 0.4771, 0.5906 -0.474 0.378, 0.5906 -0.4771 0.3805, 0.5906 -0.5463 0.2631, 0.5906 -0.5498 0.2648, 0.5906 -0.5911 0.1349, 0.5906 -0.5949 0.1358, 0.5906 -0.6063 -0.0, 0.5906 -0.6102 0.0, 0.5906 -0.5911 -0.1349, 0.5906 -0.5949 -0.1358, 0.5906 -0.5463 -0.2631, 0.5906 -0.5498 -0.2648, 0.5906 -0.474 -0.378, 0.5906 -0.4771 -0.3805, 0.5906 -0.378 -0.474, 0.5906 -0.3805 -0.4771, 0.5906 -0.2631 -0.5463, 0.5906 -0.2648 -0.5498, 0.5906 -0.1349 -0.5911, 0.5906 -0.1358 -0.5949, 0.5906 0.0 -0.6063, 0.5906 0.0 -0.6102, 0.5906 0.1349 -0.5911, 0.5906 0.1358 -0.5949, 0.5906 0.2631 -0.5463, 0.5906 0.2648 -0.5498, 0.5906 0.378 -0.474, 0.5906 0.3805 -0.4771, 0.5906 0.474 -0.378, 0.5906 0.4771 -0.3805, 0.5906 0.5463 -0.2631, 0.5906 0.5498 -0.2648, 0.5906 0.5911 -0.1349, 0.5906 0.5949 -0.1358, 0.5906 0.6063 0.0, 0.5906 0.6102 -0.0, 0.5906 0.5911 0.1349, 0.5906 0.5949 0.1358, 0.5906 0.5463 0.2631, 0.5906 0.5498 0.2648, 0.5906 0.5498 0.2648
            ]
        }
        coordIndex [
            0,1,2,-1,2,1,3,-1,2,3,4,-1,4,3,5,-1,4,5,6,-1,6,5,7,-1,6,7,8,-1,8,7,9,-1,8,9,10,-1,10,9,11,-1,10,11,12,-1,12,11,13,-1,12,13,14,-1,14,13,15,-1,14,15,16,-1,16,15,17,-1,16,17,18,-1,18,17,19,-1,18,19,20,-1,20,19,21,-1,20,21,22,-1,22,21,23,-1,22,23,24,-1,24,23,25,-1,24,25,26,-1,26,25,27,-1,26,27,28,-1,28,27,29,-1,28,29,30,-1,30,29,31,-1,30,31,32,-1,32,31,33,-1,32,33,34,-1,34,33,35,-1,34,35,36,-1,36,35,37,-1,36,37,38,-1,38,37,39,-1,38,39,40,-1,40,39,41,-1,40,41,42,-1,42,41,43,-1,42,43,44,-1,44,43,45,-1,44,45,46,-1,46,45,47,-1,46,47,48,-1,48,47,49,-1,48,49,50,-1,50,49,51,-1,50,51,52,-1,52,51,53,-1,52,53,54,-1,54,53,55,-1,54,55,0,-1,0,55,1,-1,56,57,58,-1,58,57,59,-1,58,59,60,-1,60,59,61,-1,60,61,62,-1,62,61,63,-1,62,63,64,-1,64,63,65,-1,64,65,66,-1,66,65,67,-1,66,67,68,-1,68,67,69,-1,68,69,70,-1,70,69,71,-1,70,71,72,-1,72,71,73,-1,72,73,74,-1,74,73,75,-1,74,75,76,-1,76,75,77,-1,76,77,78,-1,78,77,79,-1,78,79,80,-1,80,79,81,-1,80,81,82,-1,82,81,83,-1,82,83,84,-1,84,83,85,-1,84,85,86,-1,86,85,87,-1,86,87,88,-1,88,87,89,-1,88,89,90,-1,90,89,91,-1,90,91,92,-1,92,91,93,-1,92,93,94,-1,94,93,95,-1,94,95,96,-1,96,95,97,-1,96,97,98,-1,98,97,99,-1,98,99,100,-1,100,99,101,-1,100,101,102,-1,102,101,103,-1,102,103,104,-1,104,103,105,-1,104,105,106,-1,106,105,107,-1,106,107,108,-1,108,107,109,-1,108,109,110,-1,110,109,111,-1,110,111,56,-1,56,111,57,-1,64,50,62,-1,62,50,52,-1,62,52,60,-1,60,52,54,-1,60,54,58,-1,58,54,0,-1,58,0,56,-1,56,0,2,-1,56,2,110,-1,110,2,4,-1,110,4,108,-1,108,4,6,-1,108,6,106,-1,106,6,8,-1,106,8,104,-1,104,8,10,-1,104,10,102,-1,102,10,12,-1,102,12,100,-1,100,12,14,-1,100,14,98,-1,98,14,16,-1,98,16,96,-1,96,16,18,-1,96,18,94,-1,94,18,20,-1,94,20,92,-1,92,20,22,-1,92,22,90,-1,90,22,24,-1,90,24,88,-1,88,24,26,-1,88,26,86,-1,86,26,28,-1,86,28,84,-1,84,28,30,-1,84,30,82,-1,82,30,32,-1,82,32,80,-1,80,32,34,-1,80,34,78,-1,78,34,36,-1,78,36,76,-1,76,36,38,-1,76,38,74,-1,74,38,40,-1,74,40,72,-1,72,40,42,-1,72,42,70,-1,70,42,44,-1,70,44,68,-1,68,44,46,-1,68,46,66,-1,66,46,48,-1,66,48,64,-1,64,48,50,-1,
        ]
    }
}
Shape{
    appearance Appearance {
        material  Material 	{
            diffuseColor 1.0 0.0 0.0
            specularColor 0.5019607843137255 0.0 0.0
            ambientIntensity 0.2
            transparency 0
            shininess 0.5
        }
    }
    geometry IndexedFaceSet {
        ccw TRUE
        solid FALSE
        coord DEF co Coordinate {
            point [
                0.3543 0.474 0.378, 0.3543 0.4771 0.3805, 0.3543 0.5463 0.2631, 0.3543 0.5498 0.2648, 0.3543 0.5911 0.1349, 0.3543 0.5949 0.1358, 0.3543 0.6063 0.0, 0.3543 0.6102 -0.0, 0.3543 0.5911 -0.1349, 0.3543 0.5949 -0.1358, 0.3543 0.5463 -0.2631, 0.3543 0.5498 -0.2648, 0.3543 0.474 -0.378, 0.3543 0.4771 -0.3805, 0.3543 0.378 -0.474, 0.3543 0.3805 -0.4771, 0.3543 0.2631 -0.5463, 0.3543 0.2648 -0.5498, 0.3543 0.1349 -0.5911, 0.3543 0.1358 -0.5949, 0.3543 0.0 -0.6063, 0.3543 0.0 -0.6102, 0.3543 -0.1349 -0.5911, 0.3543 -0.1358 -0.5949, 0.3543 -0.2631 -0.5463, 0.3543 -0.2648 -0.5498, 0.3543 -0.378 -0.474, 0.3543 -0.3805 -0.4771, 0.3543 -0.474 -0.378, 0.3543 -0.4771 -0.3805, 0.3543 -0.5463 -0.2631, 0.3543 -0.5498 -0.2648, 0.3543 -0.5911 -0.1349, 0.3543 -0.5949 -0.1358, 0.3543 -0.6063 -0.0, 0.3543 -0.6102 0.0, 0.3543 -0.5911 0.1349, 0.3543 -0.5949 0.1358, 0.3543 -0.5463 0.2631, 0.3543 -0.5498 0.2648, 0.3543 -0.474 0.378, 0.3543 -0.4771 0.3805, 0.3543 -0.378 0.474, 0.3543 -0.3805 0.4771, 0.3543 -0.2631 0.5463, 0.3543 -0.2648 0.5498, 0.3543 -0.1349 0.5911, 0.3543 -0.1358 0.5949, 0.3543 -0.0 0.6063, 0.3543 0.0 0.6102, 0.3543 0.1349 0.5911, 0.3543 0.1358 0.5949, 0.3543 0.2631 0.5463, 0.3543 0.2648 0.5498, 0.3543 0.378 0.474, 0.3543 0.3805 0.4771, 0.1969 0.474 0.378, 0.1969 0.4771 0.3805, 0.1969 0.378 0.474, 0.1969 0.3805 0.4771, 0.1969 0.2631 0.5463, 0.1969 0.2648 0.5498, 0.1969 0.1349 0.5911, 0.1969 0.1358 0.5949, 0.1969 0.0 0.6063, 0.1969 0.0 0.6102, 0.1969 -0.1349 0.5911, 0.1969 -0.1358 0.5949, 0.1969 -0.2631 0.5463, 0.1969 -0.2648 0.5498, 0.1969 -0.378 0.474, 0.1969 -0.3805 0.4771, 0.1969 -0.474 0.378, 0.1969 -0.4771 0.3805, 0.1969 -0.5463 0.2631, 0.1969 -0.5498 0.2648, 0.1969 -0.5911 0.1349, 0.1969 -0.5949 0.1358, 0.1969 -0.6063 -0.0, 0.1969 -0.6102 0.0, 0.1969 -0.5911 -0.1349, 0.1969 -0.5949 -0.1358, 0.1969 -0.5463 -0.2631, 0.1969 -0.5498 -0.2648, 0.1969 -0.474 -0.378, 0.1969 -0.4771 -0.3805, 0.1969 -0.378 -0.474, 0.1969 -0.3805 -0.4771, 0.1969 -0.2631 -0.5463, 0.1969 -0.2648 -0.5498, 0.1969 -0.1349 -0.5911, 0.1969 -0.1358 -0.5949, 0.1969 0.0 -0.6063, 0.1969 0.0 -0.6102, 0.1969 0.1349 -0.5911, 0.1969 0.1358 -0.5949, 0.1969 0.2631 -0.5463, 0.1969 0.2648 -0.5498, 0.1969 0.378 -0.474, 0.1969 0.3805 -0.4771, 0.1969 0.474 -0.378, 0.1969 0.4771 -0.3805, 0.1969 0.5463 -0.2631, 0.1969 0.5498 -0.2648, 0.1969 0.5911 -0.1349, 0.1969 0.5949 -0.1358, 0.1969 0.6063 0.0, 0.1969 0.6102 -0.0, 0.1969 0.5911 0.1349, 0.1969 0.5949 0.1358, 0.1969 0.5463 0.2631, 0.1969 0.5498 0.2648, 0.1969 0.5498 0.2648
            ]
        }
        coordIndex [
            0,1,2,-1,2,1,3,-1,2,3,4,-1,4,3,5,-1,4,5,6,-1,6,5,7,-1,6,7,8,-1,8,7,9,-1,8,9,10,-1,10,9,11,-1,10,11,12,-1,12,11,13,-1,12,13,14,-1,14,13,15,-1,14,15,16,-1,16,15,17,-1,16,17,18,-1,18,17,19,-1,18,19,20,-1,20,19,21,-1,20,21,22,-1,22,21,23,-1,22,23,24,-1,24,23,25,-1,24,25,26,-1,26,25,27,-1,26,27,28,-1,28,27,29,-1,28,29,30,-1,30,29,31,-1,30,31,32,-1,32,31,33,-1,32,33,34,-1,34,33,35,-1,34,35,36,-1,36,35,37,-1,36,37,38,-1,38,37,39,-1,38,39,40,-1,40,39,41,-1,40,41,42,-1,42,41,43,-1,42,43,44,-1,44,43,45,-1,44,45,46,-1,46,45,47,-1,46,47,48,-1,48,47,49,-1,48,49,50,-1,50,49,51,-1,50,51,52,-1,52,51,53,-1,52,53,54,-1,54,53,55,-1,54,55,0,-1,0,55,1,-1,56,57,58,-1,58,57,59,-1,58,59,60,-1,60,59,61,-1,60,61,62,-1,62,61,63,-1,62,63,64,-1,64,63,65,-1,64,65,66,-1,66,65,67,-1,66,67,68,-1,68,67,69,-1,68,69,70,-1,70,69,71,-1,70,71,72,-1,72,71,73,-1,72,73,74,-1,74,73,75,-1,74,75,76,-1,76,75,77,-1,76,77,78,-1,78,77,79,-1,78,79,80,-1,80,79,81,-1,80,81,82,-1,82,81,83,-1,82,83,84,-1,84,83,85,-1,84,85,86,-1,86,85,87,-1,86,87,88,-1,88,87,89,-1,88,89,90,-1,90,89,91,-1,90,91,92,-1,92,91,93,-1,92,93,94,-1,94,93,95,-1,94,95,96,-1,96,95,97,-1,96,97,98,-1,98,97,99,-1,98,99,100,-1,100,99,101,-1,100,101,102,-1,102,101,103,-1,102,103,104,-1,104,103,105,-1,104,105,106,-1,106,105,107,-1,106,107,108,-1,108,107,109,-1,108,109,110,-1,110,109,111,-1,110,111,56,-1,56,111,57,-1,64,50,62,-1,62,50,52,-1,62,52,60,-1,60,52,54,-1,60,54,58,-1,58,54,0,-1,58,0,56,-1,56,0,2,-1,56,2,110,-1,110,2,4,-1,110,4,108,-1,108,4,6,-1,108,6,106,-1,106,6,8,-1,106,8,104,-1,104,8,10,-1,104,10,102,-1,102,10,12,-1,102,12,100,-1,100,12,14,-1,100,14,98,-1,98,14,16,-1,98,16,96,-1,96,16,18,-1,96,18,94,-1,94,18,20,-1,94,20,92,-1,92,20,22,-1,92,22,90,-1,90,22,24,-1,90,24,88,-1,88,24,26,-1,88,26,86,-1,86,26,28,-1,86,28,84,-1,84,28,30,-1,84,30,82,-1,82,30,32,-1,82,32,80,-1,80,32,34,-1,80,34,78,-1,78,34,36,-1,78,36,76,-1,76,36,38,-1,76,38,74,-1,74,38,40,-1,74,40,72,-1,72,40,42,-1,72,42,70,-1,70,42,44,-1,70,44,68,-1,68,44,46,-1,68,46,66,-1,66,46,48,-1,66,48,64,-1,64,48,50,-1,
        ]
    }
}
Shape{
    appearance Appearance {
        material  Material 	{
            diffuseColor 0.25098039215686274 0.25098039215686274 0.25098039215686274
            specularColor 0.12549019607843137 0.12549019607843137 0.12549019607843137
            ambientIntensity 0.2
            transparency 0
            shininess 0.5
        }
    }
    geometry IndexedFaceSet {
        ccw TRUE
        solid FALSE
        coord DEF co Coordinate {
            point [
                -0.3937 0.474 0.378, -0.3937 0.4771 0.3805, -0.3937 0.5463 0.2631, -0.3937 0.5498 0.2648, -0.3937 0.5911 0.1349, -0.3937 0.5949 0.1358, -0.3937 0.6063 0.0, -0.3937 0.6102 -0.0, -0.3937 0.5911 -0.1349, -0.3937 0.5949 -0.1358, -0.3937 0.5463 -0.2631, -0.3937 0.5498 -0.2648, -0.3937 0.474 -0.378, -0.3937 0.4771 -0.3805, -0.3937 0.378 -0.474, -0.3937 0.3805 -0.4771, -0.3937 0.2631 -0.5463, -0.3937 0.2648 -0.5498, -0.3937 0.1349 -0.5911, -0.3937 0.1358 -0.5949, -0.3937 0.0 -0.6063, -0.3937 0.0 -0.6102, -0.3937 -0.1349 -0.5911, -0.3937 -0.1358 -0.5949, -0.3937 -0.2631 -0.5463, -0.3937 -0.2648 -0.5498, -0.3937 -0.378 -0.474, -0.3937 -0.3805 -0.4771, -0.3937 -0.474 -0.378, -0.3937 -0.4771 -0.3805, -0.3937 -0.5463 -0.2631, -0.3937 -0.5498 -0.2648, -0.3937 -0.5911 -0.1349, -0.3937 -0.5949 -0.1358, -0.3937 -0.6063 -0.0, -0.3937 -0.6102 0.0, -0.3937 -0.5911 0.1349, -0.3937 -0.5949 0.1358, -0.3937 -0.5463 0.2631, -0.3937 -0.5498 0.2648, -0.3937 -0.474 0.378, -0.3937 -0.4771 0.3805, -0.3937 -0.378 0.474, -0.3937 -0.3805 0.4771, -0.3937 -0.2631 0.5463, -0.3937 -0.2648 0.5498, -0.3937 -0.1349 0.5911, -0.3937 -0.1358 0.5949, -0.3937 -0.0 0.6063, -0.3937 0.0 0.6102, -0.3937 0.1349 0.5911, -0.3937 0.1358 0.5949, -0.3937 0.2631 0.5463, -0.3937 0.2648 0.5498, -0.3937 0.378 0.474, -0.3937 0.3805 0.4771, -0.5906 0.474 0.378, -0.5906 0.4771 0.3805, -0.5906 0.378 0.474, -0.5906 0.3805 0.4771, -0.5906 0.2631 0.5463, -0.5906 0.2648 0.5498, -0.5906 0.1349 0.5911, -0.5906 0.1358 0.5949, -0.5906 0.0 0.6063, -0.5906 0.0 0.6102, -0.5906 -0.1349 0.5911, -0.5906 -0.1358 0.5949, -0.5906 -0.2631 0.5463, -0.5906 -0.2648 0.5498, -0.5906 -0.378 0.474, -0.5906 -0.3805 0.4771, -0.5906 -0.474 0.378, -0.5906 -0.4771 0.3805, -0.5906 -0.5463 0.2631, -0.5906 -0.5498 0.2648, -0.5906 -0.5911 0.1349, -0.5906 -0.5949 0.1358, -0.5906 -0.6063 -0.0, -0.5906 -0.6102 0.0, -0.5906 -0.5911 -0.1349, -0.5906 -0.5949 -0.1358, -0.5906 -0.5463 -0.2631, -0.5906 -0.5498 -0.2648, -0.5906 -0.474 -0.378, -0.5906 -0.4771 -0.3805, -0.5906 -0.378 -0.474, -0.5906 -0.3805 -0.4771, -0.5906 -0.2631 -0.5463, -0.5906 -0.2648 -0.5498, -0.5906 -0.1349 -0.5911, -0.5906 -0.1358 -0.5949, -0.5906 0.0 -0.6063, -0.5906 0.0 -0.6102, -0.5906 0.1349 -0.5911, -0.5906 0.1358 -0.5949, -0.5906 0.2631 -0.5463, -0.5906 0.2648 -0.5498, -0.5906 0.378 -0.474, -0.5906 0.3805 -0.4771, -0.5906 0.474 -0.378, -0.5906 0.4771 -0.3805, -0.5906 0.5463 -0.2631, -0.5906 0.5498 -0.2648, -0.5906 0.5911 -0.1349, -0.5906 0.5949 -0.1358, -0.5906 0.6063 0.0, -0.5906 0.6102 -0.0, -0.5906 0.5911 0.1349, -0.5906 0.5949 0.1358, -0.5906 0.5463 0.2631, -0.5906 0.5498 0.2648, -0.5906 0.5498 0.2648
            ]
        }
        coordIndex [
            0,1,2,-1,2,1,3,-1,2,3,4,-1,4,3,5,-1,4,5,6,-1,6,5,7,-1,6,7,8,-1,8,7,9,-1,8,9,10,-1,10,9,11,-1,10,11,12,-1,12,11,13,-1,12,13,14,-1,14,13,15,-1,14,15,16,-1,16,15,17,-1,16,17,18,-1,18,17,19,-1,18,19,20,-1,20,19,21,-1,20,21,22,-1,22,21,23,-1,22,23,24,-1,24,23,25,-1,24,25,26,-1,26,25,27,-1,26,27,28,-1,28,27,29,-1,28,29,30,-1,30,29,31,-1,30,31,32,-1,32,31,33,-1,32,33,34,-1,34,33,35,-1,34,35,36,-1,36,35,37,-1,36,37,38,-1,38,37,39,-1,38,39,40,-1,40,39,41,-1,40,41,42,-1,42,41,43,-1,42,43,44,-1,44,43,45,-1,44,45,46,-1,46,45,47,-1,46,47,48,-1,48,47,49,-1,48,49,50,-1,50,49,51,-1,50,51,52,-1,52,51,53,-1,52,53,54,-1,54,53,55,-1,54,55,0,-1,0,55,1,-1,56,57,58,-1,58,57,59,-1,58,59,60,-1,60,59,61,-1,60,61,62,-1,62,61,63,-1,62,63,64,-1,64,63,65,-1,64,65,66,-1,66,65,67,-1,66,67,68,-1,68,67,69,-1,68,69,70,-1,70,69,71,-1,70,71,72,-1,72,71,73,-1,72,73,74,-1,74,73,75,-1,74,75,76,-1,76,75,77,-1,76,77,78,-1,78,77,79,-1,78,79,80,-1,80,79,81,-1,80,81,82,-1,82,81,83,-1,82,83,84,-1,84,83,85,-1,84,85,86,-1,86,85,87,-1,86,87,88,-1,88,87,89,-1,88,89,90,-1,90,89,91,-1,90,91,92,-1,92,91,93,-1,92,93,94,-1,94,93,95,-1,94,95,96,-1,96,95,97,-1,96,97,98,-1,98,97,99,-1,98,99,100,-1,100,99,101,-1,100,101,102,-1,102,101,103,-1,102,103,104,-1,104,103,105,-1,104,105,106,-1,106,105,107,-1,106,107,108,-1,108,107,109,-1,108,109,110,-1,110,109,111,-1,110,111,56,-1,56,111,57,-1,64,50,62,-1,62,50,52,-1,62,52,60,-1,60,52,54,-1,60,54,58,-1,58,54,0,-1,58,0,56,-1,56,0,2,-1,56,2,110,-1,110,2,4,-1,110,4,108,-1,108,4,6,-1,108,6,106,-1,106,6,8,-1,106,8,104,-1,104,8,10,-1,104,10,102,-1,102,10,12,-1,102,12,100,-1,100,12,14,-1,100,14,98,-1,98,14,16,-1,98,16,96,-1,96,16,18,-1,96,18,94,-1,94,18,20,-1,94,20,92,-1,92,20,22,-1,92,22,90,-1,90,22,24,-1,90,24,88,-1,88,24,26,-1,88,26,86,-1,86,26,28,-1,86,28,84,-1,84,28,30,-1,84,30,82,-1,82,30,32,-1,82,32,80,-1,80,32,34,-1,80,34,78,-1,78,34,36,-1,78,36,76,-1,76,36,38,-1,76,38,74,-1,74,38,40,-1,74,40,72,-1,72,40,42,-1,72,42,70,-1,70,42,44,-1,70,44,68,-1,68,44,46,-1,68,46,66,-1,66,46,48,-1,66,48,64,-1,64,48,50,-1,
        ]
    }
}
Shape{
    appearance Appearance {
        material  Material 	{
            diffuseColor 0.7529411764705882 0.7529411764705882 0.7529411764705882
            specularColor 0.3764705882352941 0.3764705882352941 0.3764705882352941
            ambientIntensity 0.2
            transparency 0
            shininess 0.5
        }
    }
    geometry IndexedFaceSet {
        ccw TRUE
        solid FALSE
        coord DEF co Coordinate {
            point [
                -2.4738 0.0492 -2.6575, -2.464 0.0255 -2.6575, -2.5591 0.0 -2.6575, -2.4606 0.0 -2.6575, -2.464 -0.0255 -2.6575, -2.5336 0.0951 -2.6575, -2.5098 0.0852 -2.6575, -2.4895 0.0696 -2.6575, -2.6083 0.0852 -2.6575, -2.5845 0.0951 -2.6575, -2.5591 0.0984 -2.6575, -2.6541 0.0255 -2.6575, -2.6443 0.0492 -2.6575, -2.6287 0.0696 -2.6575, -2.6443 -0.0492 -2.6575, -2.6541 -0.0255 -2.6575, -2.6575 0.0 -2.6575, -2.5845 -0.0951 -2.6575, -2.6083 -0.0852 -2.6575, -2.6287 -0.0696 -2.6575, -2.5098 -0.0852 -2.6575, -2.5336 -0.0951 -2.6575, -2.5591 -0.0984 -2.6575, -2.4738 -0.0492 -2.6575, -2.4895 -0.0696 -2.6575, -2.6541 0.0255 -0.5906, -2.6443 0.0492 -0.5906, -2.6287 0.0696 -0.5906, -2.6083 0.0852 -0.5906, -2.5845 0.0951 -0.5906, -2.5591 0.0984 -0.5906, -2.5336 0.0951 -0.5906, -2.5098 0.0852 -0.5906, -2.4895 0.0696 -0.5906, -2.4738 0.0492 -0.5906, -2.464 0.0255 -0.5906, -2.4606 -0.0 -0.5906, -2.464 -0.0255 -0.5906, -2.4738 -0.0492 -0.5906, -2.4895 -0.0696 -0.5906, -2.5098 -0.0852 -0.5906, -2.5336 -0.0951 -0.5906, -2.5591 -0.0984 -0.5906, -2.5845 -0.0951 -0.5906, -2.6083 -0.0852 -0.5906, -2.6287 -0.0696 -0.5906, -2.6443 -0.0492 -0.5906, -2.6541 -0.0255 -0.5906, -2.6575 0.0 -0.5906, -2.4556 0.0 -0.5205, -2.4589 -0.0255 -0.52, -2.4687 -0.0492 -0.5186, -2.4842 -0.0696 -0.5164, -2.5043 -0.0852 -0.5135, -2.5278 -0.0951 -0.5101, -2.553 -0.0984 -0.5065, -2.5783 -0.0951 -0.5029, -2.6018 -0.0852 -0.4995, -2.6219 -0.0696 -0.4966, -2.6374 -0.0492 -0.4944, -2.6471 -0.0255 -0.493, -2.6505 0.0 -0.4925, -2.6471 0.0255 -0.493, -2.6374 0.0492 -0.4944, -2.6219 0.0696 -0.4966, -2.6018 0.0852 -0.4995, -2.5783 0.0951 -0.5029, -2.553 0.0984 -0.5065, -2.5278 0.0951 -0.5101, -2.5043 0.0852 -0.5135, -2.4842 0.0696 -0.5164, -2.4687 0.0492 -0.5186, -2.4589 0.0255 -0.52, -2.4407 0.0 -0.4519, -2.4439 -0.0255 -0.451, -2.4533 -0.0492 -0.4482, -2.4684 -0.0696 -0.4438, -2.4879 -0.0852 -0.438, -2.5107 -0.0951 -0.4314, -2.5351 -0.0984 -0.4242, -2.5596 -0.0951 -0.417, -2.5824 -0.0852 -0.4103, -2.6019 -0.0696 -0.4046, -2.6169 -0.0492 -0.4002, -2.6264 -0.0255 -0.3974, -2.6296 0.0 -0.3964, -2.6264 0.0255 -0.3974, -2.6169 0.0492 -0.4002, -2.6019 0.0696 -0.4046, -2.5824 0.0852 -0.4103, -2.5596 0.0951 -0.417, -2.5351 0.0984 -0.4242, -2.5107 0.0951 -0.4314, -2.4879 0.0852 -0.438, -2.4684 0.0696 -0.4438, -2.4533 0.0492 -0.4482, -2.4439 0.0255 -0.451, -2.4162 0.0 -0.3861, -2.4192 -0.0255 -0.3847, -2.4282 -0.0492 -0.3806, -2.4424 -0.0696 -0.3741, -2.4609 -0.0852 -0.3657, -2.4825 -0.0951 -0.3558, -2.5057 -0.0984 -0.3452, -2.5289 -0.0951 -0.3346, -2.5505 -0.0852 -0.3248, -2.569 -0.0696 -0.3163, -2.5832 -0.0492 -0.3098, -2.5922 -0.0255 -0.3057, -2.5952 0.0 -0.3043, -2.5922 0.0255 -0.3057, -2.5832 0.0492 -0.3098, -2.569 0.0696 -0.3163, -2.5505 0.0852 -0.3248, -2.5289 0.0951 -0.3346, -2.5057 0.0984 -0.3452, -2.4825 0.0951 -0.3558, -2.4609 0.0852 -0.3657, -2.4424 0.0696 -0.3741, -2.4282 0.0492 -0.3806, -2.4192 0.0255 -0.3847, -2.3825 0.0 -0.3245, -2.3853 -0.0255 -0.3227, -2.3936 -0.0492 -0.3174, -2.4068 -0.0696 -0.3089, -2.4239 -0.0852 -0.2979, -2.4439 -0.0951 -0.285, -2.4653 -0.0984 -0.2713, -2.4867 -0.0951 -0.2575, -2.5067 -0.0852 -0.2447, -2.5239 -0.0696 -0.2336, -2.537 -0.0492 -0.2252, -2.5453 -0.0255 -0.2199, -2.5481 0.0 -0.2181, -2.5453 0.0255 -0.2199, -2.537 0.0492 -0.2252, -2.5239 0.0696 -0.2336, -2.5067 0.0852 -0.2447, -2.4867 0.0951 -0.2575, -2.4653 0.0984 -0.2713, -2.4439 0.0951 -0.285, -2.4239 0.0852 -0.2979, -2.4068 0.0696 -0.3089, -2.3936 0.0492 -0.3174, -2.3853 0.0255 -0.3227, -2.3404 0.0 -0.2683, -2.343 -0.0255 -0.2661, -2.3504 -0.0492 -0.2596, -2.3622 -0.0696 -0.2494, -2.3776 -0.0852 -0.236, -2.3956 -0.0951 -0.2205, -2.4148 -0.0984 -0.2038, -2.4341 -0.0951 -0.1871, -2.452 -0.0852 -0.1716, -2.4674 -0.0696 -0.1582, -2.4792 -0.0492 -0.148, -2.4867 -0.0255 -0.1416, -2.4892 0.0 -0.1394, -2.4867 0.0255 -0.1416, -2.4792 0.0492 -0.148, -2.4674 0.0696 -0.1582, -2.452 0.0852 -0.1716, -2.4341 0.0951 -0.1871, -2.4148 0.0984 -0.2038, -2.3956 0.0951 -0.2205, -2.3776 0.0852 -0.236, -2.3622 0.0696 -0.2494, -2.3504 0.0492 -0.2596, -2.343 0.0255 -0.2661, -2.2908 0.0 -0.2186, -2.293 -0.0255 -0.2161, -2.2994 -0.0492 -0.2087, -2.3097 -0.0696 -0.1968, -2.323 -0.0852 -0.1814, -2.3386 -0.0951 -0.1635, -2.3552 -0.0984 -0.1442, -2.3719 -0.0951 -0.125, -2.3875 -0.0852 -0.1071, -2.4008 -0.0696 -0.0916, -2.4111 -0.0492 -0.0798, -2.4175 -0.0255 -0.0724, -2.4197 0.0 -0.0699, -2.4175 0.0255 -0.0724, -2.4111 0.0492 -0.0798, -2.4008 0.0696 -0.0916, -2.3875 0.0852 -0.1071, -2.3719 0.0951 -0.125, -2.3552 0.0984 -0.1442, -2.3386 0.0951 -0.1635, -2.323 0.0852 -0.1814, -2.3097 0.0696 -0.1968, -2.2994 0.0492 -0.2087, -2.293 0.0255 -0.2161, -2.2346 0.0 -0.1765, -2.2364 -0.0255 -0.1737, -2.2417 -0.0492 -0.1655, -2.2502 -0.0696 -0.1523, -2.2612 -0.0852 -0.1351, -2.274 -0.0951 -0.1152, -2.2878 -0.0984 -0.0937, -2.3016 -0.0951 -0.0723, -2.3144 -0.0852 -0.0523, -2.3254 -0.0696 -0.0352, -2.3339 -0.0492 -0.022, -2.3392 -0.0255 -0.0138, -2.341 0.0 -0.0109, -2.3392 0.0255 -0.0138, -2.3339 0.0492 -0.022, -2.3254 0.0696 -0.0352, -2.3144 0.0852 -0.0523, -2.3016 0.0951 -0.0723, -2.2878 0.0984 -0.0937, -2.274 0.0951 -0.1152, -2.2612 0.0852 -0.1351, -2.2502 0.0696 -0.1523, -2.2417 0.0492 -0.1655, -2.2364 0.0255 -0.1737, -2.1729 0.0 -0.1429, -2.1743 -0.0255 -0.1398, -2.1784 -0.0492 -0.1309, -2.1849 -0.0696 -0.1167, -2.1934 -0.0852 -0.0981, -2.2032 -0.0951 -0.0765, -2.2138 -0.0984 -0.0534, -2.2244 -0.0951 -0.0302, -2.2343 -0.0852 -0.0086, -2.2427 -0.0696 0.0099, -2.2492 -0.0492 0.0242, -2.2533 -0.0255 0.0331, -2.2547 0.0 0.0362, -2.2533 0.0255 0.0331, -2.2492 0.0492 0.0242, -2.2427 0.0696 0.0099, -2.2343 0.0852 -0.0086, -2.2244 0.0951 -0.0302, -2.2138 0.0984 -0.0534, -2.2032 0.0951 -0.0765, -2.1934 0.0852 -0.0981, -2.1849 0.0696 -0.1167, -2.1784 0.0492 -0.1309, -2.1743 0.0255 -0.1398, -2.1072 0.0 -0.1184, -2.1081 -0.0255 -0.1151, -2.1109 -0.0492 -0.1057, -2.1153 -0.0696 -0.0907, -2.121 -0.0852 -0.0711, -2.1277 -0.0951 -0.0484, -2.1349 -0.0984 -0.0239, -2.1421 -0.0951 0.0005, -2.1487 -0.0852 0.0233, -2.1545 -0.0696 0.0429, -2.1589 -0.0492 0.0579, -2.1617 -0.0255 0.0673, -2.1626 0.0 0.0705, -2.1617 0.0255 0.0673, -2.1589 0.0492 0.0579, -2.1545 0.0696 0.0429, -2.1487 0.0852 0.0233, -2.1421 0.0951 0.0005, -2.1349 0.0984 -0.0239, -2.1277 0.0951 -0.0484, -2.121 0.0852 -0.0711, -2.1153 0.0696 -0.0907, -2.1109 0.0492 -0.1057, -2.1081 0.0255 -0.1151, -2.0385 0.0 -0.1034, -2.039 -0.0255 -0.1001, -2.0404 -0.0492 -0.0904, -2.0426 -0.0696 -0.0749, -2.0455 -0.0852 -0.0547, -2.0489 -0.0951 -0.0312, -2.0525 -0.0984 -0.006, -2.0562 -0.0951 0.0192, -2.0596 -0.0852 0.0427, -2.0625 -0.0696 0.0629, -2.0647 -0.0492 0.0784, -2.0661 -0.0255 0.0881, -2.0666 0.0 0.0914, -2.0661 0.0255 0.0881, -2.0647 0.0492 0.0784, -2.0625 0.0696 0.0629, -2.0596 0.0852 0.0427, -2.0562 0.0951 0.0192, -2.0525 0.0984 -0.006, -2.0489 0.0951 -0.0312, -2.0455 0.0852 -0.0547, -2.0426 0.0696 -0.0749, -2.0404 0.0492 -0.0904, -2.039 0.0255 -0.1001, -1.9685 0.0 -0.0984, -1.9685 -0.0255 -0.0951, -1.9685 -0.0492 -0.0852, -1.9685 -0.0696 -0.0696, -1.9685 -0.0852 -0.0492, -1.9685 -0.0951 -0.0255, -1.9685 -0.0984 0.0, -1.9685 -0.0951 0.0255, -1.9685 -0.0852 0.0492, -1.9685 -0.0696 0.0696, -1.9685 -0.0492 0.0852, -1.9685 -0.0255 0.0951, -1.9685 0.0 0.0984, -1.9685 0.0255 0.0951, -1.9685 0.0492 0.0852, -1.9685 0.0696 0.0696, -1.9685 0.0852 0.0492, -1.9685 0.0951 0.0255, -1.9685 0.0984 0.0, -1.9685 0.0951 -0.0255, -1.9685 0.0852 -0.0492, -1.9685 0.0696 -0.0696, -1.9685 0.0492 -0.0852, -1.9685 0.0255 -0.0951, -1.8504 0.0255 0.0951, -1.8504 0.0492 0.0852, -1.8504 0.0696 0.0696, -1.8504 0.0852 0.0492, -1.8504 0.0951 0.0255, -1.8504 0.0984 0.0, -1.8504 0.0951 -0.0255, -1.8504 0.0852 -0.0492, -1.8504 0.0696 -0.0696, -1.8504 0.0492 -0.0852, -1.8504 0.0255 -0.0951, -1.8504 0.0 -0.0984, -1.8504 -0.0255 -0.0951, -1.8504 -0.0492 -0.0852, -1.8504 -0.0696 -0.0696, -1.8504 -0.0852 -0.0492, -1.8504 -0.0951 -0.0255, -1.8504 -0.0984 -0.0, -1.8504 -0.0951 0.0255, -1.8504 -0.0852 0.0492, -1.8504 -0.0696 0.0696, -1.8504 -0.0492 0.0852, -1.8504 -0.0255 0.0951, -1.8504 0.0 0.0984, -1.83 0.0262 0.0977, -1.83 0.0506 0.0876, -1.83 0.0715 0.0715, -1.83 0.0876 0.0506, -1.83 0.0977 0.0262, -1.83 0.1011 0.0, -1.83 0.0977 -0.0262, -1.83 0.0876 -0.0506, -1.83 0.0715 -0.0715, -1.83 0.0506 -0.0876, -1.83 0.0262 -0.0977, -1.83 0.0 -0.1011, -1.83 -0.0262 -0.0977, -1.83 -0.0506 -0.0876, -1.83 -0.0715 -0.0715, -1.83 -0.0876 -0.0506, -1.83 -0.0977 -0.0262, -1.83 -0.1011 -0.0, -1.83 -0.0977 0.0262, -1.83 -0.0876 0.0506, -1.83 -0.0715 0.0715, -1.83 -0.0506 0.0876, -1.83 -0.0262 0.0977, -1.83 0.0 0.1011, -1.811 0.0282 0.1053, -1.811 0.0545 0.0944, -1.811 0.0771 0.0771, -1.811 0.0944 0.0545, -1.811 0.1053 0.0282, -1.811 0.109 0.0, -1.811 0.1053 -0.0282, -1.811 0.0944 -0.0545, -1.811 0.0771 -0.0771, -1.811 0.0545 -0.0944, -1.811 0.0282 -0.1053, -1.811 0.0 -0.109, -1.811 -0.0282 -0.1053, -1.811 -0.0545 -0.0944, -1.811 -0.0771 -0.0771, -1.811 -0.0944 -0.0545, -1.811 -0.1053 -0.0282, -1.811 -0.109 -0.0, -1.811 -0.1053 0.0282, -1.811 -0.0944 0.0545, -1.811 -0.0771 0.0771, -1.811 -0.0545 0.0944, -1.811 -0.0282 0.1053, -1.811 0.0 0.109, -1.7947 0.0314 0.1173, -1.7947 0.0607 0.1052, -1.7947 0.0859 0.0859, -1.7947 0.1052 0.0607, -1.7947 0.1173 0.0314, -1.7947 0.1215 0.0, -1.7947 0.1173 -0.0314, -1.7947 0.1052 -0.0607, -1.7947 0.0859 -0.0859, -1.7947 0.0607 -0.1052, -1.7947 0.0314 -0.1173, -1.7947 0.0 -0.1215, -1.7947 -0.0314 -0.1173, -1.7947 -0.0607 -0.1052, -1.7947 -0.0859 -0.0859, -1.7947 -0.1052 -0.0607, -1.7947 -0.1173 -0.0314, -1.7947 -0.1215 -0.0, -1.7947 -0.1173 0.0314, -1.7947 -0.1052 0.0607, -1.7947 -0.0859 0.0859, -1.7947 -0.0607 0.1052, -1.7947 -0.0314 0.1173, -1.7947 0.0 0.1215, -1.7822 0.0357 0.1331, -1.7822 0.0689 0.1193, -1.7822 0.0974 0.0974, -1.7822 0.1193 0.0689, -1.7822 0.1331 0.0357, -1.7822 0.1378 0.0, -1.7822 0.1331 -0.0357, -1.7822 0.1193 -0.0689, -1.7822 0.0974 -0.0974, -1.7822 0.0689 -0.1193, -1.7822 0.0357 -0.1331, -1.7822 0.0 -0.1378, -1.7822 -0.0357 -0.1331, -1.7822 -0.0689 -0.1193, -1.7822 -0.0974 -0.0974, -1.7822 -0.1193 -0.0689, -1.7822 -0.1331 -0.0357, -1.7822 -0.1378 -0.0, -1.7822 -0.1331 0.0357, -1.7822 -0.1193 0.0689, -1.7822 -0.0974 0.0974, -1.7822 -0.0689 0.1193, -1.7822 -0.0357 0.1331, -1.7822 0.0 0.1378, -1.7743 0.0406 0.1514, -1.7743 0.0784 0.1358, -1.7743 0.1109 0.1109, -1.7743 0.1358 0.0784, -1.7743 0.1514 0.0406, -1.7743 0.1568 0.0, -1.7743 0.1514 -0.0406, -1.7743 0.1358 -0.0784, -1.7743 0.1109 -0.1109, -1.7743 0.0784 -0.1358, -1.7743 0.0406 -0.1514, -1.7743 0.0 -0.1568, -1.7743 -0.0406 -0.1514, -1.7743 -0.0784 -0.1358, -1.7743 -0.1109 -0.1109, -1.7743 -0.1358 -0.0784, -1.7743 -0.1514 -0.0406, -1.7743 -0.1568 -0.0, -1.7743 -0.1514 0.0406, -1.7743 -0.1358 0.0784, -1.7743 -0.1109 0.1109, -1.7743 -0.0784 0.1358, -1.7743 -0.0406 0.1514, -1.7743 0.0 0.1568, -1.7717 0.0459 0.1711, -1.7717 0.0886 0.1534, -1.7717 0.1253 0.1253, -1.7717 0.1534 0.0886, -1.7717 0.1711 0.0459, -1.7717 0.1772 0.0, -1.7717 0.1711 -0.0459, -1.7717 0.1534 -0.0886, -1.7717 0.1253 -0.1253, -1.7717 0.0886 -0.1534, -1.7717 0.0459 -0.1711, -1.7717 0.0 -0.1772, -1.7717 -0.0459 -0.1711, -1.7717 -0.0886 -0.1534, -1.7717 -0.1253 -0.1253, -1.7717 -0.1534 -0.0886, -1.7717 -0.1711 -0.0459, -1.7717 -0.1772 -0.0, -1.7717 -0.1711 0.0459, -1.7717 -0.1534 0.0886, -1.7717 -0.1253 0.1253, -1.7717 -0.0886 0.1534, -1.7717 -0.0459 0.1711, -1.7717 -0.0 0.1772, -1.7717 -0.0 0.1772
            ]
        }
        coordIndex [
            0,1,2,-1,2,1,3,-1,2,3,4,-1,5,6,2,-1,2,6,7,-1,2,7,0,-1,8,9,2,-1,2,9,10,-1,2,10,5,-1,11,12,2,-1,2,12,13,-1,2,13,8,-1,14,15,2,-1,2,15,16,-1,2,16,11,-1,17,18,2,-1,2,18,19,-1,2,19,14,-1,20,21,2,-1,2,21,22,-1,2,22,17,-1,4,23,2,-1,2,23,24,-1,2,24,20,-1,16,25,11,-1,11,25,26,-1,11,26,12,-1,12,26,27,-1,12,27,13,-1,13,27,28,-1,13,28,8,-1,8,28,29,-1,8,29,9,-1,9,29,30,-1,9,30,10,-1,10,30,31,-1,10,31,5,-1,5,31,32,-1,5,32,6,-1,6,32,33,-1,6,33,7,-1,7,33,34,-1,7,34,0,-1,0,34,35,-1,0,35,1,-1,1,35,36,-1,1,36,3,-1,3,36,37,-1,3,37,4,-1,4,37,38,-1,4,38,23,-1,23,38,39,-1,23,39,24,-1,24,39,40,-1,24,40,20,-1,20,40,41,-1,20,41,21,-1,21,41,42,-1,21,42,22,-1,22,42,43,-1,22,43,17,-1,17,43,44,-1,17,44,18,-1,18,44,45,-1,18,45,19,-1,19,45,46,-1,19,46,14,-1,14,46,47,-1,14,47,15,-1,15,47,48,-1,15,48,16,-1,16,48,25,-1,36,49,37,-1,37,49,50,-1,37,50,38,-1,38,50,51,-1,38,51,39,-1,39,51,52,-1,39,52,40,-1,40,52,53,-1,40,53,41,-1,41,53,54,-1,41,54,42,-1,42,54,55,-1,42,55,43,-1,43,55,56,-1,43,56,44,-1,44,56,57,-1,44,57,45,-1,45,57,58,-1,45,58,46,-1,46,58,59,-1,46,59,47,-1,47,59,60,-1,47,60,48,-1,48,60,61,-1,48,61,25,-1,25,61,62,-1,25,62,26,-1,26,62,63,-1,26,63,27,-1,27,63,64,-1,27,64,28,-1,28,64,65,-1,28,65,29,-1,29,65,66,-1,29,66,30,-1,30,66,67,-1,30,67,31,-1,31,67,68,-1,31,68,32,-1,32,68,69,-1,32,69,33,-1,33,69,70,-1,33,70,34,-1,34,70,71,-1,34,71,35,-1,35,71,72,-1,35,72,36,-1,36,72,49,-1,49,73,50,-1,50,73,74,-1,50,74,51,-1,51,74,75,-1,51,75,52,-1,52,75,76,-1,52,76,53,-1,53,76,77,-1,53,77,54,-1,54,77,78,-1,54,78,55,-1,55,78,79,-1,55,79,56,-1,56,79,80,-1,56,80,57,-1,57,80,81,-1,57,81,58,-1,58,81,82,-1,58,82,59,-1,59,82,83,-1,59,83,60,-1,60,83,84,-1,60,84,61,-1,61,84,85,-1,61,85,62,-1,62,85,86,-1,62,86,63,-1,63,86,87,-1,63,87,64,-1,64,87,88,-1,64,88,65,-1,65,88,89,-1,65,89,66,-1,66,89,90,-1,66,90,67,-1,67,90,91,-1,67,91,68,-1,68,91,92,-1,68,92,69,-1,69,92,93,-1,69,93,70,-1,70,93,94,-1,70,94,71,-1,71,94,95,-1,71,95,72,-1,72,95,96,-1,72,96,49,-1,49,96,73,-1,73,97,74,-1,74,97,98,-1,74,98,75,-1,75,98,99,-1,75,99,76,-1,76,99,100,-1,76,100,77,-1,77,100,101,-1,77,101,78,-1,78,101,102,-1,78,102,79,-1,79,102,103,-1,79,103,80,-1,80,103,104,-1,80,104,81,-1,81,104,105,-1,81,105,82,-1,82,105,106,-1,82,106,83,-1,83,106,107,-1,83,107,84,-1,84,107,108,-1,84,108,85,-1,85,108,109,-1,85,109,86,-1,86,109,110,-1,86,110,87,-1,87,110,111,-1,87,111,88,-1,88,111,112,-1,88,112,89,-1,89,112,113,-1,89,113,90,-1,90,113,114,-1,90,114,91,-1,91,114,115,-1,91,115,92,-1,92,115,116,-1,92,116,93,-1,93,116,117,-1,93,117,94,-1,94,117,118,-1,94,118,95,-1,95,118,119,-1,95,119,96,-1,96,119,120,-1,96,120,73,-1,73,120,97,-1,97,121,98,-1,98,121,122,-1,98,122,99,-1,99,122,123,-1,99,123,100,-1,100,123,124,-1,100,124,101,-1,101,124,125,-1,101,125,102,-1,102,125,126,-1,102,126,103,-1,103,126,127,-1,103,127,104,-1,104,127,128,-1,104,128,105,-1,105,128,129,-1,105,129,106,-1,106,129,130,-1,106,130,107,-1,107,130,131,-1,107,131,108,-1,108,131,132,-1,108,132,109,-1,109,132,133,-1,109,133,110,-1,110,133,134,-1,110,134,111,-1,111,134,135,-1,111,135,112,-1,112,135,136,-1,112,136,113,-1,113,136,137,-1,113,137,114,-1,114,137,138,-1,114,138,115,-1,115,138,139,-1,115,139,116,-1,116,139,140,-1,116,140,117,-1,117,140,141,-1,117,141,118,-1,118,141,142,-1,118,142,119,-1,119,142,143,-1,119,143,120,-1,120,143,144,-1,120,144,97,-1,97,144,121,-1,121,145,122,-1,122,145,146,-1,122,146,123,-1,123,146,147,-1,123,147,124,-1,124,147,148,-1,124,148,125,-1,125,148,149,-1,125,149,126,-1,126,149,150,-1,126,150,127,-1,127,150,151,-1,127,151,128,-1,128,151,152,-1,128,152,129,-1,129,152,153,-1,129,153,130,-1,130,153,154,-1,130,154,131,-1,131,154,155,-1,131,155,132,-1,132,155,156,-1,132,156,133,-1,133,156,157,-1,133,157,134,-1,134,157,158,-1,134,158,135,-1,135,158,159,-1,135,159,136,-1,136,159,160,-1,136,160,137,-1,137,160,161,-1,137,161,138,-1,138,161,162,-1,138,162,139,-1,139,162,163,-1,139,163,140,-1,140,163,164,-1,140,164,141,-1,141,164,165,-1,141,165,142,-1,142,165,166,-1,142,166,143,-1,143,166,167,-1,143,167,144,-1,144,167,168,-1,144,168,121,-1,121,168,145,-1,145,169,146,-1,146,169,170,-1,146,170,147,-1,147,170,171,-1,147,171,148,-1,148,171,172,-1,148,172,149,-1,149,172,173,-1,149,173,150,-1,150,173,174,-1,150,174,151,-1,151,174,175,-1,151,175,152,-1,152,175,176,-1,152,176,153,-1,153,176,177,-1,153,177,154,-1,154,177,178,-1,154,178,155,-1,155,178,179,-1,155,179,156,-1,156,179,180,-1,156,180,157,-1,157,180,181,-1,157,181,158,-1,158,181,182,-1,158,182,159,-1,159,182,183,-1,159,183,160,-1,160,183,184,-1,160,184,161,-1,161,184,185,-1,161,185,162,-1,162,185,186,-1,162,186,163,-1,163,186,187,-1,163,187,164,-1,164,187,188,-1,164,188,165,-1,165,188,189,-1,165,189,166,-1,166,189,190,-1,166,190,167,-1,167,190,191,-1,167,191,168,-1,168,191,192,-1,168,192,145,-1,145,192,169,-1,169,193,170,-1,170,193,194,-1,170,194,171,-1,171,194,195,-1,171,195,172,-1,172,195,196,-1,172,196,173,-1,173,196,197,-1,173,197,174,-1,174,197,198,-1,174,198,175,-1,175,198,199,-1,175,199,176,-1,176,199,200,-1,176,200,177,-1,177,200,201,-1,177,201,178,-1,178,201,202,-1,178,202,179,-1,179,202,203,-1,179,203,180,-1,180,203,204,-1,180,204,181,-1,181,204,205,-1,181,205,182,-1,182,205,206,-1,182,206,183,-1,183,206,207,-1,183,207,184,-1,184,207,208,-1,184,208,185,-1,185,208,209,-1,185,209,186,-1,186,209,210,-1,186,210,187,-1,187,210,211,-1,187,211,188,-1,188,211,212,-1,188,212,189,-1,189,212,213,-1,189,213,190,-1,190,213,214,-1,190,214,191,-1,191,214,215,-1,191,215,192,-1,192,215,216,-1,192,216,169,-1,169,216,193,-1,193,217,194,-1,194,217,218,-1,194,218,195,-1,195,218,219,-1,195,219,196,-1,196,219,220,-1,196,220,197,-1,197,220,221,-1,197,221,198,-1,198,221,222,-1,198,222,199,-1,199,222,223,-1,199,223,200,-1,200,223,224,-1,200,224,201,-1,201,224,225,-1,201,225,202,-1,202,225,226,-1,202,226,203,-1,203,226,227,-1,203,227,204,-1,204,227,228,-1,204,228,205,-1,205,228,229,-1,205,229,206,-1,206,229,230,-1,206,230,207,-1,207,230,231,-1,207,231,208,-1,208,231,232,-1,208,232,209,-1,209,232,233,-1,209,233,210,-1,210,233,234,-1,210,234,211,-1,211,234,235,-1,211,235,212,-1,212,235,236,-1,212,236,213,-1,213,236,237,-1,213,237,214,-1,214,237,238,-1,214,238,215,-1,215,238,239,-1,215,239,216,-1,216,239,240,-1,216,240,193,-1,193,240,217,-1,217,241,218,-1,218,241,242,-1,218,242,219,-1,219,242,243,-1,219,243,220,-1,220,243,244,-1,220,244,221,-1,221,244,245,-1,221,245,222,-1,222,245,246,-1,222,246,223,-1,223,246,247,-1,223,247,224,-1,224,247,248,-1,224,248,225,-1,225,248,249,-1,225,249,226,-1,226,249,250,-1,226,250,227,-1,227,250,251,-1,227,251,228,-1,228,251,252,-1,228,252,229,-1,229,252,253,-1,229,253,230,-1,230,253,254,-1,230,254,231,-1,231,254,255,-1,231,255,232,-1,232,255,256,-1,232,256,233,-1,233,256,257,-1,233,257,234,-1,234,257,258,-1,234,258,235,-1,235,258,259,-1,235,259,236,-1,236,259,260,-1,236,260,237,-1,237,260,261,-1,237,261,238,-1,238,261,262,-1,238,262,239,-1,239,262,263,-1,239,263,240,-1,240,263,264,-1,240,264,217,-1,217,264,241,-1,241,265,242,-1,242,265,266,-1,242,266,243,-1,243,266,267,-1,243,267,244,-1,244,267,268,-1,244,268,245,-1,245,268,269,-1,245,269,246,-1,246,269,270,-1,246,270,247,-1,247,270,271,-1,247,271,248,-1,248,271,272,-1,248,272,249,-1,249,272,273,-1,249,273,250,-1,250,273,274,-1,250,274,251,-1,251,274,275,-1,251,275,252,-1,252,275,276,-1,252,276,253,-1,253,276,277,-1,253,277,254,-1,254,277,278,-1,254,278,255,-1,255,278,279,-1,255,279,256,-1,256,279,280,-1,256,280,257,-1,257,280,281,-1,257,281,258,-1,258,281,282,-1,258,282,259,-1,259,282,283,-1,259,283,260,-1,260,283,284,-1,260,284,261,-1,261,284,285,-1,261,285,262,-1,262,285,286,-1,262,286,263,-1,263,286,287,-1,263,287,264,-1,264,287,288,-1,264,288,241,-1,241,288,265,-1,265,289,266,-1,266,289,290,-1,266,290,267,-1,267,290,291,-1,267,291,268,-1,268,291,292,-1,268,292,269,-1,269,292,293,-1,269,293,270,-1,270,293,294,-1,270,294,271,-1,271,294,295,-1,271,295,272,-1,272,295,296,-1,272,296,273,-1,273,296,297,-1,273,297,274,-1,274,297,298,-1,274,298,275,-1,275,298,299,-1,275,299,276,-1,276,299,300,-1,276,300,277,-1,277,300,301,-1,277,301,278,-1,278,301,302,-1,278,302,279,-1,279,302,303,-1,279,303,280,-1,280,303,304,-1,280,304,281,-1,281,304,305,-1,281,305,282,-1,282,305,306,-1,282,306,283,-1,283,306,307,-1,283,307,284,-1,284,307,308,-1,284,308,285,-1,285,308,309,-1,285,309,286,-1,286,309,310,-1,286,310,287,-1,287,310,311,-1,287,311,288,-1,288,311,312,-1,288,312,265,-1,265,312,289,-1,301,313,302,-1,302,313,314,-1,302,314,303,-1,303,314,315,-1,303,315,304,-1,304,315,316,-1,304,316,305,-1,305,316,317,-1,305,317,306,-1,306,317,318,-1,306,318,307,-1,307,318,319,-1,307,319,308,-1,308,319,320,-1,308,320,309,-1,309,320,321,-1,309,321,310,-1,310,321,322,-1,310,322,311,-1,311,322,323,-1,311,323,312,-1,312,323,324,-1,312,324,289,-1,289,324,325,-1,289,325,290,-1,290,325,326,-1,290,326,291,-1,291,326,327,-1,291,327,292,-1,292,327,328,-1,292,328,293,-1,293,328,329,-1,293,329,294,-1,294,329,330,-1,294,330,295,-1,295,330,331,-1,295,331,296,-1,296,331,332,-1,296,332,297,-1,297,332,333,-1,297,333,298,-1,298,333,334,-1,298,334,299,-1,299,334,335,-1,299,335,300,-1,300,335,336,-1,300,336,301,-1,301,336,313,-1,313,337,314,-1,314,337,338,-1,314,338,315,-1,315,338,339,-1,315,339,316,-1,316,339,340,-1,316,340,317,-1,317,340,341,-1,317,341,318,-1,318,341,342,-1,318,342,319,-1,319,342,343,-1,319,343,320,-1,320,343,344,-1,320,344,321,-1,321,344,345,-1,321,345,322,-1,322,345,346,-1,322,346,323,-1,323,346,347,-1,323,347,324,-1,324,347,348,-1,324,348,325,-1,325,348,349,-1,325,349,326,-1,326,349,350,-1,326,350,327,-1,327,350,351,-1,327,351,328,-1,328,351,352,-1,328,352,329,-1,329,352,353,-1,329,353,330,-1,330,353,354,-1,330,354,331,-1,331,354,355,-1,331,355,332,-1,332,355,356,-1,332,356,333,-1,333,356,357,-1,333,357,334,-1,334,357,358,-1,334,358,335,-1,335,358,359,-1,335,359,336,-1,336,359,360,-1,336,360,313,-1,313,360,337,-1,337,361,338,-1,338,361,362,-1,338,362,339,-1,339,362,363,-1,339,363,340,-1,340,363,364,-1,340,364,341,-1,341,364,365,-1,341,365,342,-1,342,365,366,-1,342,366,343,-1,343,366,367,-1,343,367,344,-1,344,367,368,-1,344,368,345,-1,345,368,369,-1,345,369,346,-1,346,369,370,-1,346,370,347,-1,347,370,371,-1,347,371,348,-1,348,371,372,-1,348,372,349,-1,349,372,373,-1,349,373,350,-1,350,373,374,-1,350,374,351,-1,351,374,375,-1,351,375,352,-1,352,375,376,-1,352,376,353,-1,353,376,377,-1,353,377,354,-1,354,377,378,-1,354,378,355,-1,355,378,379,-1,355,379,356,-1,356,379,380,-1,356,380,357,-1,357,380,381,-1,357,381,358,-1,358,381,382,-1,358,382,359,-1,359,382,383,-1,359,383,360,-1,360,383,384,-1,360,384,337,-1,337,384,361,-1,361,385,362,-1,362,385,386,-1,362,386,363,-1,363,386,387,-1,363,387,364,-1,364,387,388,-1,364,388,365,-1,365,388,389,-1,365,389,366,-1,366,389,390,-1,366,390,367,-1,367,390,391,-1,367,391,368,-1,368,391,392,-1,368,392,369,-1,369,392,393,-1,369,393,370,-1,370,393,394,-1,370,394,371,-1,371,394,395,-1,371,395,372,-1,372,395,396,-1,372,396,373,-1,373,396,397,-1,373,397,374,-1,374,397,398,-1,374,398,375,-1,375,398,399,-1,375,399,376,-1,376,399,400,-1,376,400,377,-1,377,400,401,-1,377,401,378,-1,378,401,402,-1,378,402,379,-1,379,402,403,-1,379,403,380,-1,380,403,404,-1,380,404,381,-1,381,404,405,-1,381,405,382,-1,382,405,406,-1,382,406,383,-1,383,406,407,-1,383,407,384,-1,384,407,408,-1,384,408,361,-1,361,408,385,-1,385,409,386,-1,386,409,410,-1,386,410,387,-1,387,410,411,-1,387,411,388,-1,388,411,412,-1,388,412,389,-1,389,412,413,-1,389,413,390,-1,390,413,414,-1,390,414,391,-1,391,414,415,-1,391,415,392,-1,392,415,416,-1,392,416,393,-1,393,416,417,-1,393,417,394,-1,394,417,418,-1,394,418,395,-1,395,418,419,-1,395,419,396,-1,396,419,420,-1,396,420,397,-1,397,420,421,-1,397,421,398,-1,398,421,422,-1,398,422,399,-1,399,422,423,-1,399,423,400,-1,400,423,424,-1,400,424,401,-1,401,424,425,-1,401,425,402,-1,402,425,426,-1,402,426,403,-1,403,426,427,-1,403,427,404,-1,404,427,428,-1,404,428,405,-1,405,428,429,-1,405,429,406,-1,406,429,430,-1,406,430,407,-1,407,430,431,-1,407,431,408,-1,408,431,432,-1,408,432,385,-1,385,432,409,-1,409,433,410,-1,410,433,434,-1,410,434,411,-1,411,434,435,-1,411,435,412,-1,412,435,436,-1,412,436,413,-1,413,436,437,-1,413,437,414,-1,414,437,438,-1,414,438,415,-1,415,438,439,-1,415,439,416,-1,416,439,440,-1,416,440,417,-1,417,440,441,-1,417,441,418,-1,418,441,442,-1,418,442,419,-1,419,442,443,-1,419,443,420,-1,420,443,444,-1,420,444,421,-1,421,444,445,-1,421,445,422,-1,422,445,446,-1,422,446,423,-1,423,446,447,-1,423,447,424,-1,424,447,448,-1,424,448,425,-1,425,448,449,-1,425,449,426,-1,426,449,450,-1,426,450,427,-1,427,450,451,-1,427,451,428,-1,428,451,452,-1,428,452,429,-1,429,452,453,-1,429,453,430,-1,430,453,454,-1,430,454,431,-1,431,454,455,-1,431,455,432,-1,432,455,456,-1,432,456,409,-1,409,456,433,-1,433,457,434,-1,434,457,458,-1,434,458,435,-1,435,458,459,-1,435,459,436,-1,436,459,460,-1,436,460,437,-1,437,460,461,-1,437,461,438,-1,438,461,462,-1,438,462,439,-1,439,462,463,-1,439,463,440,-1,440,463,464,-1,440,464,441,-1,441,464,465,-1,441,465,442,-1,442,465,466,-1,442,466,443,-1,443,466,467,-1,443,467,444,-1,444,467,468,-1,444,468,445,-1,445,468,469,-1,445,469,446,-1,446,469,470,-1,446,470,447,-1,447,470,471,-1,447,471,448,-1,448,471,472,-1,448,472,449,-1,449,472,473,-1,449,473,450,-1,450,473,474,-1,450,474,451,-1,451,474,475,-1,451,475,452,-1,452,475,476,-1,452,476,453,-1,453,476,477,-1,453,477,454,-1,454,477,478,-1,454,478,455,-1,455,478,479,-1,455,479,456,-1,456,479,480,-1,456,480,433,-1,433,480,457,-1,
        ]
    }
}
Shape{
    appearance Appearance {
        material  Material 	{
            diffuseColor 0.996078431372549 0.8705882352941177 0.7607843137254902
            specularColor 0.4980392156862745 0.43529411764705883 0.3803921568627451
            ambientIntensity 0.2
            transparency 0
            shininess 0.5
        }
    }
    geometry IndexedFaceSet {
        ccw TRUE
        solid FALSE
        coord DEF co Coordinate {
            point [
                -1.7717 -0.0 0.1772, -1.7717 -0.0459 0.1711, -1.7717 -0.0851 0.5645, -1.7717 -0.1253 0.1253, -1.7717 -0.3216 0.4717, -1.7717 -0.0886 0.1534, -1.7717 -0.2477 0.5143, -1.7717 -0.1683 0.5455, -1.7717 -0.1711 0.0459, -1.7717 -0.1772 -0.0, -1.7717 -0.5693 0.0427, -1.7717 -0.1534 0.0886, -1.7717 -0.4463 0.3559, -1.7717 -0.3883 0.4185, -1.7717 0.0459 0.1711, -1.7717 0.2477 0.5143, -1.7717 0.0886 0.1534, -1.7717 0.3216 0.4717, -1.7717 0.1253 0.1253, -1.7717 -0.0 0.5709, -1.7717 0.0851 0.5645, -1.7717 0.1683 0.5455, -1.7717 -0.5566 0.127, -1.7717 -0.5314 0.2086, -1.7717 -0.4944 0.2854, -1.7717 0.1534 -0.0886, -1.7717 0.4463 -0.3559, -1.7717 0.1253 -0.1253, -1.7717 0.3883 -0.4185, -1.7717 0.0886 -0.1534, -1.7717 0.1711 0.0459, -1.7717 0.5693 0.0427, -1.7717 0.1772 0.0, -1.7717 0.5693 -0.0427, -1.7717 0.1711 -0.0459, -1.7717 0.1534 0.0886, -1.7717 0.5314 0.2086, -1.7717 0.5566 0.127, -1.7717 -0.1534 -0.0886, -1.7717 -0.5314 -0.2086, -1.7717 -0.1711 -0.0459, -1.7717 -0.5566 -0.127, -1.7717 -0.5693 -0.0427, -1.7717 -0.1253 -0.1253, -1.7717 -0.0886 -0.1534, -1.7717 -0.3216 -0.4717, -1.7717 0.0 -0.1772, -1.7717 -0.0851 -0.5645, -1.7717 -0.0459 -0.1711, -1.7717 -0.1683 -0.5455, -1.7717 -0.2477 -0.5143, -1.7717 0.3883 0.4185, -1.7717 0.4463 0.3559, -1.7717 0.4944 0.2854, -1.7717 -0.3883 -0.4185, -1.7717 -0.4463 -0.3559, -1.7717 -0.4944 -0.2854, -1.7717 0.0459 -0.1711, -1.7717 0.0851 -0.5645, -1.7717 -0.0 -0.5709, -1.7717 0.3216 -0.4717, -1.7717 0.2477 -0.5143, -1.7717 0.1683 -0.5455, -1.7717 0.5566 -0.127, -1.7717 0.5314 -0.2086, -1.7717 0.4944 -0.2854, -1.6535 0.1428 0.6721, -1.6535 0.2031 0.6584, -1.6841 0.2019 0.6545, -1.6535 0.4042 0.5564, -1.6535 0.4686 0.5051, -1.6841 0.4659 0.5021, -1.6535 0.6535 0.2124, -1.6535 0.6717 0.1533, -1.6841 0.6678 0.1524, -1.6535 0.684 -0.0718, -1.6535 0.6717 -0.1533, -1.6841 0.6678 -0.1524, -1.6535 0.5107 -0.4598, -1.6535 0.4686 -0.5051, -1.6841 0.4659 -0.5021, -1.6535 0.2798 -0.6283, -1.6535 0.2031 -0.6584, -1.6841 0.2019 -0.6545, -1.6535 -0.1428 -0.6721, -1.6535 -0.2031 -0.6584, -1.6841 -0.2019 -0.6545, -1.6535 -0.4042 -0.5564, -1.6535 -0.4686 -0.5051, -1.6841 -0.4659 -0.5021, -1.6535 -0.6535 -0.2124, -1.6535 -0.6717 -0.1533, -1.6841 -0.6678 -0.1524, -1.6535 -0.684 0.0718, -1.6535 -0.6717 0.1533, -1.6841 -0.6678 0.1524, -1.6535 -0.5107 0.4598, -1.6535 -0.4686 0.5051, -1.6841 -0.4659 0.5021, -1.6535 -0.2798 0.6283, -1.6535 -0.2031 0.6584, -1.6841 -0.2019 0.6545, -1.7676 -0.0896 0.5947, -1.7676 -0.1773 0.5747, -1.7558 -0.0939 0.6229, -1.7558 -0.1857 0.6019, -1.7371 -0.0975 0.6471, -1.7371 -0.1929 0.6253, -1.7126 -0.1003 0.6656, -1.7126 -0.1984 0.6432, -1.6841 -0.1021 0.6773, -1.7676 -0.3388 0.4969, -1.7676 -0.4091 0.4409, -1.7558 -0.3548 0.5205, -1.7558 -0.4285 0.4618, -1.7371 -0.3686 0.5407, -1.7371 -0.4451 0.4797, -1.7126 -0.3792 0.5562, -1.7126 -0.4579 0.4935, -1.6841 -0.3858 0.5659, -1.7676 -0.5599 0.2197, -1.7676 -0.5864 0.1338, -1.7558 -0.5864 0.2301, -1.7558 -0.6141 0.1402, -1.7371 -0.6091 0.2391, -1.7371 -0.638 0.1456, -1.7126 -0.6266 0.2459, -1.7126 -0.6563 0.1498, -1.6841 -0.6376 0.2502, -1.7676 -0.5998 -0.0449, -1.7676 -0.5864 -0.1338, -1.7558 -0.6282 -0.0471, -1.7558 -0.6141 -0.1402, -1.7371 -0.6526 -0.0489, -1.7371 -0.638 -0.1456, -1.7126 -0.6713 -0.0503, -1.7126 -0.6563 -0.1498, -1.6841 -0.683 -0.0512, -1.7676 -0.4702 -0.375, -1.7676 -0.4091 -0.4409, -1.7558 -0.4925 -0.3927, -1.7558 -0.4285 -0.4618, -1.7371 -0.5116 -0.408, -1.7371 -0.4451 -0.4797, -1.7126 -0.5263 -0.4197, -1.7126 -0.4579 -0.4935, -1.6841 -0.5355 -0.4271, -1.7676 -0.261 -0.5419, -1.7676 -0.1773 -0.5747, -1.7558 -0.2733 -0.5675, -1.7558 -0.1857 -0.6019, -1.7371 -0.2839 -0.5896, -1.7371 -0.1929 -0.6253, -1.7126 -0.2921 -0.6065, -1.7126 -0.1984 -0.6432, -1.6841 -0.2972 -0.6171, -1.7676 0.0896 -0.5947, -1.7676 0.1773 -0.5747, -1.7558 0.0939 -0.6229, -1.7558 0.1857 -0.6019, -1.7371 0.0975 -0.6471, -1.7371 0.1929 -0.6253, -1.7126 0.1003 -0.6656, -1.7126 0.1984 -0.6432, -1.6841 0.1021 -0.6773, -1.7676 0.3388 -0.4969, -1.7676 0.4091 -0.4409, -1.7558 0.3548 -0.5205, -1.7558 0.4285 -0.4618, -1.7371 0.3686 -0.5407, -1.7371 0.4451 -0.4797, -1.7126 0.3792 -0.5562, -1.7126 0.4579 -0.4935, -1.6841 0.3858 -0.5659, -1.7676 0.5599 -0.2197, -1.7676 0.5864 -0.1338, -1.7558 0.5864 -0.2301, -1.7558 0.6141 -0.1402, -1.7371 0.6091 -0.2391, -1.7371 0.638 -0.1456, -1.7126 0.6266 -0.2459, -1.7126 0.6563 -0.1498, -1.6841 0.6376 -0.2502, -1.7676 0.5998 0.0449, -1.7676 0.5864 0.1338, -1.7558 0.6282 0.0471, -1.7558 0.6141 0.1402, -1.7371 0.6526 0.0489, -1.7371 0.638 0.1456, -1.7126 0.6713 0.0503, -1.7126 0.6563 0.1498, -1.6841 0.683 0.0512, -1.7676 0.4702 0.375, -1.7676 0.4091 0.4409, -1.7558 0.4925 0.3927, -1.7558 0.4285 0.4618, -1.7371 0.5116 0.408, -1.7371 0.4451 0.4797, -1.7126 0.5263 0.4197, -1.7126 0.4579 0.4935, -1.6841 0.5355 0.4271, -1.7676 0.261 0.5419, -1.7676 0.1773 0.5747, -1.7558 0.2733 0.5675, -1.7558 0.1857 0.6019, -1.7371 0.2839 0.5896, -1.7371 0.1929 0.6253, -1.7126 0.2921 0.6065, -1.7126 0.1984 0.6432, -1.6841 0.2972 0.6171, -1.7676 -0.0 0.6014, -1.7558 -0.0 0.6299, -1.7371 -0.0 0.6544, -1.7126 -0.0 0.6732, -1.6841 -0.0 0.685, -1.6535 -0.0 0.689, -1.6535 -0.1027 0.6813, -1.6535 -0.1428 0.6721, -1.6535 -0.2989 0.6207, -1.6841 -0.2972 0.6171, -1.7126 -0.2921 0.6065, -1.7371 -0.2839 0.5896, -1.7558 -0.2733 0.5675, -1.7676 -0.261 0.5419, -1.6535 -0.3881 0.5693, -1.6535 -0.4042 0.5564, -1.6535 -0.5387 0.4296, -1.6841 -0.5355 0.4271, -1.7126 -0.5263 0.4197, -1.7371 -0.5116 0.408, -1.7558 -0.4925 0.3927, -1.7676 -0.4702 0.375, -1.7676 -0.5209 0.3007, -1.7558 -0.5455 0.315, -1.7371 -0.5667 0.3272, -1.7126 -0.583 0.3366, -1.6841 -0.5932 0.3425, -1.6535 -0.5967 0.3445, -1.6535 -0.6413 0.2517, -1.6535 -0.6535 0.2124, -1.6535 -0.687 0.0515, -1.6841 -0.683 0.0512, -1.7126 -0.6713 0.0503, -1.7371 -0.6526 0.0489, -1.7558 -0.6282 0.0471, -1.7676 -0.5998 0.0449, -1.6535 -0.687 -0.0515, -1.6535 -0.684 -0.0718, -1.6535 -0.6413 -0.2517, -1.6841 -0.6376 -0.2502, -1.7126 -0.6266 -0.2459, -1.7371 -0.6091 -0.2391, -1.7558 -0.5864 -0.2301, -1.7676 -0.5599 -0.2197, -1.7676 -0.5209 -0.3007, -1.7558 -0.5455 -0.315, -1.7371 -0.5667 -0.3272, -1.7126 -0.583 -0.3366, -1.6841 -0.5932 -0.3425, -1.6535 -0.5967 -0.3445, -1.6535 -0.5387 -0.4296, -1.6535 -0.5107 -0.4598, -1.6535 -0.3881 -0.5693, -1.6841 -0.3858 -0.5659, -1.7126 -0.3792 -0.5562, -1.7371 -0.3686 -0.5407, -1.7558 -0.3548 -0.5205, -1.7676 -0.3388 -0.4969, -1.6535 -0.2989 -0.6207, -1.6535 -0.2798 -0.6283, -1.6535 -0.1027 -0.6813, -1.6841 -0.1021 -0.6773, -1.7126 -0.1003 -0.6656, -1.7371 -0.0975 -0.6471, -1.7558 -0.0939 -0.6229, -1.7676 -0.0896 -0.5947, -1.7676 -0.0 -0.6014, -1.7558 -0.0 -0.6299, -1.7371 -0.0 -0.6544, -1.7126 -0.0 -0.6732, -1.6841 -0.0 -0.685, -1.6535 -0.0 -0.689, -1.6535 0.1027 -0.6813, -1.6535 0.1428 -0.6721, -1.6535 0.2989 -0.6207, -1.6841 0.2972 -0.6171, -1.7126 0.2921 -0.6065, -1.7371 0.2839 -0.5896, -1.7558 0.2733 -0.5675, -1.7676 0.261 -0.5419, -1.6535 0.3881 -0.5693, -1.6535 0.4042 -0.5564, -1.6535 0.5387 -0.4296, -1.6841 0.5355 -0.4271, -1.7126 0.5263 -0.4197, -1.7371 0.5116 -0.408, -1.7558 0.4925 -0.3927, -1.7676 0.4702 -0.375, -1.7676 0.5209 -0.3007, -1.7558 0.5455 -0.315, -1.7371 0.5667 -0.3272, -1.7126 0.583 -0.3366, -1.6841 0.5932 -0.3425, -1.6535 0.5967 -0.3445, -1.6535 0.6413 -0.2517, -1.6535 0.6535 -0.2124, -1.6535 0.687 -0.0515, -1.6841 0.683 -0.0512, -1.7126 0.6713 -0.0503, -1.7371 0.6526 -0.0489, -1.7558 0.6282 -0.0471, -1.7676 0.5998 -0.0449, -1.6535 0.687 0.0515, -1.6535 0.684 0.0718, -1.6535 0.6413 0.2517, -1.6841 0.6376 0.2502, -1.7126 0.6266 0.2459, -1.7371 0.6091 0.2391, -1.7558 0.5864 0.2301, -1.7676 0.5599 0.2197, -1.7676 0.5209 0.3007, -1.7558 0.5455 0.315, -1.7371 0.5667 0.3272, -1.7126 0.583 0.3366, -1.6841 0.5932 0.3425, -1.6535 0.5967 0.3445, -1.6535 0.5387 0.4296, -1.6535 0.5107 0.4598, -1.6535 0.3881 0.5693, -1.6841 0.3858 0.5659, -1.7126 0.3792 0.5562, -1.7371 0.3686 0.5407, -1.7558 0.3548 0.5205, -1.7676 0.3388 0.4969, -1.6535 0.2989 0.6207, -1.6535 0.2798 0.6283, -1.6535 0.1027 0.6813, -1.6841 0.1021 0.6773, -1.7126 0.1003 0.6656, -1.7371 0.0975 0.6471, -1.7558 0.0939 0.6229, -1.7676 0.0896 0.5947, -1.4567 -0.0671 -0.6819, -1.4567 -0.1343 -0.6749, -1.4567 -0.1432 -0.6739, -1.4567 -0.1989 -0.6558, -1.4567 -0.2631 -0.635, -1.4567 -0.2802 -0.6294, -1.4567 -0.3231 -0.6047, -1.4567 -0.3816 -0.5709, -1.4567 -0.5702 -0.3809, -1.4567 -0.405 -0.5574, -1.4567 -0.435 -0.5303, -1.4567 -0.4853 -0.4851, -1.4567 -0.512 -0.461, -1.4567 -0.5305 -0.4356, -1.4567 -0.5967 -0.3445, -1.4567 -0.6058 -0.324, -1.4567 -0.6333 -0.2622, -1.4567 -0.6852 -0.0, -1.4567 -0.6852 0.0675, -1.4567 -0.6852 0.072, -1.4567 -0.6553 -0.2129, -1.4567 -0.6581 -0.1997, -1.4567 -0.6721 -0.1336, -1.4567 -0.6852 -0.072, -1.4567 -0.6852 -0.0675, -1.4567 -0.6058 0.324, -1.4567 -0.6721 0.1336, -1.4567 -0.6581 0.1997, -1.4567 -0.6553 0.2129, -1.4567 -0.6333 0.2622, -1.4567 -0.435 0.5303, -1.4567 -0.405 0.5574, -1.4567 -0.5967 0.3445, -1.4567 -0.5702 0.3809, -1.4567 -0.5305 0.4356, -1.4567 -0.512 0.461, -1.4567 -0.4853 0.4851, -1.4567 -0.0671 0.6819, -1.4567 -0.3816 0.5709, -1.4567 -0.3231 0.6047, -1.4567 -0.2802 0.6294, -1.4567 -0.2631 0.635, -1.4567 -0.1989 0.6558, -1.4567 -0.1432 0.6739, -1.4567 -0.1343 0.6749, -1.4567 -0.0 0.689, -1.4567 0.0671 0.6819, -1.4567 0.1343 0.6749, -1.4567 0.1432 0.6739, -1.4567 0.1989 0.6558, -1.4567 0.2631 0.635, -1.4567 0.2802 0.6294, -1.4567 0.3231 0.6047, -1.4567 0.3816 0.5709, -1.4567 0.5702 0.3809, -1.4567 0.405 0.5574, -1.4567 0.435 0.5303, -1.4567 0.4853 0.4851, -1.4567 0.512 0.461, -1.4567 0.5305 0.4356, -1.4567 0.5967 0.3445, -1.4567 0.6058 0.324, -1.4567 0.6333 0.2622, -1.4567 0.6852 0.0, -1.4567 0.6852 -0.0675, -1.4567 0.6852 -0.072, -1.4567 0.6553 0.2129, -1.4567 0.6581 0.1997, -1.4567 0.6721 0.1336, -1.4567 0.6852 0.072, -1.4567 0.6852 0.0675, -1.4567 0.6058 -0.324, -1.4567 0.6721 -0.1336, -1.4567 0.6581 -0.1997, -1.4567 0.6553 -0.2129, -1.4567 0.6333 -0.2622, -1.4567 0.435 -0.5303, -1.4567 0.405 -0.5574, -1.4567 0.5967 -0.3445, -1.4567 0.5702 -0.3809, -1.4567 0.5305 -0.4356, -1.4567 0.512 -0.461, -1.4567 0.4853 -0.4851, -1.4567 0.0671 -0.6819, -1.4567 -0.0 -0.689, -1.4567 0.3816 -0.5709, -1.4567 0.3231 -0.6047, -1.4567 0.2802 -0.6294, -1.4567 0.2631 -0.635, -1.4567 0.1989 -0.6558, -1.4567 0.1432 -0.6739, -1.4567 0.1343 -0.6749, -1.4567 0.1343 -0.6749
            ]
        }
        coordIndex [
            0,1,2,-1,3,4,5,-1,5,4,6,-1,5,6,1,-1,1,6,7,-1,1,7,2,-1,8,9,10,-1,11,12,3,-1,3,12,13,-1,3,13,4,-1,14,15,16,-1,16,15,17,-1,16,17,18,-1,2,19,0,-1,0,19,20,-1,0,20,14,-1,14,20,21,-1,14,21,15,-1,10,22,8,-1,8,22,23,-1,8,23,11,-1,11,23,24,-1,11,24,12,-1,25,26,27,-1,27,26,28,-1,27,28,29,-1,30,31,32,-1,32,31,33,-1,32,33,34,-1,35,36,30,-1,30,36,37,-1,30,37,31,-1,38,39,40,-1,40,39,41,-1,40,41,9,-1,9,41,42,-1,9,42,10,-1,43,44,45,-1,46,47,48,-1,48,47,49,-1,48,49,44,-1,44,49,50,-1,44,50,45,-1,17,51,18,-1,18,51,52,-1,18,52,35,-1,35,52,53,-1,35,53,36,-1,45,54,43,-1,43,54,55,-1,43,55,38,-1,38,55,56,-1,38,56,39,-1,57,58,46,-1,46,58,59,-1,46,59,47,-1,28,60,29,-1,29,60,61,-1,29,61,57,-1,57,61,62,-1,57,62,58,-1,33,63,34,-1,34,63,64,-1,34,64,25,-1,25,64,65,-1,25,65,26,-1,66,67,68,-1,69,70,71,-1,72,73,74,-1,75,76,77,-1,78,79,80,-1,81,82,83,-1,84,85,86,-1,87,88,89,-1,90,91,92,-1,93,94,95,-1,96,97,98,-1,99,100,101,-1,2,7,102,-1,102,7,103,-1,102,103,104,-1,104,103,105,-1,104,105,106,-1,106,105,107,-1,106,107,108,-1,108,107,109,-1,108,109,110,-1,110,109,101,-1,4,13,111,-1,111,13,112,-1,111,112,113,-1,113,112,114,-1,113,114,115,-1,115,114,116,-1,115,116,117,-1,117,116,118,-1,117,118,119,-1,119,118,98,-1,23,22,120,-1,120,22,121,-1,120,121,122,-1,122,121,123,-1,122,123,124,-1,124,123,125,-1,124,125,126,-1,126,125,127,-1,126,127,128,-1,128,127,95,-1,42,41,129,-1,129,41,130,-1,129,130,131,-1,131,130,132,-1,131,132,133,-1,133,132,134,-1,133,134,135,-1,135,134,136,-1,135,136,137,-1,137,136,92,-1,55,54,138,-1,138,54,139,-1,138,139,140,-1,140,139,141,-1,140,141,142,-1,142,141,143,-1,142,143,144,-1,144,143,145,-1,144,145,146,-1,146,145,89,-1,50,49,147,-1,147,49,148,-1,147,148,149,-1,149,148,150,-1,149,150,151,-1,151,150,152,-1,151,152,153,-1,153,152,154,-1,153,154,155,-1,155,154,86,-1,58,62,156,-1,156,62,157,-1,156,157,158,-1,158,157,159,-1,158,159,160,-1,160,159,161,-1,160,161,162,-1,162,161,163,-1,162,163,164,-1,164,163,83,-1,60,28,165,-1,165,28,166,-1,165,166,167,-1,167,166,168,-1,167,168,169,-1,169,168,170,-1,169,170,171,-1,171,170,172,-1,171,172,173,-1,173,172,80,-1,64,63,174,-1,174,63,175,-1,174,175,176,-1,176,175,177,-1,176,177,178,-1,178,177,179,-1,178,179,180,-1,180,179,181,-1,180,181,182,-1,182,181,77,-1,31,37,183,-1,183,37,184,-1,183,184,185,-1,185,184,186,-1,185,186,187,-1,187,186,188,-1,187,188,189,-1,189,188,190,-1,189,190,191,-1,191,190,74,-1,52,51,192,-1,192,51,193,-1,192,193,194,-1,194,193,195,-1,194,195,196,-1,196,195,197,-1,196,197,198,-1,198,197,199,-1,198,199,200,-1,200,199,71,-1,15,21,201,-1,201,21,202,-1,201,202,203,-1,203,202,204,-1,203,204,205,-1,205,204,206,-1,205,206,207,-1,207,206,208,-1,207,208,209,-1,209,208,68,-1,19,2,210,-1,210,2,102,-1,210,102,211,-1,211,102,104,-1,211,104,212,-1,212,104,106,-1,212,106,213,-1,213,106,108,-1,213,108,214,-1,214,108,110,-1,214,110,215,-1,215,110,216,-1,101,100,110,-1,110,100,217,-1,110,217,216,-1,218,99,219,-1,219,99,101,-1,219,101,220,-1,220,101,109,-1,220,109,221,-1,221,109,107,-1,221,107,222,-1,222,107,105,-1,222,105,223,-1,223,105,103,-1,223,103,6,-1,6,103,7,-1,6,4,223,-1,223,4,111,-1,223,111,222,-1,222,111,113,-1,222,113,221,-1,221,113,115,-1,221,115,220,-1,220,115,117,-1,220,117,219,-1,219,117,119,-1,219,119,218,-1,218,119,224,-1,98,97,119,-1,119,97,225,-1,119,225,224,-1,226,96,227,-1,227,96,98,-1,227,98,228,-1,228,98,118,-1,228,118,229,-1,229,118,116,-1,229,116,230,-1,230,116,114,-1,230,114,231,-1,231,114,112,-1,231,112,12,-1,12,112,13,-1,12,24,231,-1,231,24,232,-1,231,232,230,-1,230,232,233,-1,230,233,229,-1,229,233,234,-1,229,234,228,-1,228,234,235,-1,228,235,227,-1,227,235,236,-1,227,236,226,-1,226,236,237,-1,24,23,232,-1,232,23,120,-1,232,120,233,-1,233,120,122,-1,233,122,234,-1,234,122,124,-1,234,124,235,-1,235,124,126,-1,235,126,236,-1,236,126,128,-1,236,128,237,-1,237,128,238,-1,95,94,128,-1,128,94,239,-1,128,239,238,-1,240,93,241,-1,241,93,95,-1,241,95,242,-1,242,95,127,-1,242,127,243,-1,243,127,125,-1,243,125,244,-1,244,125,123,-1,244,123,245,-1,245,123,121,-1,245,121,10,-1,10,121,22,-1,10,42,245,-1,245,42,129,-1,245,129,244,-1,244,129,131,-1,244,131,243,-1,243,131,133,-1,243,133,242,-1,242,133,135,-1,242,135,241,-1,241,135,137,-1,241,137,240,-1,240,137,246,-1,92,91,137,-1,137,91,247,-1,137,247,246,-1,248,90,249,-1,249,90,92,-1,249,92,250,-1,250,92,136,-1,250,136,251,-1,251,136,134,-1,251,134,252,-1,252,134,132,-1,252,132,253,-1,253,132,130,-1,253,130,39,-1,39,130,41,-1,39,56,253,-1,253,56,254,-1,253,254,252,-1,252,254,255,-1,252,255,251,-1,251,255,256,-1,251,256,250,-1,250,256,257,-1,250,257,249,-1,249,257,258,-1,249,258,248,-1,248,258,259,-1,56,55,254,-1,254,55,138,-1,254,138,255,-1,255,138,140,-1,255,140,256,-1,256,140,142,-1,256,142,257,-1,257,142,144,-1,257,144,258,-1,258,144,146,-1,258,146,259,-1,259,146,260,-1,89,88,146,-1,146,88,261,-1,146,261,260,-1,262,87,263,-1,263,87,89,-1,263,89,264,-1,264,89,145,-1,264,145,265,-1,265,145,143,-1,265,143,266,-1,266,143,141,-1,266,141,267,-1,267,141,139,-1,267,139,45,-1,45,139,54,-1,45,50,267,-1,267,50,147,-1,267,147,266,-1,266,147,149,-1,266,149,265,-1,265,149,151,-1,265,151,264,-1,264,151,153,-1,264,153,263,-1,263,153,155,-1,263,155,262,-1,262,155,268,-1,86,85,155,-1,155,85,269,-1,155,269,268,-1,270,84,271,-1,271,84,86,-1,271,86,272,-1,272,86,154,-1,272,154,273,-1,273,154,152,-1,273,152,274,-1,274,152,150,-1,274,150,275,-1,275,150,148,-1,275,148,47,-1,47,148,49,-1,47,59,275,-1,275,59,276,-1,275,276,274,-1,274,276,277,-1,274,277,273,-1,273,277,278,-1,273,278,272,-1,272,278,279,-1,272,279,271,-1,271,279,280,-1,271,280,270,-1,270,280,281,-1,59,58,276,-1,276,58,156,-1,276,156,277,-1,277,156,158,-1,277,158,278,-1,278,158,160,-1,278,160,279,-1,279,160,162,-1,279,162,280,-1,280,162,164,-1,280,164,281,-1,281,164,282,-1,83,82,164,-1,164,82,283,-1,164,283,282,-1,284,81,285,-1,285,81,83,-1,285,83,286,-1,286,83,163,-1,286,163,287,-1,287,163,161,-1,287,161,288,-1,288,161,159,-1,288,159,289,-1,289,159,157,-1,289,157,61,-1,61,157,62,-1,61,60,289,-1,289,60,165,-1,289,165,288,-1,288,165,167,-1,288,167,287,-1,287,167,169,-1,287,169,286,-1,286,169,171,-1,286,171,285,-1,285,171,173,-1,285,173,284,-1,284,173,290,-1,80,79,173,-1,173,79,291,-1,173,291,290,-1,292,78,293,-1,293,78,80,-1,293,80,294,-1,294,80,172,-1,294,172,295,-1,295,172,170,-1,295,170,296,-1,296,170,168,-1,296,168,297,-1,297,168,166,-1,297,166,26,-1,26,166,28,-1,26,65,297,-1,297,65,298,-1,297,298,296,-1,296,298,299,-1,296,299,295,-1,295,299,300,-1,295,300,294,-1,294,300,301,-1,294,301,293,-1,293,301,302,-1,293,302,292,-1,292,302,303,-1,65,64,298,-1,298,64,174,-1,298,174,299,-1,299,174,176,-1,299,176,300,-1,300,176,178,-1,300,178,301,-1,301,178,180,-1,301,180,302,-1,302,180,182,-1,302,182,303,-1,303,182,304,-1,77,76,182,-1,182,76,305,-1,182,305,304,-1,306,75,307,-1,307,75,77,-1,307,77,308,-1,308,77,181,-1,308,181,309,-1,309,181,179,-1,309,179,310,-1,310,179,177,-1,310,177,311,-1,311,177,175,-1,311,175,33,-1,33,175,63,-1,33,31,311,-1,311,31,183,-1,311,183,310,-1,310,183,185,-1,310,185,309,-1,309,185,187,-1,309,187,308,-1,308,187,189,-1,308,189,307,-1,307,189,191,-1,307,191,306,-1,306,191,312,-1,74,73,191,-1,191,73,313,-1,191,313,312,-1,314,72,315,-1,315,72,74,-1,315,74,316,-1,316,74,190,-1,316,190,317,-1,317,190,188,-1,317,188,318,-1,318,188,186,-1,318,186,319,-1,319,186,184,-1,319,184,36,-1,36,184,37,-1,36,53,319,-1,319,53,320,-1,319,320,318,-1,318,320,321,-1,318,321,317,-1,317,321,322,-1,317,322,316,-1,316,322,323,-1,316,323,315,-1,315,323,324,-1,315,324,314,-1,314,324,325,-1,53,52,320,-1,320,52,192,-1,320,192,321,-1,321,192,194,-1,321,194,322,-1,322,194,196,-1,322,196,323,-1,323,196,198,-1,323,198,324,-1,324,198,200,-1,324,200,325,-1,325,200,326,-1,71,70,200,-1,200,70,327,-1,200,327,326,-1,328,69,329,-1,329,69,71,-1,329,71,330,-1,330,71,199,-1,330,199,331,-1,331,199,197,-1,331,197,332,-1,332,197,195,-1,332,195,333,-1,333,195,193,-1,333,193,17,-1,17,193,51,-1,17,15,333,-1,333,15,201,-1,333,201,332,-1,332,201,203,-1,332,203,331,-1,331,203,205,-1,331,205,330,-1,330,205,207,-1,330,207,329,-1,329,207,209,-1,329,209,328,-1,328,209,334,-1,68,67,209,-1,209,67,335,-1,209,335,334,-1,336,66,337,-1,337,66,68,-1,337,68,338,-1,338,68,208,-1,338,208,339,-1,339,208,206,-1,339,206,340,-1,340,206,204,-1,340,204,341,-1,341,204,202,-1,341,202,20,-1,20,202,21,-1,20,19,341,-1,341,19,210,-1,341,210,340,-1,340,210,211,-1,340,211,339,-1,339,211,212,-1,339,212,338,-1,338,212,213,-1,338,213,337,-1,337,213,214,-1,337,214,336,-1,336,214,215,-1,281,342,270,-1,270,342,343,-1,270,343,84,-1,84,343,344,-1,84,344,85,-1,344,345,85,-1,85,345,346,-1,85,346,269,-1,269,346,347,-1,269,347,268,-1,268,347,348,-1,268,348,262,-1,262,348,349,-1,262,349,87,-1,350,259,260,-1,349,351,87,-1,87,351,352,-1,87,352,88,-1,88,352,353,-1,88,353,261,-1,261,353,354,-1,261,354,260,-1,260,354,355,-1,260,355,350,-1,350,356,259,-1,259,356,357,-1,259,357,248,-1,248,357,358,-1,248,358,90,-1,246,359,240,-1,240,359,360,-1,240,360,93,-1,93,360,361,-1,93,361,94,-1,358,362,90,-1,90,362,363,-1,90,363,91,-1,91,363,364,-1,91,364,247,-1,247,364,365,-1,247,365,246,-1,246,365,366,-1,246,366,359,-1,367,237,238,-1,361,368,94,-1,94,368,369,-1,94,369,239,-1,239,369,370,-1,239,370,238,-1,238,370,371,-1,238,371,367,-1,97,372,225,-1,225,372,373,-1,225,373,224,-1,367,374,237,-1,237,374,375,-1,237,375,226,-1,226,375,376,-1,226,376,96,-1,96,376,377,-1,96,377,97,-1,97,377,378,-1,97,378,372,-1,215,216,379,-1,373,380,224,-1,224,380,381,-1,224,381,218,-1,218,381,382,-1,218,382,99,-1,99,382,383,-1,99,383,100,-1,100,383,384,-1,100,384,217,-1,217,384,385,-1,217,385,216,-1,216,385,386,-1,216,386,379,-1,379,387,215,-1,215,387,388,-1,215,388,336,-1,336,388,389,-1,336,389,66,-1,66,389,390,-1,66,390,67,-1,390,391,67,-1,67,391,392,-1,67,392,335,-1,335,392,393,-1,335,393,334,-1,334,393,394,-1,334,394,328,-1,328,394,395,-1,328,395,69,-1,396,325,326,-1,395,397,69,-1,69,397,398,-1,69,398,70,-1,70,398,399,-1,70,399,327,-1,327,399,400,-1,327,400,326,-1,326,400,401,-1,326,401,396,-1,396,402,325,-1,325,402,403,-1,325,403,314,-1,314,403,404,-1,314,404,72,-1,312,405,306,-1,306,405,406,-1,306,406,75,-1,75,406,407,-1,75,407,76,-1,404,408,72,-1,72,408,409,-1,72,409,73,-1,73,409,410,-1,73,410,313,-1,313,410,411,-1,313,411,312,-1,312,411,412,-1,312,412,405,-1,413,303,304,-1,407,414,76,-1,76,414,415,-1,76,415,305,-1,305,415,416,-1,305,416,304,-1,304,416,417,-1,304,417,413,-1,79,418,291,-1,291,418,419,-1,291,419,290,-1,413,420,303,-1,303,420,421,-1,303,421,292,-1,292,421,422,-1,292,422,78,-1,78,422,423,-1,78,423,79,-1,79,423,424,-1,79,424,418,-1,282,425,281,-1,281,425,426,-1,281,426,342,-1,419,427,290,-1,290,427,428,-1,290,428,284,-1,284,428,429,-1,284,429,81,-1,81,429,430,-1,81,430,82,-1,82,430,431,-1,82,431,283,-1,283,431,432,-1,283,432,282,-1,282,432,433,-1,282,433,425,-1,
        ]
    }
}
Shape{
    appearance Appearance {
        material  Material 	{
            diffuseColor 0.5019607843137255 0.0 0.0
            specularColor 0.25098039215686274 0.0 0.0
            ambientIntensity 0.2
            transparency 0
            shininess 0.5
        }
    }
    geometry IndexedFaceSet {
        ccw TRUE
        solid FALSE
        coord DEF co Coordinate {
            point [
                -1.4277 0.1992 0.6566, -1.4277 0.2626 0.634, -1.4567 0.2631 0.635, -1.4277 -0.1992 -0.6566, -1.4277 -0.2626 -0.634, -1.4567 -0.2631 -0.635, -1.3783 -0.1274 0.6406, -1.3783 -0.1896 0.625, -1.378 -0.1884 0.621, -1.378 -0.1262 0.6346, -1.378 -0.0801 0.6446, -1.3783 -0.064 0.65, -1.378 -0.0636 0.6452, -1.3783 -0.0 0.6531, -1.3783 -0.4143 0.5049, -1.378 -0.4032 0.5093, -1.3783 -0.3628 0.543, -1.378 -0.3594 0.5379, -1.3783 -0.3079 0.576, -1.378 -0.3045 0.5738, -1.3783 -0.2499 0.6034, -1.378 -0.2475 0.5976, -1.378 -0.1953 0.6195, -1.3783 -0.576 0.3079, -1.378 -0.5578 0.3328, -1.3783 -0.543 0.3628, -1.378 -0.5384 0.3596, -1.3783 -0.5049 0.4143, -1.378 -0.5009 0.4112, -1.378 -0.4886 0.4281, -1.3783 -0.4618 0.4618, -1.378 -0.4576 0.4575, -1.378 -0.4114 0.5015, -1.3783 -0.65 0.064, -1.378 -0.6398 0.1123, -1.3783 -0.6406 0.1274, -1.378 -0.636 0.1264, -1.3783 -0.625 0.1896, -1.378 -0.6193 0.1879, -1.378 -0.609 0.226, -1.3783 -0.6034 0.2499, -1.378 -0.5986 0.2478, -1.378 -0.571 0.3053, -1.3783 -0.6406 -0.1274, -1.378 -0.6389 -0.1175, -1.3783 -0.65 -0.064, -1.378 -0.6438 -0.0634, -1.3783 -0.6531 -0.0, -1.378 -0.6496 -0.0, -1.378 -0.6441 0.0635, -1.3783 -0.543 -0.3628, -1.378 -0.5551 -0.3373, -1.3783 -0.576 -0.3079, -1.378 -0.5708 -0.3052, -1.3783 -0.6034 -0.2499, -1.378 -0.5989 -0.248, -1.378 -0.6071 -0.2311, -1.3783 -0.625 -0.1896, -1.378 -0.6192 -0.1879, -1.378 -0.6363 -0.1265, -1.3783 -0.4618 -0.4618, -1.378 -0.4851 -0.432, -1.3783 -0.5049 -0.4143, -1.378 -0.5007 -0.411, -1.378 -0.5385 -0.3597, -1.3783 -0.3628 -0.543, -1.3783 -0.3079 -0.576, -1.378 -0.3059 -0.5724, -1.378 -0.3595 -0.5379, -1.378 -0.3991 -0.5125, -1.3783 -0.4143 -0.5049, -1.378 -0.4112 -0.5012, -1.378 -0.4577 -0.4576, -1.3783 -0.064 -0.65, -1.378 -0.075 -0.6452, -1.3783 -0.1274 -0.6406, -1.378 -0.1262 -0.6345, -1.3783 -0.1896 -0.625, -1.378 -0.1904 -0.6211, -1.3783 -0.2499 -0.6034, -1.378 -0.2476 -0.5976, -1.378 -0.3 -0.5762, -1.4277 -0.2626 0.634, -1.4567 -0.2802 0.6294, -1.4277 -0.3235 0.6052, -1.4567 -0.3231 0.6047, -1.4277 -0.3812 0.5705, -1.4277 -0.1339 0.673, -1.4567 -0.1432 0.6739, -1.4277 -0.1992 0.6566, -1.4567 -0.1989 0.6558, -1.4567 -0.2631 0.635, -1.4277 -0.5304 0.4353, -1.4567 -0.5305 0.4356, -1.4277 -0.5705 0.3812, -1.4567 -0.5702 0.3809, -1.4277 -0.6052 0.3235, -1.4277 -0.634 0.2626, -1.4567 -0.6553 0.2129, -1.4277 -0.6566 0.1992, -1.4567 -0.6581 0.1997, -1.4277 -0.673 0.1339, -1.4567 -0.5967 0.3445, -1.4567 -0.6058 0.324, -1.4567 -0.6333 0.2622, -1.4567 -0.3816 0.5709, -1.4567 -0.405 0.5574, -1.4277 -0.4353 0.5304, -1.4567 -0.435 0.5303, -1.4277 -0.4852 0.4852, -1.4567 -0.4853 0.4851, -1.4567 -0.512 0.461, -1.4277 -0.6829 -0.0673, -1.4567 -0.6852 -0.072, -1.4277 -0.673 -0.1339, -1.4567 -0.6721 -0.1336, -1.4277 -0.6566 -0.1992, -1.4277 -0.6052 -0.3235, -1.4567 -0.5967 -0.3445, -1.4277 -0.5705 -0.3812, -1.4567 -0.5702 -0.3809, -1.4277 -0.5304 -0.4353, -1.4567 -0.6581 -0.1997, -1.4567 -0.6553 -0.2129, -1.4277 -0.634 -0.2626, -1.4567 -0.6333 -0.2622, -1.4567 -0.6058 -0.324, -1.4277 -0.3812 -0.5705, -1.4567 -0.3816 -0.5709, -1.4277 -0.3235 -0.6052, -1.4567 -0.3231 -0.6047, -1.4567 -0.2802 -0.6294, -1.4567 -0.5305 -0.4356, -1.4567 -0.512 -0.461, -1.4277 -0.4852 -0.4852, -1.4567 -0.4853 -0.4851, -1.4277 -0.4353 -0.5304, -1.4567 -0.435 -0.5303, -1.4567 -0.405 -0.5574, -1.4567 -0.6721 0.1336, -1.4567 -0.6852 0.072, -1.4277 -0.6829 0.0673, -1.4567 -0.6852 0.0675, -1.4277 -0.6862 -0.0, -1.4567 -0.6852 -0.0, -1.4567 -0.6852 -0.0675, -1.4136 0.0669 0.6792, -1.401 0.0664 0.6742, -1.4136 0.1332 0.6694, -1.401 0.1322 0.6644, -1.4136 0.1981 0.6531, -1.401 0.1966 0.6483, -1.4136 0.2612 0.6306, -1.401 0.2592 0.6259, -1.4136 0.3217 0.6019, -1.401 0.3193 0.5974, -1.4136 0.3792 0.5675, -1.401 0.3763 0.5632, -1.4136 0.433 0.5276, -1.401 0.4298 0.5237, -1.4136 0.4826 0.4826, -1.401 0.479 0.479, -1.4136 0.5276 0.433, -1.401 0.5237 0.4298, -1.4136 0.5675 0.3792, -1.401 0.5632 0.3763, -1.4136 0.6019 0.3217, -1.401 0.5974 0.3193, -1.4136 0.6306 0.2612, -1.401 0.6259 0.2592, -1.4136 0.6531 0.1981, -1.401 0.6483 0.1966, -1.4136 0.6694 0.1332, -1.401 0.6644 0.1322, -1.4136 0.6792 0.0669, -1.401 0.6742 0.0664, -1.4136 0.6826 0.0, -1.401 0.6774 0.0, -1.4136 0.6792 -0.0669, -1.401 0.6742 -0.0664, -1.4136 0.6694 -0.1332, -1.401 0.6644 -0.1322, -1.4136 0.6531 -0.1981, -1.401 0.6483 -0.1966, -1.4136 0.6306 -0.2612, -1.401 0.6259 -0.2592, -1.4136 0.6019 -0.3217, -1.401 0.5974 -0.3193, -1.4136 0.5675 -0.3792, -1.401 0.5632 -0.3763, -1.4136 0.5276 -0.433, -1.401 0.5237 -0.4298, -1.4136 0.4826 -0.4826, -1.401 0.479 -0.479, -1.4136 0.433 -0.5276, -1.401 0.4298 -0.5237, -1.4136 0.3792 -0.5675, -1.401 0.3763 -0.5632, -1.4136 0.3217 -0.6019, -1.401 0.3193 -0.5974, -1.4136 0.2612 -0.6306, -1.401 0.2592 -0.6259, -1.4136 0.1981 -0.6531, -1.401 0.1966 -0.6483, -1.4136 0.1332 -0.6694, -1.401 0.1322 -0.6644, -1.4136 0.0669 -0.6792, -1.401 0.0664 -0.6742, -1.4136 -0.0 -0.6826, -1.401 -0.0 -0.6774, -1.4136 -0.0669 -0.6792, -1.401 -0.0664 -0.6742, -1.4136 -0.1332 -0.6694, -1.401 -0.1322 -0.6644, -1.4136 -0.1981 -0.6531, -1.401 -0.1966 -0.6483, -1.4136 -0.2612 -0.6306, -1.401 -0.2592 -0.6259, -1.4136 -0.3217 -0.6019, -1.401 -0.3193 -0.5974, -1.4136 -0.3792 -0.5675, -1.401 -0.3763 -0.5632, -1.4136 -0.433 -0.5276, -1.401 -0.4298 -0.5237, -1.4136 -0.4826 -0.4826, -1.401 -0.479 -0.479, -1.4136 -0.5276 -0.433, -1.401 -0.5237 -0.4298, -1.4136 -0.5675 -0.3792, -1.401 -0.5632 -0.3763, -1.4136 -0.6019 -0.3217, -1.401 -0.5974 -0.3193, -1.4136 -0.6306 -0.2612, -1.401 -0.6259 -0.2592, -1.4136 -0.6531 -0.1981, -1.401 -0.6483 -0.1966, -1.4136 -0.6694 -0.1332, -1.401 -0.6644 -0.1322, -1.4136 -0.6792 -0.0669, -1.401 -0.6742 -0.0664, -1.4136 -0.6826 -0.0, -1.401 -0.6774 -0.0, -1.4136 -0.6792 0.0669, -1.401 -0.6742 0.0664, -1.4136 -0.6694 0.1332, -1.401 -0.6644 0.1322, -1.4136 -0.6531 0.1981, -1.401 -0.6483 0.1966, -1.4136 -0.6306 0.2612, -1.401 -0.6259 0.2592, -1.4136 -0.6019 0.3217, -1.401 -0.5974 0.3193, -1.4136 -0.5675 0.3792, -1.401 -0.5632 0.3763, -1.4136 -0.5276 0.433, -1.401 -0.5237 0.4298, -1.4136 -0.4826 0.4826, -1.401 -0.479 0.479, -1.4136 -0.433 0.5276, -1.401 -0.4298 0.5237, -1.4136 -0.3792 0.5675, -1.401 -0.3763 0.5632, -1.4136 -0.3217 0.6019, -1.401 -0.3193 0.5974, -1.4136 -0.2612 0.6306, -1.401 -0.2592 0.6259, -1.4136 -0.1981 0.6531, -1.401 -0.1966 0.6483, -1.4136 -0.1332 0.6694, -1.401 -0.1322 0.6644, -1.4136 -0.0669 0.6792, -1.401 -0.0664 0.6742, -1.4136 -0.0 0.6826, -1.401 -0.0 0.6774, -1.4277 0.2626 -0.634, -1.4567 0.2802 -0.6294, -1.4277 0.3235 -0.6052, -1.4567 0.3231 -0.6047, -1.4277 0.3812 -0.5705, -1.4277 0.1339 -0.673, -1.4567 0.1432 -0.6739, -1.4277 0.1992 -0.6566, -1.4567 0.1989 -0.6558, -1.4567 0.2631 -0.635, -1.4277 0.5304 -0.4353, -1.4567 0.5305 -0.4356, -1.4277 0.5705 -0.3812, -1.4567 0.5702 -0.3809, -1.4277 0.6052 -0.3235, -1.4277 0.634 -0.2626, -1.4567 0.6553 -0.2129, -1.4277 0.6566 -0.1992, -1.4567 0.6581 -0.1997, -1.4277 0.673 -0.1339, -1.4567 0.5967 -0.3445, -1.4567 0.6058 -0.324, -1.4567 0.6333 -0.2622, -1.4567 0.3816 -0.5709, -1.4567 0.405 -0.5574, -1.4277 0.4353 -0.5304, -1.4567 0.435 -0.5303, -1.4277 0.4852 -0.4852, -1.4567 0.4853 -0.4851, -1.4567 0.512 -0.461, -1.4277 0.6829 0.0673, -1.4567 0.6852 0.072, -1.4277 0.673 0.1339, -1.4567 0.6721 0.1336, -1.4277 0.6566 0.1992, -1.4277 0.6052 0.3235, -1.4567 0.5967 0.3445, -1.4277 0.5705 0.3812, -1.4567 0.5702 0.3809, -1.4277 0.5304 0.4353, -1.4567 0.6581 0.1997, -1.4567 0.6553 0.2129, -1.4277 0.634 0.2626, -1.4567 0.6333 0.2622, -1.4567 0.6058 0.324, -1.4277 0.3812 0.5705, -1.4567 0.3816 0.5709, -1.4277 0.3235 0.6052, -1.4567 0.3231 0.6047, -1.4567 0.2802 0.6294, -1.4567 0.5305 0.4356, -1.4567 0.512 0.461, -1.4277 0.4852 0.4852, -1.4567 0.4853 0.4851, -1.4277 0.4353 0.5304, -1.4567 0.435 0.5303, -1.4567 0.405 0.5574, -1.4567 0.6721 -0.1336, -1.4567 0.6852 -0.072, -1.4277 0.6829 -0.0673, -1.4567 0.6852 -0.0675, -1.4277 0.6862 0.0, -1.4567 0.6852 0.0, -1.4567 0.6852 0.0675, -1.4277 0.0673 0.6829, -1.4277 0.1339 0.673, -1.4277 0.0673 -0.6829, -1.4277 -0.0 -0.6862, -1.4277 -0.0673 -0.6829, -1.4277 -0.1339 -0.673, -1.4277 -0.0673 0.6829, -1.4277 -0.0 0.6862, -1.3783 0.1274 -0.6406, -1.378 0.1173 -0.6389, -1.3783 0.064 -0.65, -1.378 0.0634 -0.6438, -1.3783 -0.0 -0.6531, -1.378 0.0 -0.6496, -1.378 -0.0636 -0.6459, -1.3783 0.2499 -0.6034, -1.378 0.2309 -0.6072, -1.3783 0.1896 -0.625, -1.378 0.1879 -0.6192, -1.378 0.1265 -0.6363, -1.3783 0.3628 -0.543, -1.378 0.3371 -0.5552, -1.3783 0.3079 -0.576, -1.378 0.3052 -0.5708, -1.378 0.248 -0.5988, -1.3783 0.4618 -0.4618, -1.378 0.4319 -0.4852, -1.3783 0.4143 -0.5049, -1.378 0.411 -0.5007, -1.378 0.3597 -0.5385, -1.3783 0.543 -0.3628, -1.3783 0.576 -0.3079, -1.378 0.5724 -0.3059, -1.378 0.5379 -0.3595, -1.378 0.5124 -0.3993, -1.3783 0.5049 -0.4143, -1.378 0.5012 -0.4112, -1.378 0.4576 -0.4577, -1.3783 0.65 -0.064, -1.378 0.6452 -0.0752, -1.3783 0.6406 -0.1274, -1.378 0.6345 -0.1262, -1.3783 0.625 -0.1896, -1.378 0.6214 -0.1885, -1.378 0.621 -0.1906, -1.3783 0.6034 -0.2499, -1.378 0.5976 -0.2476, -1.378 0.5761 -0.3002, -1.3783 0.625 0.1896, -1.378 0.6298 0.1589, -1.3783 0.6406 0.1274, -1.378 0.635 0.1264, -1.3783 0.65 0.064, -1.378 0.6449 0.0634, -1.378 0.6482 0.0426, -1.3783 0.6531 0.0, -1.378 0.6471 0.0001, -1.378 0.6455 -0.0636, -1.3783 0.5049 0.4143, -1.378 0.5319 0.3728, -1.3783 0.543 0.3628, -1.378 0.5391 0.3603, -1.3783 0.576 0.3079, -1.378 0.5708 0.305, -1.378 0.5905 0.2706, -1.3783 0.6034 0.2499, -1.378 0.5985 0.248, -1.378 0.6196 0.1879, -1.3783 0.3628 0.543, -1.378 0.3687 0.5348, -1.3783 0.4143 0.5049, -1.378 0.4104 0.5001, -1.3783 0.4618 0.4618, -1.378 0.4593 0.4593, -1.378 0.5003 0.4105, -1.3783 0.2499 0.6034, -1.378 0.2659 0.5927, -1.3783 0.3079 0.576, -1.378 0.305 0.5707, -1.378 0.3605 0.5394, -1.3783 0.1274 0.6406, -1.378 0.154 0.631, -1.3783 0.1896 0.625, -1.378 0.1878 0.6195, -1.378 0.2481 0.5988, -1.378 0.0001 0.6473, -1.378 0.0375 0.6485, -1.3783 0.064 0.65, -1.378 0.0634 0.6446, -1.378 0.1264 0.6352, -1.381 0.0647 0.6572, -1.3793 0.0644 0.6536, -1.381 0.1288 0.6477, -1.3793 0.1281 0.6441, -1.381 0.1917 0.632, -1.3793 0.1906 0.6285, -1.381 0.2527 0.6102, -1.3793 0.2513 0.6068, -1.381 0.3113 0.5824, -1.3793 0.3096 0.5792, -1.381 0.3669 0.5491, -1.3793 0.3649 0.5461, -1.381 0.419 0.5105, -1.3793 0.4166 0.5077, -1.381 0.467 0.467, -1.3793 0.4644 0.4644, -1.381 0.5105 0.419, -1.3793 0.5077 0.4166, -1.381 0.5491 0.3669, -1.3793 0.5461 0.3649, -1.381 0.5824 0.3113, -1.3793 0.5792 0.3096, -1.381 0.6102 0.2527, -1.3793 0.6068 0.2513, -1.381 0.632 0.1917, -1.3793 0.6285 0.1906, -1.381 0.6477 0.1288, -1.3793 0.6441 0.1281, -1.381 0.6572 0.0647, -1.3793 0.6536 0.0644, -1.381 0.6604 0.0, -1.3793 0.6568 0.0, -1.381 0.6572 -0.0647, -1.3793 0.6536 -0.0644, -1.381 0.6477 -0.1288, -1.3793 0.6441 -0.1281, -1.381 0.632 -0.1917, -1.3793 0.6285 -0.1906, -1.381 0.6102 -0.2527, -1.3793 0.6068 -0.2513, -1.381 0.5824 -0.3113, -1.3793 0.5792 -0.3096, -1.381 0.5491 -0.3669, -1.3793 0.5461 -0.3649, -1.381 0.5105 -0.419, -1.3793 0.5077 -0.4166, -1.381 0.467 -0.467, -1.3793 0.4644 -0.4644, -1.381 0.419 -0.5105, -1.3793 0.4166 -0.5077, -1.381 0.3669 -0.5491, -1.3793 0.3649 -0.5461, -1.381 0.3113 -0.5824, -1.3793 0.3096 -0.5792, -1.381 0.2527 -0.6102, -1.3793 0.2513 -0.6068, -1.381 0.1917 -0.632, -1.3793 0.1906 -0.6285, -1.381 0.1288 -0.6477, -1.3793 0.1281 -0.6441, -1.381 0.0647 -0.6572, -1.3793 0.0644 -0.6536, -1.381 -0.0 -0.6604, -1.3793 -0.0 -0.6568, -1.381 -0.0647 -0.6572, -1.3793 -0.0644 -0.6536, -1.381 -0.1288 -0.6477, -1.3793 -0.1281 -0.6441, -1.381 -0.1917 -0.632, -1.3793 -0.1906 -0.6285, -1.381 -0.2527 -0.6102, -1.3793 -0.2513 -0.6068, -1.381 -0.3113 -0.5824, -1.3793 -0.3096 -0.5792, -1.381 -0.3669 -0.5491, -1.3793 -0.3649 -0.5461, -1.381 -0.419 -0.5105, -1.3793 -0.4166 -0.5077, -1.381 -0.467 -0.467, -1.3793 -0.4644 -0.4644, -1.381 -0.5105 -0.419, -1.3793 -0.5077 -0.4166, -1.381 -0.5491 -0.3669, -1.3793 -0.5461 -0.3649, -1.381 -0.5824 -0.3113, -1.3793 -0.5792 -0.3096, -1.381 -0.6102 -0.2527, -1.3793 -0.6068 -0.2513, -1.381 -0.632 -0.1917, -1.3793 -0.6285 -0.1906, -1.381 -0.6477 -0.1288, -1.3793 -0.6441 -0.1281, -1.381 -0.6572 -0.0647, -1.3793 -0.6536 -0.0644, -1.381 -0.6604 -0.0, -1.3793 -0.6568 -0.0, -1.381 -0.6572 0.0647, -1.3793 -0.6536 0.0644, -1.381 -0.6477 0.1288, -1.3793 -0.6441 0.1281, -1.381 -0.632 0.1917, -1.3793 -0.6285 0.1906, -1.381 -0.6102 0.2527, -1.3793 -0.6068 0.2513, -1.381 -0.5824 0.3113, -1.3793 -0.5792 0.3096, -1.381 -0.5491 0.3669, -1.3793 -0.5461 0.3649, -1.381 -0.5105 0.419, -1.3793 -0.5077 0.4166, -1.381 -0.467 0.467, -1.3793 -0.4644 0.4644, -1.381 -0.419 0.5105, -1.3793 -0.4166 0.5077, -1.381 -0.3669 0.5491, -1.3793 -0.3649 0.5461, -1.381 -0.3113 0.5824, -1.3793 -0.3096 0.5792, -1.381 -0.2527 0.6102, -1.3793 -0.2513 0.6068, -1.381 -0.1917 0.632, -1.3793 -0.1906 0.6285, -1.381 -0.1288 0.6477, -1.3793 -0.1281 0.6441, -1.381 -0.0647 0.6572, -1.3793 -0.0644 0.6536, -1.381 -0.0 0.6604, -1.3793 -0.0 0.6568, -1.3908 0.0658 0.6679, -1.3835 0.0651 0.6609, -1.3908 0.1309 0.6582, -1.3835 0.1296 0.6513, -1.3908 0.1948 0.6422, -1.3835 0.1928 0.6355, -1.3908 0.2568 0.6201, -1.3835 0.2541 0.6135, -1.3908 0.3164 0.5919, -1.3835 0.313 0.5857, -1.3908 0.3728 0.558, -1.3835 0.3689 0.5521, -1.3908 0.4258 0.5188, -1.3835 0.4213 0.5133, -1.3908 0.4746 0.4746, -1.3835 0.4696 0.4696, -1.3908 0.5188 0.4258, -1.3835 0.5133 0.4213, -1.3908 0.558 0.3728, -1.3835 0.5521 0.3689, -1.3908 0.5919 0.3164, -1.3835 0.5857 0.313, -1.3908 0.6201 0.2568, -1.3835 0.6135 0.2541, -1.3908 0.6422 0.1948, -1.3835 0.6355 0.1928, -1.3908 0.6582 0.1309, -1.3835 0.6513 0.1296, -1.3908 0.6679 0.0658, -1.3835 0.6609 0.0651, -1.3908 0.6711 0.0, -1.3835 0.6641 0.0, -1.3908 0.6679 -0.0658, -1.3835 0.6609 -0.0651, -1.3908 0.6582 -0.1309, -1.3835 0.6513 -0.1296, -1.3908 0.6422 -0.1948, -1.3835 0.6355 -0.1928, -1.3908 0.6201 -0.2568, -1.3835 0.6135 -0.2541, -1.3908 0.5919 -0.3164, -1.3835 0.5857 -0.313, -1.3908 0.558 -0.3728, -1.3835 0.5521 -0.3689, -1.3908 0.5188 -0.4258, -1.3835 0.5133 -0.4213, -1.3908 0.4746 -0.4746, -1.3835 0.4696 -0.4696, -1.3908 0.4258 -0.5188, -1.3835 0.4213 -0.5133, -1.3908 0.3728 -0.558, -1.3835 0.3689 -0.5521, -1.3908 0.3164 -0.5919, -1.3835 0.313 -0.5857, -1.3908 0.2568 -0.6201, -1.3835 0.2541 -0.6135, -1.3908 0.1948 -0.6422, -1.3835 0.1928 -0.6355, -1.3908 0.1309 -0.6582, -1.3835 0.1296 -0.6513, -1.3908 0.0658 -0.6679, -1.3835 0.0651 -0.6609, -1.3908 -0.0 -0.6711, -1.3835 -0.0 -0.6641, -1.3908 -0.0658 -0.6679, -1.3835 -0.0651 -0.6609, -1.3908 -0.1309 -0.6582, -1.3835 -0.1296 -0.6513, -1.3908 -0.1948 -0.6422, -1.3835 -0.1928 -0.6355, -1.3908 -0.2568 -0.6201, -1.3835 -0.2541 -0.6135, -1.3908 -0.3164 -0.5919, -1.3835 -0.313 -0.5857, -1.3908 -0.3728 -0.558, -1.3835 -0.3689 -0.5521, -1.3908 -0.4258 -0.5188, -1.3835 -0.4213 -0.5133, -1.3908 -0.4746 -0.4746, -1.3835 -0.4696 -0.4696, -1.3908 -0.5188 -0.4258, -1.3835 -0.5133 -0.4213, -1.3908 -0.558 -0.3728, -1.3835 -0.5521 -0.3689, -1.3908 -0.5919 -0.3164, -1.3835 -0.5857 -0.313, -1.3908 -0.6201 -0.2568, -1.3835 -0.6135 -0.2541, -1.3908 -0.6422 -0.1948, -1.3835 -0.6355 -0.1928, -1.3908 -0.6582 -0.1309, -1.3835 -0.6513 -0.1296, -1.3908 -0.6679 -0.0658, -1.3835 -0.6609 -0.0651, -1.3908 -0.6711 -0.0, -1.3835 -0.6641 -0.0, -1.3908 -0.6679 0.0658, -1.3835 -0.6609 0.0651, -1.3908 -0.6582 0.1309, -1.3835 -0.6513 0.1296, -1.3908 -0.6422 0.1948, -1.3835 -0.6355 0.1928, -1.3908 -0.6201 0.2568, -1.3835 -0.6135 0.2541, -1.3908 -0.5919 0.3164, -1.3835 -0.5857 0.313, -1.3908 -0.558 0.3728, -1.3835 -0.5521 0.3689, -1.3908 -0.5188 0.4258, -1.3835 -0.5133 0.4213, -1.3908 -0.4746 0.4746, -1.3835 -0.4696 0.4696, -1.3908 -0.4258 0.5188, -1.3835 -0.4213 0.5133, -1.3908 -0.3728 0.558, -1.3835 -0.3689 0.5521, -1.3908 -0.3164 0.5919, -1.3835 -0.313 0.5857, -1.3908 -0.2568 0.6201, -1.3835 -0.2541 0.6135, -1.3908 -0.1948 0.6422, -1.3835 -0.1928 0.6355, -1.3908 -0.1309 0.6582, -1.3835 -0.1296 0.6513, -1.3908 -0.0658 0.6679, -1.3835 -0.0651 0.6609, -1.3908 -0.0 0.6711, -1.3835 -0.0 0.6641, -1.4567 -0.1989 -0.6558, -1.4567 -0.1432 -0.6739, -1.4567 -0.1343 -0.6749, -1.4567 -0.0671 -0.6819, -1.4567 -0.0 -0.689, -1.4567 0.0671 -0.6819, -1.4567 0.1343 -0.6749, -1.4567 0.1989 0.6558, -1.4567 0.1432 0.6739, -1.4567 0.1343 0.6749, -1.4567 0.0671 0.6819, -1.4567 -0.0 0.689, -1.4567 -0.0671 0.6819, -1.4567 -0.1343 0.6749, -1.3776 0.3589 0.5372, -1.3776 0.6182 0.1875, -1.3776 0.6429 0.0633, -1.3776 0.6429 -0.0633, -1.3776 0.126 -0.6336, -1.3651 0.1823 0.601, -1.3651 0.2403 0.5803, -1.3724 0.243 0.5868, -1.3549 0.2931 0.5483, -1.3549 0.3454 0.5169, -1.3651 0.3489 0.5222, -1.3549 0.3944 0.4806, -1.3549 0.4397 0.4397, -1.3651 0.4441 0.4441, -1.3549 0.4806 0.3944, -1.3549 0.5169 0.3454, -1.3651 0.5222 0.3489, -1.3549 0.5483 0.2931, -1.3549 0.5744 0.2379, -1.3651 0.5803 0.2403, -1.3651 0.2961 -0.5539, -1.3651 0.2403 -0.5803, -1.3724 0.243 -0.5868, -1.3549 0.6188 -0.0609, -1.3549 0.6098 -0.1213, -1.3651 0.616 -0.1225, -1.3549 0.595 -0.1805, -1.3549 0.5744 -0.2379, -1.3651 0.5803 -0.2403, -1.3549 0.5483 -0.2931, -1.3549 0.5169 -0.3454, -1.3651 0.5222 -0.3489, -1.3549 0.1805 -0.595, -1.3549 0.1213 -0.6098, -1.3651 0.1225 -0.616, -1.3549 0.0609 -0.6188, -1.3549 0.0 -0.6218, -1.3651 0.0 -0.6281, -1.3776 -0.0633 -0.6429, -1.3549 -0.0609 -0.6188, -1.3549 -0.1213 -0.6098, -1.3651 -0.1225 -0.616, -1.3549 -0.1805 -0.595, -1.3549 -0.2379 -0.5744, -1.3651 -0.2403 -0.5803, -1.3549 -0.2931 -0.5483, -1.3549 -0.3454 -0.5169, -1.3651 -0.3489 -0.5222, -1.3651 -0.601 -0.1823, -1.3651 -0.616 -0.1225, -1.3724 -0.6229 -0.1239, -1.3549 -0.6188 -0.0609, -1.3549 -0.6218 -0.0, -1.3651 -0.6281 -0.0, -1.3776 -0.5698 0.3045, -1.3776 -0.4994 0.4098, -1.3776 -0.4098 0.4994, -1.3549 -0.6188 0.0609, -1.3549 -0.6098 0.1213, -1.3651 -0.616 0.1225, -1.3549 -0.595 0.1805, -1.3549 -0.5744 0.2379, -1.3651 -0.5803 0.2403, -1.3549 -0.3944 0.4806, -1.3549 -0.3454 0.5169, -1.3651 -0.3489 0.5222, -1.3549 -0.2931 0.5483, -1.3549 -0.2379 0.5744, -1.3651 -0.2403 0.5803, -1.3549 -0.1805 0.595, -1.3549 -0.1213 0.6098, -1.3651 -0.1225 0.616, -1.3282 -0.3889 0.4738, -1.2992 -0.3805 0.4771, -1.3282 -0.3405 0.5097, -1.2992 -0.3371 0.5043, -1.3282 -0.289 0.5406, -1.2992 -0.2864 0.5362, -1.2992 -0.2648 0.5498, -1.3282 -0.2346 0.5663, -1.2992 -0.2326 0.5611, -1.3282 -0.1779 0.5866, -1.2992 -0.1761 0.5808, -1.3282 -0.1196 0.6012, -1.3282 -0.5406 0.289, -1.2992 -0.5362 0.2864, -1.3282 -0.5097 0.3405, -1.2992 -0.5043 0.3371, -1.3282 -0.4738 0.3889, -1.3282 -0.6012 0.1196, -1.2992 -0.5949 0.1358, -1.3282 -0.5866 0.1779, -1.2992 -0.5808 0.1761, -1.3282 -0.5663 0.2346, -1.2992 -0.5611 0.2326, -1.2992 -0.5498 0.2648, -1.2992 -0.4771 0.3805, -1.2992 -0.4711 0.3865, -1.3282 -0.4335 0.4335, -1.2992 -0.4288 0.4288, -1.2992 -0.3865 0.4711, -1.3282 -0.4738 -0.3889, -1.2992 -0.4771 -0.3805, -1.3282 -0.5097 -0.3405, -1.2992 -0.5043 -0.3371, -1.3282 -0.5406 -0.289, -1.2992 -0.5362 -0.2864, -1.2992 -0.5498 -0.2648, -1.3282 -0.5663 -0.2346, -1.2992 -0.5611 -0.2326, -1.3282 -0.5866 -0.1779, -1.2992 -0.5808 -0.1761, -1.3282 -0.6012 -0.1196, -1.3282 -0.289 -0.5406, -1.2992 -0.2864 -0.5362, -1.3282 -0.3405 -0.5097, -1.2992 -0.3371 -0.5043, -1.3282 -0.3889 -0.4738, -1.3282 -0.1196 -0.6012, -1.2992 -0.1358 -0.5949, -1.3282 -0.1779 -0.5866, -1.2992 -0.1761 -0.5808, -1.3282 -0.2346 -0.5663, -1.2992 -0.2326 -0.5611, -1.2992 -0.2648 -0.5498, -1.2992 -0.3805 -0.4771, -1.2992 -0.3865 -0.4711, -1.3282 -0.4335 -0.4335, -1.2992 -0.4288 -0.4288, -1.2992 -0.4711 -0.3865, -1.2992 -0.5949 -0.1358, -1.2992 -0.5968 -0.1189, -1.3282 -0.61 -0.0601, -1.2992 -0.6035 -0.0594, -1.3282 -0.613 -0.0, -1.2992 -0.6102 0.0, -1.3282 -0.61 0.0601, -1.2992 -0.6035 0.0594, -1.2992 -0.5968 0.1189, -1.3549 -0.0609 0.6188, -1.3651 -0.0616 0.625, -1.3651 -0.2961 0.5539, -1.3651 -0.1823 0.601, -1.3549 -0.4397 0.4397, -1.3651 -0.3984 0.4855, -1.3549 -0.5169 0.3454, -1.3549 -0.4806 0.3944, -1.3651 -0.4855 0.3984, -1.3651 -0.601 0.1823, -1.3549 -0.5483 0.2931, -1.3651 -0.5539 0.2961, -1.3651 -0.625 0.0616, -1.3776 -0.0633 0.6429, -1.3776 0.0 0.6461, -1.3766 -0.063 0.6393, -1.3766 0.0 0.6424, -1.3749 -0.0626 0.6357, -1.3749 0.0 0.6388, -1.3724 -0.0622 0.632, -1.3724 0.0 0.6351, -1.3651 0.0 0.6281, -1.3549 0.0 0.6218, -1.3724 -0.1239 0.6229, -1.3724 -0.1844 0.6077, -1.3749 -0.1246 0.6265, -1.3749 -0.1854 0.6112, -1.3766 -0.1253 0.6301, -1.3766 -0.1865 0.6148, -1.3776 -0.126 0.6336, -1.3776 -0.1875 0.6182, -1.3724 -0.243 0.5868, -1.3724 -0.2994 0.5601, -1.3749 -0.2444 0.5901, -1.3749 -0.3011 0.5633, -1.3766 -0.2459 0.5935, -1.3766 -0.3028 0.5666, -1.3776 -0.2472 0.5969, -1.3776 -0.3045 0.5698, -1.3724 -0.3528 0.528, -1.3724 -0.4029 0.4909, -1.3749 -0.3549 0.5311, -1.3749 -0.4052 0.4938, -1.3766 -0.3569 0.5341, -1.3766 -0.4075 0.4966, -1.3776 -0.3589 0.5372, -1.3776 -0.4568 0.4568, -1.3766 -0.4966 0.4075, -1.3766 -0.4543 0.4543, -1.3749 -0.4938 0.4052, -1.3749 -0.4517 0.4517, -1.3724 -0.4909 0.4029, -1.3724 -0.4491 0.4491, -1.3651 -0.4441 0.4441, -1.3776 -0.5372 0.3589, -1.3766 -0.5666 0.3028, -1.3766 -0.5341 0.3569, -1.3749 -0.5633 0.3011, -1.3749 -0.5311 0.3549, -1.3724 -0.5601 0.2994, -1.3724 -0.528 0.3528, -1.3651 -0.5222 0.3489, -1.3776 -0.5969 0.2472, -1.3724 -0.5868 0.243, -1.3724 -0.6077 0.1844, -1.3749 -0.5901 0.2444, -1.3749 -0.6112 0.1854, -1.3766 -0.5935 0.2459, -1.3766 -0.6148 0.1865, -1.3776 -0.6182 0.1875, -1.3776 -0.6336 0.126, -1.3724 -0.6229 0.1239, -1.3724 -0.632 0.0622, -1.3749 -0.6265 0.1246, -1.3749 -0.6357 0.0626, -1.3766 -0.6301 0.1253, -1.3766 -0.6393 0.063, -1.3776 -0.6429 0.0633, -1.3549 -0.6098 -0.1213, -1.3651 -0.625 -0.0616, -1.3549 -0.595 -0.1805, -1.3549 -0.5744 -0.2379, -1.3549 -0.5483 -0.2931, -1.3651 -0.5803 -0.2403, -1.3724 -0.6077 -0.1844, -1.3749 -0.6265 -0.1246, -1.3549 -0.3944 -0.4806, -1.3651 -0.3984 -0.4855, -1.3651 -0.1823 -0.601, -1.3651 -0.2961 -0.5539, -1.3651 -0.0616 -0.625, -1.3549 -0.5169 -0.3454, -1.3651 -0.5539 -0.2961, -1.3724 -0.5868 -0.243, -1.3749 -0.6112 -0.1854, -1.3766 -0.6301 -0.1253, -1.3766 -0.5341 -0.3569, -1.3766 -0.4966 -0.4075, -1.3749 -0.4938 -0.4052, -1.3549 -0.4806 -0.3944, -1.3651 -0.5222 -0.3489, -1.3724 -0.5601 -0.2994, -1.3749 -0.5901 -0.2444, -1.3766 -0.6148 -0.1865, -1.3776 -0.6336 -0.126, -1.3724 -0.6351 -0.0, -1.3724 -0.632 -0.0622, -1.3749 -0.6388 -0.0, -1.3749 -0.6357 -0.0626, -1.3766 -0.6424 -0.0, -1.3766 -0.6393 -0.063, -1.3776 -0.6461 -0.0, -1.3776 -0.6429 -0.0633, -1.3776 -0.6182 -0.1875, -1.3766 -0.5935 -0.2459, -1.3749 -0.5633 -0.3011, -1.3724 -0.528 -0.3528, -1.3651 -0.4855 -0.3984, -1.3549 -0.4397 -0.4397, -1.3776 -0.4994 -0.4098, -1.3776 -0.5372 -0.3589, -1.3776 -0.5698 -0.3045, -1.3776 -0.5969 -0.2472, -1.3766 -0.5666 -0.3028, -1.3749 -0.5311 -0.3549, -1.3724 -0.4909 -0.4029, -1.3776 -0.4098 -0.4994, -1.3776 -0.4568 -0.4568, -1.3766 -0.4075 -0.4966, -1.3766 -0.4543 -0.4543, -1.3749 -0.4052 -0.4938, -1.3749 -0.4517 -0.4517, -1.3724 -0.4029 -0.4909, -1.3724 -0.4491 -0.4491, -1.3651 -0.4441 -0.4441, -1.3724 -0.3528 -0.528, -1.3724 -0.2994 -0.5601, -1.3749 -0.3549 -0.5311, -1.3749 -0.3011 -0.5633, -1.3766 -0.3569 -0.5341, -1.3766 -0.3028 -0.5666, -1.3776 -0.3589 -0.5372, -1.3776 -0.3045 -0.5698, -1.3724 -0.243 -0.5868, -1.3724 -0.1844 -0.6077, -1.3749 -0.2444 -0.5901, -1.3749 -0.1854 -0.6112, -1.3766 -0.2459 -0.5935, -1.3766 -0.1865 -0.6148, -1.3776 -0.2472 -0.5969, -1.3776 -0.1875 -0.6182, -1.3724 -0.1239 -0.6229, -1.3724 -0.0622 -0.632, -1.3749 -0.1246 -0.6265, -1.3749 -0.0626 -0.6357, -1.3766 -0.1253 -0.6301, -1.3766 -0.063 -0.6393, -1.3776 -0.126 -0.6336, -1.3651 0.0616 -0.625, -1.3549 0.2379 -0.5744, -1.3549 0.2931 -0.5483, -1.3549 0.3454 -0.5169, -1.3549 0.4806 -0.3944, -1.3651 0.4855 -0.3984, -1.3651 0.601 -0.1823, -1.3651 0.5539 -0.2961, -1.3549 0.3944 -0.4806, -1.3651 0.3489 -0.5222, -1.3724 0.2994 -0.5601, -1.3749 0.2444 -0.5901, -1.3549 0.6218 -0.0, -1.3651 0.625 -0.0616, -1.3549 0.6098 0.1213, -1.3549 0.6188 0.0609, -1.3651 0.625 0.0616, -1.3651 0.5539 0.2961, -1.3549 0.595 0.1805, -1.3651 0.601 0.1823, -1.3651 0.3984 0.4855, -1.3549 0.2379 0.5744, -1.3549 0.1805 0.595, -1.3549 0.1213 0.6098, -1.3651 0.4855 0.3984, -1.3549 0.0609 0.6188, -1.3651 0.1225 0.616, -1.3724 0.1844 0.6077, -1.3749 0.2444 0.5901, -1.3549 0.4397 -0.4397, -1.3651 0.3984 -0.4855, -1.3724 0.3528 -0.528, -1.3749 0.3011 -0.5633, -1.3766 0.2459 -0.5935, -1.3766 0.3569 -0.5341, -1.3766 0.4075 -0.4966, -1.3749 0.4052 -0.4938, -1.3776 0.4098 -0.4994, -1.3776 0.3589 -0.5372, -1.3776 0.3045 -0.5698, -1.3776 0.2472 -0.5969, -1.3766 0.3028 -0.5666, -1.3749 0.3549 -0.5311, -1.3724 0.4029 -0.4909, -1.3776 0.1875 -0.6182, -1.3766 0.1865 -0.6148, -1.3749 0.1854 -0.6112, -1.3724 0.1844 -0.6077, -1.3651 0.1823 -0.601, -1.3724 0.0 -0.6351, -1.3724 0.0622 -0.632, -1.3749 0.0 -0.6388, -1.3749 0.0626 -0.6357, -1.3766 0.0 -0.6424, -1.3766 0.063 -0.6393, -1.3776 0.0 -0.6461, -1.3776 0.0633 -0.6429, -1.3724 0.1239 -0.6229, -1.3749 0.1246 -0.6265, -1.3766 0.1253 -0.6301, -1.3776 0.4994 -0.4098, -1.3776 0.4568 -0.4568, -1.3766 0.4966 -0.4075, -1.3766 0.4543 -0.4543, -1.3749 0.4938 -0.4052, -1.3749 0.4517 -0.4517, -1.3724 0.4909 -0.4029, -1.3724 0.4491 -0.4491, -1.3651 0.4441 -0.4441, -1.3724 0.528 -0.3528, -1.3724 0.5601 -0.2994, -1.3749 0.5311 -0.3549, -1.3749 0.5633 -0.3011, -1.3766 0.5341 -0.3569, -1.3766 0.5666 -0.3028, -1.3776 0.5372 -0.3589, -1.3776 0.5698 -0.3045, -1.3776 0.5969 -0.2472, -1.3724 0.5868 -0.243, -1.3724 0.6077 -0.1844, -1.3749 0.5901 -0.2444, -1.3749 0.6112 -0.1854, -1.3766 0.5935 -0.2459, -1.3766 0.6148 -0.1865, -1.3776 0.6182 -0.1875, -1.3724 0.6229 -0.1239, -1.3724 0.632 -0.0622, -1.3749 0.6265 -0.1246, -1.3749 0.6357 -0.0626, -1.3766 0.6301 -0.1253, -1.3766 0.6393 -0.063, -1.3776 0.6336 -0.126, -1.3776 0.6461 -0.0, -1.3766 0.6393 0.063, -1.3766 0.6424 -0.0, -1.3749 0.6357 0.0626, -1.3749 0.6388 -0.0, -1.3724 0.632 0.0622, -1.3724 0.6351 -0.0, -1.3651 0.6281 -0.0, -1.3776 0.6336 0.126, -1.3766 0.6148 0.1865, -1.3766 0.6301 0.1253, -1.3749 0.6112 0.1854, -1.3749 0.6265 0.1246, -1.3724 0.6077 0.1844, -1.3724 0.6229 0.1239, -1.3651 0.616 0.1225, -1.3651 0.0616 0.625, -1.3724 0.1239 0.6229, -1.3749 0.1854 0.6112, -1.3766 0.2459 0.5935, -1.3766 0.1253 0.6301, -1.3766 0.063 0.6393, -1.3749 0.0626 0.6357, -1.3776 0.5969 0.2472, -1.3724 0.5868 0.243, -1.3724 0.5601 0.2994, -1.3749 0.5901 0.2444, -1.3749 0.5633 0.3011, -1.3766 0.5935 0.2459, -1.3766 0.5666 0.3028, -1.3776 0.5698 0.3045, -1.3776 0.5372 0.3589, -1.3724 0.528 0.3528, -1.3724 0.4909 0.4029, -1.3749 0.5311 0.3549, -1.3749 0.4938 0.4052, -1.3766 0.5341 0.3569, -1.3766 0.4966 0.4075, -1.3776 0.4994 0.4098, -1.3776 0.0633 0.6429, -1.3776 0.126 0.6336, -1.3776 0.1875 0.6182, -1.3776 0.2472 0.5969, -1.3766 0.1865 0.6148, -1.3749 0.1246 0.6265, -1.3724 0.0622 0.632, -1.3776 0.3045 0.5698, -1.3766 0.3028 0.5666, -1.3749 0.3011 0.5633, -1.3724 0.2994 0.5601, -1.3651 0.2961 0.5539, -1.3724 0.4491 0.4491, -1.3724 0.4029 0.4909, -1.3749 0.4517 0.4517, -1.3749 0.4052 0.4938, -1.3766 0.4543 0.4543, -1.3766 0.4075 0.4966, -1.3776 0.4568 0.4568, -1.3776 0.4098 0.4994, -1.3724 0.3528 0.528, -1.3749 0.3549 0.5311, -1.3766 0.3569 0.5341, -1.3282 0.1196 -0.6012, -1.2992 0.1189 -0.5968, -1.3282 0.0601 -0.61, -1.2992 0.0594 -0.6035, -1.3282 0.0 -0.613, -1.2992 -0.0 -0.6102, -1.3282 -0.0601 -0.61, -1.2992 -0.0594 -0.6035, -1.2992 -0.1189 -0.5968, -1.3282 0.3889 -0.4738, -1.2992 0.3805 -0.4771, -1.3282 0.3405 -0.5097, -1.2992 0.3371 -0.5043, -1.3282 0.289 -0.5406, -1.2992 0.2864 -0.5362, -1.2992 0.2648 -0.5498, -1.3282 0.2346 -0.5663, -1.2992 0.2326 -0.5611, -1.3282 0.1779 -0.5866, -1.2992 0.1761 -0.5808, -1.2992 0.1358 -0.5949, -1.3282 0.5406 -0.289, -1.2992 0.5362 -0.2864, -1.3282 0.5097 -0.3405, -1.2992 0.5043 -0.3371, -1.3282 0.4738 -0.3889, -1.3282 0.6012 -0.1196, -1.2992 0.5949 -0.1358, -1.3282 0.5866 -0.1779, -1.2992 0.5808 -0.1761, -1.3282 0.5663 -0.2346, -1.2992 0.5611 -0.2326, -1.2992 0.5498 -0.2648, -1.2992 0.4771 -0.3805, -1.2992 0.4711 -0.3865, -1.3282 0.4335 -0.4335, -1.2992 0.4288 -0.4288, -1.2992 0.3865 -0.4711, -1.3282 0.6012 0.1196, -1.2992 0.5968 0.1189, -1.3282 0.61 0.0601, -1.2992 0.6035 0.0594, -1.3282 0.613 -0.0, -1.2992 0.6102 -0.0, -1.3282 0.61 -0.0601, -1.2992 0.6035 -0.0594, -1.2992 0.5968 -0.1189, -1.3282 0.4738 0.3889, -1.2992 0.4771 0.3805, -1.3282 0.5097 0.3405, -1.2992 0.5043 0.3371, -1.3282 0.5406 0.289, -1.2992 0.5362 0.2864, -1.2992 0.5498 0.2648, -1.3282 0.5663 0.2346, -1.2992 0.5611 0.2326, -1.3282 0.5866 0.1779, -1.2992 0.5808 0.1761, -1.2992 0.5949 0.1358, -1.3282 0.289 0.5406, -1.2992 0.2864 0.5362, -1.3282 0.3405 0.5097, -1.2992 0.3371 0.5043, -1.3282 0.3889 0.4738, -1.3282 0.1196 0.6012, -1.2992 0.1358 0.5949, -1.3282 0.1779 0.5866, -1.2992 0.1761 0.5808, -1.3282 0.2346 0.5663, -1.2992 0.2326 0.5611, -1.2992 0.2648 0.5498, -1.2992 0.3805 0.4771, -1.2992 0.3865 0.4711, -1.3282 0.4335 0.4335, -1.2992 0.4288 0.4288, -1.2992 0.4711 0.3865, -1.3423 0.0604 0.6137, -1.3282 0.0601 0.61, -1.3423 0.1203 0.6048, -1.3423 0.179 0.5901, -1.3423 0.236 0.5697, -1.3423 0.2907 0.5438, -1.3423 0.3426 0.5127, -1.3423 0.3912 0.4767, -1.3423 0.436 0.436, -1.3423 0.4767 0.3912, -1.3423 0.5127 0.3426, -1.3423 0.5438 0.2907, -1.3423 0.5697 0.236, -1.3423 0.5901 0.179, -1.3423 0.6048 0.1203, -1.3423 0.6137 0.0604, -1.3423 0.6167 -0.0, -1.3423 0.6137 -0.0604, -1.3423 0.6048 -0.1203, -1.3423 0.5901 -0.179, -1.3423 0.5697 -0.236, -1.3423 0.5438 -0.2907, -1.3423 0.5127 -0.3426, -1.3423 0.4767 -0.3912, -1.3423 0.436 -0.436, -1.3423 0.3912 -0.4767, -1.3423 0.3426 -0.5127, -1.3423 0.2907 -0.5438, -1.3423 0.236 -0.5697, -1.3423 0.179 -0.5901, -1.3423 0.1203 -0.6048, -1.3423 0.0604 -0.6137, -1.3423 0.0 -0.6167, -1.3423 -0.0604 -0.6137, -1.3423 -0.1203 -0.6048, -1.3423 -0.179 -0.5901, -1.3423 -0.236 -0.5697, -1.3423 -0.2907 -0.5438, -1.3423 -0.3426 -0.5127, -1.3423 -0.3912 -0.4767, -1.3423 -0.436 -0.436, -1.3423 -0.4767 -0.3912, -1.3423 -0.5127 -0.3426, -1.3423 -0.5438 -0.2907, -1.3423 -0.5697 -0.236, -1.3423 -0.5901 -0.179, -1.3423 -0.6048 -0.1203, -1.3423 -0.6137 -0.0604, -1.3423 -0.6167 -0.0, -1.3423 -0.6137 0.0604, -1.3423 -0.6048 0.1203, -1.3423 -0.5901 0.179, -1.3423 -0.5697 0.236, -1.3423 -0.5438 0.2907, -1.3423 -0.5127 0.3426, -1.3423 -0.4767 0.3912, -1.3423 -0.436 0.436, -1.3423 -0.3912 0.4767, -1.3423 -0.3426 0.5127, -1.3423 -0.2907 0.5438, -1.3423 -0.236 0.5697, -1.3423 -0.179 0.5901, -1.3423 -0.1203 0.6048, -1.3423 -0.0604 0.6137, -1.3282 -0.0601 0.61, -1.3423 0.0 0.6167, -1.3282 0.0 0.613, -1.2992 -0.1358 0.5949, -1.2992 -0.1189 0.5968, -1.2992 -0.0594 0.6035, -1.2992 0.0 0.6102, -1.2992 0.0594 0.6035, -1.2992 0.1189 0.5968, -1.2992 0.1189 0.5968
            ]
        }
        coordIndex [
            0,1,2,-1,3,4,5,-1,6,7,8,-1,8,9,6,-1,6,9,10,-1,6,10,11,-1,11,10,12,-1,11,12,13,-1,14,15,16,-1,16,15,17,-1,16,17,18,-1,18,17,19,-1,18,19,20,-1,20,19,21,-1,20,21,7,-1,7,21,22,-1,7,22,8,-1,23,24,25,-1,25,24,26,-1,25,26,27,-1,26,28,27,-1,27,28,29,-1,27,29,30,-1,30,29,31,-1,30,31,14,-1,14,31,32,-1,14,32,15,-1,33,34,35,-1,35,34,36,-1,35,36,37,-1,36,38,37,-1,37,38,39,-1,37,39,40,-1,40,39,41,-1,40,41,23,-1,23,41,42,-1,23,42,24,-1,43,44,45,-1,45,44,46,-1,45,46,47,-1,47,46,48,-1,47,48,33,-1,33,48,49,-1,33,49,34,-1,50,51,52,-1,52,51,53,-1,52,53,54,-1,53,55,54,-1,54,55,56,-1,54,56,57,-1,57,56,58,-1,57,58,43,-1,43,58,59,-1,43,59,44,-1,60,61,62,-1,62,61,63,-1,62,63,50,-1,50,63,64,-1,50,64,51,-1,65,66,67,-1,67,68,65,-1,65,68,69,-1,65,69,70,-1,70,69,71,-1,70,71,60,-1,60,71,72,-1,60,72,61,-1,73,74,75,-1,75,74,76,-1,75,76,77,-1,77,76,78,-1,77,78,79,-1,79,78,80,-1,79,80,66,-1,66,80,81,-1,66,81,67,-1,82,83,84,-1,84,83,85,-1,84,85,86,-1,87,88,89,-1,89,88,90,-1,89,90,82,-1,82,90,91,-1,82,91,83,-1,92,93,94,-1,94,93,95,-1,94,95,96,-1,97,98,99,-1,99,98,100,-1,99,100,101,-1,95,102,96,-1,96,102,103,-1,96,103,97,-1,97,103,104,-1,97,104,98,-1,85,105,86,-1,86,105,106,-1,86,106,107,-1,107,106,108,-1,107,108,109,-1,109,108,110,-1,109,110,92,-1,92,110,111,-1,92,111,93,-1,112,113,114,-1,114,113,115,-1,114,115,116,-1,117,118,119,-1,119,118,120,-1,119,120,121,-1,115,122,116,-1,116,122,123,-1,116,123,124,-1,124,123,125,-1,124,125,117,-1,117,125,126,-1,117,126,118,-1,127,128,129,-1,129,128,130,-1,129,130,4,-1,4,130,131,-1,4,131,5,-1,120,132,121,-1,121,132,133,-1,121,133,134,-1,134,133,135,-1,134,135,136,-1,136,135,137,-1,136,137,127,-1,127,137,138,-1,127,138,128,-1,100,139,101,-1,101,139,140,-1,101,140,141,-1,141,140,142,-1,141,142,143,-1,143,142,144,-1,143,144,112,-1,112,144,145,-1,112,145,113,-1,146,147,148,-1,148,147,149,-1,148,149,150,-1,150,149,151,-1,150,151,152,-1,152,151,153,-1,152,153,154,-1,154,153,155,-1,154,155,156,-1,156,155,157,-1,156,157,158,-1,158,157,159,-1,158,159,160,-1,160,159,161,-1,160,161,162,-1,162,161,163,-1,162,163,164,-1,164,163,165,-1,164,165,166,-1,166,165,167,-1,166,167,168,-1,168,167,169,-1,168,169,170,-1,170,169,171,-1,170,171,172,-1,172,171,173,-1,172,173,174,-1,174,173,175,-1,174,175,176,-1,176,175,177,-1,176,177,178,-1,178,177,179,-1,178,179,180,-1,180,179,181,-1,180,181,182,-1,182,181,183,-1,182,183,184,-1,184,183,185,-1,184,185,186,-1,186,185,187,-1,186,187,188,-1,188,187,189,-1,188,189,190,-1,190,189,191,-1,190,191,192,-1,192,191,193,-1,192,193,194,-1,194,193,195,-1,194,195,196,-1,196,195,197,-1,196,197,198,-1,198,197,199,-1,198,199,200,-1,200,199,201,-1,200,201,202,-1,202,201,203,-1,202,203,204,-1,204,203,205,-1,204,205,206,-1,206,205,207,-1,206,207,208,-1,208,207,209,-1,208,209,210,-1,210,209,211,-1,210,211,212,-1,212,211,213,-1,212,213,214,-1,214,213,215,-1,214,215,216,-1,216,215,217,-1,216,217,218,-1,218,217,219,-1,218,219,220,-1,220,219,221,-1,220,221,222,-1,222,221,223,-1,222,223,224,-1,224,223,225,-1,224,225,226,-1,226,225,227,-1,226,227,228,-1,228,227,229,-1,228,229,230,-1,230,229,231,-1,230,231,232,-1,232,231,233,-1,232,233,234,-1,234,233,235,-1,234,235,236,-1,236,235,237,-1,236,237,238,-1,238,237,239,-1,238,239,240,-1,240,239,241,-1,240,241,242,-1,242,241,243,-1,242,243,244,-1,244,243,245,-1,244,245,246,-1,246,245,247,-1,246,247,248,-1,248,247,249,-1,248,249,250,-1,250,249,251,-1,250,251,252,-1,252,251,253,-1,252,253,254,-1,254,253,255,-1,254,255,256,-1,256,255,257,-1,256,257,258,-1,258,257,259,-1,258,259,260,-1,260,259,261,-1,260,261,262,-1,262,261,263,-1,262,263,264,-1,264,263,265,-1,264,265,266,-1,266,265,267,-1,266,267,268,-1,268,267,269,-1,268,269,270,-1,270,269,271,-1,270,271,272,-1,272,271,273,-1,272,273,146,-1,146,273,147,-1,274,275,276,-1,276,275,277,-1,276,277,278,-1,279,280,281,-1,281,280,282,-1,281,282,274,-1,274,282,283,-1,274,283,275,-1,284,285,286,-1,286,285,287,-1,286,287,288,-1,289,290,291,-1,291,290,292,-1,291,292,293,-1,287,294,288,-1,288,294,295,-1,288,295,289,-1,289,295,296,-1,289,296,290,-1,277,297,278,-1,278,297,298,-1,278,298,299,-1,299,298,300,-1,299,300,301,-1,301,300,302,-1,301,302,284,-1,284,302,303,-1,284,303,285,-1,304,305,306,-1,306,305,307,-1,306,307,308,-1,309,310,311,-1,311,310,312,-1,311,312,313,-1,307,314,308,-1,308,314,315,-1,308,315,316,-1,316,315,317,-1,316,317,309,-1,309,317,318,-1,309,318,310,-1,319,320,321,-1,321,320,322,-1,321,322,1,-1,1,322,323,-1,1,323,2,-1,312,324,313,-1,313,324,325,-1,313,325,326,-1,326,325,327,-1,326,327,328,-1,328,327,329,-1,328,329,319,-1,319,329,330,-1,319,330,320,-1,292,331,293,-1,293,331,332,-1,293,332,333,-1,333,332,334,-1,333,334,335,-1,335,334,336,-1,335,336,304,-1,304,336,337,-1,304,337,305,-1,338,146,339,-1,339,146,148,-1,339,148,0,-1,0,148,150,-1,0,150,1,-1,1,150,152,-1,1,152,321,-1,321,152,154,-1,321,154,319,-1,319,154,156,-1,319,156,328,-1,328,156,158,-1,328,158,326,-1,326,158,160,-1,326,160,313,-1,313,160,162,-1,313,162,311,-1,311,162,164,-1,311,164,309,-1,309,164,166,-1,309,166,316,-1,316,166,168,-1,316,168,308,-1,308,168,170,-1,308,170,306,-1,306,170,172,-1,306,172,304,-1,304,172,174,-1,304,174,335,-1,335,174,176,-1,335,176,333,-1,333,176,178,-1,333,178,293,-1,293,178,180,-1,293,180,291,-1,291,180,182,-1,291,182,289,-1,289,182,184,-1,289,184,288,-1,288,184,186,-1,288,186,286,-1,286,186,188,-1,286,188,284,-1,284,188,190,-1,284,190,301,-1,301,190,192,-1,301,192,299,-1,299,192,194,-1,299,194,278,-1,278,194,196,-1,278,196,276,-1,276,196,198,-1,276,198,274,-1,274,198,200,-1,274,200,281,-1,281,200,202,-1,281,202,279,-1,279,202,204,-1,279,204,340,-1,340,204,206,-1,340,206,341,-1,341,206,208,-1,341,208,342,-1,342,208,210,-1,342,210,343,-1,343,210,212,-1,343,212,3,-1,3,212,214,-1,3,214,4,-1,4,214,216,-1,4,216,129,-1,129,216,218,-1,129,218,127,-1,127,218,220,-1,127,220,136,-1,136,220,222,-1,136,222,134,-1,134,222,224,-1,134,224,121,-1,121,224,226,-1,121,226,119,-1,119,226,228,-1,119,228,117,-1,117,228,230,-1,117,230,124,-1,124,230,232,-1,124,232,116,-1,116,232,234,-1,116,234,114,-1,114,234,236,-1,114,236,112,-1,112,236,238,-1,112,238,143,-1,143,238,240,-1,143,240,141,-1,141,240,242,-1,141,242,101,-1,101,242,244,-1,101,244,99,-1,99,244,246,-1,99,246,97,-1,97,246,248,-1,97,248,96,-1,96,248,250,-1,96,250,94,-1,94,250,252,-1,94,252,92,-1,92,252,254,-1,92,254,109,-1,109,254,256,-1,109,256,107,-1,107,256,258,-1,107,258,86,-1,86,258,260,-1,86,260,84,-1,84,260,262,-1,84,262,82,-1,82,262,264,-1,82,264,89,-1,89,264,266,-1,89,266,87,-1,87,266,268,-1,87,268,344,-1,344,268,270,-1,344,270,345,-1,345,270,272,-1,345,272,338,-1,338,272,146,-1,346,347,348,-1,348,347,349,-1,348,349,350,-1,350,349,351,-1,350,351,73,-1,73,351,352,-1,73,352,74,-1,353,354,355,-1,355,354,356,-1,355,356,346,-1,346,356,357,-1,346,357,347,-1,358,359,360,-1,360,359,361,-1,360,361,353,-1,353,361,362,-1,353,362,354,-1,363,364,365,-1,365,364,366,-1,365,366,358,-1,358,366,367,-1,358,367,359,-1,368,369,370,-1,370,371,368,-1,368,371,372,-1,368,372,373,-1,373,372,374,-1,373,374,363,-1,363,374,375,-1,363,375,364,-1,376,377,378,-1,378,377,379,-1,378,379,380,-1,379,381,380,-1,380,381,382,-1,380,382,383,-1,383,382,384,-1,383,384,369,-1,369,384,385,-1,369,385,370,-1,386,387,388,-1,388,387,389,-1,388,389,390,-1,389,391,390,-1,390,391,392,-1,390,392,393,-1,393,392,394,-1,393,394,376,-1,376,394,395,-1,376,395,377,-1,396,397,398,-1,398,397,399,-1,398,399,400,-1,399,401,400,-1,400,401,402,-1,400,402,403,-1,403,402,404,-1,403,404,386,-1,386,404,405,-1,386,405,387,-1,406,407,408,-1,408,407,409,-1,408,409,410,-1,410,409,411,-1,410,411,396,-1,396,411,412,-1,396,412,397,-1,413,414,415,-1,415,414,416,-1,415,416,406,-1,406,416,417,-1,406,417,407,-1,418,419,420,-1,420,419,421,-1,420,421,413,-1,413,421,422,-1,413,422,414,-1,12,423,13,-1,13,423,424,-1,13,424,425,-1,425,424,426,-1,425,426,418,-1,418,426,427,-1,418,427,419,-1,428,429,430,-1,430,429,431,-1,430,431,432,-1,432,431,433,-1,432,433,434,-1,434,433,435,-1,434,435,436,-1,436,435,437,-1,436,437,438,-1,438,437,439,-1,438,439,440,-1,440,439,441,-1,440,441,442,-1,442,441,443,-1,442,443,444,-1,444,443,445,-1,444,445,446,-1,446,445,447,-1,446,447,448,-1,448,447,449,-1,448,449,450,-1,450,449,451,-1,450,451,452,-1,452,451,453,-1,452,453,454,-1,454,453,455,-1,454,455,456,-1,456,455,457,-1,456,457,458,-1,458,457,459,-1,458,459,460,-1,460,459,461,-1,460,461,462,-1,462,461,463,-1,462,463,464,-1,464,463,465,-1,464,465,466,-1,466,465,467,-1,466,467,468,-1,468,467,469,-1,468,469,470,-1,470,469,471,-1,470,471,472,-1,472,471,473,-1,472,473,474,-1,474,473,475,-1,474,475,476,-1,476,475,477,-1,476,477,478,-1,478,477,479,-1,478,479,480,-1,480,479,481,-1,480,481,482,-1,482,481,483,-1,482,483,484,-1,484,483,485,-1,484,485,486,-1,486,485,487,-1,486,487,488,-1,488,487,489,-1,488,489,490,-1,490,489,491,-1,490,491,492,-1,492,491,493,-1,492,493,494,-1,494,493,495,-1,494,495,496,-1,496,495,497,-1,496,497,498,-1,498,497,499,-1,498,499,500,-1,500,499,501,-1,500,501,502,-1,502,501,503,-1,502,503,504,-1,504,503,505,-1,504,505,506,-1,506,505,507,-1,506,507,508,-1,508,507,509,-1,508,509,510,-1,510,509,511,-1,510,511,512,-1,512,511,513,-1,512,513,514,-1,514,513,515,-1,514,515,516,-1,516,515,517,-1,516,517,518,-1,518,517,519,-1,518,519,520,-1,520,519,521,-1,520,521,522,-1,522,521,523,-1,522,523,524,-1,524,523,525,-1,524,525,526,-1,526,525,527,-1,526,527,528,-1,528,527,529,-1,528,529,530,-1,530,529,531,-1,530,531,532,-1,532,531,533,-1,532,533,534,-1,534,533,535,-1,534,535,536,-1,536,535,537,-1,536,537,538,-1,538,537,539,-1,538,539,540,-1,540,539,541,-1,540,541,542,-1,542,541,543,-1,542,543,544,-1,544,543,545,-1,544,545,546,-1,546,545,547,-1,546,547,548,-1,548,547,549,-1,548,549,550,-1,550,549,551,-1,550,551,552,-1,552,551,553,-1,552,553,554,-1,554,553,555,-1,554,555,428,-1,428,555,429,-1,429,425,431,-1,431,425,418,-1,431,418,433,-1,433,418,420,-1,433,420,435,-1,435,420,413,-1,435,413,437,-1,437,413,415,-1,437,415,439,-1,439,415,406,-1,439,406,441,-1,441,406,408,-1,441,408,443,-1,443,408,410,-1,443,410,445,-1,445,410,396,-1,445,396,447,-1,447,396,398,-1,447,398,449,-1,449,398,400,-1,449,400,451,-1,451,400,403,-1,451,403,453,-1,453,403,386,-1,453,386,455,-1,455,386,388,-1,455,388,457,-1,457,388,390,-1,457,390,459,-1,459,390,393,-1,459,393,461,-1,461,393,376,-1,461,376,463,-1,463,376,378,-1,463,378,465,-1,465,378,380,-1,465,380,467,-1,467,380,383,-1,467,383,469,-1,469,383,369,-1,469,369,471,-1,471,369,368,-1,471,368,473,-1,473,368,373,-1,473,373,475,-1,475,373,363,-1,475,363,477,-1,477,363,365,-1,477,365,479,-1,479,365,358,-1,479,358,481,-1,481,358,360,-1,481,360,483,-1,483,360,353,-1,483,353,485,-1,485,353,355,-1,485,355,487,-1,487,355,346,-1,487,346,489,-1,489,346,348,-1,489,348,491,-1,491,348,350,-1,491,350,493,-1,493,350,73,-1,493,73,495,-1,495,73,75,-1,495,75,497,-1,497,75,77,-1,497,77,499,-1,499,77,79,-1,499,79,501,-1,501,79,66,-1,501,66,503,-1,503,66,65,-1,503,65,505,-1,505,65,70,-1,505,70,507,-1,507,70,60,-1,507,60,509,-1,509,60,62,-1,509,62,511,-1,511,62,50,-1,511,50,513,-1,513,50,52,-1,513,52,515,-1,515,52,54,-1,515,54,517,-1,517,54,57,-1,517,57,519,-1,519,57,43,-1,519,43,521,-1,521,43,45,-1,521,45,523,-1,523,45,47,-1,523,47,525,-1,525,47,33,-1,525,33,527,-1,527,33,35,-1,527,35,529,-1,529,35,37,-1,529,37,531,-1,531,37,40,-1,531,40,533,-1,533,40,23,-1,533,23,535,-1,535,23,25,-1,535,25,537,-1,537,25,27,-1,537,27,539,-1,539,27,30,-1,539,30,541,-1,541,30,14,-1,541,14,543,-1,543,14,16,-1,543,16,545,-1,545,16,18,-1,545,18,547,-1,547,18,20,-1,547,20,549,-1,549,20,7,-1,549,7,551,-1,551,7,6,-1,551,6,553,-1,553,6,11,-1,553,11,555,-1,555,11,13,-1,555,13,429,-1,429,13,425,-1,556,557,558,-1,558,557,559,-1,558,559,560,-1,560,559,561,-1,560,561,562,-1,562,561,563,-1,562,563,564,-1,564,563,565,-1,564,565,566,-1,566,565,567,-1,566,567,568,-1,568,567,569,-1,568,569,570,-1,570,569,571,-1,570,571,572,-1,572,571,573,-1,572,573,574,-1,574,573,575,-1,574,575,576,-1,576,575,577,-1,576,577,578,-1,578,577,579,-1,578,579,580,-1,580,579,581,-1,580,581,582,-1,582,581,583,-1,582,583,584,-1,584,583,585,-1,584,585,586,-1,586,585,587,-1,586,587,588,-1,588,587,589,-1,588,589,590,-1,590,589,591,-1,590,591,592,-1,592,591,593,-1,592,593,594,-1,594,593,595,-1,594,595,596,-1,596,595,597,-1,596,597,598,-1,598,597,599,-1,598,599,600,-1,600,599,601,-1,600,601,602,-1,602,601,603,-1,602,603,604,-1,604,603,605,-1,604,605,606,-1,606,605,607,-1,606,607,608,-1,608,607,609,-1,608,609,610,-1,610,609,611,-1,610,611,612,-1,612,611,613,-1,612,613,614,-1,614,613,615,-1,614,615,616,-1,616,615,617,-1,616,617,618,-1,618,617,619,-1,618,619,620,-1,620,619,621,-1,620,621,622,-1,622,621,623,-1,622,623,624,-1,624,623,625,-1,624,625,626,-1,626,625,627,-1,626,627,628,-1,628,627,629,-1,628,629,630,-1,630,629,631,-1,630,631,632,-1,632,631,633,-1,632,633,634,-1,634,633,635,-1,634,635,636,-1,636,635,637,-1,636,637,638,-1,638,637,639,-1,638,639,640,-1,640,639,641,-1,640,641,642,-1,642,641,643,-1,642,643,644,-1,644,643,645,-1,644,645,646,-1,646,645,647,-1,646,647,648,-1,648,647,649,-1,648,649,650,-1,650,649,651,-1,650,651,652,-1,652,651,653,-1,652,653,654,-1,654,653,655,-1,654,655,656,-1,656,655,657,-1,656,657,658,-1,658,657,659,-1,658,659,660,-1,660,659,661,-1,660,661,662,-1,662,661,663,-1,662,663,664,-1,664,663,665,-1,664,665,666,-1,666,665,667,-1,666,667,668,-1,668,667,669,-1,668,669,670,-1,670,669,671,-1,670,671,672,-1,672,671,673,-1,672,673,674,-1,674,673,675,-1,674,675,676,-1,676,675,677,-1,676,677,678,-1,678,677,679,-1,678,679,680,-1,680,679,681,-1,680,681,682,-1,682,681,683,-1,682,683,556,-1,556,683,557,-1,557,428,559,-1,559,428,430,-1,559,430,561,-1,561,430,432,-1,561,432,563,-1,563,432,434,-1,563,434,565,-1,565,434,436,-1,565,436,567,-1,567,436,438,-1,567,438,569,-1,569,438,440,-1,569,440,571,-1,571,440,442,-1,571,442,573,-1,573,442,444,-1,573,444,575,-1,575,444,446,-1,575,446,577,-1,577,446,448,-1,577,448,579,-1,579,448,450,-1,579,450,581,-1,581,450,452,-1,581,452,583,-1,583,452,454,-1,583,454,585,-1,585,454,456,-1,585,456,587,-1,587,456,458,-1,587,458,589,-1,589,458,460,-1,589,460,591,-1,591,460,462,-1,591,462,593,-1,593,462,464,-1,593,464,595,-1,595,464,466,-1,595,466,597,-1,597,466,468,-1,597,468,599,-1,599,468,470,-1,599,470,601,-1,601,470,472,-1,601,472,603,-1,603,472,474,-1,603,474,605,-1,605,474,476,-1,605,476,607,-1,607,476,478,-1,607,478,609,-1,609,478,480,-1,609,480,611,-1,611,480,482,-1,611,482,613,-1,613,482,484,-1,613,484,615,-1,615,484,486,-1,615,486,617,-1,617,486,488,-1,617,488,619,-1,619,488,490,-1,619,490,621,-1,621,490,492,-1,621,492,623,-1,623,492,494,-1,623,494,625,-1,625,494,496,-1,625,496,627,-1,627,496,498,-1,627,498,629,-1,629,498,500,-1,629,500,631,-1,631,500,502,-1,631,502,633,-1,633,502,504,-1,633,504,635,-1,635,504,506,-1,635,506,637,-1,637,506,508,-1,637,508,639,-1,639,508,510,-1,639,510,641,-1,641,510,512,-1,641,512,643,-1,643,512,514,-1,643,514,645,-1,645,514,516,-1,645,516,647,-1,647,516,518,-1,647,518,649,-1,649,518,520,-1,649,520,651,-1,651,520,522,-1,651,522,653,-1,653,522,524,-1,653,524,655,-1,655,524,526,-1,655,526,657,-1,657,526,528,-1,657,528,659,-1,659,528,530,-1,659,530,661,-1,661,530,532,-1,661,532,663,-1,663,532,534,-1,663,534,665,-1,665,534,536,-1,665,536,667,-1,667,536,538,-1,667,538,669,-1,669,538,540,-1,669,540,671,-1,671,540,542,-1,671,542,673,-1,673,542,544,-1,673,544,675,-1,675,544,546,-1,675,546,677,-1,677,546,548,-1,677,548,679,-1,679,548,550,-1,679,550,681,-1,681,550,552,-1,681,552,683,-1,683,552,554,-1,683,554,557,-1,557,554,428,-1,5,684,3,-1,3,684,685,-1,3,685,343,-1,343,685,686,-1,343,686,342,-1,342,686,687,-1,342,687,341,-1,341,687,688,-1,341,688,340,-1,340,688,689,-1,340,689,279,-1,279,689,690,-1,279,690,280,-1,2,691,0,-1,0,691,692,-1,0,692,339,-1,339,692,693,-1,339,693,338,-1,338,693,694,-1,338,694,345,-1,345,694,695,-1,345,695,344,-1,344,695,696,-1,344,696,87,-1,87,696,697,-1,87,697,88,-1,147,556,149,-1,149,556,558,-1,149,558,151,-1,151,558,560,-1,151,560,153,-1,153,560,562,-1,153,562,155,-1,155,562,564,-1,155,564,157,-1,157,564,566,-1,157,566,159,-1,159,566,568,-1,159,568,161,-1,161,568,570,-1,161,570,163,-1,163,570,572,-1,163,572,165,-1,165,572,574,-1,165,574,167,-1,167,574,576,-1,167,576,169,-1,169,576,578,-1,169,578,171,-1,171,578,580,-1,171,580,173,-1,173,580,582,-1,173,582,175,-1,175,582,584,-1,175,584,177,-1,177,584,586,-1,177,586,179,-1,179,586,588,-1,179,588,181,-1,181,588,590,-1,181,590,183,-1,183,590,592,-1,183,592,185,-1,185,592,594,-1,185,594,187,-1,187,594,596,-1,187,596,189,-1,189,596,598,-1,189,598,191,-1,191,598,600,-1,191,600,193,-1,193,600,602,-1,193,602,195,-1,195,602,604,-1,195,604,197,-1,197,604,606,-1,197,606,199,-1,199,606,608,-1,199,608,201,-1,201,608,610,-1,201,610,203,-1,203,610,612,-1,203,612,205,-1,205,612,614,-1,205,614,207,-1,207,614,616,-1,207,616,209,-1,209,616,618,-1,209,618,211,-1,211,618,620,-1,211,620,213,-1,213,620,622,-1,213,622,215,-1,215,622,624,-1,215,624,217,-1,217,624,626,-1,217,626,219,-1,219,626,628,-1,219,628,221,-1,221,628,630,-1,221,630,223,-1,223,630,632,-1,223,632,225,-1,225,632,634,-1,225,634,227,-1,227,634,636,-1,227,636,229,-1,229,636,638,-1,229,638,231,-1,231,638,640,-1,231,640,233,-1,233,640,642,-1,233,642,235,-1,235,642,644,-1,235,644,237,-1,237,644,646,-1,237,646,239,-1,239,646,648,-1,239,648,241,-1,241,648,650,-1,241,650,243,-1,243,650,652,-1,243,652,245,-1,245,652,654,-1,245,654,247,-1,247,654,656,-1,247,656,249,-1,249,656,658,-1,249,658,251,-1,251,658,660,-1,251,660,253,-1,253,660,662,-1,253,662,255,-1,255,662,664,-1,255,664,257,-1,257,664,666,-1,257,666,259,-1,259,666,668,-1,259,668,261,-1,261,668,670,-1,261,670,263,-1,263,670,672,-1,263,672,265,-1,265,672,674,-1,265,674,267,-1,267,674,676,-1,267,676,269,-1,269,676,678,-1,269,678,271,-1,271,678,680,-1,271,680,273,-1,273,680,682,-1,273,682,147,-1,147,682,556,-1,407,417,698,-1,387,405,699,-1,392,391,700,-1,377,395,701,-1,347,357,702,-1,703,704,705,-1,706,707,708,-1,709,710,711,-1,712,713,714,-1,715,716,717,-1,718,719,720,-1,721,722,723,-1,724,725,726,-1,727,728,729,-1,730,731,732,-1,733,734,735,-1,74,352,736,-1,737,738,739,-1,740,741,742,-1,743,744,745,-1,746,747,748,-1,749,750,751,-1,24,42,752,-1,29,28,753,-1,15,32,754,-1,755,756,757,-1,758,759,760,-1,761,762,763,-1,764,765,766,-1,767,768,769,-1,770,771,772,-1,772,771,773,-1,772,773,774,-1,773,775,774,-1,774,775,776,-1,774,776,777,-1,777,776,778,-1,777,778,779,-1,779,778,780,-1,779,780,781,-1,782,783,784,-1,784,783,785,-1,784,785,786,-1,787,788,789,-1,789,788,790,-1,789,790,791,-1,791,790,792,-1,791,792,782,-1,782,792,793,-1,782,793,783,-1,785,794,786,-1,786,794,795,-1,786,795,796,-1,796,795,797,-1,796,797,770,-1,770,797,798,-1,770,798,771,-1,799,800,801,-1,801,800,802,-1,801,802,803,-1,802,804,803,-1,803,804,805,-1,803,805,806,-1,806,805,807,-1,806,807,808,-1,808,807,809,-1,808,809,810,-1,811,812,813,-1,813,812,814,-1,813,814,815,-1,816,817,818,-1,818,817,819,-1,818,819,820,-1,820,819,821,-1,820,821,811,-1,811,821,822,-1,811,822,812,-1,814,823,815,-1,815,823,824,-1,815,824,825,-1,825,824,826,-1,825,826,799,-1,799,826,827,-1,799,827,800,-1,809,828,810,-1,810,828,829,-1,810,829,830,-1,830,829,831,-1,830,831,832,-1,832,831,833,-1,832,833,834,-1,834,833,835,-1,834,835,787,-1,787,835,836,-1,787,836,788,-1,768,837,838,-1,762,764,839,-1,765,767,840,-1,841,761,842,-1,843,844,845,-1,756,758,846,-1,759,847,848,-1,750,755,849,-1,423,850,851,-1,851,850,852,-1,851,852,853,-1,853,852,854,-1,853,854,855,-1,855,854,856,-1,855,856,857,-1,857,856,838,-1,857,838,858,-1,858,838,837,-1,858,837,859,-1,767,769,840,-1,840,769,860,-1,840,860,861,-1,861,860,862,-1,861,862,863,-1,863,862,864,-1,863,864,865,-1,865,864,866,-1,865,866,867,-1,768,838,769,-1,769,838,856,-1,769,856,860,-1,860,856,854,-1,860,854,862,-1,862,854,852,-1,862,852,864,-1,864,852,850,-1,864,850,866,-1,764,766,839,-1,839,766,868,-1,839,868,869,-1,869,868,870,-1,869,870,871,-1,871,870,872,-1,871,872,873,-1,873,872,874,-1,873,874,875,-1,875,874,21,-1,875,21,19,-1,761,763,842,-1,842,763,876,-1,842,876,877,-1,877,876,878,-1,877,878,879,-1,879,878,880,-1,879,880,881,-1,881,880,882,-1,881,882,754,-1,754,882,17,-1,754,17,15,-1,762,839,763,-1,763,839,869,-1,763,869,876,-1,876,869,871,-1,876,871,878,-1,878,871,873,-1,878,873,880,-1,880,873,875,-1,880,875,882,-1,882,875,19,-1,882,19,17,-1,423,12,850,-1,850,12,10,-1,850,10,866,-1,866,10,9,-1,866,9,867,-1,867,9,8,-1,867,8,22,-1,765,840,766,-1,766,840,861,-1,766,861,868,-1,868,861,863,-1,868,863,870,-1,870,863,865,-1,870,865,872,-1,872,865,867,-1,872,867,874,-1,874,867,22,-1,874,22,21,-1,883,884,885,-1,885,884,886,-1,885,886,887,-1,887,886,888,-1,887,888,889,-1,889,888,845,-1,889,845,890,-1,890,845,844,-1,890,844,841,-1,891,892,893,-1,893,892,894,-1,893,894,895,-1,895,894,896,-1,895,896,897,-1,897,896,848,-1,897,848,898,-1,898,848,847,-1,898,847,843,-1,31,29,883,-1,883,29,753,-1,883,753,884,-1,26,24,891,-1,891,24,752,-1,891,752,892,-1,843,845,898,-1,898,845,888,-1,898,888,897,-1,897,888,886,-1,897,886,895,-1,895,886,884,-1,895,884,893,-1,893,884,753,-1,893,753,891,-1,891,753,28,-1,891,28,26,-1,899,41,39,-1,758,760,846,-1,846,760,900,-1,846,900,901,-1,901,900,902,-1,901,902,903,-1,903,902,904,-1,903,904,905,-1,905,904,899,-1,905,899,906,-1,906,899,39,-1,906,39,38,-1,907,36,34,-1,755,757,849,-1,849,757,908,-1,849,908,909,-1,909,908,910,-1,909,910,911,-1,911,910,912,-1,911,912,913,-1,913,912,907,-1,913,907,914,-1,914,907,34,-1,914,34,49,-1,756,846,757,-1,757,846,901,-1,757,901,908,-1,908,901,903,-1,908,903,910,-1,910,903,905,-1,910,905,912,-1,912,905,906,-1,912,906,907,-1,907,906,38,-1,907,38,36,-1,759,848,760,-1,760,848,896,-1,760,896,900,-1,900,896,894,-1,900,894,902,-1,902,894,892,-1,902,892,904,-1,904,892,752,-1,904,752,899,-1,899,752,42,-1,899,42,41,-1,841,842,890,-1,890,842,877,-1,890,877,889,-1,889,877,879,-1,889,879,887,-1,887,879,881,-1,887,881,885,-1,885,881,754,-1,885,754,883,-1,883,754,32,-1,883,32,31,-1,915,749,916,-1,915,747,917,-1,917,747,746,-1,917,746,918,-1,919,918,920,-1,920,918,746,-1,920,746,921,-1,921,746,748,-1,921,748,922,-1,744,923,924,-1,738,740,925,-1,741,743,926,-1,734,737,927,-1,928,919,929,-1,929,919,920,-1,929,920,930,-1,930,920,921,-1,930,921,931,-1,931,921,922,-1,931,922,932,-1,933,934,935,-1,936,928,937,-1,937,928,929,-1,937,929,938,-1,938,929,930,-1,938,930,939,-1,939,930,931,-1,939,931,940,-1,940,931,932,-1,940,932,941,-1,749,751,916,-1,916,751,942,-1,916,942,943,-1,943,942,944,-1,943,944,945,-1,945,944,946,-1,945,946,947,-1,947,946,948,-1,947,948,949,-1,949,948,48,-1,949,48,46,-1,59,58,950,-1,915,916,747,-1,747,916,943,-1,747,943,748,-1,748,943,945,-1,748,945,922,-1,922,945,947,-1,922,947,932,-1,932,947,949,-1,932,949,941,-1,941,949,46,-1,941,46,44,-1,44,59,941,-1,941,59,950,-1,941,950,940,-1,940,950,951,-1,940,951,939,-1,939,951,952,-1,939,952,938,-1,938,952,953,-1,938,953,937,-1,937,953,954,-1,937,954,936,-1,936,954,955,-1,956,934,957,-1,957,934,933,-1,957,933,958,-1,56,55,959,-1,959,55,958,-1,959,958,960,-1,960,958,933,-1,960,933,961,-1,961,933,935,-1,961,935,962,-1,58,56,950,-1,950,56,959,-1,950,959,951,-1,951,959,960,-1,951,960,952,-1,952,960,961,-1,952,961,953,-1,953,961,962,-1,953,962,954,-1,72,963,964,-1,964,963,965,-1,964,965,966,-1,966,965,967,-1,966,967,968,-1,968,967,969,-1,968,969,970,-1,970,969,924,-1,970,924,971,-1,971,924,923,-1,971,923,955,-1,743,745,926,-1,926,745,972,-1,926,972,973,-1,973,972,974,-1,973,974,975,-1,975,974,976,-1,975,976,977,-1,977,976,978,-1,977,978,979,-1,744,924,745,-1,745,924,969,-1,745,969,972,-1,972,969,967,-1,972,967,974,-1,974,967,965,-1,974,965,976,-1,976,965,963,-1,976,963,978,-1,740,742,925,-1,925,742,980,-1,925,980,981,-1,981,980,982,-1,981,982,983,-1,983,982,984,-1,983,984,985,-1,985,984,986,-1,985,986,987,-1,987,986,80,-1,987,80,78,-1,737,739,927,-1,927,739,988,-1,927,988,989,-1,989,988,990,-1,989,990,991,-1,991,990,992,-1,991,992,993,-1,993,992,994,-1,993,994,736,-1,736,994,76,-1,736,76,74,-1,738,925,739,-1,739,925,981,-1,739,981,988,-1,988,981,983,-1,988,983,990,-1,990,983,985,-1,990,985,992,-1,992,985,987,-1,992,987,994,-1,994,987,78,-1,994,78,76,-1,72,71,963,-1,963,71,69,-1,963,69,978,-1,978,69,68,-1,978,68,979,-1,979,68,67,-1,979,67,81,-1,741,926,742,-1,742,926,973,-1,742,973,980,-1,980,973,975,-1,980,975,982,-1,982,975,977,-1,982,977,984,-1,984,977,979,-1,984,979,986,-1,986,979,81,-1,986,81,80,-1,55,53,958,-1,958,53,51,-1,958,51,957,-1,957,51,64,-1,957,64,956,-1,956,64,63,-1,956,63,61,-1,955,954,971,-1,971,954,962,-1,971,962,970,-1,970,962,935,-1,970,935,968,-1,968,935,934,-1,968,934,966,-1,966,934,956,-1,966,956,964,-1,964,956,61,-1,964,61,72,-1,750,849,751,-1,751,849,909,-1,751,909,942,-1,942,909,911,-1,942,911,944,-1,944,911,913,-1,944,913,946,-1,946,913,914,-1,946,914,948,-1,948,914,49,-1,948,49,48,-1,731,733,995,-1,996,719,997,-1,997,719,718,-1,997,718,998,-1,728,999,1000,-1,722,724,1001,-1,725,727,1002,-1,1003,998,1004,-1,1004,998,718,-1,1004,718,1005,-1,1005,718,720,-1,1005,720,1006,-1,1007,721,1008,-1,1009,1010,1011,-1,713,715,1012,-1,716,1013,1014,-1,707,709,1015,-1,1016,704,1017,-1,1017,704,703,-1,1017,703,1018,-1,710,712,1019,-1,1020,1018,1021,-1,1021,1018,703,-1,1021,703,1022,-1,1022,703,705,-1,1022,705,1023,-1,1024,1003,1025,-1,1025,1003,1004,-1,1025,1004,1026,-1,1026,1004,1005,-1,1026,1005,1027,-1,1027,1005,1006,-1,1027,1006,1028,-1,1029,1030,1031,-1,1032,1030,1033,-1,1033,1030,1029,-1,1033,1029,1034,-1,354,362,1035,-1,1035,362,1034,-1,1035,1034,1036,-1,1036,1034,1029,-1,1036,1029,1037,-1,1037,1029,1031,-1,1037,1031,1038,-1,1039,1028,1040,-1,1040,1028,1006,-1,1040,1006,1041,-1,1041,1006,720,-1,1041,720,1042,-1,1042,720,719,-1,1042,719,1043,-1,1043,719,996,-1,1043,996,730,-1,733,735,995,-1,995,735,1044,-1,995,1044,1045,-1,1045,1044,1046,-1,1045,1046,1047,-1,1047,1046,1048,-1,1047,1048,1049,-1,1049,1048,1050,-1,1049,1050,1051,-1,1051,1050,351,-1,1051,351,349,-1,730,732,1043,-1,1043,732,1052,-1,1043,1052,1042,-1,1042,1052,1053,-1,1042,1053,1041,-1,1041,1053,1054,-1,1041,1054,1040,-1,1040,1054,702,-1,1040,702,1039,-1,1039,702,357,-1,1039,357,356,-1,731,995,732,-1,732,995,1045,-1,732,1045,1052,-1,1052,1045,1047,-1,1052,1047,1053,-1,1053,1047,1049,-1,1053,1049,1054,-1,1054,1049,1051,-1,1054,1051,702,-1,702,1051,349,-1,702,349,347,-1,356,354,1039,-1,1039,354,1035,-1,1039,1035,1028,-1,1028,1035,1036,-1,1028,1036,1027,-1,1027,1036,1037,-1,1027,1037,1026,-1,1026,1037,1038,-1,1026,1038,1025,-1,375,1055,1056,-1,1056,1055,1057,-1,1056,1057,1058,-1,1058,1057,1059,-1,1058,1059,1060,-1,1060,1059,1061,-1,1060,1061,1062,-1,1062,1061,1000,-1,1062,1000,1063,-1,1063,1000,999,-1,1063,999,1024,-1,727,729,1002,-1,1002,729,1064,-1,1002,1064,1065,-1,1065,1064,1066,-1,1065,1066,1067,-1,1067,1066,1068,-1,1067,1068,1069,-1,1069,1068,1070,-1,1069,1070,1071,-1,728,1000,729,-1,729,1000,1061,-1,729,1061,1064,-1,1064,1061,1059,-1,1064,1059,1066,-1,1066,1059,1057,-1,1066,1057,1068,-1,1068,1057,1055,-1,1068,1055,1070,-1,1072,384,382,-1,724,726,1001,-1,1001,726,1073,-1,1001,1073,1074,-1,1074,1073,1075,-1,1074,1075,1076,-1,1076,1075,1077,-1,1076,1077,1078,-1,1078,1077,1072,-1,1078,1072,1079,-1,1079,1072,382,-1,1079,382,381,-1,721,723,1008,-1,1008,723,1080,-1,1008,1080,1081,-1,1081,1080,1082,-1,1081,1082,1083,-1,1083,1082,1084,-1,1083,1084,1085,-1,1085,1084,1086,-1,1085,1086,701,-1,701,1086,379,-1,701,379,377,-1,722,1001,723,-1,723,1001,1074,-1,723,1074,1080,-1,1080,1074,1076,-1,1080,1076,1082,-1,1082,1076,1078,-1,1082,1078,1084,-1,1084,1078,1079,-1,1084,1079,1086,-1,1086,1079,381,-1,1086,381,379,-1,375,374,1055,-1,1055,374,372,-1,1055,372,1070,-1,1070,372,371,-1,1070,371,1071,-1,1071,371,370,-1,1071,370,385,-1,725,1002,726,-1,726,1002,1065,-1,726,1065,1073,-1,1073,1065,1067,-1,1073,1067,1075,-1,1075,1067,1069,-1,1075,1069,1077,-1,1077,1069,1071,-1,1077,1071,1072,-1,1072,1071,385,-1,1072,385,384,-1,362,361,1034,-1,1034,361,359,-1,1034,359,1033,-1,1033,359,367,-1,1033,367,1032,-1,1032,367,366,-1,1032,366,364,-1,1024,1025,1063,-1,1063,1025,1038,-1,1063,1038,1062,-1,1062,1038,1031,-1,1062,1031,1060,-1,1060,1031,1030,-1,1060,1030,1058,-1,1058,1030,1032,-1,1058,1032,1056,-1,1056,1032,364,-1,1056,364,375,-1,1087,1088,1089,-1,1089,1088,1090,-1,1089,1090,1091,-1,1091,1090,1092,-1,1091,1092,1093,-1,1093,1092,1011,-1,1093,1011,1094,-1,1094,1011,1010,-1,1094,1010,1007,-1,1095,1096,1097,-1,1097,1096,1098,-1,1097,1098,1099,-1,1099,1098,1100,-1,1099,1100,1101,-1,1101,1100,1014,-1,1101,1014,1102,-1,1102,1014,1013,-1,1102,1013,1009,-1,859,1020,1103,-1,1103,1020,1021,-1,1103,1021,1104,-1,1104,1021,1022,-1,1104,1022,1105,-1,1105,1022,1023,-1,1105,1023,1106,-1,1107,1108,1109,-1,394,392,1087,-1,1087,392,700,-1,1087,700,1088,-1,389,387,1095,-1,1095,387,699,-1,1095,699,1096,-1,1009,1011,1102,-1,1102,1011,1092,-1,1102,1092,1101,-1,1101,1092,1090,-1,1101,1090,1099,-1,1099,1090,1088,-1,1099,1088,1097,-1,1097,1088,700,-1,1097,700,1095,-1,1095,700,391,-1,1095,391,389,-1,1110,404,402,-1,715,717,1012,-1,1012,717,1111,-1,1012,1111,1112,-1,1112,1111,1113,-1,1112,1113,1114,-1,1114,1113,1115,-1,1114,1115,1116,-1,1116,1115,1110,-1,1116,1110,1117,-1,1117,1110,402,-1,1117,402,401,-1,1118,399,397,-1,712,714,1019,-1,1019,714,1119,-1,1019,1119,1120,-1,1120,1119,1121,-1,1120,1121,1122,-1,1122,1121,1123,-1,1122,1123,1124,-1,1124,1123,1118,-1,1124,1118,1125,-1,1125,1118,397,-1,1125,397,412,-1,713,1012,714,-1,714,1012,1112,-1,714,1112,1119,-1,1119,1112,1114,-1,1119,1114,1121,-1,1121,1114,1116,-1,1121,1116,1123,-1,1123,1116,1117,-1,1123,1117,1118,-1,1118,1117,401,-1,1118,401,399,-1,716,1014,717,-1,717,1014,1100,-1,717,1100,1111,-1,1111,1100,1098,-1,1111,1098,1113,-1,1113,1098,1096,-1,1113,1096,1115,-1,1115,1096,699,-1,1115,699,1110,-1,1110,699,405,-1,1110,405,404,-1,1126,1108,1127,-1,1127,1108,1107,-1,1127,1107,1128,-1,414,422,1129,-1,1129,422,1128,-1,1129,1128,1130,-1,1130,1128,1107,-1,1130,1107,1131,-1,1131,1107,1109,-1,1131,1109,1132,-1,1133,1106,1134,-1,1134,1106,1023,-1,1134,1023,1135,-1,1135,1023,705,-1,1135,705,1136,-1,1136,705,704,-1,1136,704,1137,-1,1137,704,1016,-1,1137,1016,706,-1,709,711,1015,-1,1015,711,1138,-1,1015,1138,1139,-1,1139,1138,1140,-1,1139,1140,1141,-1,1141,1140,1142,-1,1141,1142,1143,-1,1143,1142,1144,-1,1143,1144,1145,-1,1145,1144,411,-1,1145,411,409,-1,706,708,1137,-1,1137,708,1146,-1,1137,1146,1136,-1,1136,1146,1147,-1,1136,1147,1135,-1,1135,1147,1148,-1,1135,1148,1134,-1,1134,1148,698,-1,1134,698,1133,-1,1133,698,417,-1,1133,417,416,-1,707,1015,708,-1,708,1015,1139,-1,708,1139,1146,-1,1146,1139,1141,-1,1146,1141,1147,-1,1147,1141,1143,-1,1147,1143,1148,-1,1148,1143,1145,-1,1148,1145,698,-1,698,1145,409,-1,698,409,407,-1,416,414,1133,-1,1133,414,1129,-1,1133,1129,1106,-1,1106,1129,1130,-1,1106,1130,1105,-1,1105,1130,1131,-1,1105,1131,1104,-1,1104,1131,1132,-1,1104,1132,1103,-1,710,1019,711,-1,711,1019,1120,-1,711,1120,1138,-1,1138,1120,1122,-1,1138,1122,1140,-1,1140,1122,1124,-1,1140,1124,1142,-1,1142,1124,1125,-1,1142,1125,1144,-1,1144,1125,412,-1,1144,412,411,-1,1007,1008,1094,-1,1094,1008,1081,-1,1094,1081,1093,-1,1093,1081,1083,-1,1093,1083,1091,-1,1091,1083,1085,-1,1091,1085,1089,-1,1089,1085,701,-1,1089,701,1087,-1,1087,701,395,-1,1087,395,394,-1,1149,1150,1151,-1,1151,1150,1152,-1,1151,1152,1153,-1,1153,1152,1154,-1,1153,1154,1155,-1,1155,1154,1156,-1,1155,1156,816,-1,816,1156,1157,-1,816,1157,817,-1,1158,1159,1160,-1,1160,1159,1161,-1,1160,1161,1162,-1,1161,1163,1162,-1,1162,1163,1164,-1,1162,1164,1165,-1,1165,1164,1166,-1,1165,1166,1167,-1,1167,1166,1168,-1,1167,1168,1149,-1,1149,1168,1169,-1,1149,1169,1150,-1,1170,1171,1172,-1,1172,1171,1173,-1,1172,1173,1174,-1,1175,1176,1177,-1,1177,1176,1178,-1,1177,1178,1179,-1,1179,1178,1180,-1,1179,1180,1170,-1,1170,1180,1181,-1,1170,1181,1171,-1,1173,1182,1174,-1,1174,1182,1183,-1,1174,1183,1184,-1,1184,1183,1185,-1,1184,1185,1158,-1,1158,1185,1186,-1,1158,1186,1159,-1,1187,1188,1189,-1,1189,1188,1190,-1,1189,1190,1191,-1,1191,1190,1192,-1,1191,1192,1193,-1,1193,1192,1194,-1,1193,1194,1175,-1,1175,1194,1195,-1,1175,1195,1176,-1,1196,1197,1198,-1,1198,1197,1199,-1,1198,1199,1200,-1,1199,1201,1200,-1,1200,1201,1202,-1,1200,1202,1203,-1,1203,1202,1204,-1,1203,1204,1205,-1,1205,1204,1206,-1,1205,1206,1187,-1,1187,1206,1207,-1,1187,1207,1188,-1,1208,1209,1210,-1,1210,1209,1211,-1,1210,1211,1212,-1,1213,1214,1215,-1,1215,1214,1216,-1,1215,1216,1217,-1,1217,1216,1218,-1,1217,1218,1208,-1,1208,1218,1219,-1,1208,1219,1209,-1,1211,1220,1212,-1,1212,1220,1221,-1,1212,1221,1222,-1,1222,1221,1223,-1,1222,1223,1196,-1,1196,1223,1224,-1,1196,1224,1197,-1,1225,1226,1227,-1,1227,1226,1213,-1,1227,1213,1228,-1,1228,1213,1215,-1,1228,1215,1229,-1,1229,1215,1217,-1,1229,1217,1230,-1,1230,1217,1208,-1,1230,1208,1231,-1,1231,1208,1210,-1,1231,1210,1232,-1,1232,1210,1212,-1,1232,1212,1233,-1,1233,1212,1222,-1,1233,1222,1234,-1,1234,1222,1196,-1,1234,1196,1235,-1,1235,1196,1198,-1,1235,1198,1236,-1,1236,1198,1200,-1,1236,1200,1237,-1,1237,1200,1203,-1,1237,1203,1238,-1,1238,1203,1205,-1,1238,1205,1239,-1,1239,1205,1187,-1,1239,1187,1240,-1,1240,1187,1189,-1,1240,1189,1241,-1,1241,1189,1191,-1,1241,1191,1242,-1,1242,1191,1193,-1,1242,1193,1243,-1,1243,1193,1175,-1,1243,1175,1244,-1,1244,1175,1177,-1,1244,1177,1245,-1,1245,1177,1179,-1,1245,1179,1246,-1,1246,1179,1170,-1,1246,1170,1247,-1,1247,1170,1172,-1,1247,1172,1248,-1,1248,1172,1174,-1,1248,1174,1249,-1,1249,1174,1184,-1,1249,1184,1250,-1,1250,1184,1158,-1,1250,1158,1251,-1,1251,1158,1160,-1,1251,1160,1252,-1,1252,1160,1162,-1,1252,1162,1253,-1,1253,1162,1165,-1,1253,1165,1254,-1,1254,1165,1167,-1,1254,1167,1255,-1,1255,1167,1149,-1,1255,1149,1256,-1,1256,1149,1151,-1,1256,1151,1257,-1,1257,1151,1153,-1,1257,1153,1258,-1,1258,1153,1155,-1,1258,1155,1259,-1,1259,1155,816,-1,1259,816,1260,-1,1260,816,818,-1,1260,818,1261,-1,1261,818,820,-1,1261,820,1262,-1,1262,820,811,-1,1262,811,1263,-1,1263,811,813,-1,1263,813,1264,-1,1264,813,815,-1,1264,815,1265,-1,1265,815,825,-1,1265,825,1266,-1,1266,825,799,-1,1266,799,1267,-1,1267,799,801,-1,1267,801,1268,-1,1268,801,803,-1,1268,803,1269,-1,1269,803,806,-1,1269,806,1270,-1,1270,806,808,-1,1270,808,1271,-1,1271,808,810,-1,1271,810,1272,-1,1272,810,830,-1,1272,830,1273,-1,1273,830,832,-1,1273,832,1274,-1,1274,832,834,-1,1274,834,1275,-1,1275,834,787,-1,1275,787,1276,-1,1276,787,789,-1,1276,789,1277,-1,1277,789,791,-1,1277,791,1278,-1,1278,791,782,-1,1278,782,1279,-1,1279,782,784,-1,1279,784,1280,-1,1280,784,786,-1,1280,786,1281,-1,1281,786,796,-1,1281,796,1282,-1,1282,796,770,-1,1282,770,1283,-1,1283,770,772,-1,1283,772,1284,-1,1284,772,774,-1,1284,774,1285,-1,1285,774,777,-1,1285,777,1286,-1,1286,777,779,-1,1286,779,1287,-1,1287,779,781,-1,1287,781,1288,-1,1288,781,1289,-1,1288,1289,1290,-1,1290,1289,1291,-1,1290,1291,1225,-1,1225,1291,1226,-1,780,1292,781,-1,781,1292,1293,-1,781,1293,1289,-1,1289,1293,1294,-1,1289,1294,1291,-1,1291,1294,1295,-1,1291,1295,1226,-1,1226,1295,1296,-1,1226,1296,1213,-1,1213,1296,1297,-1,1213,1297,1214,-1,734,927,735,-1,735,927,989,-1,735,989,1044,-1,1044,989,991,-1,1044,991,1046,-1,1046,991,993,-1,1046,993,1048,-1,1048,993,736,-1,1048,736,1050,-1,1050,736,352,-1,1050,352,351,-1,422,421,1128,-1,1128,421,419,-1,1128,419,1127,-1,1127,419,427,-1,1127,427,1126,-1,1126,427,426,-1,1126,426,424,-1,859,1103,858,-1,858,1103,1132,-1,858,1132,857,-1,857,1132,1109,-1,857,1109,855,-1,855,1109,1108,-1,855,1108,853,-1,853,1108,1126,-1,853,1126,851,-1,851,1126,424,-1,851,424,423,-1,1020,1225,1018,-1,1018,1225,1227,-1,1018,1227,1017,-1,1017,1227,1228,-1,1017,1228,1016,-1,1016,1228,1229,-1,1016,1229,706,-1,706,1229,1230,-1,706,1230,707,-1,707,1230,1231,-1,707,1231,709,-1,709,1231,1232,-1,709,1232,710,-1,710,1232,1233,-1,710,1233,712,-1,712,1233,1234,-1,712,1234,713,-1,713,1234,1235,-1,713,1235,715,-1,715,1235,1236,-1,715,1236,716,-1,716,1236,1237,-1,716,1237,1013,-1,1013,1237,1238,-1,1013,1238,1009,-1,1009,1238,1239,-1,1009,1239,1010,-1,1010,1239,1240,-1,1010,1240,1007,-1,1007,1240,1241,-1,1007,1241,721,-1,721,1241,1242,-1,721,1242,722,-1,722,1242,1243,-1,722,1243,724,-1,724,1243,1244,-1,724,1244,725,-1,725,1244,1245,-1,725,1245,727,-1,727,1245,1246,-1,727,1246,728,-1,728,1246,1247,-1,728,1247,999,-1,999,1247,1248,-1,999,1248,1024,-1,1024,1248,1249,-1,1024,1249,1003,-1,1003,1249,1250,-1,1003,1250,998,-1,998,1250,1251,-1,998,1251,997,-1,997,1251,1252,-1,997,1252,996,-1,996,1252,1253,-1,996,1253,730,-1,730,1253,1254,-1,730,1254,731,-1,731,1254,1255,-1,731,1255,733,-1,733,1255,1256,-1,733,1256,734,-1,734,1256,1257,-1,734,1257,737,-1,737,1257,1258,-1,737,1258,738,-1,738,1258,1259,-1,738,1259,740,-1,740,1259,1260,-1,740,1260,741,-1,741,1260,1261,-1,741,1261,743,-1,743,1261,1262,-1,743,1262,744,-1,744,1262,1263,-1,744,1263,923,-1,923,1263,1264,-1,923,1264,955,-1,955,1264,1265,-1,955,1265,936,-1,936,1265,1266,-1,936,1266,928,-1,928,1266,1267,-1,928,1267,919,-1,919,1267,1268,-1,919,1268,918,-1,918,1268,1269,-1,918,1269,917,-1,917,1269,1270,-1,917,1270,915,-1,915,1270,1271,-1,915,1271,749,-1,749,1271,1272,-1,749,1272,750,-1,750,1272,1273,-1,750,1273,755,-1,755,1273,1274,-1,755,1274,756,-1,756,1274,1275,-1,756,1275,758,-1,758,1275,1276,-1,758,1276,759,-1,759,1276,1277,-1,759,1277,847,-1,847,1277,1278,-1,847,1278,843,-1,843,1278,1279,-1,843,1279,844,-1,844,1279,1280,-1,844,1280,841,-1,841,1280,1281,-1,841,1281,761,-1,761,1281,1282,-1,761,1282,762,-1,762,1282,1283,-1,762,1283,764,-1,764,1283,1284,-1,764,1284,765,-1,765,1284,1285,-1,765,1285,767,-1,767,1285,1286,-1,767,1286,768,-1,768,1286,1287,-1,768,1287,837,-1,837,1287,1288,-1,837,1288,859,-1,859,1288,1290,-1,859,1290,1020,-1,1020,1290,1225,-1,
        ]
    }
}
Shape{
    appearance Appearance {
        material  Material 	{
            diffuseColor 0.0 0.0 0.0
            specularColor 0.0 0.0 0.0
            ambientIntensity 0.2
            transparency 0
            shininess 0.5
        }
    }
    geometry IndexedFaceSet {
        ccw TRUE
        solid FALSE
        coord DEF co Coordinate {
            point [
                -1.1443 -0.0034 -0.6098, -1.1443 -0.0034 -0.6102, -1.1563 -0.0366 -0.6087, -1.1563 -0.0366 -0.6091, -1.0842 -0.0366 -0.6087, -1.0842 -0.0366 -0.6091, -1.0955 -0.0034 -0.6098, -1.0955 -0.0034 -0.6102, -1.1275 0.0815 -0.6044, -1.1275 0.0815 -0.6048, -1.1116 0.0815 -0.6044, -1.1116 0.0815 -0.6048, -1.139 0.0095 -0.6098, -1.139 0.0095 -0.6102, -1.0995 0.0095 -0.6098, -1.0995 0.0095 -0.6102, -1.1171 0.0589 -0.607, -1.1171 0.0589 -0.6074, -1.119 0.0671 -0.6065, -1.119 0.0671 -0.6061, -1.1181 0.063 -0.6066, -1.1181 0.063 -0.607, -1.1212 0.0589 -0.6074, -1.1212 0.0589 -0.607, -1.1203 0.063 -0.6066, -1.1203 0.063 -0.607, -1.1194 0.0671 -0.6061, -1.1194 0.0671 -0.6065, -1.1593 -0.0001 -0.6078, -1.1735 -0.0366 -0.6087, -1.1735 -0.0366 -0.6091, -1.067 -0.0366 -0.6087, -1.067 -0.0366 -0.6091, -1.0807 -0.0001 -0.6078, -1.0583 0.024 -0.6094, -1.0567 0.0082 -0.6098, -1.0583 0.024 -0.6098, -1.0567 0.0082 -0.6102, -1.0539 -0.0 -0.6102, -1.0524 -0.0042 -0.6098, -1.0524 -0.0042 -0.6102, -1.0456 -0.0148 -0.6097, -1.0456 -0.0148 -0.6101, -1.0359 -0.0241 -0.6094, -1.0359 -0.0241 -0.6098, -1.0236 -0.0312 -0.609, -1.0236 -0.0312 -0.6094, -1.01 -0.0353 -0.6088, -1.01 -0.0353 -0.6092, -0.9954 -0.0366 -0.6087, -0.9954 -0.0366 -0.6091, -0.9966 0.0815 -0.6048, -0.9966 0.0815 -0.6044, -1.0136 0.0797 -0.6046, -1.0136 0.0797 -0.605, -1.0275 0.0749 -0.6052, -1.0275 0.0749 -0.6056, -1.0403 0.0662 -0.6062, -1.0403 0.0662 -0.6066, -1.0404 0.0661 -0.6062, -1.0404 0.0661 -0.6066, -1.0488 0.0569 -0.6072, -1.0488 0.0569 -0.6076, -1.0543 0.0467 -0.6081, -1.0543 0.0467 -0.6084, -1.0575 0.0351 -0.6088, -1.0575 0.0351 -0.6092, -0.9633 0.0815 -0.6044, -0.9633 0.0815 -0.6048, -0.9633 -0.0366 -0.6091, -0.9633 -0.0366 -0.6087, -0.9633 -0.0 -0.6102, -0.9791 -0.0236 -0.6094, -0.9791 -0.0236 -0.6098, -0.9791 0.0686 -0.606, -0.9791 0.0686 -0.6064, -0.9959 -0.0236 -0.6094, -0.9959 -0.0236 -0.6098, -1.0083 -0.0224 -0.6094, -1.0083 -0.0224 -0.6098, -1.0183 -0.0193 -0.6095, -1.0183 -0.0193 -0.6099, -1.0263 -0.0146 -0.6097, -1.0263 -0.0146 -0.6101, -1.0329 -0.008 -0.6098, -1.0329 -0.008 -0.6102, -1.0379 0.0001 -0.6098, -1.0379 0.0001 -0.6102, -1.0414 0.0112 -0.6097, -1.0414 0.0112 -0.6101, -1.0425 0.0236 -0.6094, -1.0425 0.0236 -0.6098, -1.0415 0.0354 -0.6088, -1.0415 0.0354 -0.6092, -1.0387 0.0447 -0.6082, -1.0387 0.0447 -0.6086, -1.0346 0.052 -0.6076, -1.0346 0.052 -0.608, -1.0289 0.0581 -0.6071, -1.0289 0.0581 -0.6075, -1.0202 0.0637 -0.6065, -1.0202 0.0637 -0.6069, -1.0105 0.0671 -0.6061, -1.0105 0.0671 -0.6065, -0.9965 0.0686 -0.606, -0.9965 0.0686 -0.6064, -0.8768 -0.0366 -0.6091, -0.8768 -0.0366 -0.6087, -0.8768 -0.0 -0.6102, -0.8768 0.0815 -0.6044, -0.8768 0.0815 -0.6048, -0.9373 0.0815 -0.6044, -0.9373 0.0815 -0.6048, -0.9373 0.0686 -0.606, -0.9373 0.0686 -0.6064, -0.8927 0.0297 -0.6091, -0.8927 0.0297 -0.6095, -0.8927 0.0686 -0.606, -0.8927 0.0686 -0.6064, -0.9344 0.0297 -0.6091, -0.9344 0.0297 -0.6095, -0.9344 0.0167 -0.6096, -0.9344 0.0167 -0.61, -0.9402 -0.0236 -0.6094, -0.9402 -0.0236 -0.6098, -0.8927 -0.0236 -0.6094, -0.8927 -0.0236 -0.6098, -0.9402 -0.0366 -0.6087, -0.9402 -0.0366 -0.6091, -0.8927 0.0167 -0.6096, -0.8927 0.0167 -0.61, -0.8927 0.0 -0.6102, -0.8538 -0.0304 -0.6095, -0.8538 -0.0304 -0.6091, -0.8412 -0.0356 -0.6088, -0.8412 -0.0356 -0.6092, -0.8245 -0.0376 -0.6087, -0.8245 -0.0376 -0.6091, -0.8213 -0.038 -0.6087, -0.8213 -0.038 -0.6091, -0.8067 -0.0365 -0.6087, -0.8067 -0.0365 -0.6091, -0.7953 -0.0326 -0.609, -0.7953 -0.0326 -0.6094, -0.7858 -0.0265 -0.6093, -0.7858 -0.0265 -0.6097, -0.7769 -0.0172 -0.6096, -0.7769 -0.0172 -0.61, -0.7706 -0.0059 -0.6098, -0.7706 -0.0059 -0.6102, -0.7689 -0.0 -0.6102, -0.7671 0.0066 -0.6098, -0.7671 0.0066 -0.6102, -0.7659 0.0203 -0.6095, -0.7659 0.0203 -0.6099, -0.7676 0.037 -0.6087, -0.7676 0.037 -0.6091, -0.7722 0.0504 -0.6078, -0.7722 0.0504 -0.6081, -0.7791 0.0615 -0.6067, -0.7791 0.0615 -0.6071, -0.7897 0.0717 -0.6056, -0.7897 0.0717 -0.606, -0.801 0.0782 -0.6048, -0.801 0.0782 -0.6052, -0.8141 0.082 -0.6043, -0.8141 0.082 -0.6047, -0.826 0.083 -0.6042, -0.826 0.083 -0.6046, -0.8401 0.082 -0.6043, -0.8401 0.082 -0.6047, -0.8538 0.0783 -0.6048, -0.8538 0.0783 -0.6052, -0.8538 0.0625 -0.6066, -0.8538 0.0625 -0.607, -0.8405 0.0682 -0.606, -0.8405 0.0682 -0.6064, -0.8261 0.07 -0.6058, -0.8261 0.07 -0.6062, -0.8145 0.0687 -0.606, -0.8145 0.0687 -0.6064, -0.8057 0.0655 -0.6063, -0.8057 0.0655 -0.6067, -0.7975 0.0601 -0.6069, -0.7975 0.0601 -0.6073, -0.7903 0.0522 -0.6076, -0.7903 0.0522 -0.608, -0.7855 0.0431 -0.6083, -0.7855 0.0431 -0.6087, -0.7823 0.0304 -0.6091, -0.7823 0.0304 -0.6095, -0.7818 0.0212 -0.6095, -0.7818 0.0212 -0.6099, -0.783 0.0084 -0.6098, -0.783 0.0084 -0.6102, -0.7856 -0.0 -0.6102, -0.7862 -0.0017 -0.6098, -0.7862 -0.0017 -0.6102, -0.7911 -0.0099 -0.6098, -0.7911 -0.0099 -0.6102, -0.7966 -0.0158 -0.6096, -0.7966 -0.0158 -0.61, -0.8038 -0.0206 -0.6095, -0.8038 -0.0206 -0.6099, -0.8125 -0.0238 -0.6094, -0.8125 -0.0238 -0.6098, -0.8235 -0.025 -0.6093, -0.8235 -0.025 -0.6097, -0.8391 -0.0233 -0.6094, -0.8391 -0.0233 -0.6098, -0.8517 -0.0187 -0.6096, -0.8517 -0.0187 -0.61, -0.8538 -0.0175 -0.6096, -0.8538 -0.0175 -0.61, -0.6953 -0.0366 -0.6091, -0.6953 -0.0366 -0.6087, -0.6953 -0.0 -0.6102, -0.6953 0.0815 -0.6044, -0.6953 0.0815 -0.6048, -0.7112 0.0815 -0.6044, -0.7112 0.0815 -0.6048, -0.7558 -0.0236 -0.6094, -0.7558 -0.0236 -0.6098, -0.7112 -0.0236 -0.6094, -0.7112 -0.0236 -0.6098, -0.7558 -0.0366 -0.6087, -0.7558 -0.0366 -0.6091, -0.7112 0.0 -0.6102, -0.7112 0.0 -0.6102
            ]
        }
        coordIndex [
            0,1,2,-1,2,1,3,-1,4,5,6,-1,6,5,7,-1,8,9,10,-1,10,9,11,-1,12,13,14,-1,14,13,15,-1,14,15,16,-1,16,15,17,-1,18,19,20,-1,18,20,21,-1,21,20,16,-1,21,16,17,-1,22,23,24,-1,22,24,25,-1,25,24,26,-1,25,26,27,-1,23,22,12,-1,12,22,13,-1,9,8,28,-1,28,8,29,-1,28,29,30,-1,2,3,29,-1,29,3,30,-1,6,7,0,-1,0,7,1,-1,31,32,4,-1,4,32,5,-1,32,31,33,-1,33,31,10,-1,33,10,11,-1,19,18,26,-1,26,18,27,-1,10,19,8,-1,8,19,26,-1,8,26,24,-1,24,23,8,-1,8,23,12,-1,8,12,29,-1,31,4,6,-1,14,16,10,-1,10,16,20,-1,10,20,19,-1,2,29,0,-1,0,29,12,-1,0,12,6,-1,6,12,14,-1,6,14,31,-1,31,14,10,-1,34,35,36,-1,36,35,37,-1,37,35,38,-1,38,35,39,-1,38,39,40,-1,40,39,41,-1,40,41,42,-1,42,41,43,-1,42,43,44,-1,44,43,45,-1,44,45,46,-1,46,45,47,-1,46,47,48,-1,48,47,49,-1,48,49,50,-1,51,52,53,-1,51,53,54,-1,54,53,55,-1,54,55,56,-1,56,55,57,-1,56,57,58,-1,58,57,59,-1,58,59,60,-1,60,59,61,-1,60,61,62,-1,62,61,63,-1,62,63,64,-1,64,63,65,-1,64,65,66,-1,66,65,34,-1,66,34,36,-1,52,51,67,-1,67,51,68,-1,69,70,71,-1,71,70,67,-1,71,67,68,-1,70,69,49,-1,49,69,50,-1,72,73,74,-1,74,73,75,-1,76,77,72,-1,72,77,73,-1,77,76,78,-1,77,78,79,-1,79,78,80,-1,79,80,81,-1,81,80,82,-1,81,82,83,-1,83,82,84,-1,83,84,85,-1,85,84,86,-1,85,86,87,-1,87,86,88,-1,87,88,89,-1,89,88,90,-1,89,90,91,-1,91,90,92,-1,91,92,93,-1,93,92,94,-1,93,94,95,-1,95,94,96,-1,95,96,97,-1,97,96,98,-1,97,98,99,-1,99,98,100,-1,99,100,101,-1,101,100,102,-1,101,102,103,-1,103,102,104,-1,103,104,105,-1,74,75,104,-1,104,75,105,-1,61,59,98,-1,98,59,57,-1,98,57,100,-1,100,57,55,-1,100,55,102,-1,102,55,53,-1,102,53,104,-1,104,53,52,-1,104,52,74,-1,74,52,67,-1,74,67,72,-1,72,67,70,-1,72,70,76,-1,76,70,49,-1,76,49,78,-1,78,49,47,-1,78,47,80,-1,80,47,45,-1,80,45,82,-1,82,45,43,-1,82,43,84,-1,84,43,41,-1,84,41,86,-1,86,41,39,-1,86,39,88,-1,88,39,35,-1,88,35,90,-1,90,35,34,-1,90,34,92,-1,92,34,65,-1,92,65,94,-1,94,65,63,-1,94,63,96,-1,96,63,61,-1,96,61,98,-1,106,107,108,-1,108,107,109,-1,108,109,110,-1,111,112,109,-1,109,112,110,-1,113,114,111,-1,111,114,112,-1,115,116,117,-1,117,116,118,-1,119,120,115,-1,115,120,116,-1,121,122,119,-1,119,122,120,-1,123,124,125,-1,125,124,126,-1,127,128,123,-1,123,128,124,-1,107,106,127,-1,127,106,128,-1,117,118,113,-1,113,118,114,-1,129,130,121,-1,121,130,122,-1,130,129,131,-1,131,129,125,-1,131,125,126,-1,107,127,123,-1,123,125,107,-1,107,125,129,-1,107,129,109,-1,113,111,117,-1,117,111,109,-1,117,109,115,-1,115,109,129,-1,115,129,119,-1,119,129,121,-1,132,133,134,-1,132,134,135,-1,135,134,136,-1,135,136,137,-1,137,136,138,-1,137,138,139,-1,139,138,140,-1,139,140,141,-1,141,140,142,-1,141,142,143,-1,143,142,144,-1,143,144,145,-1,145,144,146,-1,145,146,147,-1,147,146,148,-1,147,148,149,-1,149,148,150,-1,150,148,151,-1,150,151,152,-1,152,151,153,-1,152,153,154,-1,154,153,155,-1,154,155,156,-1,156,155,157,-1,156,157,158,-1,158,157,159,-1,158,159,160,-1,160,159,161,-1,160,161,162,-1,162,161,163,-1,162,163,164,-1,164,163,165,-1,164,165,166,-1,166,165,167,-1,166,167,168,-1,168,167,169,-1,168,169,170,-1,170,169,171,-1,170,171,172,-1,173,174,171,-1,171,174,172,-1,174,173,175,-1,174,175,176,-1,176,175,177,-1,176,177,178,-1,178,177,179,-1,178,179,180,-1,180,179,181,-1,180,181,182,-1,182,181,183,-1,182,183,184,-1,184,183,185,-1,184,185,186,-1,186,185,187,-1,186,187,188,-1,188,187,189,-1,188,189,190,-1,190,189,191,-1,190,191,192,-1,191,193,192,-1,192,193,194,-1,194,193,195,-1,195,193,196,-1,195,196,197,-1,197,196,198,-1,197,198,199,-1,199,198,200,-1,199,200,201,-1,201,200,202,-1,201,202,203,-1,203,202,204,-1,203,204,205,-1,205,204,206,-1,205,206,207,-1,207,206,208,-1,207,208,209,-1,209,208,210,-1,209,210,211,-1,211,210,212,-1,211,212,213,-1,133,132,212,-1,212,132,213,-1,204,138,206,-1,206,138,136,-1,206,136,208,-1,208,136,134,-1,208,134,210,-1,210,134,133,-1,210,133,212,-1,173,171,175,-1,175,171,169,-1,175,169,177,-1,177,169,167,-1,177,167,179,-1,179,167,165,-1,179,165,181,-1,181,165,163,-1,181,163,183,-1,183,163,161,-1,183,161,185,-1,185,161,159,-1,185,159,187,-1,187,159,157,-1,187,157,189,-1,189,157,155,-1,189,155,191,-1,191,155,153,-1,191,153,193,-1,193,153,151,-1,193,151,196,-1,196,151,148,-1,196,148,198,-1,198,148,146,-1,198,146,200,-1,200,146,144,-1,200,144,202,-1,202,144,142,-1,202,142,204,-1,204,142,140,-1,204,140,138,-1,214,215,216,-1,216,215,217,-1,216,217,218,-1,219,220,217,-1,217,220,218,-1,221,222,223,-1,223,222,224,-1,225,226,221,-1,221,226,222,-1,215,214,225,-1,225,214,226,-1,220,219,227,-1,227,219,223,-1,227,223,224,-1,219,217,223,-1,223,217,215,-1,223,215,221,-1,221,215,225,-1,
        ]
    }
}
Shape{
    appearance Appearance {
        material  Material 	{
            diffuseColor 0.996078431372549 0.8705882352941177 0.7607843137254902
            specularColor 0.4980392156862745 0.43529411764705883 0.3803921568627451
            ambientIntensity 0.2
            transparency 0
            shininess 0.5
        }
    }
    geometry IndexedFaceSet {
        ccw TRUE
        solid FALSE
        coord DEF co Coordinate {
            point [
                -1.0995 0.0095 -0.6102, -1.139 0.0095 -0.6102, -1.1171 0.0589 -0.6074, -1.1212 0.0589 -0.6074, -1.1181 0.063 -0.607, -1.1203 0.063 -0.607, -1.119 0.0671 -0.6065, -1.1194 0.0671 -0.6065, -0.9965 0.0686 -0.6064, -0.9791 0.0686 -0.6064, -0.9791 -0.0236 -0.6098, -0.9959 -0.0236 -0.6098, -1.0083 -0.0224 -0.6098, -1.0195 0.0461 -0.6085, -1.0183 -0.0193 -0.6099, -1.0263 -0.0146 -0.6101, -1.0329 -0.008 -0.6102, -1.0379 0.0001 -0.6102, -1.0414 0.0112 -0.6101, -1.0105 0.0671 -0.6065, -1.0202 0.0637 -0.6069, -1.0425 0.0236 -0.6098, -1.0415 0.0354 -0.6092, -1.0387 0.0447 -0.6086, -1.0346 0.052 -0.608, -1.0289 0.0581 -0.6075, -1.0289 0.0581 -0.6075
            ]
        }
        coordIndex [
            0,1,2,-1,2,1,3,-1,2,3,4,-1,4,3,5,-1,4,5,6,-1,6,5,7,-1,8,9,10,-1,11,12,13,-1,13,12,14,-1,13,14,15,-1,15,16,13,-1,13,16,17,-1,13,17,18,-1,10,11,8,-1,8,11,13,-1,8,13,19,-1,19,13,20,-1,18,21,13,-1,13,21,22,-1,13,22,23,-1,23,24,13,-1,13,24,25,-1,13,25,20,-1,
        ]
    }
}