#VRML V2.0 utf8
# 3D model generated by easyeda2kicad.py (https://github.com/uPesy/easyeda2kicad.py)

Shape{
    appearance Appearance {
        material  Material 	{
            diffuseColor 0.2235294117647059 0.2235294117647059 0.2235294117647059
            specularColor 0.11372549019607843 0.11372549019607843 0.11372549019607843
            ambientIntensity 0.2
            transparency 0
            shininess 0.5
        }
    }
    geometry IndexedFaceSet {
        ccw TRUE
        solid FALSE
        coord DEF co Coordinate {
            point [
                -0.0075 -0.0034 -0.5259, -0.0012 -0.0035 -0.521, -0.0013 -0.0065 -0.5208, -0.0 -0.0674 -0.4925, -0.0 -0.0667 -0.4929, -0.0 -0.0667 -0.4929, -0.0 -0.0729 -0.4885, -0.0 -0.0748 -0.4872, -0.0033 -0.0725 -0.4903, -0.0 -0.1273 -0.4442, 0.0 -0.1298 -0.442, -0.0285 -0.0997 -0.4722, -0.0581 -0.0259 -0.5627, -0.0577 -0.0258 -0.5623, -0.0359 -0.0336 -0.5381, -0.0552 -0.0256 -0.5601, -0.0348 -0.0297 -0.5399, -0.0754 -0.0234 -0.582, -0.0751 -0.0206 -0.5843, -0.0601 -0.0252 -0.565, -0.0598 -0.0221 -0.5671, -0.075 -0.0191 -0.5854, -0.0744 -0.0181 -0.5854, -0.0597 -0.02 -0.5685, -0.0597 -0.0191 -0.569, -0.073 -0.0158 -0.5856, -0.0728 -0.0154 -0.5857, -0.0597 -0.0185 -0.5694, -0.0725 -0.0151 -0.5857, -0.0662 -0.0148 -0.5787, -0.0643 -0.0147 -0.5766, -0.0597 -0.0156 -0.571, -0.0596 -0.0144 -0.5717, -0.0759 -0.0264 -0.5794, -0.0776 -0.0227 -0.5848, -0.076 -0.0206 -0.5852, -0.0759 -0.0204 -0.5852, -0.085 -0.0262 -0.589, -0.0827 -0.0262 -0.5866, -0.0765 -0.0296 -0.5765, -0.0803 -0.0262 -0.5841, -0.0795 -0.0251 -0.5843, -0.1085 -0.0108 -0.6386, -0.0781 -0.0171 -0.5904, -0.0788 -0.018 -0.5903, -0.1082 -0.0127 -0.6361, -0.077 -0.0157 -0.5906, -0.1088 -0.0091 -0.6408, -0.0767 -0.015 -0.5906, -0.1088 -0.0088 -0.6413, -0.0765 -0.0146 -0.5906, -0.1092 -0.0072 -0.6431, -0.0755 -0.0125 -0.5905, -0.0751 -0.0117 -0.5904, -0.1095 -0.0058 -0.6447, -0.0748 -0.0111 -0.5904, -0.0749 -0.0104 -0.5912, -0.075 -0.0083 -0.5923, -0.0745 -0.0105 -0.5904, -0.0736 -0.0085 -0.5903, -0.073 -0.0072 -0.5902, -0.075 -0.0063 -0.5931, -0.0728 -0.0065 -0.5901, -0.0724 -0.0052 -0.5898, -0.0751 -0.0044 -0.5937, -0.0723 -0.0047 -0.5897, -0.0752 -0.0027 -0.5941, -0.0718 -0.0029 -0.5894, -0.0717 -0.0025 -0.5893, -0.0752 -0.0008 -0.5943, -0.0712 -0.0009 -0.589, -0.0752 0.001 -0.5943, -0.0707 0.0011 -0.5886, -0.0706 0.0012 -0.5885, -0.0752 0.0028 -0.594, -0.0705 0.003 -0.5879, -0.0705 0.0035 -0.5877, -0.0751 0.0047 -0.5936, -0.0704 0.0049 -0.5872, -0.075 0.0066 -0.593, -0.0703 0.007 -0.5865, -0.075 0.008 -0.5924, -0.0702 0.0085 -0.5859, -0.0749 0.0101 -0.5914, -0.07 0.0108 -0.5851, -0.07 0.011 -0.585, -0.0749 0.0123 -0.5901, -0.07 0.0112 -0.585, -0.0702 0.0131 -0.584, -0.0749 0.0146 -0.5887, -0.0705 0.0155 -0.5827, -0.0749 0.0171 -0.587, -0.0707 0.0181 -0.5813, -0.0664 0.0193 -0.5758, -0.0666 0.0196 -0.5759, -0.0355 0.0323 -0.5387, -0.0708 0.0192 -0.5808, -0.0751 0.0197 -0.585, -0.0687 0.0194 -0.5783, -0.0333 0.0224 -0.5427, -0.0343 0.0224 -0.5435, -0.0338 0.0248 -0.5418, -0.0376 0.0209 -0.5472, -0.0412 0.0193 -0.5511, -0.0637 0.0145 -0.5755, -0.0412 0.0193 -0.5511, -0.0427 0.018 -0.5531, -0.0447 0.0164 -0.5557, -0.0449 0.0161 -0.556, -0.0625 0.0121 -0.5753, -0.0455 0.0151 -0.557, -0.046 0.0144 -0.5577, -0.0461 0.0142 -0.5579, -0.0467 0.0122 -0.5593, -0.0612 0.0098 -0.5751, -0.0469 0.0118 -0.5595, -0.0471 0.0109 -0.5601, -0.0596 0.006 -0.5744, -0.0604 0.0083 -0.575, -0.0473 0.0098 -0.5606, -0.0605 0.0085 -0.575, -0.0607 0.0089 -0.5751, -0.0473 0.0097 -0.5606, -0.0476 0.007 -0.5617, -0.0589 0.0037 -0.5737, -0.0477 0.0069 -0.5617, -0.0477 0.0068 -0.5617, -0.0486 -0.0012 -0.5632, -0.0581 0.0014 -0.5731, -0.0483 0.0015 -0.5627, -0.048 0.0042 -0.5622, -0.0475 -0.0118 -0.5602, -0.0556 -0.0109 -0.5684, -0.0478 -0.0095 -0.561, -0.0559 -0.0082 -0.5696, -0.0478 -0.0092 -0.561, -0.0563 -0.0057 -0.5707, -0.0481 -0.0064 -0.5619, -0.0566 -0.0035 -0.5717, -0.0484 -0.0039 -0.5627, -0.0566 -0.0032 -0.5718, -0.0486 -0.0018 -0.5634, -0.0567 -0.0029 -0.5719, -0.0573 -0.001 -0.5725, -0.0472 -0.014 -0.5591, -0.0552 -0.0137 -0.5671, -0.0473 -0.0137 -0.5593, -0.0475 -0.0122 -0.56, -0.0549 -0.0166 -0.5656, -0.055 -0.0153 -0.5664, -0.0471 -0.0152 -0.5585, -0.0471 -0.015 -0.5586, -0.0551 -0.0145 -0.5667, -0.0467 -0.0165 -0.5575, -0.0462 -0.0186 -0.5561, -0.0549 -0.0174 -0.5652, -0.055 -0.0196 -0.5638, -0.0461 -0.0186 -0.556, -0.046 -0.0188 -0.5558, -0.0452 -0.0202 -0.5543, -0.0451 -0.0204 -0.5541, -0.0439 -0.0214 -0.5525, -0.0433 -0.022 -0.5516, -0.0421 -0.0225 -0.5502, -0.0407 -0.0231 -0.5487, -0.0401 -0.0232 -0.5481, -0.0342 -0.0243 -0.5424, -0.0338 -0.0252 -0.5417, -0.0551 -0.0234 -0.5615, -0.055 -0.0202 -0.5635, -0.034 -0.026 -0.5414, -0.0 -0.1315 -0.4406, 0.0 -0.1327 -0.4396, -0.0052 -0.1358 -0.4369, -0.0344 -0.1042 -0.468, -0.0231 -0.095 -0.4761, -0.0181 -0.0902 -0.4798, 0.0 -0.107 -0.4612, -0.0 -0.1109 -0.4579, 0.0 -0.1183 -0.4517, -0.0 -0.1225 -0.4482, -0.0134 -0.0852 -0.4831, -0.009 -0.0801 -0.4862, 0.0 -0.087 -0.4776, 0.0 -0.0899 -0.4753, 0.0 -0.0965 -0.4701, 0.0 -0.0995 -0.4675, -0.005 -0.0749 -0.4891, -0.0 -0.0773 -0.4853, 0.0 -0.0783 -0.4846, 0.0 -0.0811 -0.4824, -0.0 -0.0624 -0.4961, -0.0402 -0.0456 -0.5316, -0.0 -0.0602 -0.4976, -0.0385 -0.0415 -0.534, -0.0 -0.0591 -0.4984, -0.0 -0.0434 -0.5077, -0.0 -0.0477 -0.5052, -0.0371 -0.0375 -0.5362, -0.0602 -0.026 -0.5645, -0.0 -0.0494 -0.5041, -0.0 -0.0538 -0.5016, -0.0 -0.0557 -0.5005, -0.0 -0.0413 -0.509, -0.0 -0.0377 -0.5107, -0.0 -0.0363 -0.5114, 0.0 -0.0352 -0.5119, -0.0245 -0.0237 -0.5347, 0.0 -0.03 -0.514, -0.0245 -0.0239 -0.5347, 0.0 -0.0339 -0.5125, -0.0337 -0.0243 -0.542, -0.0294 -0.0242 -0.5385, -0.0 -0.0345 -0.5122, -0.0076 -0.0232 -0.522, 0.0 -0.0226 -0.5167, 0.0 -0.0243 -0.5161, -0.023 -0.0122 -0.537, -0.0089 -0.0185 -0.5245, -0.0235 -0.0159 -0.5363, -0.0097 -0.0185 -0.525, 0.0 -0.0249 -0.5158, 0.0 -0.0293 -0.5142, -0.0089 -0.0233 -0.5229, -0.0175 -0.0237 -0.5293, -0.0171 -0.0212 -0.5299, -0.024 -0.0197 -0.5355, -0.0171 -0.0212 -0.5299, -0.0168 -0.0188 -0.5304, -0.0022 -0.0184 -0.5194, -0.0019 -0.0151 -0.5199, -0.0015 -0.011 -0.5205, -0.0228 -0.0105 -0.5373, -0.0015 -0.0106 -0.5205, -0.0225 -0.0053 -0.5378, -0.0225 -0.0084 -0.5378, -0.0226 -0.0086 -0.5377, -0.0012 0.0015 -0.5211, -0.0075 0.0015 -0.526, -0.0012 0.0025 -0.521, -0.0138 0.0014 -0.531, -0.0138 -0.0034 -0.531, -0.0138 -0.0018 -0.531, -0.0225 -0.0016 -0.5379, -0.0138 -0.001 -0.531, -0.0225 -0.001 -0.5379, -0.0225 0.002 -0.5379, -0.0225 0.0056 -0.538, -0.0014 0.0069 -0.5209, -0.0225 0.0067 -0.538, -0.0015 0.0087 -0.5208, -0.0228 0.0092 -0.5376, -0.0017 0.0114 -0.5205, -0.0233 0.0129 -0.537, -0.0022 0.0159 -0.5201, -0.0092 0.0159 -0.5253, -0.0022 0.016 -0.52, -0.0241 0.0192 -0.5359, -0.0162 0.0188 -0.53, -0.0236 0.0154 -0.5366, -0.0159 0.0167 -0.5304, -0.0158 0.0162 -0.5305, 0.0 0.026 -0.5154, 0.0 0.0243 -0.5161, -0.0141 0.0213 -0.5275, -0.0245 0.022 -0.5354, -0.0166 0.0214 -0.5294, -0.0165 0.0208 -0.5296, 0.0 0.023 -0.5166, 0.0 0.0211 -0.5171, -0.0086 0.0209 -0.5234, 0.0 0.0205 -0.5173, 0.0 0.031 -0.5133, 0.0 0.0293 -0.514, -0.0281 0.0223 -0.5383, -0.0295 0.0224 -0.5395, -0.0 0.0418 -0.5085, 0.0 0.0392 -0.51, -0.0345 0.0285 -0.5404, 0.0 0.0363 -0.5112, 0.0 0.0346 -0.5119, -0.065 0.0169 -0.5757, -0.0361 0.0343 -0.5378, -0.0 0.0477 -0.505, -0.0 0.0458 -0.5062, -0.0373 0.0383 -0.5358, -0.0 0.0496 -0.5039, -0.0 0.0489 -0.5044, -0.0 0.0618 -0.4965, -0.0 0.06 -0.4978, -0.0389 0.0424 -0.5335, -0.0 0.0558 -0.5003, -0.0 0.0552 -0.5007, -0.0 0.0624 -0.4961, -0.0406 0.0466 -0.531, -0.0 0.0667 -0.493, -0.0 0.0691 -0.4912, -0.0006 0.0684 -0.4922, -0.0 0.0697 -0.4908, -0.0042 0.0737 -0.4897, -0.0 0.0766 -0.4857, -0.0 0.0772 -0.4853, -0.0081 0.079 -0.4869, -0.0 0.0806 -0.4828, -0.0099 0.0812 -0.4856, 0.0 0.086 -0.4784, -0.0 0.0853 -0.4789, -0.0144 0.0864 -0.4824, 0.0 0.0959 -0.4702, -0.0 0.0896 -0.4754, -0.0193 0.0914 -0.4789, 0.0 0.1011 -0.4659, 0.0 0.0998 -0.4669, -0.0245 0.0963 -0.4751, 0.0 0.1114 -0.4574, 0.0 0.1102 -0.4584, -0.0 0.1327 -0.4396, -0.0 0.1315 -0.4406, -0.0301 0.1009 -0.4711, 0.0 0.1233 -0.4475, 0.0 0.1218 -0.4488, 0.0 0.1207 -0.4497, -0.1593 -0.0117 -0.8279, -0.1588 -0.0102 -0.8296, -0.1522 -0.0052 -0.7667, -0.1522 -0.0065 -0.7646, -0.1523 -0.0079 -0.7621, -0.16 -0.0138 -0.8249, -0.1524 -0.0092 -0.7592, -0.1608 -0.0159 -0.8214, -0.1524 -0.0095 -0.7586, -0.161 -0.0163 -0.8206, -0.1525 -0.011 -0.7551, -0.1631 -0.0203 -0.8119, -0.1628 -0.0197 -0.8133, -0.162 -0.0183 -0.8165, -0.0 -0.0696 -0.4909, -0.1528 -0.0125 -0.7513, -0.153 -0.0141 -0.747, -0.1643 -0.0221 -0.8068, -0.1534 -0.0157 -0.7423, -0.1656 -0.024 -0.8012, -0.1538 -0.0174 -0.7371, -0.167 -0.0257 -0.7951, -0.1544 -0.0192 -0.7315, -0.1693 -0.0281 -0.7852, -0.169 -0.0278 -0.7864, -0.1686 -0.0274 -0.7884, -0.1547 -0.02 -0.7288, -0.1554 -0.0218 -0.7224, -0.171 -0.0297 -0.7778, -0.1563 -0.0236 -0.7157, -0.1727 -0.0311 -0.7699, -0.1573 -0.0255 -0.7085, -0.1746 -0.0325 -0.7616, -0.1585 -0.0274 -0.7009, -0.1785 -0.0348 -0.7435, -0.1772 -0.0341 -0.7496, -0.1765 -0.0337 -0.7528, -0.1598 -0.0292 -0.6928, -0.1613 -0.031 -0.6843, -0.1806 -0.0358 -0.7337, -0.1622 -0.032 -0.6796, -0.1817 -0.0363 -0.7283, -0.164 -0.0338 -0.6702, -0.1839 -0.0372 -0.7176, -0.1659 -0.0355 -0.6605, -0.0061 -0.1363 -0.4364, -0.0104 -0.1387 -0.4341, -0.0376 -0.1064 -0.4656, -0.0189 -0.1428 -0.4296, -0.0441 -0.1106 -0.4609, -0.0277 -0.1465 -0.4248, -0.0509 -0.1144 -0.4558, -0.0285 -0.1468 -0.4243, -0.058 -0.1179 -0.4505, -0.1884 -0.0384 -0.6952, -0.1867 -0.038 -0.7038, -0.1861 -0.0379 -0.7066, -0.0556 -0.1548 -0.4087, -0.0732 -0.1238 -0.4389, -0.0505 -0.1536 -0.4117, -0.0654 -0.121 -0.4449, -0.046 -0.1526 -0.4143, -0.0367 -0.1498 -0.4197, -0.168 -0.0371 -0.6504, -0.1703 -0.0386 -0.6399, -0.1907 -0.0389 -0.6834, -0.1727 -0.04 -0.629, -0.193 -0.0392 -0.6711, -0.1753 -0.0412 -0.6177, -0.1954 -0.0393 -0.6584, -0.176 -0.0415 -0.6146, -0.1984 -0.0393 -0.6417, -0.1969 -0.0394 -0.6505, -0.196 -0.0394 -0.655, -0.0556 -0.1548 -0.4087, -0.0655 -0.1566 -0.4027, -0.0812 -0.1261 -0.4325, -0.0681 -0.157 -0.4011, -0.0834 -0.1266 -0.4308, -0.0783 -0.158 -0.3947, -0.0919 -0.1284 -0.424, -0.0862 -0.1584 -0.3897, -0.1006 -0.1297 -0.4169, -0.0886 -0.1585 -0.3881, -0.099 -0.1583 -0.3812, -0.1095 -0.1304 -0.4096, -0.1061 -0.1578 -0.3764, -0.1184 -0.1305 -0.4019, -0.1788 -0.0426 -0.6027, -0.1817 -0.0434 -0.5905, -0.2009 -0.0392 -0.6282, -0.1847 -0.0441 -0.578, -0.2032 -0.0388 -0.6144, -0.1879 -0.0445 -0.5652, -0.1094 -0.1576 -0.3741, -0.1191 -0.1562 -0.3673, -0.1275 -0.1301 -0.394, -0.208 -0.0378 -0.586, -0.207 -0.038 -0.5917, -0.2056 -0.0384 -0.6003, -0.1199 -0.1561 -0.3668, -0.1304 -0.1541 -0.3592, -0.1367 -0.129 -0.3859, -0.1361 -0.1527 -0.355, -0.1417 -0.1282 -0.3814, -0.1464 -0.1495 -0.3471, -0.1509 -0.1262 -0.3729, -0.1529 -0.1471 -0.3421, -0.1599 -0.1236 -0.3643, -0.191 -0.0447 -0.5522, -0.1943 -0.0447 -0.5389, -0.2103 -0.037 -0.5715, -0.196 -0.0446 -0.5317, -0.2115 -0.0365 -0.5637, -0.1993 -0.0441 -0.5182, -0.2138 -0.0356 -0.549, -0.2026 -0.0435 -0.5047, -0.1566 -0.1458 -0.3392, -0.161 -0.1438 -0.3356, -0.1688 -0.1203 -0.3556, -0.2181 -0.0332 -0.5197, -0.2165 -0.0341 -0.5303, -0.2159 -0.0344 -0.5343, -0.1666 -0.1413 -0.3311, -0.1762 -0.1362 -0.323, -0.1775 -0.1164 -0.3469, -0.1856 -0.1305 -0.315, -0.186 -0.1119 -0.3382, -0.2058 -0.0426 -0.4913, -0.209 -0.0414 -0.4779, -0.2201 -0.0318 -0.5053, -0.2122 -0.0399 -0.4646, -0.222 -0.0303 -0.4909, -0.2147 -0.0386 -0.4538, -0.2253 -0.0273 -0.466, -0.2247 -0.0278 -0.4706, -0.2236 -0.0289 -0.4793, -0.2144 -0.1062 -0.2882, -0.2143 -0.0901 -0.307, -0.2126 -0.1081 -0.29, -0.2076 -0.0964 -0.3147, -0.2093 -0.1114 -0.2932, -0.2004 -0.1023 -0.3227, -0.2015 -0.1186 -0.3006, -0.1928 -0.1077 -0.331, -0.1931 -0.1252 -0.3083, -0.1856 -0.1305 -0.3149, -0.2175 -0.0368 -0.4415, -0.2201 -0.0347 -0.4296, -0.2268 -0.0255 -0.4533, -0.2226 -0.0325 -0.4183, -0.2283 -0.0237 -0.4412, -0.225 -0.0302 -0.4076, -0.2297 -0.0218 -0.4297, -0.2271 -0.0276 -0.3975, -0.2319 -0.018 -0.41, -0.2309 -0.0197 -0.4185, -0.2309 -0.0198 -0.419, -0.2167 -0.1039 -0.2861, -0.2234 -0.0959 -0.2793, -0.2205 -0.0833 -0.2997, -0.2296 -0.0875 -0.2729, -0.2262 -0.0762 -0.2928, -0.2347 -0.0796 -0.2674, -0.2309 -0.0694 -0.2869, -0.2373 -0.0751 -0.2647, -0.2353 -0.0622 -0.2814, -0.2289 -0.0252 -0.3891, -0.2305 -0.0226 -0.3812, -0.2328 -0.016 -0.4016, -0.2319 -0.02 -0.3741, -0.2336 -0.0141 -0.394, -0.2332 -0.0173 -0.368, -0.2349 -0.0102 -0.3818, -0.2349 -0.0102 -0.3819, -0.2343 -0.0121 -0.3875, -0.2342 -0.0146 -0.3627, -0.2349 -0.0124 -0.3592, -0.2353 -0.0087 -0.3782, -0.2356 -0.0098 -0.3557, -0.2356 -0.0068 -0.3745, -0.2361 -0.0071 -0.3531, -0.2359 -0.0049 -0.3717, -0.2364 -0.0044 -0.3513, -0.2361 -0.0031 -0.3697, -0.2365 -0.0031 -0.3507, -0.2362 -0.0021 -0.3691, -0.2366 -0.0017 -0.3503, -0.2362 -0.0012 -0.3687, -0.2366 -0.0004 -0.3502, -0.2394 -0.0713 -0.2623, -0.2436 -0.0628 -0.2578, -0.2391 -0.0549 -0.2765, -0.2471 -0.0542 -0.2538, -0.2424 -0.0474 -0.2722, -0.2501 -0.0455 -0.2503, -0.2451 -0.0398 -0.2685, -0.2521 -0.0388 -0.2481, -0.2469 -0.034 -0.2661, -0.254 -0.0304 -0.2458, -0.2487 -0.0267 -0.2636, -0.2555 -0.0221 -0.244, -0.2501 -0.0194 -0.2617, -0.2564 -0.0138 -0.2429, -0.251 -0.0121 -0.2605, -0.2568 -0.0096 -0.2425, -0.2513 -0.0084 -0.26, -0.257 -0.0054 -0.2422, -0.2515 -0.0047 -0.2598, -0.2571 -0.0011 -0.2421, -0.2516 -0.001 -0.2597, -0.2571 -0.0 -0.2421, -0.2515 0.0027 -0.2597, -0.2344 0.0139 -0.3615, -0.2352 0.0088 -0.3784, -0.2349 0.0126 -0.3594, -0.2356 0.0069 -0.3747, -0.2355 0.0099 -0.3559, -0.2359 0.0051 -0.3718, -0.2361 0.0073 -0.3533, -0.2361 0.0032 -0.3699, -0.2364 0.0046 -0.3514, -0.2362 0.0023 -0.3692, -0.2365 0.0033 -0.3508, -0.2362 0.0015 -0.3688, -0.2366 0.0021 -0.3504, -0.2362 0.0007 -0.3686, -0.2366 0.001 -0.3502, -0.2362 -0.0 -0.3686, -0.2362 -0.0003 -0.3685, -0.257 0.0031 -0.2422, -0.2569 0.0067 -0.2423, -0.2514 0.0059 -0.2598, -0.2567 0.0103 -0.2425, -0.2513 0.009 -0.2601, -0.2564 0.0144 -0.2429, -0.2509 0.0126 -0.2605, -0.2554 0.0227 -0.2441, -0.25 0.0199 -0.2618, -0.2539 0.031 -0.2459, -0.2486 0.0271 -0.2637, -0.2519 0.0392 -0.2482, -0.2468 0.0344 -0.2662, -0.2508 0.0434 -0.2496, -0.2457 0.038 -0.2677, -0.248 0.0518 -0.2528, -0.2432 0.0454 -0.2711, -0.2447 0.0602 -0.2565, -0.2401 0.0526 -0.2752, -0.2409 0.0684 -0.2608, -0.2366 0.0598 -0.2797, -0.2373 0.0751 -0.2647, -0.2326 0.0668 -0.2848, -0.2278 0.0267 -0.3942, -0.2322 0.0172 -0.4068, -0.2295 0.0243 -0.3861, -0.2331 0.0154 -0.3989, -0.231 0.0218 -0.3787, -0.2338 0.0135 -0.392, -0.2323 0.0192 -0.3722, -0.2345 0.0116 -0.3858, -0.2335 0.0166 -0.3664, -0.2349 0.0102 -0.382, -0.235 0.0097 -0.3806, -0.2365 0.0765 -0.2655, -0.2317 0.0845 -0.2707, -0.2281 0.0736 -0.2905, -0.2271 0.091 -0.2755, -0.2239 0.0792 -0.2956, -0.2209 0.099 -0.2818, -0.2182 0.086 -0.3025, -0.2145 0.1062 -0.2882, -0.212 0.0924 -0.3097, -0.2141 0.1066 -0.2885, -0.2126 0.1081 -0.2901, -0.2053 0.0983 -0.3173, -0.2167 0.0373 -0.445, -0.2264 0.0261 -0.4573, -0.2193 0.0354 -0.4333, -0.2278 0.0243 -0.4454, -0.2218 0.0333 -0.4222, -0.2292 0.0225 -0.434, -0.2241 0.0311 -0.4116, -0.2304 0.0206 -0.4233, -0.2262 0.0287 -0.4016, -0.2309 0.0197 -0.4185, -0.2313 0.0191 -0.4154, -0.2069 0.1138 -0.2956, -0.1991 0.1205 -0.3028, -0.1983 0.1039 -0.3251, -0.1909 0.1268 -0.3103, -0.1908 0.109 -0.3331, -0.1855 0.1305 -0.315, -0.1829 0.1136 -0.3414, -0.2048 0.0429 -0.4958, -0.2194 0.0323 -0.5102, -0.2079 0.0418 -0.4825, -0.2213 0.0308 -0.4962, -0.211 0.0405 -0.4695, -0.2231 0.0293 -0.4827, -0.2139 0.039 -0.457, -0.2247 0.0278 -0.4705, -0.2248 0.0277 -0.4698, -0.1822 0.1327 -0.3179, -0.1729 0.1381 -0.3258, -0.1745 0.1179 -0.3499, -0.1632 0.1429 -0.3339, -0.1658 0.1215 -0.3586, -0.161 0.1438 -0.3356, -0.1569 0.1245 -0.3672, -0.1532 0.1471 -0.3419, -0.153 0.1472 -0.3421, -0.1478 0.127 -0.3757, -0.1917 0.0447 -0.5496, -0.2108 0.0368 -0.5685, -0.195 0.0446 -0.5362, -0.213 0.0359 -0.5539, -0.1982 0.0443 -0.5227, -0.2152 0.0348 -0.5392, -0.2015 0.0437 -0.5093, -0.2165 0.0341 -0.5303, -0.2173 0.0336 -0.5247, -0.143 0.1506 -0.3498, -0.1326 0.1535 -0.3576, -0.1386 0.1287 -0.3842, -0.122 0.1558 -0.3653, -0.1293 0.1299 -0.3925, -0.1191 0.1562 -0.3673, -0.1233 0.1304 -0.3978, -0.115 0.1569 -0.3702, -0.1061 0.1578 -0.3764, -0.1142 0.1305 -0.4056, -0.1045 0.158 -0.3775, -0.094 0.1585 -0.3846, -0.1052 0.1301 -0.4132, -0.0862 0.1584 -0.3897, -0.0963 0.1291 -0.4204, -0.1774 0.0421 -0.6087, -0.1997 0.0393 -0.6349, -0.1803 0.043 -0.5965, -0.2021 0.039 -0.6211, -0.1833 0.0438 -0.584, -0.2045 0.0386 -0.607, -0.1864 0.0443 -0.5713, -0.2069 0.0381 -0.5927, -0.1895 0.0446 -0.5583, -0.207 0.038 -0.5917, -0.2084 0.0376 -0.5832, -0.0835 0.1583 -0.3914, -0.0732 0.1576 -0.3979, -0.0876 0.1276 -0.4275, -0.0629 0.1562 -0.4043, -0.0791 0.1256 -0.4342, -0.058 0.1553 -0.4072, -0.0751 0.1244 -0.4374, -0.0556 0.1548 -0.4086, -0.0505 0.1536 -0.4117, -0.0672 0.1217 -0.4435, -0.1685 0.0375 -0.6481, -0.1912 0.039 -0.6805, -0.1708 0.0389 -0.6374, -0.1936 0.0392 -0.668, -0.1733 0.0403 -0.6263, -0.1948 0.0393 -0.6617, -0.1746 0.0409 -0.6206, -0.1969 0.0394 -0.6505, -0.1972 0.0394 -0.6484, -0.0483 0.1531 -0.413, -0.0388 0.1504 -0.4185, -0.0596 0.1186 -0.4493, -0.0295 0.1472 -0.4237, -0.0523 0.1152 -0.4548, -0.0285 0.1468 -0.4243, -0.0453 0.1113 -0.4599, -0.0206 0.1436 -0.4287, -0.0118 0.1394 -0.4334, -0.0387 0.1072 -0.4648, -0.0083 0.1376 -0.4352, -0.0361 0.1054 -0.4668, -0.0052 0.1358 -0.4369, -0.0003 0.1329 -0.4394, -0.1602 0.0297 -0.6906, -0.1811 0.0361 -0.7309, -0.1618 0.0316 -0.6818, -0.1821 0.0365 -0.7265, -0.1625 0.0323 -0.678, -0.1843 0.0373 -0.7156, -0.1643 0.0341 -0.6684, -0.1866 0.038 -0.7043, -0.1663 0.0358 -0.6585, -0.1867 0.038 -0.7038, -0.1889 0.0386 -0.6926, -0.1553 0.0214 -0.7239, -0.1713 0.03 -0.7762, -0.1556 0.0222 -0.7211, -0.1731 0.0314 -0.7681, -0.1565 0.0241 -0.7141, -0.175 0.0328 -0.7595, -0.1576 0.026 -0.7067, -0.177 0.034 -0.7504, -0.1588 0.0278 -0.6988, -0.1772 0.0341 -0.7496, -0.179 0.0351 -0.7409, -0.1689 0.0277 -0.7868, -0.169 0.0278 -0.7864, -0.1706 0.0293 -0.7795, -0.0426 0.0508 -0.5282, -0.0449 0.0551 -0.5252, -0.046 0.0569 -0.5238, -0.0488 0.0614 -0.5202, -0.052 0.0657 -0.5164, -0.0555 0.07 -0.5123, -0.0593 0.0743 -0.5078, -0.0636 0.0784 -0.5031, -0.0655 0.0802 -0.5009, -0.0704 0.0842 -0.4956, -0.0756 0.088 -0.4898, -0.0812 0.0915 -0.4838, -0.0871 0.0948 -0.4774, -0.0934 0.0977 -0.4707, -0.0966 0.0991 -0.4672, -0.1036 0.1015 -0.4598, -0.1107 0.1035 -0.4521, -0.1181 0.1051 -0.4441, -0.1256 0.1061 -0.4358, -0.1334 0.1067 -0.4272, -0.1385 0.1067 -0.4214, -0.1465 0.1064 -0.4124, -0.1545 0.1054 -0.4032, -0.1624 0.1039 -0.3939, -0.1702 0.1018 -0.3845, -0.1779 0.0992 -0.3751, -0.1853 0.096 -0.3658, -0.1923 0.0924 -0.3568, -0.1989 0.0883 -0.3481, -0.2052 0.0838 -0.3396, -0.2112 0.0789 -0.3314, -0.2167 0.0736 -0.3236, -0.2219 0.0679 -0.3162, -0.2257 0.0632 -0.3106, -0.2297 0.0574 -0.3046, -0.2333 0.0514 -0.2991, -0.2365 0.0453 -0.2941, -0.2393 0.0391 -0.2898, -0.2416 0.0328 -0.2861, -0.2426 0.0297 -0.2845, -0.2442 0.0234 -0.2818, -0.2455 0.0172 -0.2798, -0.2463 0.0109 -0.2784, -0.2466 0.0078 -0.2779, -0.2468 0.0051 -0.2776, -0.2469 0.0023 -0.2775, -0.2469 -0.0009 -0.2774, -0.2468 -0.0041 -0.2776, -0.2467 -0.0073 -0.2779, -0.2464 -0.0104 -0.2783, -0.2455 -0.0168 -0.2797, -0.2443 -0.023 -0.2817, -0.2427 -0.0293 -0.2843, -0.2411 -0.0344 -0.2869, -0.2386 -0.0409 -0.2909, -0.2356 -0.0473 -0.2956, -0.2321 -0.0535 -0.3009, -0.2282 -0.0596 -0.3068, -0.224 -0.0654 -0.3131, -0.2188 -0.0713 -0.3206, -0.2133 -0.077 -0.3285, -0.2073 -0.0822 -0.3369, -0.2008 -0.087 -0.3455, -0.194 -0.0913 -0.3545, -0.188 -0.0946 -0.3623, -0.1805 -0.0981 -0.3718, -0.1728 -0.101 -0.3813, -0.165 -0.1033 -0.3907, -0.1571 -0.105 -0.4001, -0.1492 -0.1061 -0.4093, -0.1449 -0.1065 -0.4142, -0.137 -0.1067 -0.4232, -0.1292 -0.1065 -0.4318, -0.1216 -0.1056 -0.4402, -0.1142 -0.1043 -0.4482, -0.1071 -0.1026 -0.456, -0.1001 -0.1004 -0.4635, -0.0983 -0.0997 -0.4654, -0.0919 -0.0971 -0.4723, -0.0857 -0.0941 -0.4789, -0.0799 -0.0908 -0.4852, -0.0745 -0.0872 -0.491, -0.0694 -0.0834 -0.4966, -0.0647 -0.0795 -0.5018, -0.0624 -0.0773 -0.5044, -0.0583 -0.0732 -0.5091, -0.0546 -0.0689 -0.5134, -0.0512 -0.0647 -0.5174, -0.0482 -0.0604 -0.521, -0.0455 -0.0561 -0.5244, -0.0431 -0.0518 -0.5276, -0.0421 -0.0498 -0.5289, -0.1545 0.0196 -0.7301, -0.154 0.0178 -0.7359, -0.1674 0.0261 -0.7936, -0.1535 0.0161 -0.7412, -0.1659 0.0244 -0.7999, -0.1531 0.0144 -0.7461, -0.1646 0.0225 -0.8057, -0.1528 0.0128 -0.7505, -0.0752 0.0211 -0.5839, -0.0755 0.0241 -0.5815, -0.076 0.0271 -0.5788, -0.0767 0.0303 -0.5758, -0.0776 0.0336 -0.5726, -0.0788 0.0371 -0.569, -0.0793 0.0386 -0.5674, -0.0809 0.0423 -0.5633, -0.0828 0.046 -0.5588, -0.085 0.0498 -0.5541, -0.0875 0.0535 -0.549, -0.0904 0.0573 -0.5435, -0.0917 0.0588 -0.541, -0.0952 0.0626 -0.5349, -0.099 0.0662 -0.5284, -0.1032 0.0696 -0.5216, -0.1078 0.0728 -0.5143, -0.1127 0.0757 -0.5068, -0.1152 0.0771 -0.5029, -0.1207 0.0797 -0.4945, -0.1265 0.0819 -0.4859, -0.1325 0.0837 -0.477, -0.1387 0.0851 -0.4678, -0.1451 0.0861 -0.4583, -0.1495 0.0865 -0.4519, -0.1562 0.0866 -0.4419, -0.1629 0.0863 -0.4318, -0.1696 0.0854 -0.4216, -0.1763 0.084 -0.4113, -0.1829 0.0821 -0.401, -0.1893 0.0797 -0.3909, -0.1954 0.0769 -0.3812, -0.2011 0.0737 -0.3717, -0.2066 0.0701 -0.3625, -0.2118 0.0662 -0.3536, -0.2166 0.0618 -0.3452, -0.2211 0.0571 -0.3371, -0.2244 0.0532 -0.3312, -0.228 0.0484 -0.3246, -0.2312 0.0435 -0.3187, -0.234 0.0383 -0.3134, -0.2364 0.0331 -0.3087, -0.2384 0.0278 -0.3047, -0.2393 0.0251 -0.303, -0.2407 0.0199 -0.3001, -0.2418 0.0146 -0.2979, -0.2426 0.0092 -0.2964, -0.2428 0.0066 -0.2959, -0.243 0.0043 -0.2956, -0.243 0.002 -0.2955, -0.2431 -0.0007 -0.2954, -0.243 -0.0034 -0.2956, -0.2428 -0.0061 -0.2959, -0.2426 -0.0088 -0.2964, -0.2419 -0.0142 -0.2978, -0.2408 -0.0195 -0.3, -0.2394 -0.0248 -0.3028, -0.2379 -0.0291 -0.3056, -0.2357 -0.0346 -0.3099, -0.2331 -0.0399 -0.315, -0.2301 -0.0452 -0.3207, -0.2267 -0.0503 -0.3271, -0.2229 -0.055 -0.3339, -0.2185 -0.06 -0.3419, -0.2136 -0.0646 -0.3505, -0.2084 -0.0689 -0.3595, -0.2028 -0.0727 -0.3689, -0.1969 -0.0761 -0.3787, -0.1917 -0.0787 -0.3871, -0.1852 -0.0813 -0.3975, -0.1786 -0.0834 -0.4078, -0.1719 -0.085 -0.4182, -0.1652 -0.086 -0.4284, -0.1584 -0.0866 -0.4386, -0.1548 -0.0866 -0.444, -0.1482 -0.0864 -0.4538, -0.1417 -0.0856 -0.4634, -0.1354 -0.0844 -0.4727, -0.1294 -0.0828 -0.4816, -0.1235 -0.0808 -0.4903, -0.118 -0.0785 -0.4987, -0.1166 -0.0778 -0.5008, -0.1114 -0.075 -0.5086, -0.1067 -0.0721 -0.5161, -0.1023 -0.0688 -0.5231, -0.0982 -0.0654 -0.5298, -0.0945 -0.0619 -0.5361, -0.0912 -0.0582 -0.542, -0.0895 -0.0562 -0.545, -0.0868 -0.0525 -0.5504, -0.0844 -0.0488 -0.5553, -0.0823 -0.0451 -0.56, -0.0805 -0.0414 -0.5642, -0.0791 -0.0379 -0.5682, -0.0778 -0.0344 -0.5718, -0.0774 -0.0328 -0.5734, -0.1627 0.0196 -0.8135, -0.1628 0.0197 -0.8133, -0.1633 0.0206 -0.811, -0.1527 0.012 -0.7526, -0.1525 0.0105 -0.7563, -0.1617 0.0177 -0.8179, -0.1524 0.0091 -0.7596, -0.1607 0.0156 -0.8218, -0.1523 0.0077 -0.7625, -0.1599 0.0136 -0.8253, -0.1522 0.0064 -0.7649, -0.1522 0.0006 -0.7706, -0.1576 0.0034 -0.8346, -0.1522 0.0018 -0.7702, -0.1579 0.0056 -0.8335, -0.1522 0.003 -0.7693, -0.1583 0.0078 -0.832, -0.1522 0.0042 -0.768, -0.1586 0.0093 -0.8306, -0.1522 0.0051 -0.7669, -0.1588 0.0102 -0.8296, -0.1592 0.0114 -0.8282, -0.1098 -0.0046 -0.646, -0.11 -0.0034 -0.6471, -0.1102 -0.0024 -0.6478, -0.1104 -0.0014 -0.6483, -0.1104 -0.0004 -0.6485, -0.1104 0.0005 -0.6485, -0.1104 0.0015 -0.6483, -0.1102 0.0025 -0.6477, -0.11 0.0036 -0.6469, -0.1098 0.0044 -0.6462, -0.1095 0.0057 -0.6449, -0.1092 0.007 -0.6433, -0.1089 0.0086 -0.6415, -0.1086 0.0102 -0.6394, -0.1083 0.0121 -0.6369, -0.1082 0.0131 -0.6356, -0.108 0.0152 -0.6326, -0.108 0.0175 -0.6293, -0.1081 0.0199 -0.6257, -0.1084 0.0225 -0.6218, -0.1088 0.0253 -0.6175, -0.1091 0.0265 -0.6155, -0.1099 0.0295 -0.6106, -0.111 0.0326 -0.6053, -0.1124 0.0358 -0.5997, -0.114 0.039 -0.5937, -0.116 0.0422 -0.5873, -0.1169 0.0436 -0.5844, -0.1194 0.0469 -0.5773, -0.1222 0.05 -0.5698, -0.1253 0.0531 -0.562, -0.1288 0.056 -0.5537, -0.1326 0.0587 -0.5451, -0.1346 0.06 -0.5407, -0.1389 0.0624 -0.5313, -0.1435 0.0645 -0.5216, -0.1483 0.0663 -0.5116, -0.1533 0.0677 -0.5013, -0.1585 0.0688 -0.4907, -0.162 0.0692 -0.4837, -0.1675 0.0696 -0.4726, -0.1731 0.0696 -0.4614, -0.1786 0.0691 -0.4502, -0.1842 0.0682 -0.439, -0.1897 0.0668 -0.4277, -0.195 0.065 -0.4167, -0.2 0.0629 -0.4061, -0.2048 0.0603 -0.3958, -0.2094 0.0575 -0.3858, -0.2138 0.0543 -0.3762, -0.2178 0.0508 -0.3671, -0.2216 0.047 -0.3584, -0.2244 0.0438 -0.352, -0.2274 0.0399 -0.3449, -0.23 0.0358 -0.3385, -0.2324 0.0316 -0.3328, -0.2344 0.0273 -0.3278, -0.2362 0.0229 -0.3235, -0.2369 0.0207 -0.3217, -0.2381 0.0164 -0.3186, -0.239 0.012 -0.3163, -0.2397 0.0076 -0.3146, -0.2399 0.0054 -0.3141, -0.24 0.0036 -0.3138, -0.2401 0.0016 -0.3136, -0.2401 -0.0006 -0.3136, -0.24 -0.0028 -0.3137, -0.2399 -0.0051 -0.314, -0.2397 -0.0073 -0.3146, -0.2391 -0.0117 -0.3161, -0.2382 -0.0161 -0.3184, -0.237 -0.0205 -0.3215, -0.2358 -0.024 -0.3245, -0.2339 -0.0285 -0.3291, -0.2317 -0.033 -0.3345, -0.2291 -0.0373 -0.3407, -0.2263 -0.0414 -0.3476, -0.2231 -0.0453 -0.3549, -0.2194 -0.0493 -0.3636, -0.2153 -0.0531 -0.3728, -0.2109 -0.0565 -0.3826, -0.2062 -0.0595 -0.3928, -0.2013 -0.0622 -0.4034, -0.1969 -0.0642 -0.4126, -0.1915 -0.0662 -0.4238, -0.1861 -0.0678 -0.4351, -0.1805 -0.0688 -0.4464, -0.1749 -0.0695 -0.4577, -0.1694 -0.0697 -0.4689, -0.1664 -0.0696 -0.4749, -0.161 -0.0691 -0.4858, -0.1557 -0.0683 -0.4964, -0.1507 -0.067 -0.5067, -0.1458 -0.0654 -0.5168, -0.1411 -0.0635 -0.5265, -0.1367 -0.0612 -0.5359, -0.1356 -0.0606 -0.5383, -0.1316 -0.0581 -0.5472, -0.128 -0.0553 -0.5557, -0.1246 -0.0524 -0.5637, -0.1216 -0.0494 -0.5714, -0.1189 -0.0463 -0.5787, -0.1165 -0.043 -0.5856, -0.1154 -0.0413 -0.5891, -0.1135 -0.0381 -0.5954, -0.112 -0.035 -0.6012, -0.1107 -0.0319 -0.6067, -0.1097 -0.0289 -0.6117, -0.109 -0.0259 -0.6165, -0.1085 -0.0231 -0.6208, -0.1083 -0.0219 -0.6227, -0.1081 -0.0194 -0.6266, -0.108 -0.017 -0.6301, -0.0832 -0.0238 -0.5894, -0.1081 -0.0147 -0.6332, -0.0814 -0.0215 -0.5897, -0.0797 -0.0193 -0.5901, -0.1363 -0.0003 -0.7079, -0.1363 0.0004 -0.7078, -0.1363 0.0012 -0.7075, -0.1361 0.002 -0.7068, -0.1359 0.0028 -0.7058, -0.1358 0.0034 -0.7049, -0.1355 0.0044 -0.7033, -0.1352 0.0055 -0.7013, -0.1349 0.0067 -0.699, -0.1346 0.008 -0.6963, -0.1344 0.0095 -0.6933, -0.1343 0.0103 -0.6916, -0.1341 0.012 -0.6879, -0.134 0.0138 -0.6839, -0.1341 0.0157 -0.6795, -0.1342 0.0178 -0.6747, -0.1345 0.02 -0.6695, -0.1347 0.021 -0.6671, -0.1353 0.0234 -0.6612, -0.1361 0.0259 -0.6549, -0.1372 0.0284 -0.6483, -0.1384 0.031 -0.6412, -0.1399 0.0336 -0.6337, -0.1406 0.0347 -0.6304, -0.1426 0.0373 -0.6221, -0.1448 0.0399 -0.6134, -0.1472 0.0423 -0.6044, -0.1499 0.0446 -0.5949, -0.1529 0.0468 -0.5851, -0.1545 0.0478 -0.5801, -0.1579 0.0498 -0.5695, -0.1615 0.0515 -0.5586, -0.1653 0.0529 -0.5474, -0.1692 0.0541 -0.5359, -0.1734 0.0549 -0.5242, -0.1762 0.0553 -0.5163, -0.1805 0.0556 -0.5041, -0.1849 0.0556 -0.4918, -0.1893 0.0552 -0.4795, -0.1937 0.0544 -0.4672, -0.198 0.0533 -0.4549, -0.2022 0.0519 -0.4429, -0.2062 0.0502 -0.4314, -0.21 0.0482 -0.4202, -0.2137 0.0459 -0.4095, -0.2171 0.0433 -0.3991, -0.2203 0.0406 -0.3893, -0.2233 0.0375 -0.3799, -0.2255 0.035 -0.373, -0.2279 0.0318 -0.3654, -0.23 0.0286 -0.3586, -0.2318 0.0252 -0.3524, -0.2335 0.0218 -0.3471, -0.2348 0.0183 -0.3425, -0.2354 0.0166 -0.3405, -0.2364 0.0131 -0.3372, -0.2371 0.0096 -0.3347, -0.2376 0.0061 -0.333, -0.2378 0.0043 -0.3324, -0.2379 0.0028 -0.3321, -0.2379 0.0013 -0.3319, -0.2379 -0.0005 -0.3318, -0.2379 -0.0023 -0.332, -0.2378 -0.0041 -0.3323, -0.2376 -0.0058 -0.3329, -0.2371 -0.0094 -0.3346, -0.2364 -0.0129 -0.337, -0.2355 -0.0164 -0.3403, -0.2345 -0.0192 -0.3435, -0.233 -0.0228 -0.3485, -0.2313 -0.0263 -0.3543, -0.2293 -0.0297 -0.3609, -0.227 -0.0331 -0.3683, -0.2245 -0.0362 -0.3761, -0.2215 -0.0394 -0.3855, -0.2183 -0.0423 -0.3954, -0.2148 -0.0451 -0.406, -0.2111 -0.0475 -0.417, -0.2072 -0.0497 -0.4285, -0.2038 -0.0513 -0.4384, -0.1995 -0.0529 -0.4507, -0.1952 -0.0541 -0.463, -0.1908 -0.055 -0.4754, -0.1864 -0.0555 -0.4877, -0.182 -0.0556 -0.5, -0.1796 -0.0556 -0.5066, -0.1753 -0.0552 -0.5187, -0.1712 -0.0545 -0.5304, -0.1672 -0.0535 -0.5419, -0.1633 -0.0522 -0.5532, -0.1596 -0.0506 -0.5641, -0.1562 -0.0488 -0.5748, -0.1553 -0.0483 -0.5775, -0.1522 -0.0463 -0.5875, -0.1493 -0.0441 -0.5971, -0.1467 -0.0418 -0.6064, -0.1443 -0.0394 -0.6152, -0.1422 -0.0368 -0.6236, -0.1404 -0.0343 -0.6317, -0.1395 -0.0329 -0.6358, -0.138 -0.0303 -0.6431, -0.1369 -0.0278 -0.65, -0.1359 -0.0253 -0.6565, -0.1352 -0.0229 -0.6626, -0.1346 -0.0205 -0.6683, -0.1343 -0.0183 -0.6735, -0.1342 -0.0173 -0.6758, -0.134 -0.0153 -0.6805, -0.134 -0.0134 -0.6848, -0.1341 -0.0116 -0.6887, -0.1343 -0.01 -0.6922, -0.1346 -0.0085 -0.6953, -0.1348 -0.0071 -0.6981, -0.1349 -0.0068 -0.6987, -0.1352 -0.0056 -0.701, -0.1355 -0.0045 -0.703, -0.1357 -0.0036 -0.7047, -0.136 -0.0027 -0.706, -0.1362 -0.0018 -0.707, -0.1363 -0.0011 -0.7075, -0.1522 -0.0005 -0.7706, -0.1522 -0.004 -0.7683, -0.1522 -0.0028 -0.7695, -0.1522 -0.0017 -0.7702, -0.1587 -0.0096 -0.8303, -0.1582 -0.0074 -0.8323, -0.1578 -0.0052 -0.8337, -0.1576 -0.0032 -0.8346, -0.1575 -0.001 -0.8351, -0.1575 0.0 -0.8352, -0.1575 0.0012 -0.8351, 0.2338 -0.0211 -0.3461, 0.2322 -0.0245 -0.3511, 0.2326 -0.0186 -0.3708, 0.2379 0.0013 -0.3319, 0.2379 -0.0004 -0.3318, 0.2366 -0.0003 -0.3502, 0.2337 0.0212 -0.3462, 0.2351 0.0176 -0.3417, 0.2346 0.0134 -0.3607, 0.2236 0.0373 -0.3792, 0.2263 0.034 -0.3705, 0.2284 0.0259 -0.3915, 0.2071 0.0497 -0.4287, 0.2111 0.0475 -0.417, 0.2175 0.0368 -0.4415, 0.19 0.0551 -0.4774, 0.1944 0.0543 -0.4651, 0.2053 0.0427 -0.4935, 0.1716 0.0546 -0.5291, 0.1758 0.0553 -0.5172, 0.1914 0.0447 -0.5506, 0.1563 0.0489 -0.5742, 0.1598 0.0507 -0.5637, 0.1789 0.0426 -0.6022, 0.1439 0.0389 -0.6168, 0.145 0.0401 -0.6126, 0.1665 0.036 -0.6576, 0.1362 0.0262 -0.6542, 0.1373 0.0287 -0.6476, 0.159 0.028 -0.698, 0.1341 0.0159 -0.6791, 0.1342 0.018 -0.6743, 0.1546 0.0197 -0.7297, 0.1346 0.0085 -0.6954, 0.1343 0.01 -0.6922, 0.1528 0.0125 -0.7513, 0.1357 0.0038 -0.7044, 0.1354 0.0048 -0.7026, 0.1522 0.0068 -0.7641, 0.0045 -0.1354 -0.4372, 0.0332 -0.1033 -0.4688, 0.0395 -0.1077 -0.4643, 0.0309 0.0118 -0.5444, 0.0309 0.0119 -0.5443, 0.032 0.0118 -0.5454, 0.0323 -0.0148 -0.5448, 0.0324 -0.0141 -0.5451, 0.0493 -0.0114 -0.5616, 0.0003 0.0038 -0.5199, 0.0284 0.0029 -0.5434, 0.0288 -0.0005 -0.5439, 0.0 0.0096 -0.5196, -0.0 0.0116 -0.5192, 0.0271 0.0089 -0.5417, 0.0088 0.0194 -0.5241, 0.001 0.1334 -0.4391, 0.002 -0.0191 -0.5187, 0.0089 -0.0189 -0.5243, 0.0024 -0.0234 -0.5181, 0.0092 -0.0215 -0.5237, 0.0103 -0.0221 -0.5243, 0.0143 -0.0244 -0.5265, 0.0133 -0.0239 -0.526, 0.0153 -0.0246 -0.5272, 0.017 -0.025 -0.5284, 0.0195 -0.0255 -0.53, 0.0337 -0.0247 -0.5418, 0.0342 -0.0269 -0.541, 0.0351 -0.0308 -0.5394, 0.0362 -0.0347 -0.5376, 0.0375 -0.0387 -0.5356, 0.039 -0.0428 -0.5333, 0.0407 -0.0469 -0.5308, 0.0024 -0.0712 -0.4909, 0.0009 -0.0688 -0.492, 0.0063 -0.0766 -0.4882, 0.0104 -0.0818 -0.4852, 0.0149 -0.0869 -0.482, 0.0198 -0.0919 -0.4785, 0.025 -0.0967 -0.4748, 0.0273 -0.0987 -0.4731, 0.0251 0.0968 -0.4747, 0.0198 0.092 -0.4785, 0.0306 0.1013 -0.4707, 0.015 0.087 -0.482, 0.0126 0.0844 -0.4836, 0.0044 0.0741 -0.4895, 0.0084 0.0793 -0.4867, -0.0 0.0667 -0.493, 0.0009 0.0689 -0.492, 0.0375 0.0387 -0.5356, 0.039 0.0428 -0.5333, 0.0407 0.0469 -0.5308, 0.0362 0.0347 -0.5376, 0.0359 0.0335 -0.5382, 0.0348 0.0297 -0.5399, 0.0333 0.0223 -0.5427, 0.034 0.0259 -0.5414, 0.0132 0.0209 -0.527, 0.029 0.0163 -0.5414, 0.0279 0.0174 -0.5401, 0.0328 0.0187 -0.5438, 0.0272 0.0182 -0.5392, 0.0259 0.0188 -0.5379, 0.0244 0.0197 -0.5363, 0.0238 0.0198 -0.5358, 0.0178 0.0215 -0.5303, -0.0 0.0162 -0.5183, 0.0088 0.0194 -0.5241, 0.0084 0.0164 -0.5246, 0.0083 0.0151 -0.5248, -0.0 0.0153 -0.5186, 0.0081 0.0134 -0.5251, 0.0257 0.0115 -0.5399, 0.0265 0.0103 -0.5409, 0.0257 0.0115 -0.5399, 0.0267 0.01 -0.5411, 0.0271 0.0089 -0.5417, 0.0001 0.0084 -0.5196, 0.0275 0.0079 -0.5422, 0.0277 0.007 -0.5425, 0.0278 0.0063 -0.5427, 0.0279 0.0062 -0.5428, 0.0001 0.0081 -0.5197, 0.028 0.0055 -0.543, 0.0001 0.0073 -0.5197, 0.0282 0.0048 -0.5432, 0.0282 0.0043 -0.5433, 0.0011 -0.0099 -0.52, 0.0007 -0.0059 -0.5205, 0.0288 -0.0039 -0.5438, 0.0007 -0.0052 -0.5205, 0.029 -0.0025 -0.5441, 0.0005 -0.0014 -0.5202, 0.0005 -0.0007 -0.5202, 0.0284 -0.0076 -0.5428, 0.028 -0.0102 -0.5421, 0.0015 -0.0145 -0.5193, 0.0275 -0.0129 -0.5411, 0.0087 -0.0163 -0.5248, 0.0279 -0.0115 -0.5418, 0.0279 -0.0112 -0.5419, 0.027 -0.0146 -0.5402, 0.0269 -0.015 -0.54, 0.0109 -0.0176 -0.5262, 0.0088 -0.018 -0.5245, 0.0563 0.0227 -0.5633, 0.0541 0.0227 -0.5612, 0.0518 0.0227 -0.5591, 0.0533 0.0091 -0.567, 0.0534 0.0097 -0.567, 0.075 0.0087 -0.5921, 0.0534 0.0099 -0.5669, 0.075 0.0067 -0.593, 0.0751 0.0047 -0.5936, 0.0532 0.0065 -0.5672, 0.0751 0.0034 -0.5939, 0.0531 0.0047 -0.5673, 0.0751 0.0033 -0.594, 0.0531 0.0045 -0.5673, 0.0752 0.0029 -0.594, 0.053 0.004 -0.5673, 0.0752 0.0015 -0.5942, 0.0529 0.0021 -0.5674, 0.0752 -0.0003 -0.5943, 0.0528 -0.0004 -0.5676, 0.075 -0.008 -0.5924, 0.0532 -0.0082 -0.5668, 0.0751 -0.006 -0.5932, 0.053 -0.0056 -0.5672, 0.0751 -0.0041 -0.5938, 0.0528 -0.0029 -0.5676, 0.0752 -0.0021 -0.5942, 0.0527 -0.0019 -0.5677, 0.0527 -0.0017 -0.5677, 0.0749 -0.0101 -0.5914, 0.0536 -0.0125 -0.5662, 0.0535 -0.0109 -0.5664, 0.075 -0.0187 -0.5858, 0.0556 -0.0208 -0.5633, 0.0749 -0.0161 -0.5877, 0.0551 -0.019 -0.5639, 0.0749 -0.0146 -0.5887, 0.0545 -0.0162 -0.5649, 0.0749 -0.0123 -0.5902, 0.0539 -0.0136 -0.5658, 0.0536 -0.0127 -0.5661, 0.0752 -0.0214 -0.5836, 0.0567 -0.0256 -0.5615, 0.0563 -0.0239 -0.5621, 0.039 -0.0262 -0.5454, 0.048 -0.026 -0.5534, 0.0388 -0.0256 -0.5457, 0.0384 -0.0236 -0.5464, 0.0384 -0.0235 -0.5464, 0.0444 -0.0211 -0.5532, 0.0379 -0.0211 -0.5472, 0.0502 -0.0172 -0.5601, 0.0479 -0.021 -0.5564, 0.0507 -0.0203 -0.5593, 0.0508 -0.021 -0.5592, 0.0331 -0.0211 -0.5431, 0.0326 -0.0176 -0.5441, 0.0497 -0.0142 -0.5609, 0.0327 -0.0125 -0.5459, 0.0328 -0.0117 -0.5461, 0.0489 -0.0087 -0.5623, 0.0329 -0.0106 -0.5464, 0.0487 -0.0074 -0.5627, 0.0332 -0.0072 -0.5472, 0.0487 -0.006 -0.5627, 0.0334 -0.0037 -0.5481, 0.0487 -0.0031 -0.5628, 0.0335 -0.0031 -0.5483, 0.0487 -0.0004 -0.5629, 0.0331 -0.0005 -0.5479, 0.0487 0.0009 -0.5629, 0.0325 0.0027 -0.5474, 0.0487 0.0023 -0.563, 0.0325 0.0027 -0.5474, 0.0487 0.0043 -0.5631, 0.0324 0.0037 -0.5471, 0.0323 0.0042 -0.547, 0.0321 0.0052 -0.5467, 0.032 0.0059 -0.5465, 0.0487 0.0048 -0.5631, 0.032 0.006 -0.5464, 0.0487 0.005 -0.5631, 0.0487 0.0051 -0.5631, 0.032 0.0064 -0.5463, 0.0489 0.0068 -0.5628, 0.0318 0.0084 -0.546, 0.0493 0.0095 -0.5623, 0.0497 0.0123 -0.5618, 0.0323 0.0153 -0.5447, 0.0514 0.0211 -0.5596, 0.0507 0.0182 -0.5606, 0.0505 0.0174 -0.5608, 0.0502 0.0152 -0.5612, 0.0169 0.0164 -0.5313, 0.0193 0.0153 -0.5336, 0.0125 0.0156 -0.528, 0.0107 0.0147 -0.5268, 0.0231 0.0136 -0.5371, 0.0239 0.0129 -0.538, 0.024 0.0128 -0.5382, 0.0302 0.0142 -0.5431, 0.0301 0.0144 -0.543, 0.0293 0.0158 -0.5419, 0.0292 0.016 -0.5417, 0.0318 0.0074 -0.5461, 0.0318 0.0077 -0.546, 0.0317 0.0084 -0.5458, 0.0314 0.0102 -0.5453, 0.0316 -0.0175 -0.5432, 0.032 -0.0164 -0.544, 0.0322 -0.0152 -0.5446, 0.0227 -0.0242 -0.5332, 0.0267 -0.0226 -0.5371, 0.0276 -0.0223 -0.5379, 0.0277 -0.0222 -0.538, 0.0298 -0.0204 -0.5405, 0.0302 -0.0201 -0.541, 0.0309 -0.0191 -0.542, 0.0311 -0.0188 -0.5423, 0.0315 -0.0178 -0.543, 0.0269 -0.015 -0.54, 0.0262 -0.0162 -0.5391, 0.0262 -0.0163 -0.539, 0.0253 -0.0172 -0.5379, 0.0249 -0.0176 -0.5375, 0.024 -0.0182 -0.5365, 0.0225 -0.0189 -0.5351, 0.018 -0.0202 -0.531, 0.0141 -0.0193 -0.5282, 0.023 -0.0188 -0.5355, 0.0124 -0.0185 -0.5271, 0.0132 -0.0191 -0.5276, 0.2286 -0.0256 -0.3903, 0.2327 -0.0163 -0.4028, 0.2303 -0.023 -0.3823, 0.2335 -0.0144 -0.3951, 0.2317 -0.0204 -0.3752, 0.234 -0.0131 -0.3905, 0.22 -0.0839 -0.3002, 0.2166 -0.104 -0.2861, 0.2142 -0.0901 -0.3071, 0.2135 -0.1073 -0.2892, 0.2114 -0.0929 -0.3104, 0.2126 -0.1082 -0.2901, 0.2045 -0.0991 -0.3182, 0.219 -0.0357 -0.4348, 0.2277 -0.0245 -0.4465, 0.2216 -0.0335 -0.4232, 0.2283 -0.0237 -0.4413, 0.2226 -0.0326 -0.4184, 0.2296 -0.0219 -0.4306, 0.2248 -0.0304 -0.4084, 0.2307 -0.0201 -0.4205, 0.2268 -0.028 -0.399, 0.2309 -0.0197 -0.4185, 0.2318 -0.0182 -0.4113, 0.2059 -0.1147 -0.2965, 0.2006 -0.1192 -0.3014, 0.1971 -0.1047 -0.3263, 0.1979 -0.1215 -0.3039, 0.1894 -0.1279 -0.3116, 0.1895 -0.1098 -0.3345, 0.1806 -0.1337 -0.3193, 0.1814 -0.1145 -0.3429, 0.1713 -0.1389 -0.3272, 0.1731 -0.1185 -0.3514, 0.1695 -0.1398 -0.3287, 0.1644 -0.122 -0.3599, 0.2042 -0.043 -0.4979, 0.219 -0.0325 -0.5127, 0.2074 -0.042 -0.4847, 0.221 -0.0311 -0.4987, 0.2105 -0.0407 -0.4718, 0.2228 -0.0296 -0.485, 0.2134 -0.0393 -0.4591, 0.2245 -0.028 -0.4717, 0.2163 -0.0376 -0.4468, 0.2247 -0.0278 -0.4705, 0.2262 -0.0263 -0.4589, 0.1617 -0.1436 -0.3351, 0.161 -0.1439 -0.3356, 0.1569 -0.1245 -0.3672, 0.1532 -0.1471 -0.3418, 0.143 -0.1507 -0.3498, 0.1478 -0.127 -0.3757, 0.136 -0.1526 -0.355, 0.1386 -0.1287 -0.3842, 0.1917 -0.0447 -0.5495, 0.2108 -0.0368 -0.5685, 0.195 -0.0446 -0.5362, 0.213 -0.0359 -0.5539, 0.1982 -0.0443 -0.5227, 0.2152 -0.0348 -0.5392, 0.2015 -0.0437 -0.5092, 0.2165 -0.0341 -0.5303, 0.217 -0.0338 -0.5269, 0.1326 -0.1535 -0.3576, 0.1221 -0.1558 -0.3652, 0.1294 -0.1299 -0.3924, 0.1114 -0.1573 -0.3727, 0.1202 -0.1305 -0.4005, 0.1061 -0.1578 -0.3764, 0.1024 -0.1581 -0.3789, 0.111 -0.1304 -0.4083, 0.1776 -0.0421 -0.6079, 0.1998 -0.0393 -0.634, 0.1805 -0.0431 -0.5957, 0.2022 -0.039 -0.6203, 0.1835 -0.0438 -0.5833, 0.2036 -0.0388 -0.612, 0.1853 -0.0442 -0.5758, 0.2061 -0.0383 -0.5976, 0.1885 -0.0446 -0.5627, 0.207 -0.038 -0.5917, 0.2084 -0.0376 -0.5831, 0.1007 -0.1582 -0.38, 0.0946 -0.1585 -0.3842, 0.1057 -0.1301 -0.4127, 0.0842 -0.1584 -0.391, 0.0969 -0.1292 -0.42, 0.0739 -0.1576 -0.3975, 0.0882 -0.1277 -0.427, 0.0705 -0.1572 -0.3996, 0.0798 -0.1257 -0.4337, 0.0637 -0.1563 -0.4038, 0.0538 -0.1544 -0.4098, 0.0717 -0.1233 -0.44, 0.0505 -0.1536 -0.4117, 0.0637 -0.1204 -0.4461, 0.0439 -0.152 -0.4155, 0.0416 -0.1513 -0.4169, 0.0602 -0.1189 -0.4488, 0.1665 -0.036 -0.6575, 0.1891 -0.0386 -0.6915, 0.1687 -0.0376 -0.6472, 0.1902 -0.0388 -0.686, 0.1698 -0.0383 -0.6423, 0.1926 -0.0391 -0.6735, 0.1722 -0.0397 -0.6311, 0.195 -0.0393 -0.6606, 0.1749 -0.041 -0.6197, 0.1969 -0.0394 -0.6505, 0.1974 -0.0394 -0.6475, 0.0396 -0.1507 -0.418, 0.0304 -0.1476 -0.4233, 0.053 -0.1155 -0.4543, 0.0215 -0.144 -0.4282, 0.046 -0.1117 -0.4594, 0.0164 -0.1416 -0.4309, 0.0128 -0.1399 -0.4328, 0.159 -0.028 -0.6981, 0.178 -0.0346 -0.7456, 0.1595 -0.0288 -0.6947, 0.1801 -0.0357 -0.7356, 0.161 -0.0307 -0.686, 0.1823 -0.0366 -0.7252, 0.1627 -0.0325 -0.6769, 0.1845 -0.0374 -0.7144, 0.1645 -0.0343 -0.6674, 0.1867 -0.038 -0.7038, 0.1868 -0.0381 -0.7032, 0.1549 -0.0205 -0.7268, 0.1715 -0.0301 -0.7753, 0.1557 -0.0224 -0.7203, 0.1733 -0.0316 -0.7672, 0.1566 -0.0243 -0.7133, 0.1752 -0.0329 -0.7586, 0.1577 -0.0261 -0.7059, 0.1772 -0.0341 -0.7496, 0.1772 -0.0341 -0.7495, 0.1528 -0.013 -0.7501, 0.1647 -0.0227 -0.8052, 0.1531 -0.0146 -0.7456, 0.166 -0.0245 -0.7994, 0.1535 -0.0162 -0.7408, 0.1675 -0.0262 -0.7931, 0.154 -0.0179 -0.7354, 0.1682 -0.027 -0.7901, 0.1543 -0.0187 -0.7329, 0.169 -0.0278 -0.7863, 0.1698 -0.0286 -0.7829, 0.1522 -0.0064 -0.7649, 0.1599 -0.0136 -0.8253, 0.1523 -0.0077 -0.7625, 0.1607 -0.0156 -0.8219, 0.1524 -0.0091 -0.7596, 0.1613 -0.0168 -0.8196, 0.1524 -0.0099 -0.7577, 0.1623 -0.0189 -0.8153, 0.1526 -0.0114 -0.7541, 0.1628 -0.0197 -0.8132, 0.1634 -0.0208 -0.8105, 0.1522 -0.0002 -0.7707, 0.1576 -0.0026 -0.8348, 0.1522 -0.0014 -0.7704, 0.1578 -0.0049 -0.8339, 0.1522 -0.0026 -0.7696, 0.1581 -0.0071 -0.8325, 0.1522 -0.0038 -0.7685, 0.1586 -0.0093 -0.8306, 0.1522 -0.0051 -0.7669, 0.1588 -0.0102 -0.8296, 0.1592 -0.0115 -0.8282, 0.231 -0.0268 -0.3552, 0.229 -0.0302 -0.3619, 0.2266 -0.0335 -0.3694, 0.2241 -0.0367 -0.3775, 0.2213 -0.0396 -0.3862, 0.2183 -0.0424 -0.3956, 0.2168 -0.0436 -0.4001, 0.2132 -0.0462 -0.4108, 0.2095 -0.0485 -0.4219, 0.2055 -0.0505 -0.4334, 0.2015 -0.0522 -0.4451, 0.1973 -0.0536 -0.457, 0.193 -0.0546 -0.4691, 0.1893 -0.0552 -0.4795, 0.1849 -0.0556 -0.4918, 0.1805 -0.0556 -0.5041, 0.1762 -0.0553 -0.5162, 0.172 -0.0547 -0.5282, 0.1678 -0.0537 -0.54, 0.1655 -0.053 -0.5467, 0.1617 -0.0516 -0.5579, 0.1581 -0.0499 -0.5687, 0.1547 -0.048 -0.5792, 0.1516 -0.0459 -0.5894, 0.1487 -0.0436 -0.5992, 0.1474 -0.0425 -0.6036, 0.145 -0.0401 -0.6126, 0.1428 -0.0376 -0.6212, 0.1409 -0.035 -0.6294, 0.1392 -0.0324 -0.6372, 0.1378 -0.0298 -0.6447, 0.1373 -0.0287 -0.6476, 0.1362 -0.0262 -0.6543, 0.1354 -0.0237 -0.6606, 0.1348 -0.0213 -0.6664, 0.1344 -0.019 -0.6719, 0.1341 -0.0168 -0.677, 0.1341 -0.0159 -0.6791, 0.134 -0.0139 -0.6835, 0.1341 -0.0121 -0.6876, 0.1343 -0.0104 -0.6912, 0.1345 -0.0089 -0.6945, 0.1348 -0.0075 -0.6974, 0.1349 -0.0067 -0.699, 0.1352 -0.0055 -0.7013, 0.1355 -0.0044 -0.7033, 0.1358 -0.0034 -0.7049, 0.136 -0.0025 -0.7061, 0.1362 -0.0017 -0.7071, 0.1363 -0.0009 -0.7077, 0.1363 -0.0001 -0.7079, 0.1522 0.001 -0.7705, 0.1363 0.0006 -0.7078, 0.1522 0.0019 -0.7701, 0.1363 0.0012 -0.7075, 0.1522 0.0021 -0.77, 0.1362 0.0014 -0.7074, 0.1522 0.0022 -0.7699, 0.1362 0.0014 -0.7073, 0.1522 0.003 -0.7693, 0.1361 0.002 -0.7068, 0.1522 0.0042 -0.768, 0.1359 0.0028 -0.7058, 0.1522 0.0055 -0.7663, 0.1583 0.0078 -0.832, 0.1579 0.0056 -0.8335, 0.1577 0.0041 -0.8343, 0.1577 0.004 -0.8343, 0.1576 0.0036 -0.8345, 0.1575 0.0019 -0.835, 0.1575 -0.0 -0.8351, 0.1575 -0.0003 -0.8352, 0.1594 0.0122 -0.8273, 0.1588 0.0102 -0.8297, 0.1588 0.01 -0.8299, 0.1523 0.0081 -0.7616, 0.1351 0.0059 -0.7006, 0.1524 0.0095 -0.7586, 0.1348 0.0071 -0.6982, 0.1525 0.011 -0.7552, 0.1601 0.0142 -0.8242, 0.161 0.0163 -0.8206, 0.1631 0.0203 -0.8119, 0.1628 0.0197 -0.8133, 0.162 0.0183 -0.8165, 0.1528 0.013 -0.75, 0.1343 0.0104 -0.6912, 0.1531 0.0146 -0.7456, 0.1341 0.0121 -0.6875, 0.1535 0.0162 -0.7407, 0.134 0.0139 -0.6835, 0.154 0.0179 -0.7354, 0.1634 0.0208 -0.8104, 0.1647 0.0227 -0.8051, 0.166 0.0245 -0.7993, 0.169 0.0279 -0.7863, 0.169 0.0278 -0.7864, 0.1675 0.0262 -0.7931, 0.1553 0.0215 -0.7235, 0.1346 0.0202 -0.6691, 0.1562 0.0233 -0.7168, 0.1351 0.0225 -0.6635, 0.1567 0.0243 -0.7132, 0.1354 0.0237 -0.6605, 0.1577 0.0262 -0.7058, 0.1707 0.0294 -0.7791, 0.1724 0.0309 -0.7713, 0.1734 0.0316 -0.7671, 0.1772 0.0341 -0.7494, 0.1772 0.0341 -0.7496, 0.1752 0.0329 -0.7585, 0.009 0.1379 -0.4349, 0.0366 0.1057 -0.4664, 0.0164 0.1416 -0.4309, 0.0429 0.1099 -0.4618, 0.1604 0.0299 -0.6898, 0.1385 0.0313 -0.6405, 0.1619 0.0317 -0.6811, 0.1401 0.0338 -0.633, 0.1636 0.0335 -0.672, 0.1418 0.0364 -0.6251, 0.1655 0.0352 -0.6624, 0.1792 0.0352 -0.74, 0.1813 0.0362 -0.73, 0.1835 0.037 -0.7196, 0.1868 0.0381 -0.7033, 0.1867 0.038 -0.7038, 0.1857 0.0378 -0.7087, 0.0173 0.1421 -0.4304, 0.026 0.1459 -0.4257, 0.0496 0.1137 -0.4568, 0.0303 0.1475 -0.4233, 0.0529 0.1155 -0.4543, 0.0396 0.1507 -0.4181, 0.0602 0.1189 -0.4488, 0.0416 0.1513 -0.4169, 0.0678 0.1219 -0.443, 0.049 0.1533 -0.4126, 0.0505 0.1537 -0.4117, 0.0757 0.1246 -0.4369, 0.1687 0.0376 -0.6472, 0.1474 0.0425 -0.6036, 0.171 0.0391 -0.6365, 0.1502 0.0448 -0.5942, 0.1735 0.0404 -0.6255, 0.1531 0.047 -0.5844, 0.1762 0.0416 -0.614, 0.1891 0.0386 -0.6916, 0.1914 0.039 -0.6795, 0.1938 0.0393 -0.6671, 0.0587 0.1554 -0.4068, 0.0686 0.157 -0.4008, 0.0838 0.1267 -0.4305, 0.0705 0.1572 -0.3996, 0.0922 0.1285 -0.4238, 0.1985 0.0393 -0.6412, 0.1969 0.0394 -0.6505, 0.1961 0.0394 -0.6544, 0.0787 0.158 -0.3945, 0.0889 0.1585 -0.3879, 0.1009 0.1297 -0.4167, 0.1001 0.1583 -0.3804, 0.1104 0.1304 -0.4087, 0.1195 0.1305 -0.401, 0.1024 0.1581 -0.3789, 0.1061 0.1578 -0.3764, 0.1818 0.0435 -0.59, 0.1634 0.0522 -0.5528, 0.1851 0.0441 -0.5766, 0.1676 0.0536 -0.5407, 0.1882 0.0445 -0.5637, 0.2009 0.0392 -0.6277, 0.2035 0.0388 -0.6128, 0.2082 0.0377 -0.5844, 0.207 0.038 -0.5917, 0.2059 0.0383 -0.5987, 0.1107 0.1574 -0.3733, 0.1212 0.1559 -0.3659, 0.1286 0.13 -0.3931, 0.1316 0.1538 -0.3583, 0.1378 0.1289 -0.3849, 0.136 0.1526 -0.355, 0.147 0.1271 -0.3765, 0.1947 0.0447 -0.5374, 0.1801 0.0556 -0.5052, 0.1979 0.0444 -0.524, 0.1845 0.0556 -0.493, 0.2012 0.0438 -0.5104, 0.1889 0.0552 -0.4806, 0.2021 0.0436 -0.507, 0.2105 0.0369 -0.5699, 0.2128 0.036 -0.5552, 0.215 0.0349 -0.5405, 0.142 0.151 -0.3505, 0.1523 0.1474 -0.3425, 0.1561 0.1248 -0.368, 0.1549 0.1464 -0.3405, 0.1584 0.1241 -0.3658, 0.161 0.1438 -0.3356, 0.1673 0.1209 -0.3571, 0.2177 0.0334 -0.5222, 0.2165 0.0341 -0.5303, 0.2156 0.0346 -0.5368, 0.1649 0.1421 -0.3325, 0.1695 0.1398 -0.3287, 0.1761 0.1171 -0.3484, 0.2085 0.0416 -0.4802, 0.1988 0.0531 -0.4528, 0.2116 0.0402 -0.467, 0.203 0.0516 -0.4407, 0.2146 0.0386 -0.4541, 0.2197 0.032 -0.5077, 0.2217 0.0306 -0.4935, 0.1746 0.1371 -0.3244, 0.1839 0.1316 -0.3164, 0.1845 0.1128 -0.3398, 0.1929 0.1254 -0.3085, 0.1926 0.1078 -0.3312, 0.2006 0.1193 -0.3014, 0.2004 0.1023 -0.3227, 0.2253 0.0273 -0.4661, 0.2247 0.0278 -0.4706, 0.2235 0.029 -0.4796, 0.2015 0.1186 -0.3006, 0.2071 0.1136 -0.2953, 0.2055 0.0982 -0.317, 0.2126 0.1081 -0.29, 0.2123 0.092 -0.3093, 0.2145 0.1062 -0.2882, 0.2214 0.0984 -0.2813, 0.2186 0.0855 -0.3019, 0.2268 0.0914 -0.2758, 0.2244 0.0786 -0.295, 0.2194 0.0353 -0.433, 0.2138 0.0458 -0.4091, 0.2219 0.0332 -0.4216, 0.2173 0.0432 -0.3985, 0.2243 0.0309 -0.4108, 0.2205 0.0403 -0.3885, 0.2264 0.0285 -0.4008, 0.2264 0.026 -0.4569, 0.2279 0.0242 -0.4447, 0.2293 0.0224 -0.4332, 0.2316 0.0185 -0.4125, 0.2309 0.0197 -0.4186, 0.2305 0.0204 -0.4225, 0.2276 0.0903 -0.2749, 0.2333 0.0819 -0.269, 0.2296 0.0714 -0.2886, 0.2384 0.0732 -0.2635, 0.2343 0.0639 -0.2827, 0.2415 0.0672 -0.2601, 0.2371 0.0587 -0.279, 0.2453 0.0588 -0.2558, 0.2407 0.0514 -0.2744, 0.2458 0.0575 -0.2553, 0.2437 0.0441 -0.2705, 0.2301 0.0233 -0.383, 0.2288 0.0305 -0.3625, 0.2312 0.0214 -0.3777, 0.2303 0.0281 -0.3576, 0.2325 0.0188 -0.3712, 0.2321 0.0247 -0.3515, 0.2337 0.0161 -0.3655, 0.2326 0.0165 -0.4035, 0.2332 0.0151 -0.3978, 0.2339 0.0132 -0.3909, 0.2351 0.0093 -0.3798, 0.2349 0.0102 -0.382, 0.2346 0.0113 -0.3849, 0.2485 0.0503 -0.2522, 0.2512 0.0418 -0.249, 0.2462 0.0366 -0.2671, 0.2534 0.0332 -0.2465, 0.2482 0.0291 -0.2643, 0.2536 0.0322 -0.2462, 0.2484 0.0282 -0.2641, 0.2552 0.0239 -0.2444, 0.2498 0.0209 -0.2621, 0.2557 0.0196 -0.2437, 0.2508 0.0137 -0.2607, 0.2354 0.0106 -0.3568, 0.2361 0.014 -0.338, 0.2354 0.0103 -0.3564, 0.2362 0.0136 -0.3377, 0.236 0.0077 -0.3536, 0.237 0.0101 -0.335, 0.2364 0.005 -0.3516, 0.2375 0.0066 -0.3332, 0.2365 0.0037 -0.3509, 0.2377 0.0049 -0.3326, 0.2366 0.0023 -0.3505, 0.2378 0.0031 -0.3321, 0.2366 0.001 -0.3502, 0.2355 0.0074 -0.3756, 0.2356 0.0072 -0.3752, 0.2359 0.0053 -0.3722, 0.2361 0.0035 -0.3701, 0.2361 0.0026 -0.3694, 0.2362 0.0016 -0.3689, 0.2563 0.0156 -0.2431, 0.2566 0.0114 -0.2426, 0.2512 0.01 -0.2602, 0.2569 0.0073 -0.2423, 0.2514 0.0064 -0.2599, 0.257 0.0031 -0.2422, 0.2515 0.0028 -0.2597, 0.2571 0.0 -0.2421, 0.2516 -0.0009 -0.2597, 0.2362 -0.0002 -0.3685, 0.2362 0.0 -0.3685, 0.2362 0.0007 -0.3686, 0.2571 -0.001 -0.2421, 0.257 -0.0052 -0.2422, 0.2515 -0.0045 -0.2598, 0.2568 -0.0094 -0.2425, 0.2513 -0.0082 -0.26, 0.2565 -0.0136 -0.2428, 0.251 -0.0119 -0.2604, 0.0428 0.0511 -0.528, 0.0451 0.0554 -0.525, 0.0477 0.0597 -0.5216, 0.0492 0.0619 -0.5198, 0.0524 0.0662 -0.516, 0.0559 0.0705 -0.5118, 0.0597 0.0747 -0.5074, 0.0639 0.0788 -0.5027, 0.0685 0.0827 -0.4976, 0.0735 0.0865 -0.4921, 0.0761 0.0883 -0.4893, 0.0817 0.0918 -0.4833, 0.0876 0.095 -0.4769, 0.0939 0.0979 -0.4702, 0.1004 0.1005 -0.4631, 0.1073 0.1027 -0.4557, 0.1145 0.1044 -0.448, 0.1225 0.1058 -0.4393, 0.1301 0.1065 -0.4308, 0.1379 0.1067 -0.4221, 0.1458 0.1064 -0.4132, 0.1537 0.1055 -0.404, 0.1617 0.1041 -0.3947, 0.1637 0.1036 -0.3923, 0.1715 0.1014 -0.3828, 0.1792 0.0986 -0.3734, 0.1867 0.0953 -0.364, 0.1939 0.0914 -0.3547, 0.2008 0.087 -0.3456, 0.2054 0.0836 -0.3393, 0.2115 0.0786 -0.331, 0.2172 0.0731 -0.323, 0.2223 0.0674 -0.3156, 0.227 0.0613 -0.3086, 0.2313 0.055 -0.3023, 0.2338 0.0505 -0.2983, 0.237 0.0443 -0.2934, 0.2397 0.038 -0.2891, 0.242 0.0316 -0.2855, 0.2438 0.0251 -0.2825, 0.244 0.0243 -0.2822, 0.2453 0.0181 -0.28, 0.2462 0.0118 -0.2786, 0.2465 0.0087 -0.278, 0.2468 0.0055 -0.2777, 0.2469 0.0024 -0.2775, 0.2469 -0.0008 -0.2774, 0.2468 -0.0039 -0.2776, 0.2467 -0.0071 -0.2778, 0.2464 -0.0103 -0.2783, 0.2461 -0.0129 -0.2788, 0.2507 -0.0149 -0.2609, 0.2561 -0.017 -0.2433, 0.2557 -0.0196 -0.2437, 0.2496 -0.0222 -0.2624, 0.0538 0.0117 -0.5664, 0.0544 0.0143 -0.5657, 0.0749 0.0108 -0.591, 0.055 0.0171 -0.5649, 0.0749 0.013 -0.5897, 0.0557 0.02 -0.5641, 0.0749 0.0154 -0.5881, 0.0749 0.0179 -0.5864, 0.0751 0.0206 -0.5843, 0.0752 0.0215 -0.5836, 0.0756 0.0243 -0.5812, 0.0761 0.0274 -0.5785, 0.0768 0.0305 -0.5756, 0.0777 0.0339 -0.5723, 0.0788 0.0373 -0.5688, 0.0803 0.0409 -0.5649, 0.0811 0.0427 -0.5628, 0.083 0.0464 -0.5583, 0.0852 0.0501 -0.5536, 0.0878 0.0539 -0.5485, 0.0906 0.0576 -0.543, 0.0939 0.0612 -0.5372, 0.0975 0.0648 -0.531, 0.0994 0.0665 -0.5278, 0.1036 0.0698 -0.521, 0.1081 0.073 -0.5138, 0.113 0.0759 -0.5062, 0.1182 0.0786 -0.4983, 0.1237 0.0809 -0.49, 0.1296 0.0829 -0.4814, 0.1361 0.0846 -0.4717, 0.1425 0.0857 -0.4623, 0.1489 0.0864 -0.4527, 0.1556 0.0866 -0.4428, 0.1623 0.0863 -0.4328, 0.1691 0.0855 -0.4225, 0.1708 0.0852 -0.4199, 0.1775 0.0837 -0.4095, 0.1841 0.0817 -0.3992, 0.1905 0.0792 -0.389, 0.1968 0.0762 -0.3789, 0.2028 0.0727 -0.3689, 0.2068 0.07 -0.3622, 0.2121 0.0659 -0.3531, 0.217 0.0615 -0.3445, 0.2215 0.0567 -0.3365, 0.2256 0.0517 -0.329, 0.2293 0.0464 -0.3221, 0.2316 0.0427 -0.3178, 0.2344 0.0375 -0.3125, 0.2368 0.0322 -0.3079, 0.2387 0.0268 -0.304, 0.2404 0.0213 -0.3008, 0.2405 0.0206 -0.3005, 0.2417 0.0153 -0.2982, 0.2425 0.01 -0.2966, 0.2428 0.0074 -0.2961, 0.2429 0.0047 -0.2957, 0.243 0.002 -0.2955, 0.2431 -0.0007 -0.2954, 0.243 -0.0033 -0.2956, 0.2429 -0.006 -0.2959, 0.2426 -0.0087 -0.2963, 0.2424 -0.0109 -0.2968, 0.2415 -0.0162 -0.2986, 0.2377 -0.0178 -0.3195, 0.2388 -0.0134 -0.3169, 0.2366 -0.0017 -0.3503, 0.2379 -0.0022 -0.332, 0.2365 -0.003 -0.3507, 0.2378 -0.004 -0.3323, 0.2364 -0.0044 -0.3513, 0.2376 -0.0058 -0.3329, 0.2363 -0.0054 -0.3519, 0.2375 -0.0072 -0.3334, 0.2359 -0.0081 -0.354, 0.2369 -0.0107 -0.3354, 0.2353 -0.0108 -0.357, 0.2361 -0.0142 -0.3382, 0.2346 -0.0134 -0.3607, 0.2362 -0.0012 -0.3687, 0.2362 -0.0021 -0.3691, 0.2361 -0.003 -0.3697, 0.236 -0.0038 -0.3704, 0.2358 -0.0056 -0.3726, 0.2355 -0.0075 -0.3758, 0.2351 -0.0094 -0.3798, 0.2349 -0.0102 -0.382, 0.2346 -0.0112 -0.3847, 0.2337 -0.016 -0.3654, 0.235 -0.0177 -0.3417, 0.255 -0.0253 -0.2446, 0.2533 -0.0336 -0.2466, 0.2481 -0.0295 -0.2645, 0.2512 -0.0419 -0.2491, 0.2461 -0.0367 -0.2671, 0.2486 -0.0501 -0.2521, 0.2437 -0.0439 -0.2704, 0.2455 -0.0583 -0.2556, 0.2409 -0.051 -0.2742, 0.243 -0.0641 -0.2584, 0.2385 -0.056 -0.2772, 0.2388 -0.0725 -0.2631, 0.2346 -0.0633 -0.2822, 0.234 -0.0808 -0.2682, 0.2303 -0.0704 -0.2878, 0.2287 -0.0888 -0.2738, 0.2254 -0.0773 -0.2938, 0.2268 -0.0914 -0.2758, 0.2229 -0.0965 -0.2798, 0.0416 -0.0488 -0.5296, 0.0438 -0.0531 -0.5266, 0.0463 -0.0575 -0.5234, 0.0492 -0.0618 -0.5198, 0.0523 -0.0662 -0.516, 0.0558 -0.0704 -0.5119, 0.0574 -0.0722 -0.5101, 0.0615 -0.0765 -0.5053, 0.066 -0.0806 -0.5003, 0.0709 -0.0846 -0.495, 0.0761 -0.0883 -0.4893, 0.0817 -0.0918 -0.4833, 0.0844 -0.0934 -0.4803, 0.0907 -0.0965 -0.4736, 0.0972 -0.0993 -0.4666, 0.104 -0.1017 -0.4593, 0.1111 -0.1036 -0.4516, 0.1185 -0.1052 -0.4436, 0.1229 -0.1058 -0.4388, 0.1307 -0.1066 -0.4302, 0.1386 -0.1067 -0.4214, 0.1465 -0.1064 -0.4124, 0.1545 -0.1054 -0.4032, 0.1624 -0.1039 -0.3938, 0.169 -0.1022 -0.386, 0.1766 -0.0997 -0.3767, 0.184 -0.0966 -0.3674, 0.1911 -0.093 -0.3583, 0.1979 -0.0889 -0.3494, 0.2045 -0.0844 -0.3407, 0.2106 -0.0793 -0.3322, 0.2132 -0.077 -0.3286, 0.2184 -0.0718 -0.3212, 0.2232 -0.0663 -0.3142, 0.2276 -0.0605 -0.3077, 0.2316 -0.0545 -0.3018, 0.2351 -0.0482 -0.2964, 0.2372 -0.0439 -0.2931, 0.2398 -0.0378 -0.289, 0.242 -0.0317 -0.2855, 0.2437 -0.0254 -0.2826, 0.2451 -0.0192 -0.2804, 0.0501 -0.0259 -0.5554, 0.0756 -0.0243 -0.5812, 0.0761 -0.0274 -0.5786, 0.0768 -0.0305 -0.5756, 0.0772 -0.032 -0.5742, 0.0782 -0.0355 -0.5707, 0.0795 -0.039 -0.5669, 0.0811 -0.0427 -0.5628, 0.083 -0.0464 -0.5584, 0.0852 -0.0501 -0.5536, 0.0862 -0.0517 -0.5515, 0.089 -0.0555 -0.5461, 0.0921 -0.0593 -0.5404, 0.0956 -0.0629 -0.5343, 0.0994 -0.0665 -0.5278, 0.1036 -0.0699 -0.5209, 0.1057 -0.0714 -0.5176, 0.1105 -0.0745 -0.5101, 0.1156 -0.0773 -0.5022, 0.1211 -0.0799 -0.494, 0.1268 -0.082 -0.4854, 0.1328 -0.0838 -0.4765, 0.1365 -0.0847 -0.4711, 0.1429 -0.0858 -0.4616, 0.1495 -0.0865 -0.4518, 0.1562 -0.0866 -0.4419, 0.1629 -0.0863 -0.4318, 0.1697 -0.0854 -0.4216, 0.1753 -0.0843 -0.4129, 0.1818 -0.0825 -0.4028, 0.1882 -0.0802 -0.3927, 0.1943 -0.0774 -0.3828, 0.2003 -0.0743 -0.3731, 0.2059 -0.0706 -0.3636, 0.2113 -0.0665 -0.3544, 0.2135 -0.0647 -0.3506, 0.2181 -0.0604 -0.3426, 0.2223 -0.0558 -0.335, 0.2261 -0.051 -0.328, 0.2296 -0.046 -0.3216, 0.2327 -0.0408 -0.3158, 0.2345 -0.0371 -0.3122, 0.2368 -0.032 -0.3078, 0.2387 -0.0268 -0.3041, 0.2403 -0.0215 -0.301, 0.2395 -0.009 -0.3151, 0.2397 -0.0072 -0.3145, 0.2399 -0.005 -0.314, 0.24 -0.0028 -0.3137, 0.2401 -0.0005 -0.3136, 0.2401 0.0017 -0.3136, 0.24 0.0039 -0.3138, 0.2398 0.0061 -0.3142, 0.2396 0.0083 -0.3148, 0.2389 0.0127 -0.3166, 0.2379 0.017 -0.319, 0.2378 0.0176 -0.3194, 0.2364 0.0221 -0.3228, 0.2348 0.0265 -0.327, 0.2328 0.0309 -0.3319, 0.2304 0.0352 -0.3376, 0.2285 0.0383 -0.3422, 0.2254 0.0426 -0.3496, 0.2219 0.0467 -0.3577, 0.2181 0.0505 -0.3664, 0.214 0.0541 -0.3757, 0.2096 0.0574 -0.3855, 0.2062 0.0595 -0.3928, 0.2012 0.0623 -0.4036, 0.196 0.0646 -0.4146, 0.1906 0.0665 -0.4258, 0.1851 0.068 -0.437, 0.1796 0.069 -0.4483, 0.1782 0.0692 -0.4512, 0.1726 0.0696 -0.4625, 0.167 0.0696 -0.4736, 0.1616 0.0692 -0.4845, 0.1563 0.0684 -0.4952, 0.1512 0.0672 -0.5056, 0.1459 0.0655 -0.5164, 0.1413 0.0635 -0.5262, 0.1369 0.0613 -0.5355, 0.1329 0.0589 -0.5444, 0.1291 0.0562 -0.553, 0.1256 0.0533 -0.5613, 0.1225 0.0503 -0.5691, 0.1211 0.0488 -0.5728, 0.1185 0.0457 -0.58, 0.1162 0.0425 -0.5867, 0.1142 0.0393 -0.5931, 0.1125 0.0361 -0.5991, 0.1112 0.033 -0.6047, 0.1101 0.0299 -0.61, 0.1096 0.0284 -0.6125, 0.1089 0.0255 -0.6172, 0.1084 0.0227 -0.6215, 0.1081 0.0201 -0.6254, 0.108 0.0177 -0.629, 0.108 0.0154 -0.6323, 0.1082 0.0133 -0.6352, 0.1082 0.0127 -0.6361, 0.1085 0.0108 -0.6386, 0.1088 0.0091 -0.6409, 0.1091 0.0075 -0.6428, 0.1094 0.0061 -0.6444, 0.1097 0.0048 -0.6458, 0.11 0.0036 -0.6469, 0.1102 0.0025 -0.6477, 0.1103 0.0018 -0.6481, 0.1103 0.0018 -0.6481, 0.1104 0.0016 -0.6482, 0.1104 0.0008 -0.6485, 0.1105 -0.0002 -0.6486, 0.1104 -0.0011 -0.6484, 0.1103 -0.0022 -0.6479, 0.1101 -0.0033 -0.6472, 0.1098 -0.0044 -0.6462, 0.1095 -0.0057 -0.6449, 0.1092 -0.007 -0.6434, 0.1089 -0.0086 -0.6415, 0.1087 -0.0095 -0.6403, 0.1084 -0.0113 -0.6379, 0.1082 -0.0133 -0.6353, 0.108 -0.0154 -0.6323, 0.108 -0.0177 -0.629, 0.1081 -0.0201 -0.6254, 0.1082 -0.0213 -0.6237, 0.1086 -0.024 -0.6195, 0.1092 -0.0269 -0.6149, 0.11 -0.0299 -0.6101, 0.1111 -0.0329 -0.6048, 0.1125 -0.0361 -0.5992, 0.1132 -0.0374 -0.5967, 0.115 -0.0407 -0.5903, 0.1172 -0.044 -0.5836, 0.1197 -0.0472 -0.5766, 0.1225 -0.0503 -0.5691, 0.1256 -0.0533 -0.5612, 0.1272 -0.0547 -0.5575, 0.1309 -0.0575 -0.5489, 0.1349 -0.0602 -0.5399, 0.1392 -0.0625 -0.5306, 0.1438 -0.0646 -0.521, 0.1486 -0.0664 -0.511, 0.1515 -0.0672 -0.505, 0.1567 -0.0684 -0.4944, 0.1621 -0.0693 -0.4836, 0.1676 -0.0696 -0.4726, 0.1731 -0.0696 -0.4615, 0.1787 -0.0691 -0.4502, 0.1833 -0.0684 -0.4407, 0.1887 -0.0671 -0.4296, 0.194 -0.0654 -0.4187, 0.1992 -0.0633 -0.4079, 0.2041 -0.0608 -0.3973, 0.2088 -0.0579 -0.387, 0.2134 -0.0546 -0.3771, 0.2152 -0.0531 -0.3729, 0.2191 -0.0496 -0.3643, 0.2226 -0.0459 -0.3561, 0.2258 -0.042 -0.3486, 0.2287 -0.0379 -0.3417, 0.2313 -0.0336 -0.3354, 0.2329 -0.0306 -0.3316, 0.2348 -0.0264 -0.3269, 0.2364 -0.0221 -0.3228, -0.1653 -0.2437 0.0, -0.179 -0.2348 0.0, -0.1789 -0.2347 -0.0144, 0.016 0.294 0.0, 0.0339 0.2933 0.0, 0.0338 0.2932 -0.0144, -0.2108 -0.1483 -0.2403, -0.1951 -0.1372 -0.2901, -0.1719 -0.1654 -0.2901, 0.2215 0.1317 -0.2403, 0.205 0.1219 -0.2901, 0.184 0.1518 -0.2901, 0.0504 0.1834 -0.3764, 0.0429 0.156 -0.4117, 0.0186 0.1607 -0.4117, -0.1309 0.1717 -0.3356, -0.1951 0.1372 -0.2901, -0.2457 0.0777 -0.2403, -0.0909 -0.1671 -0.3764, -0.0643 -0.179 -0.3764, 0.0186 -0.1607 -0.4117, 0.1034 -0.1597 -0.3764, 0.184 -0.1518 -0.2901, 0.2509 -0.0587 -0.2403, -0.0062 0.1617 -0.4117, 0.1174 0.1813 -0.3356, 0.1034 0.1597 -0.3764, 0.0778 0.1736 -0.3764, 0.1437 0.1612 -0.3356, 0.1587 0.1781 -0.2901, 0.239 0.0963 -0.2403, 0.2569 0.0197 -0.2403, 0.2509 0.0587 -0.2403, 0.2569 -0.0197 -0.2403, 0.239 -0.0963 -0.2403, 0.2215 -0.1317 -0.2403, 0.205 -0.1219 -0.2901, 0.1587 -0.1781 -0.2901, 0.1437 -0.1612 -0.3356, 0.1174 -0.1813 -0.3356, 0.0778 -0.1736 -0.3764, 0.0504 -0.1834 -0.3764, 0.0429 -0.156 -0.4117, -0.0062 -0.1617 -0.4117, -0.0308 -0.1588 -0.4117, -0.0362 -0.1868 -0.3764, -0.1032 -0.1897 -0.3356, -0.1309 -0.1717 -0.3356, -0.1556 -0.1497 -0.3356, -0.2309 -0.1143 -0.2403, -0.2457 -0.0777 -0.2403, -0.2547 -0.0393 -0.2403, -0.2577 0.0 -0.2403, -0.2547 0.0393 -0.2403, -0.2309 0.1143 -0.2403, -0.2108 0.1483 -0.2403, -0.1719 0.1654 -0.2901, -0.1556 0.1497 -0.3356, -0.1032 0.1897 -0.3356, -0.0909 0.1671 -0.3764, -0.0643 0.179 -0.3764, -0.0308 0.1588 -0.4117, -0.2604 -0.0824 -0.187, -0.2699 -0.0417 -0.187, -0.2813 -0.0434 -0.1311, -0.2846 0.0 -0.1311, -0.292 0.0 -0.0733, -0.2886 0.0446 -0.0733, -0.2917 0.0451 -0.0144, -0.2814 0.0891 -0.0144, -0.2699 0.0417 -0.187, -0.2604 0.0824 -0.187, -0.2713 0.0859 -0.1311, -0.2551 0.1263 -0.1311, -0.2617 0.1296 -0.0733, -0.2388 0.168 -0.0733, -0.2414 0.1698 -0.0144, -0.2127 0.2047 -0.0144, -0.2448 0.1212 -0.187, -0.2328 0.1637 -0.1311, -0.2104 0.2025 -0.0733, -0.1789 0.2347 -0.0144, -0.1857 0.1787 -0.2403, -0.1968 0.1894 -0.187, -0.1656 0.2172 -0.187, -0.1725 0.2263 -0.1311, -0.136 0.25 -0.1311, -0.1395 0.2565 -0.0733, -0.0987 0.2748 -0.0733, -0.0998 0.2778 -0.0144, -0.0562 0.2898 -0.0144, -0.114 0.2096 -0.2901, -0.0806 0.2245 -0.2901, -0.0871 0.2425 -0.2403, -0.0491 0.253 -0.2403, -0.052 0.2681 -0.187, -0.0105 0.2729 -0.187, -0.0109 0.2844 -0.1311, 0.0326 0.2827 -0.1311, 0.0335 0.2901 -0.0733, 0.0774 0.2815 -0.0733, 0.0782 0.2846 -0.0144, 0.1207 0.2693 -0.0144, -0.073 0.2032 -0.3356, -0.0411 0.212 -0.3356, -0.0454 0.2342 -0.2901, -0.0091 0.2384 -0.2901, -0.0099 0.2575 -0.2403, 0.0296 0.256 -0.2403, 0.0313 0.2713 -0.187, 0.0724 0.2634 -0.187, 0.0754 0.2744 -0.1311, 0.1164 0.2597 -0.1311, 0.1194 0.2664 -0.0733, 0.1587 0.2451 -0.0733, 0.1604 0.2477 -0.0144, 0.1964 0.2203 -0.0144, -0.0362 0.1868 -0.3764, -0.0083 0.2158 -0.3356, 0.0274 0.237 -0.2901, 0.0683 0.2485 -0.2403, 0.1117 0.2492 -0.187, 0.1547 0.2389 -0.1311, 0.1943 0.218 -0.0733, 0.2277 0.1878 -0.0144, 0.0218 0.189 -0.3764, 0.0572 0.2082 -0.3356, 0.0883 0.1971 -0.3356, 0.0976 0.2177 -0.2901, 0.1297 0.2002 -0.2901, 0.1401 0.2163 -0.2403, 0.1714 0.1924 -0.2403, 0.1817 0.2039 -0.187, 0.2107 0.1738 -0.187, 0.2196 0.1811 -0.1311, 0.2446 0.1454 -0.1311, 0.251 0.1492 -0.0733, 0.2708 0.1091 -0.0733, 0.2738 0.1103 -0.0144, 0.2874 0.0673 -0.0144, 0.2533 0.1021 -0.187, 0.2659 0.0622 -0.187, 0.2771 0.0648 -0.1311, 0.2838 0.0218 -0.1311, 0.2911 0.0224 -0.0733, 0.2911 -0.0224 -0.0733, 0.2943 -0.0226 -0.0144, 0.2874 -0.0673 -0.0144, 0.2723 0.0209 -0.187, 0.2838 -0.0218 -0.1311, 0.2843 -0.0665 -0.0733, 0.2738 -0.1103 -0.0144, 0.2659 -0.0622 -0.187, 0.2533 -0.1021 -0.187, 0.264 -0.1064 -0.1311, 0.2446 -0.1454 -0.1311, 0.251 -0.1492 -0.0733, 0.2253 -0.1858 -0.0733, 0.2277 -0.1878 -0.0144, 0.1964 -0.2203 -0.0144, 0.1988 -0.164 -0.2403, 0.2107 -0.1738 -0.187, 0.1817 -0.2039 -0.187, 0.1894 -0.2125 -0.1311, 0.1547 -0.2389 -0.1311, 0.1587 -0.2451 -0.0733, 0.1194 -0.2664 -0.0733, 0.1207 -0.2693 -0.0144, 0.0782 -0.2846 -0.0144, 0.1714 -0.1924 -0.2403, 0.1485 -0.2292 -0.187, 0.1164 -0.2597 -0.1311, 0.0774 -0.2815 -0.0733, 0.0338 -0.2932 -0.0144, 0.1297 -0.2002 -0.2901, 0.0976 -0.2177 -0.2901, 0.1054 -0.2351 -0.2403, 0.0683 -0.2485 -0.2403, 0.0724 -0.2634 -0.187, 0.0313 -0.2713 -0.187, 0.0326 -0.2827 -0.1311, -0.0109 -0.2844 -0.1311, -0.0112 -0.2918 -0.0733, -0.0556 -0.2866 -0.0733, -0.0562 -0.2898 -0.0144, -0.0998 -0.2778 -0.0144, 0.0218 -0.189 -0.3764, 0.0248 -0.2145 -0.3356, -0.0083 -0.2158 -0.3356, -0.0091 -0.2384 -0.2901, -0.0454 -0.2342 -0.2901, -0.0491 -0.253 -0.2403, -0.0871 -0.2425 -0.2403, -0.0923 -0.257 -0.187, -0.1305 -0.2399 -0.187, -0.136 -0.25 -0.1311, -0.1725 -0.2263 -0.1311, -0.177 -0.2322 -0.0733, -0.2104 -0.2025 -0.0733, -0.2127 -0.2047 -0.0144, -0.2414 -0.1698 -0.0144, -0.0073 -0.1901 -0.3764, -0.0411 -0.212 -0.3356, -0.073 -0.2032 -0.3356, -0.0806 -0.2245 -0.2901, -0.114 -0.2096 -0.2901, -0.1231 -0.2264 -0.2403, -0.1562 -0.2049 -0.2403, -0.1656 -0.2172 -0.187, -0.1968 -0.1894 -0.187, -0.2051 -0.1974 -0.1311, -0.2328 -0.1637 -0.1311, -0.2388 -0.168 -0.0733, -0.2617 -0.1296 -0.0733, -0.2645 -0.131 -0.0144, -0.2814 -0.0891 -0.0144, -0.1446 -0.1897 -0.2901, -0.1857 -0.1787 -0.2403, -0.2234 -0.1571 -0.187, -0.2551 -0.1263 -0.1311, -0.2784 -0.0881 -0.0733, -0.2917 -0.0451 -0.0144, -0.2953 0.0 0.0, -0.2951 0.0 -0.0144, -0.2886 -0.0446 -0.0733, -0.2713 -0.0859 -0.1311, -0.2448 -0.1212 -0.187, -0.2928 0.0319 0.0, -0.2918 0.0451 0.0, -0.2815 0.0891 0.0, -0.2795 0.0941 0.0, -0.2731 0.0 -0.187, -0.2813 0.0434 -0.1311, -0.2784 0.0881 -0.0733, -0.2645 0.131 -0.0144, -0.2646 0.131 0.0, -0.2523 0.1518 0.0, -0.2415 0.1699 0.0, -0.2142 0.203 0.0, -0.2128 0.2048 0.0, -0.179 0.2348 0.0, -0.1653 0.2437 0.0, -0.2234 0.1571 -0.187, -0.2051 0.1974 -0.1311, -0.177 0.2322 -0.0733, -0.141 0.2593 -0.0144, -0.1411 0.2594 0.0, -0.109 0.2738 0.0, -0.0998 0.2779 0.0, -0.0562 0.2899 0.0, -0.0477 0.2909 0.0, -0.1562 0.2049 -0.2403, -0.1305 0.2399 -0.187, -0.0962 0.2679 -0.1311, -0.0556 0.2866 -0.0733, -0.0113 0.2949 -0.0144, -0.0113 0.2951 0.0, -0.1446 0.1897 -0.2901, -0.1231 0.2264 -0.2403, -0.0923 0.257 -0.187, -0.0542 0.2794 -0.1311, -0.0112 0.2918 -0.0733, 0.0782 0.2847 0.0, 0.079 0.2845 0.0, 0.1208 0.2694 0.0, 0.1379 0.2601 0.0, 0.1605 0.2478 0.0, 0.1909 0.2247 0.0, 0.1965 0.2204 0.0, 0.2278 0.1879 0.0, 0.2345 0.1783 0.0, -0.0073 0.1901 -0.3764, 0.0248 0.2145 -0.3356, 0.0632 0.23 -0.2901, 0.1054 0.2351 -0.2403, 0.1485 0.2292 -0.187, 0.1894 0.2125 -0.1311, 0.2253 0.1858 -0.0733, 0.2537 0.1508 -0.0144, 0.2538 0.1509 0.0, 0.2673 0.1236 0.0, 0.2739 0.1104 0.0, 0.2875 0.0673 0.0, 0.2881 0.0634 0.0, 0.1988 0.164 -0.2403, 0.2348 0.1396 -0.187, 0.264 0.1064 -0.1311, 0.2843 0.0665 -0.0733, 0.2943 0.0226 -0.0144, 0.2944 0.0226 0.0, 0.2953 -0.0 0.0, 0.2944 -0.0226 0.0, 0.2881 -0.0634 0.0, 0.2875 -0.0673 0.0, 0.2739 -0.1104 0.0, 0.2673 -0.1236 0.0, 0.2723 -0.0209 -0.187, 0.2771 -0.0648 -0.1311, 0.2708 -0.1091 -0.0733, 0.2537 -0.1508 -0.0144, 0.2538 -0.1509 0.0, 0.2345 -0.1783 0.0, 0.2278 -0.1879 0.0, 0.1965 -0.2204 0.0, 0.1909 -0.2247 0.0, 0.2348 -0.1396 -0.187, 0.2196 -0.1811 -0.1311, 0.1943 -0.218 -0.0733, 0.1604 -0.2477 -0.0144, 0.1605 -0.2478 0.0, 0.1379 -0.2601 0.0, 0.1208 -0.2694 0.0, 0.079 -0.2845 0.0, 0.0782 -0.2847 0.0, 0.0339 -0.2933 0.0, 0.016 -0.294 0.0, 0.1401 -0.2163 -0.2403, 0.1117 -0.2492 -0.187, 0.0754 -0.2744 -0.1311, 0.0335 -0.2901 -0.0733, -0.0113 -0.2949 -0.0144, -0.0113 -0.2951 0.0, -0.0477 -0.2909 0.0, -0.0562 -0.2899 0.0, -0.0998 -0.2779 0.0, -0.109 -0.2738 0.0, 0.0883 -0.1971 -0.3356, 0.0632 -0.23 -0.2901, 0.0296 -0.256 -0.2403, -0.0105 -0.2729 -0.187, -0.0542 -0.2794 -0.1311, -0.0987 -0.2748 -0.0733, -0.141 -0.2593 -0.0144, -0.1411 -0.2594 0.0, 0.0572 -0.2082 -0.3356, 0.0274 -0.237 -0.2901, -0.0099 -0.2575 -0.2403, -0.052 -0.2681 -0.187, -0.0962 -0.2679 -0.1311, -0.1395 -0.2565 -0.0733, -0.2128 -0.2048 0.0, -0.2142 -0.203 0.0, -0.2415 -0.1699 0.0, -0.2523 -0.1518 0.0, -0.2646 -0.131 0.0, -0.2795 -0.0941 0.0, -0.2815 -0.0891 0.0, -0.2918 -0.0451 0.0, -0.2928 -0.0319 0.0, -0.2928 -0.0319 0.1969, -0.2918 -0.0451 0.1969, -0.2888 -0.0446 0.2389, -0.2795 -0.0941 0.1969, -0.2646 -0.131 0.1969, -0.2619 -0.1297 0.2389, -0.2523 -0.1518 0.1969, -0.2415 -0.1699 0.1969, -0.2391 -0.1681 0.2389, -0.2142 -0.203 0.1969, -0.2128 -0.2048 0.1969, -0.2106 -0.2027 0.2389, -0.1653 -0.2437 0.1969, -0.1411 -0.2594 0.1969, -0.1396 -0.2568 0.2389, -0.109 -0.2738 0.1969, -0.0998 -0.2779 0.1969, -0.0988 -0.2751 0.2389, -0.0477 -0.2909 0.1969, -0.0113 -0.2951 0.1969, -0.0112 -0.2921 0.2389, 0.016 -0.294 0.1969, 0.0339 -0.2933 0.1969, 0.0335 -0.2903 0.2389, 0.079 -0.2845 0.1969, 0.1208 -0.2694 0.1969, 0.1196 -0.2667 0.2389, 0.1379 -0.2601 0.1969, 0.1605 -0.2478 0.1969, 0.1589 -0.2453 0.2389, 0.1909 -0.2247 0.1969, 0.1965 -0.2204 0.1969, 0.1945 -0.2182 0.2389, 0.2345 -0.1783 0.1969, 0.2538 -0.1509 0.1969, 0.2512 -0.1494 0.2389, 0.2673 -0.1236 0.1969, 0.2739 -0.1104 0.1969, 0.2711 -0.1093 0.2389, 0.2881 -0.0634 0.1969, 0.2944 -0.0226 0.1969, 0.2914 -0.0224 0.2389, 0.2953 -0.0 0.1969, 0.2944 0.0226 0.1969, 0.2914 0.0224 0.2389, 0.2881 0.0634 0.1969, 0.2875 0.0673 0.1969, 0.2846 0.0666 0.2389, 0.2673 0.1236 0.1969, 0.2538 0.1509 0.1969, 0.2512 0.1494 0.2389, 0.2345 0.1783 0.1969, 0.2278 0.1879 0.1969, 0.2255 0.186 0.2389, 0.1909 0.2247 0.1969, 0.1605 0.2478 0.1969, 0.1589 0.2453 0.2389, 0.1379 0.2601 0.1969, 0.1208 0.2694 0.1969, 0.1196 0.2667 0.2389, 0.079 0.2845 0.1969, 0.0782 0.2847 0.1969, 0.0774 0.2818 0.2389, 0.016 0.294 0.1969, -0.0113 0.2951 0.1969, -0.0112 0.2921 0.2389, -0.0477 0.2909 0.1969, -0.0562 0.2899 0.1969, -0.0556 0.2869 0.2389, -0.109 0.2738 0.1969, -0.1411 0.2594 0.1969, -0.1396 0.2568 0.2389, -0.1653 0.2437 0.1969, -0.179 0.2348 0.1969, -0.1772 0.2324 0.2389, -0.2142 0.203 0.1969, -0.2415 0.1699 0.1969, -0.2391 0.1681 0.2389, -0.2523 0.1518 0.1969, -0.2646 0.131 0.1969, -0.2619 0.1297 0.2389, -0.2795 0.0941 0.1969, -0.2815 0.0891 0.1969, -0.2786 0.0882 0.2389, -0.2928 0.0319 0.1969, -0.2953 0.0 0.1969, -0.2923 0.0 0.2389, -0.0599 0.0577 0.4802, -0.0303 0.0291 0.4891, -0.0255 0.0334 0.4891, -0.0 0.0 0.4921, -0.0344 0.0242 0.4891, -0.068 0.0479 0.4802, -0.1003 0.0706 0.4654, -0.0377 0.0186 0.4891, -0.0746 0.0369 0.4802, -0.1099 0.0544 0.4654, -0.1431 0.0708 0.4453, -0.0401 0.0127 0.4891, -0.0793 0.0251 0.4802, -0.1169 0.037 0.4654, -0.1522 0.0482 0.4453, -0.1844 0.0583 0.42, -0.0415 0.0064 0.4891, -0.0822 0.0127 0.4802, -0.1212 0.0187 0.4654, -0.1578 0.0244 0.4453, -0.1911 0.0295 0.42, -0.2205 0.0341 0.3902, -0.042 0.0 0.4891, -0.0832 0.0 0.4802, -0.1227 0.0 0.4654, -0.1596 0.0 0.4453, -0.1934 0.0 0.42, -0.2232 0.0 0.3902, -0.2484 0.0 0.3565, -0.2918 0.0451 0.1969, -0.2888 0.0446 0.2389, -0.28 0.0432 0.28, -0.2833 0.0 0.28, -0.2654 0.041 0.3195, -0.2686 0.0 0.3195, -0.2455 0.0379 0.3565, -0.2701 0.0855 0.28, -0.2561 0.081 0.3195, -0.2368 0.0749 0.3565, -0.2128 0.0673 0.3902, -0.2539 0.1257 0.28, -0.2407 0.1192 0.3195, -0.2226 0.1102 0.3565, -0.2 0.099 0.3902, -0.1733 0.0858 0.42, -0.2317 0.163 0.28, -0.2197 0.1545 0.3195, -0.2032 0.1429 0.3565, -0.1825 0.1284 0.3902, -0.1582 0.1112 0.42, -0.1306 0.0918 0.4453, -0.2128 0.2048 0.1969, -0.2106 0.2027 0.2389, -0.2041 0.1965 0.28, -0.1935 0.1863 0.3195, -0.179 0.1722 0.3565, -0.1608 0.1547 0.3902, -0.1393 0.1341 0.42, -0.115 0.1107 0.4453, -0.0884 0.0851 0.4654, -0.1718 0.2253 0.28, -0.1628 0.2136 0.3195, -0.1506 0.1976 0.3565, -0.1353 0.1775 0.3902, -0.1172 0.1538 0.42, -0.0968 0.127 0.4453, -0.0744 0.0976 0.4654, -0.0504 0.0662 0.4802, -0.1353 0.2489 0.28, -0.1283 0.236 0.3195, -0.1187 0.2182 0.3565, -0.1066 0.196 0.3902, -0.0924 0.1699 0.42, -0.0763 0.1402 0.4453, -0.0586 0.1078 0.4654, -0.0397 0.0731 0.4802, -0.0201 0.0369 0.4891, -0.0998 0.2779 0.1969, -0.0988 0.2751 0.2389, -0.0958 0.2666 0.28, -0.0908 0.2528 0.3195, -0.084 0.2338 0.3565, -0.0754 0.21 0.3902, -0.0654 0.182 0.42, -0.054 0.1502 0.4453, -0.0415 0.1154 0.4654, -0.0281 0.0783 0.4802, -0.0142 0.0395 0.4891, -0.0539 0.2781 0.28, -0.0511 0.2637 0.3195, -0.0473 0.2439 0.3565, -0.0425 0.2191 0.3902, -0.0368 0.1898 0.42, -0.0304 0.1567 0.4453, -0.0234 0.1204 0.4654, -0.0158 0.0817 0.4802, -0.008 0.0413 0.4891, -0.0109 0.2831 0.28, -0.0103 0.2684 0.3195, -0.0095 0.2482 0.3565, -0.0085 0.223 0.3902, -0.0074 0.1932 0.42, -0.0061 0.1595 0.4453, -0.0047 0.1226 0.4654, -0.0032 0.0831 0.4802, -0.0016 0.042 0.4891, 0.0339 0.2933 0.1969, 0.0335 0.2903 0.2389, 0.0325 0.2814 0.28, 0.0308 0.2668 0.3195, 0.0285 0.2468 0.3565, 0.0256 0.2217 0.3902, 0.0222 0.1921 0.42, 0.0183 0.1586 0.4453, 0.0141 0.1219 0.4654, 0.0095 0.0826 0.4802, 0.0048 0.0417 0.4891, 0.0751 0.2732 0.28, 0.0712 0.259 0.3195, 0.0658 0.2395 0.3565, 0.0591 0.2152 0.3902, 0.0512 0.1865 0.42, 0.0423 0.1539 0.4453, 0.0325 0.1183 0.4654, 0.022 0.0802 0.4802, 0.0111 0.0405 0.4891, 0.1159 0.2585 0.28, 0.1099 0.2451 0.3195, 0.1016 0.2267 0.3565, 0.0913 0.2036 0.3902, 0.0791 0.1764 0.42, 0.0653 0.1457 0.4453, 0.0502 0.1119 0.4654, 0.034 0.0759 0.4802, 0.0172 0.0383 0.4891, 0.154 0.2378 0.28, 0.146 0.2254 0.3195, 0.135 0.2085 0.3565, 0.1213 0.1873 0.3902, 0.1051 0.1623 0.42, 0.0868 0.134 0.4453, 0.0667 0.103 0.4654, 0.0452 0.0698 0.4802, 0.0228 0.0353 0.4891, 0.1965 0.2204 0.1969, 0.1945 0.2182 0.2389, 0.1885 0.2115 0.28, 0.1787 0.2005 0.3195, 0.1653 0.1854 0.3565, 0.1485 0.1666 0.3902, 0.1287 0.1444 0.42, 0.1062 0.1192 0.4453, 0.0816 0.0916 0.4654, 0.0553 0.0621 0.4802, 0.028 0.0314 0.4891, 0.2186 0.1803 0.28, 0.2072 0.1709 0.3195, 0.1916 0.158 0.3565, 0.1722 0.142 0.3902, 0.1492 0.123 0.42, 0.1232 0.1016 0.4453, 0.0946 0.078 0.4654, 0.0642 0.0529 0.4802, 0.0324 0.0267 0.4891, 0.2435 0.1448 0.28, 0.2309 0.1373 0.3195, 0.2135 0.1269 0.3565, 0.1918 0.114 0.3902, 0.1662 0.0988 0.42, 0.1372 0.0816 0.4453, 0.1054 0.0627 0.4654, 0.0715 0.0425 0.4802, 0.0361 0.0215 0.4891, 0.2739 0.1104 0.1969, 0.2711 0.1093 0.2389, 0.2628 0.1059 0.28, 0.2491 0.1004 0.3195, 0.2304 0.0929 0.3565, 0.207 0.0834 0.3902, 0.1793 0.0723 0.42, 0.1481 0.0597 0.4453, 0.1138 0.0459 0.4654, 0.0772 0.0311 0.4802, 0.039 0.0157 0.4891, 0.2759 0.0646 0.28, 0.2615 0.0612 0.3195, 0.2419 0.0566 0.3565, 0.2173 0.0508 0.3902, 0.1883 0.0441 0.42, 0.1554 0.0364 0.4453, 0.1194 0.0279 0.4654, 0.081 0.019 0.4802, 0.0409 0.0096 0.4891, 0.2825 0.0217 0.28, 0.2678 0.0206 0.3195, 0.2477 0.019 0.3565, 0.2225 0.0171 0.3902, 0.1928 0.0148 0.42, 0.1592 0.0122 0.4453, 0.1223 0.0094 0.4654, 0.0829 0.0064 0.4802, 0.0419 0.0032 0.4891, 0.2825 -0.0217 0.28, 0.2678 -0.0206 0.3195, 0.2477 -0.019 0.3565, 0.2225 -0.0171 0.3902, 0.1928 -0.0148 0.42, 0.1592 -0.0122 0.4453, 0.1223 -0.0094 0.4654, 0.0829 -0.0064 0.4802, 0.0419 -0.0032 0.4891, 0.2875 -0.0673 0.1969, 0.2846 -0.0666 0.2389, 0.2759 -0.0646 0.28, 0.2615 -0.0612 0.3195, 0.2419 -0.0566 0.3565, 0.2173 -0.0508 0.3902, 0.1883 -0.0441 0.42, 0.1554 -0.0364 0.4453, 0.1194 -0.0279 0.4654, 0.081 -0.019 0.4802, 0.0409 -0.0096 0.4891, 0.2628 -0.1059 0.28, 0.2491 -0.1004 0.3195, 0.2304 -0.0929 0.3565, 0.207 -0.0834 0.3902, 0.1793 -0.0723 0.42, 0.1481 -0.0597 0.4453, 0.1138 -0.0459 0.4654, 0.0772 -0.0311 0.4802, 0.039 -0.0157 0.4891, 0.2435 -0.1448 0.28, 0.2309 -0.1373 0.3195, 0.2135 -0.1269 0.3565, 0.1918 -0.114 0.3902, 0.1662 -0.0988 0.42, 0.1372 -0.0816 0.4453, 0.1054 -0.0627 0.4654, 0.0715 -0.0425 0.4802, 0.0361 -0.0215 0.4891, 0.2278 -0.1879 0.1969, 0.2255 -0.186 0.2389, 0.2186 -0.1803 0.28, 0.2072 -0.1709 0.3195, 0.1916 -0.158 0.3565, 0.1722 -0.142 0.3902, 0.1492 -0.123 0.42, 0.1232 -0.1016 0.4453, 0.0946 -0.078 0.4654, 0.0642 -0.0529 0.4802, 0.0324 -0.0267 0.4891, 0.1885 -0.2115 0.28, 0.1787 -0.2005 0.3195, 0.1653 -0.1854 0.3565, 0.1485 -0.1666 0.3902, 0.1287 -0.1444 0.42, 0.1062 -0.1192 0.4453, 0.0816 -0.0916 0.4654, 0.0553 -0.0621 0.4802, 0.028 -0.0314 0.4891, 0.154 -0.2378 0.28, 0.146 -0.2254 0.3195, 0.135 -0.2085 0.3565, 0.1213 -0.1873 0.3902, 0.1051 -0.1623 0.42, 0.0868 -0.134 0.4453, 0.0667 -0.103 0.4654, 0.0452 -0.0698 0.4802, 0.0228 -0.0353 0.4891, 0.1159 -0.2585 0.28, 0.1099 -0.2451 0.3195, 0.1016 -0.2267 0.3565, 0.0913 -0.2036 0.3902, 0.0791 -0.1764 0.42, 0.0653 -0.1457 0.4453, 0.0502 -0.1119 0.4654, 0.034 -0.0759 0.4802, 0.0172 -0.0383 0.4891, 0.0782 -0.2847 0.1969, 0.0774 -0.2818 0.2389, 0.0751 -0.2732 0.28, 0.0712 -0.259 0.3195, 0.0658 -0.2395 0.3565, 0.0591 -0.2152 0.3902, 0.0512 -0.1865 0.42, 0.0423 -0.1539 0.4453, 0.0325 -0.1183 0.4654, 0.022 -0.0802 0.4802, 0.0111 -0.0405 0.4891, 0.0325 -0.2814 0.28, 0.0308 -0.2668 0.3195, 0.0285 -0.2468 0.3565, 0.0256 -0.2217 0.3902, 0.0222 -0.1921 0.42, 0.0183 -0.1586 0.4453, 0.0141 -0.1219 0.4654, 0.0095 -0.0826 0.4802, 0.0048 -0.0417 0.4891, -0.0109 -0.2831 0.28, -0.0103 -0.2684 0.3195, -0.0095 -0.2482 0.3565, -0.0085 -0.223 0.3902, -0.0074 -0.1932 0.42, -0.0061 -0.1595 0.4453, -0.0047 -0.1226 0.4654, -0.0032 -0.0831 0.4802, -0.0016 -0.042 0.4891, -0.0562 -0.2899 0.1969, -0.0556 -0.2869 0.2389, -0.0539 -0.2781 0.28, -0.0511 -0.2637 0.3195, -0.0473 -0.2439 0.3565, -0.0425 -0.2191 0.3902, -0.0368 -0.1898 0.42, -0.0304 -0.1567 0.4453, -0.0234 -0.1204 0.4654, -0.0158 -0.0817 0.4802, -0.008 -0.0413 0.4891, -0.0958 -0.2666 0.28, -0.0908 -0.2528 0.3195, -0.084 -0.2338 0.3565, -0.0754 -0.21 0.3902, -0.0654 -0.182 0.42, -0.054 -0.1502 0.4453, -0.0415 -0.1154 0.4654, -0.0281 -0.0783 0.4802, -0.0142 -0.0395 0.4891, -0.1353 -0.2489 0.28, -0.1283 -0.236 0.3195, -0.1187 -0.2182 0.3565, -0.1066 -0.196 0.3902, -0.0924 -0.1699 0.42, -0.0763 -0.1402 0.4453, -0.0586 -0.1078 0.4654, -0.0397 -0.0731 0.4802, -0.0201 -0.0369 0.4891, -0.179 -0.2348 0.1969, -0.1772 -0.2324 0.2389, -0.1718 -0.2253 0.28, -0.1628 -0.2136 0.3195, -0.1506 -0.1976 0.3565, -0.1353 -0.1775 0.3902, -0.1172 -0.1538 0.42, -0.0968 -0.127 0.4453, -0.0744 -0.0976 0.4654, -0.0504 -0.0662 0.4802, -0.0255 -0.0334 0.4891, -0.2041 -0.1965 0.28, -0.1935 -0.1863 0.3195, -0.179 -0.1722 0.3565, -0.1608 -0.1547 0.3902, -0.1393 -0.1341 0.42, -0.115 -0.1107 0.4453, -0.0884 -0.0851 0.4654, -0.0599 -0.0577 0.4802, -0.0303 -0.0291 0.4891, -0.2317 -0.163 0.28, -0.2197 -0.1545 0.3195, -0.2032 -0.1429 0.3565, -0.1825 -0.1284 0.3902, -0.1582 -0.1112 0.42, -0.1306 -0.0918 0.4453, -0.1003 -0.0706 0.4654, -0.068 -0.0479 0.4802, -0.0344 -0.0242 0.4891, -0.2539 -0.1257 0.28, -0.2407 -0.1192 0.3195, -0.2226 -0.1102 0.3565, -0.2 -0.099 0.3902, -0.1733 -0.0858 0.42, -0.1431 -0.0708 0.4453, -0.1099 -0.0544 0.4654, -0.0746 -0.0369 0.4802, -0.0377 -0.0186 0.4891, -0.2815 -0.0891 0.1969, -0.2786 -0.0882 0.2389, -0.2701 -0.0855 0.28, -0.2561 -0.081 0.3195, -0.2368 -0.0749 0.3565, -0.2128 -0.0673 0.3902, -0.1844 -0.0583 0.42, -0.1522 -0.0482 0.4453, -0.1169 -0.037 0.4654, -0.0793 -0.0251 0.4802, -0.0401 -0.0127 0.4891, -0.28 -0.0432 0.28, -0.2654 -0.041 0.3195, -0.2455 -0.0379 0.3565, -0.2205 -0.0341 0.3902, -0.1911 -0.0295 0.42, -0.1578 -0.0244 0.4453, -0.1212 -0.0187 0.4654, -0.0822 -0.0127 0.4802, -0.0415 -0.0064 0.4891, -0.1588 0.0102 -0.8678, -0.1628 0.0197 -0.8678, -0.169 0.0278 -0.8678, -0.1772 0.0341 -0.8678, -0.1867 0.038 -0.8678, -0.1969 0.0394 -0.8678, -0.207 0.038 -0.8678, -0.2165 0.0341 -0.8678, -0.2247 0.0278 -0.8678, -0.2309 0.0197 -0.8678, -0.2349 0.0102 -0.8678, -0.2362 -0.0 -0.8678, -0.2349 -0.0102 -0.8678, -0.2309 -0.0197 -0.8678, -0.2247 -0.0278 -0.8678, -0.2165 -0.0341 -0.8678, -0.207 -0.038 -0.8678, -0.1969 -0.0394 -0.8678, -0.1867 -0.038 -0.8678, -0.1772 -0.0341 -0.8678, -0.1628 -0.0197 -0.8678, -0.169 -0.0278 -0.8678, -0.1575 0.0 -0.8678, -0.1588 -0.0102 -0.8678, -0.1588 -0.0102 -0.8678
            ]
        }
        coordIndex [
            0,1,2,-1,3,4,5,-1,6,7,8,-1,9,10,11,-1,12,13,14,-1,14,13,15,-1,14,15,16,-1,17,18,19,-1,19,18,20,-1,18,21,20,-1,20,21,22,-1,20,22,23,-1,23,22,24,-1,22,25,24,-1,24,25,26,-1,24,26,27,-1,27,26,28,-1,28,29,27,-1,27,29,30,-1,27,30,31,-1,31,30,32,-1,33,34,17,-1,17,34,35,-1,17,35,18,-1,18,35,36,-1,18,36,21,-1,37,38,39,-1,39,38,40,-1,39,40,33,-1,33,40,41,-1,33,41,34,-1,42,43,44,-1,42,44,45,-1,43,42,46,-1,46,42,47,-1,46,47,48,-1,48,47,49,-1,48,49,50,-1,50,49,51,-1,50,51,52,-1,52,51,53,-1,53,51,54,-1,53,54,55,-1,56,57,58,-1,58,57,59,-1,59,57,60,-1,60,57,61,-1,60,61,62,-1,62,61,63,-1,63,61,64,-1,63,64,65,-1,65,64,66,-1,65,66,67,-1,67,66,68,-1,68,66,69,-1,68,69,70,-1,70,69,71,-1,70,71,72,-1,72,71,73,-1,73,71,74,-1,73,74,75,-1,75,74,76,-1,76,74,77,-1,76,77,78,-1,78,77,79,-1,78,79,80,-1,80,79,81,-1,80,81,82,-1,82,81,83,-1,82,83,84,-1,84,83,85,-1,85,83,86,-1,85,86,87,-1,87,86,88,-1,88,86,89,-1,88,89,90,-1,90,89,91,-1,90,91,92,-1,93,94,95,-1,92,91,96,-1,96,91,97,-1,96,97,98,-1,99,100,101,-1,101,100,102,-1,101,102,103,-1,104,105,106,-1,106,107,104,-1,104,107,108,-1,104,108,109,-1,109,108,110,-1,109,110,111,-1,111,112,109,-1,109,112,113,-1,109,113,114,-1,114,113,115,-1,114,115,116,-1,117,118,119,-1,119,118,120,-1,119,120,116,-1,116,120,121,-1,116,121,114,-1,119,122,117,-1,117,122,123,-1,117,123,124,-1,124,123,125,-1,124,125,126,-1,127,128,129,-1,129,128,124,-1,129,124,130,-1,130,124,126,-1,131,132,133,-1,133,132,134,-1,133,134,135,-1,135,134,136,-1,135,136,137,-1,137,136,138,-1,137,138,139,-1,139,138,140,-1,139,140,141,-1,141,140,142,-1,141,142,127,-1,127,142,143,-1,127,143,128,-1,144,145,146,-1,146,145,132,-1,146,132,147,-1,147,132,131,-1,148,149,150,-1,144,151,145,-1,145,151,150,-1,145,150,152,-1,152,150,149,-1,150,153,148,-1,148,153,154,-1,148,154,155,-1,155,154,156,-1,156,154,157,-1,156,157,158,-1,158,159,156,-1,156,159,160,-1,156,160,161,-1,161,162,156,-1,156,162,163,-1,156,163,164,-1,165,166,167,-1,15,168,16,-1,16,168,169,-1,16,169,170,-1,170,169,156,-1,170,156,167,-1,167,156,164,-1,167,164,165,-1,171,172,173,-1,171,173,10,-1,10,173,174,-1,10,174,11,-1,175,176,177,-1,177,178,175,-1,175,178,179,-1,175,179,11,-1,11,179,180,-1,11,180,9,-1,181,182,183,-1,183,184,181,-1,181,184,185,-1,181,185,176,-1,176,185,186,-1,176,186,177,-1,8,7,187,-1,7,188,187,-1,187,188,189,-1,187,189,182,-1,182,189,190,-1,182,190,183,-1,191,192,193,-1,193,192,194,-1,193,194,195,-1,196,197,14,-1,14,197,198,-1,14,198,12,-1,12,198,199,-1,197,200,198,-1,198,200,201,-1,198,201,194,-1,194,201,202,-1,194,202,195,-1,196,14,203,-1,203,14,16,-1,203,16,204,-1,204,16,170,-1,204,170,205,-1,205,170,167,-1,205,167,206,-1,207,208,209,-1,209,208,210,-1,166,211,167,-1,167,211,212,-1,167,212,206,-1,206,212,209,-1,206,209,213,-1,213,209,210,-1,214,215,216,-1,217,218,219,-1,219,218,220,-1,216,221,214,-1,214,221,222,-1,214,222,223,-1,223,222,208,-1,223,208,224,-1,224,208,207,-1,224,207,225,-1,225,207,226,-1,225,226,227,-1,227,226,219,-1,227,219,228,-1,228,219,220,-1,229,218,230,-1,230,218,217,-1,230,217,231,-1,231,217,232,-1,231,232,233,-1,234,2,235,-1,235,2,233,-1,235,233,236,-1,236,233,232,-1,237,238,239,-1,239,238,240,-1,0,2,241,-1,241,2,234,-1,241,234,242,-1,242,234,243,-1,242,243,244,-1,244,243,245,-1,244,245,240,-1,240,245,246,-1,240,246,239,-1,239,246,247,-1,239,247,248,-1,248,247,249,-1,248,249,250,-1,250,249,251,-1,250,251,252,-1,252,251,253,-1,252,253,254,-1,254,253,255,-1,254,255,256,-1,257,258,259,-1,259,258,260,-1,259,260,253,-1,253,260,261,-1,253,261,255,-1,262,263,264,-1,265,266,257,-1,257,266,267,-1,257,267,258,-1,263,268,264,-1,264,268,269,-1,264,269,270,-1,270,269,271,-1,101,272,273,-1,264,266,262,-1,262,266,265,-1,262,265,273,-1,273,265,274,-1,273,274,101,-1,101,274,275,-1,101,275,99,-1,276,277,278,-1,278,277,279,-1,278,279,101,-1,101,279,280,-1,101,280,272,-1,105,104,103,-1,103,104,281,-1,103,281,101,-1,101,281,93,-1,101,93,278,-1,278,93,95,-1,278,95,276,-1,282,283,95,-1,95,283,284,-1,95,284,276,-1,285,286,282,-1,282,286,287,-1,282,287,283,-1,288,289,290,-1,290,289,291,-1,290,291,285,-1,285,291,292,-1,285,292,286,-1,288,290,293,-1,293,290,294,-1,293,294,295,-1,296,297,298,-1,298,297,299,-1,298,299,300,-1,300,299,301,-1,301,299,302,-1,301,302,303,-1,304,305,302,-1,302,305,306,-1,302,306,303,-1,307,308,304,-1,304,308,309,-1,304,309,305,-1,310,311,307,-1,307,311,312,-1,307,312,308,-1,313,314,310,-1,310,314,315,-1,310,315,311,-1,316,317,318,-1,317,319,318,-1,318,319,320,-1,318,320,313,-1,313,320,321,-1,313,321,314,-1,322,323,324,-1,324,325,322,-1,322,325,326,-1,322,326,327,-1,327,326,328,-1,327,328,329,-1,329,328,330,-1,329,330,331,-1,331,330,332,-1,333,334,332,-1,332,334,335,-1,332,335,331,-1,191,4,192,-1,192,4,3,-1,192,3,8,-1,8,3,336,-1,8,336,6,-1,332,337,333,-1,333,337,338,-1,333,338,339,-1,339,338,340,-1,339,340,341,-1,341,340,342,-1,341,342,343,-1,343,342,344,-1,345,346,344,-1,344,346,347,-1,344,347,343,-1,344,348,345,-1,345,348,349,-1,345,349,350,-1,350,349,351,-1,350,351,352,-1,352,351,353,-1,352,353,354,-1,354,353,355,-1,356,357,355,-1,355,357,358,-1,355,358,354,-1,355,359,356,-1,356,359,360,-1,356,360,361,-1,361,360,362,-1,361,362,363,-1,363,362,364,-1,363,364,365,-1,365,364,366,-1,173,367,174,-1,174,367,368,-1,174,368,369,-1,369,368,370,-1,369,370,371,-1,371,370,372,-1,371,372,373,-1,373,372,374,-1,373,374,375,-1,376,377,366,-1,366,377,378,-1,366,378,365,-1,379,380,381,-1,381,380,382,-1,381,382,383,-1,383,382,375,-1,383,375,384,-1,384,375,374,-1,366,385,376,-1,376,385,386,-1,376,386,387,-1,387,386,388,-1,387,388,389,-1,389,388,390,-1,389,390,391,-1,391,390,392,-1,393,394,392,-1,392,394,395,-1,392,395,391,-1,379,396,380,-1,380,396,397,-1,380,397,398,-1,398,397,399,-1,398,399,400,-1,400,399,401,-1,400,401,402,-1,402,401,403,-1,402,403,404,-1,403,405,404,-1,404,405,406,-1,404,406,407,-1,407,406,408,-1,407,408,409,-1,392,410,393,-1,393,410,411,-1,393,411,412,-1,412,411,413,-1,412,413,414,-1,414,413,415,-1,408,416,409,-1,409,416,417,-1,409,417,418,-1,419,420,415,-1,415,420,421,-1,415,421,414,-1,417,422,418,-1,418,422,423,-1,418,423,424,-1,424,423,425,-1,424,425,426,-1,426,425,427,-1,426,427,428,-1,428,427,429,-1,428,429,430,-1,415,431,419,-1,419,431,432,-1,419,432,433,-1,433,432,434,-1,433,434,435,-1,435,434,436,-1,435,436,437,-1,437,436,438,-1,429,439,430,-1,430,439,440,-1,430,440,441,-1,442,443,438,-1,438,443,444,-1,438,444,437,-1,440,445,441,-1,441,445,446,-1,441,446,447,-1,447,446,448,-1,447,448,449,-1,438,450,442,-1,442,450,451,-1,442,451,452,-1,452,451,453,-1,452,453,454,-1,454,453,455,-1,456,457,455,-1,455,457,458,-1,455,458,454,-1,459,460,461,-1,461,460,462,-1,461,462,463,-1,463,462,464,-1,463,464,465,-1,465,464,466,-1,465,466,467,-1,467,466,449,-1,467,449,468,-1,468,449,448,-1,455,469,456,-1,456,469,470,-1,456,470,471,-1,471,470,472,-1,471,472,473,-1,473,472,474,-1,473,474,475,-1,475,474,476,-1,477,478,476,-1,476,478,479,-1,476,479,475,-1,459,480,460,-1,460,480,481,-1,460,481,482,-1,482,481,483,-1,482,483,484,-1,484,483,485,-1,484,485,486,-1,486,485,487,-1,486,487,488,-1,476,489,477,-1,477,489,490,-1,477,490,491,-1,491,490,492,-1,491,492,493,-1,493,492,494,-1,495,496,494,-1,494,496,497,-1,494,497,493,-1,494,498,495,-1,495,498,499,-1,495,499,500,-1,500,499,501,-1,500,501,502,-1,502,501,503,-1,502,503,504,-1,504,503,505,-1,504,505,506,-1,506,505,507,-1,506,507,508,-1,508,507,509,-1,508,509,510,-1,510,509,511,-1,487,512,488,-1,488,512,513,-1,488,513,514,-1,514,513,515,-1,514,515,516,-1,516,515,517,-1,516,517,518,-1,518,517,519,-1,518,519,520,-1,520,519,521,-1,520,521,522,-1,522,521,523,-1,522,523,524,-1,524,523,525,-1,524,525,526,-1,526,525,527,-1,526,527,528,-1,528,527,529,-1,528,529,530,-1,530,529,531,-1,530,531,532,-1,532,531,533,-1,532,533,534,-1,535,536,537,-1,537,536,538,-1,537,538,539,-1,539,538,540,-1,539,540,541,-1,541,540,542,-1,541,542,543,-1,543,542,544,-1,543,544,545,-1,545,544,546,-1,545,546,547,-1,547,546,548,-1,547,548,549,-1,549,548,550,-1,549,550,511,-1,511,550,551,-1,511,551,510,-1,533,552,534,-1,534,552,553,-1,534,553,554,-1,554,553,555,-1,554,555,556,-1,556,555,557,-1,556,557,558,-1,558,557,559,-1,558,559,560,-1,560,559,561,-1,560,561,562,-1,562,561,563,-1,562,563,564,-1,564,563,565,-1,564,565,566,-1,566,565,567,-1,566,567,568,-1,568,567,569,-1,568,569,570,-1,570,569,571,-1,570,571,572,-1,572,571,573,-1,572,573,574,-1,575,576,577,-1,577,576,578,-1,577,578,579,-1,579,578,580,-1,579,580,581,-1,581,580,582,-1,581,582,583,-1,583,582,584,-1,583,584,535,-1,535,584,585,-1,535,585,536,-1,573,586,574,-1,574,586,587,-1,574,587,588,-1,588,587,589,-1,588,589,590,-1,590,589,591,-1,590,591,592,-1,592,591,593,-1,592,593,594,-1,593,595,594,-1,594,595,596,-1,594,596,597,-1,598,599,600,-1,600,599,601,-1,600,601,602,-1,602,601,603,-1,602,603,604,-1,604,603,605,-1,604,605,606,-1,606,605,607,-1,606,607,575,-1,575,607,608,-1,575,608,576,-1,596,609,597,-1,597,609,610,-1,597,610,611,-1,611,610,612,-1,611,612,613,-1,613,612,614,-1,613,614,615,-1,616,617,618,-1,618,617,619,-1,618,619,620,-1,620,619,621,-1,620,621,622,-1,622,621,623,-1,622,623,598,-1,598,623,624,-1,598,624,599,-1,614,625,615,-1,615,625,626,-1,615,626,627,-1,627,626,628,-1,627,628,629,-1,629,628,630,-1,629,630,631,-1,630,632,631,-1,631,632,633,-1,631,633,634,-1,635,636,637,-1,637,636,638,-1,637,638,639,-1,639,638,640,-1,639,640,641,-1,641,640,642,-1,641,642,616,-1,616,642,643,-1,616,643,617,-1,633,644,634,-1,634,644,645,-1,634,645,646,-1,646,645,647,-1,646,647,648,-1,648,647,649,-1,648,649,650,-1,649,651,650,-1,650,651,652,-1,650,652,653,-1,652,654,653,-1,653,654,655,-1,653,655,656,-1,656,655,657,-1,656,657,658,-1,659,660,661,-1,661,660,662,-1,661,662,663,-1,663,662,664,-1,663,664,665,-1,665,664,666,-1,665,666,667,-1,667,666,668,-1,667,668,635,-1,635,668,669,-1,635,669,636,-1,657,670,658,-1,658,670,671,-1,658,671,672,-1,672,671,673,-1,672,673,674,-1,674,673,675,-1,674,675,676,-1,675,677,676,-1,676,677,678,-1,676,678,679,-1,680,681,682,-1,682,681,683,-1,682,683,684,-1,684,683,685,-1,684,685,686,-1,686,685,687,-1,686,687,659,-1,659,687,688,-1,659,688,660,-1,678,689,679,-1,679,689,690,-1,679,690,691,-1,691,690,692,-1,691,692,693,-1,693,692,694,-1,693,694,695,-1,694,696,695,-1,695,696,697,-1,695,697,698,-1,698,697,699,-1,698,699,700,-1,700,699,701,-1,700,701,318,-1,318,701,702,-1,318,702,316,-1,703,704,705,-1,705,704,706,-1,705,706,707,-1,707,706,708,-1,707,708,709,-1,709,708,710,-1,709,710,711,-1,711,710,712,-1,711,712,680,-1,680,712,713,-1,680,713,681,-1,714,715,716,-1,716,715,717,-1,716,717,718,-1,718,717,719,-1,718,719,720,-1,720,719,721,-1,720,721,722,-1,722,721,723,-1,722,723,703,-1,703,723,724,-1,703,724,704,-1,725,726,714,-1,714,726,727,-1,714,727,715,-1,296,295,297,-1,297,295,294,-1,297,294,299,-1,299,294,728,-1,299,728,302,-1,302,728,729,-1,302,729,304,-1,304,729,730,-1,304,730,307,-1,307,730,731,-1,307,731,310,-1,310,731,732,-1,310,732,313,-1,313,732,733,-1,313,733,318,-1,318,733,734,-1,318,734,700,-1,700,734,735,-1,700,735,698,-1,698,735,736,-1,698,736,695,-1,695,736,737,-1,695,737,693,-1,693,737,738,-1,693,738,691,-1,691,738,739,-1,691,739,679,-1,679,739,740,-1,679,740,676,-1,676,740,741,-1,676,741,674,-1,674,741,742,-1,674,742,672,-1,672,742,743,-1,672,743,658,-1,658,743,744,-1,658,744,656,-1,656,744,745,-1,656,745,653,-1,653,745,746,-1,653,746,650,-1,650,746,747,-1,650,747,648,-1,648,747,748,-1,648,748,646,-1,646,748,749,-1,646,749,634,-1,634,749,750,-1,634,750,631,-1,631,750,751,-1,631,751,629,-1,629,751,752,-1,629,752,627,-1,627,752,753,-1,627,753,615,-1,615,753,754,-1,615,754,613,-1,613,754,755,-1,613,755,611,-1,611,755,756,-1,611,756,597,-1,597,756,757,-1,597,757,594,-1,594,757,758,-1,594,758,592,-1,592,758,759,-1,592,759,590,-1,590,759,760,-1,590,760,588,-1,588,760,761,-1,588,761,574,-1,574,761,762,-1,574,762,572,-1,572,762,763,-1,572,763,570,-1,570,763,764,-1,570,764,568,-1,568,764,765,-1,568,765,566,-1,566,765,766,-1,566,766,564,-1,564,766,767,-1,564,767,562,-1,562,767,768,-1,562,768,560,-1,560,768,769,-1,560,769,558,-1,558,769,770,-1,558,770,556,-1,556,770,771,-1,556,771,554,-1,554,771,772,-1,554,772,534,-1,534,772,773,-1,534,773,532,-1,532,773,774,-1,532,774,530,-1,530,774,775,-1,530,775,528,-1,528,775,776,-1,528,776,526,-1,526,776,777,-1,526,777,524,-1,524,777,778,-1,524,778,522,-1,522,778,779,-1,522,779,520,-1,520,779,780,-1,520,780,518,-1,518,780,781,-1,518,781,516,-1,516,781,782,-1,516,782,514,-1,514,782,783,-1,514,783,488,-1,488,783,784,-1,488,784,486,-1,486,784,785,-1,486,785,484,-1,484,785,786,-1,484,786,482,-1,482,786,787,-1,482,787,460,-1,460,787,788,-1,460,788,462,-1,462,788,789,-1,462,789,464,-1,464,789,790,-1,464,790,466,-1,466,790,791,-1,466,791,449,-1,449,791,792,-1,449,792,447,-1,447,792,793,-1,447,793,441,-1,441,793,794,-1,441,794,430,-1,430,794,795,-1,430,795,428,-1,428,795,796,-1,428,796,426,-1,426,796,797,-1,426,797,424,-1,424,797,798,-1,424,798,418,-1,418,798,799,-1,418,799,409,-1,409,799,800,-1,409,800,407,-1,407,800,801,-1,407,801,404,-1,404,801,802,-1,404,802,402,-1,402,802,803,-1,402,803,400,-1,400,803,804,-1,400,804,398,-1,398,804,805,-1,398,805,380,-1,380,805,806,-1,380,806,382,-1,382,806,807,-1,382,807,375,-1,375,807,808,-1,375,808,373,-1,373,808,809,-1,373,809,371,-1,371,809,810,-1,371,810,369,-1,369,810,811,-1,369,811,174,-1,174,811,812,-1,174,812,11,-1,11,812,813,-1,11,813,175,-1,175,813,814,-1,175,814,176,-1,176,814,815,-1,176,815,181,-1,181,815,816,-1,181,816,182,-1,182,816,817,-1,182,817,187,-1,187,817,818,-1,187,818,8,-1,8,818,819,-1,8,819,192,-1,714,820,725,-1,725,820,821,-1,725,821,822,-1,822,821,823,-1,822,823,824,-1,824,823,825,-1,824,825,826,-1,826,825,827,-1,94,98,95,-1,95,98,97,-1,95,97,282,-1,282,97,828,-1,282,828,285,-1,285,828,829,-1,285,829,290,-1,290,829,830,-1,290,830,294,-1,294,830,831,-1,294,831,728,-1,728,831,832,-1,728,832,729,-1,729,832,833,-1,729,833,730,-1,730,833,834,-1,730,834,731,-1,731,834,835,-1,731,835,732,-1,732,835,836,-1,732,836,733,-1,733,836,837,-1,733,837,734,-1,734,837,838,-1,734,838,735,-1,735,838,839,-1,735,839,736,-1,736,839,840,-1,736,840,737,-1,737,840,841,-1,737,841,738,-1,738,841,842,-1,738,842,739,-1,739,842,843,-1,739,843,740,-1,740,843,844,-1,740,844,741,-1,741,844,845,-1,741,845,742,-1,742,845,846,-1,742,846,743,-1,743,846,847,-1,743,847,744,-1,744,847,848,-1,744,848,745,-1,745,848,849,-1,745,849,746,-1,746,849,850,-1,746,850,747,-1,747,850,851,-1,747,851,748,-1,748,851,852,-1,748,852,749,-1,749,852,853,-1,749,853,750,-1,750,853,854,-1,750,854,751,-1,751,854,855,-1,751,855,752,-1,752,855,856,-1,752,856,753,-1,753,856,857,-1,753,857,754,-1,754,857,858,-1,754,858,755,-1,755,858,859,-1,755,859,756,-1,756,859,860,-1,756,860,757,-1,757,860,861,-1,757,861,758,-1,758,861,862,-1,758,862,759,-1,759,862,863,-1,759,863,760,-1,760,863,864,-1,760,864,761,-1,761,864,865,-1,761,865,762,-1,762,865,866,-1,762,866,763,-1,763,866,867,-1,763,867,764,-1,764,867,868,-1,764,868,765,-1,765,868,869,-1,765,869,766,-1,766,869,870,-1,766,870,767,-1,767,870,871,-1,767,871,768,-1,768,871,872,-1,768,872,769,-1,769,872,873,-1,769,873,770,-1,770,873,874,-1,770,874,771,-1,771,874,875,-1,771,875,772,-1,772,875,876,-1,772,876,773,-1,773,876,877,-1,773,877,774,-1,774,877,878,-1,774,878,775,-1,775,878,879,-1,775,879,776,-1,776,879,880,-1,776,880,777,-1,777,880,881,-1,777,881,778,-1,778,881,882,-1,778,882,779,-1,779,882,883,-1,779,883,780,-1,780,883,884,-1,780,884,781,-1,781,884,885,-1,781,885,782,-1,782,885,886,-1,782,886,783,-1,783,886,887,-1,783,887,784,-1,784,887,888,-1,784,888,785,-1,785,888,889,-1,785,889,786,-1,786,889,890,-1,786,890,787,-1,787,890,891,-1,787,891,788,-1,788,891,892,-1,788,892,789,-1,789,892,893,-1,789,893,790,-1,790,893,894,-1,790,894,791,-1,791,894,895,-1,791,895,792,-1,792,895,896,-1,792,896,793,-1,793,896,897,-1,793,897,794,-1,794,897,898,-1,794,898,795,-1,795,898,899,-1,795,899,796,-1,796,899,900,-1,796,900,797,-1,797,900,901,-1,797,901,798,-1,798,901,902,-1,798,902,799,-1,799,902,903,-1,799,903,800,-1,800,903,904,-1,800,904,801,-1,801,904,905,-1,801,905,802,-1,802,905,906,-1,802,906,803,-1,803,906,907,-1,803,907,804,-1,804,907,908,-1,804,908,805,-1,805,908,909,-1,805,909,806,-1,806,909,910,-1,806,910,807,-1,807,910,911,-1,807,911,808,-1,808,911,912,-1,808,912,809,-1,809,912,913,-1,809,913,810,-1,810,913,914,-1,810,914,811,-1,811,914,915,-1,811,915,812,-1,812,915,916,-1,812,916,813,-1,813,916,917,-1,813,917,814,-1,814,917,918,-1,814,918,815,-1,815,918,919,-1,815,919,816,-1,816,919,920,-1,816,920,817,-1,817,920,921,-1,817,921,818,-1,818,921,922,-1,818,922,819,-1,819,922,923,-1,819,923,192,-1,192,923,39,-1,192,39,194,-1,194,39,33,-1,194,33,198,-1,198,33,17,-1,198,17,199,-1,199,17,19,-1,924,925,827,-1,827,925,926,-1,827,926,826,-1,827,927,924,-1,924,927,928,-1,924,928,929,-1,929,928,930,-1,929,930,931,-1,931,930,932,-1,931,932,933,-1,933,932,934,-1,935,936,937,-1,937,936,938,-1,937,938,939,-1,939,938,940,-1,939,940,941,-1,941,940,942,-1,941,942,943,-1,943,942,944,-1,943,944,934,-1,934,944,945,-1,934,945,933,-1,58,55,56,-1,56,55,54,-1,56,54,57,-1,57,54,946,-1,57,946,61,-1,61,946,947,-1,61,947,64,-1,64,947,948,-1,64,948,66,-1,66,948,949,-1,66,949,69,-1,69,949,950,-1,69,950,71,-1,71,950,951,-1,71,951,74,-1,74,951,952,-1,74,952,77,-1,77,952,953,-1,77,953,79,-1,79,953,954,-1,79,954,81,-1,81,954,955,-1,81,955,83,-1,83,955,956,-1,83,956,86,-1,86,956,957,-1,86,957,89,-1,89,957,958,-1,89,958,91,-1,91,958,959,-1,91,959,97,-1,97,959,960,-1,97,960,828,-1,828,960,961,-1,828,961,829,-1,829,961,962,-1,829,962,830,-1,830,962,963,-1,830,963,831,-1,831,963,964,-1,831,964,832,-1,832,964,965,-1,832,965,833,-1,833,965,966,-1,833,966,834,-1,834,966,967,-1,834,967,835,-1,835,967,968,-1,835,968,836,-1,836,968,969,-1,836,969,837,-1,837,969,970,-1,837,970,838,-1,838,970,971,-1,838,971,839,-1,839,971,972,-1,839,972,840,-1,840,972,973,-1,840,973,841,-1,841,973,974,-1,841,974,842,-1,842,974,975,-1,842,975,843,-1,843,975,976,-1,843,976,844,-1,844,976,977,-1,844,977,845,-1,845,977,978,-1,845,978,846,-1,846,978,979,-1,846,979,847,-1,847,979,980,-1,847,980,848,-1,848,980,981,-1,848,981,849,-1,849,981,982,-1,849,982,850,-1,850,982,983,-1,850,983,851,-1,851,983,984,-1,851,984,852,-1,852,984,985,-1,852,985,853,-1,853,985,986,-1,853,986,854,-1,854,986,987,-1,854,987,855,-1,855,987,988,-1,855,988,856,-1,856,988,989,-1,856,989,857,-1,857,989,990,-1,857,990,858,-1,858,990,991,-1,858,991,859,-1,859,991,992,-1,859,992,860,-1,860,992,993,-1,860,993,861,-1,861,993,994,-1,861,994,862,-1,862,994,995,-1,862,995,863,-1,863,995,996,-1,863,996,864,-1,864,996,997,-1,864,997,865,-1,865,997,998,-1,865,998,866,-1,866,998,999,-1,866,999,867,-1,867,999,1000,-1,867,1000,868,-1,868,1000,1001,-1,868,1001,869,-1,869,1001,1002,-1,869,1002,870,-1,870,1002,1003,-1,870,1003,871,-1,871,1003,1004,-1,871,1004,872,-1,872,1004,1005,-1,872,1005,873,-1,873,1005,1006,-1,873,1006,874,-1,874,1006,1007,-1,874,1007,875,-1,875,1007,1008,-1,875,1008,876,-1,876,1008,1009,-1,876,1009,877,-1,877,1009,1010,-1,877,1010,878,-1,878,1010,1011,-1,878,1011,879,-1,879,1011,1012,-1,879,1012,880,-1,880,1012,1013,-1,880,1013,881,-1,881,1013,1014,-1,881,1014,882,-1,882,1014,1015,-1,882,1015,883,-1,883,1015,1016,-1,883,1016,884,-1,884,1016,1017,-1,884,1017,885,-1,885,1017,1018,-1,885,1018,886,-1,886,1018,1019,-1,886,1019,887,-1,887,1019,1020,-1,887,1020,888,-1,888,1020,1021,-1,888,1021,889,-1,889,1021,1022,-1,889,1022,890,-1,890,1022,1023,-1,890,1023,891,-1,891,1023,1024,-1,891,1024,892,-1,892,1024,1025,-1,892,1025,893,-1,893,1025,1026,-1,893,1026,894,-1,894,1026,1027,-1,894,1027,895,-1,895,1027,1028,-1,895,1028,896,-1,896,1028,1029,-1,896,1029,897,-1,897,1029,1030,-1,897,1030,898,-1,898,1030,1031,-1,898,1031,899,-1,899,1031,1032,-1,899,1032,900,-1,900,1032,1033,-1,900,1033,901,-1,901,1033,1034,-1,901,1034,902,-1,902,1034,1035,-1,902,1035,903,-1,903,1035,1036,-1,903,1036,904,-1,904,1036,1037,-1,904,1037,905,-1,905,1037,1038,-1,905,1038,906,-1,906,1038,1039,-1,906,1039,907,-1,907,1039,1040,-1,907,1040,908,-1,908,1040,1041,-1,908,1041,909,-1,909,1041,1042,-1,909,1042,910,-1,910,1042,1043,-1,910,1043,911,-1,911,1043,1044,-1,911,1044,912,-1,912,1044,1045,-1,912,1045,913,-1,913,1045,1046,-1,913,1046,914,-1,914,1046,1047,-1,914,1047,915,-1,915,1047,1048,-1,915,1048,916,-1,916,1048,1049,-1,916,1049,917,-1,917,1049,1050,-1,917,1050,918,-1,918,1050,1051,-1,918,1051,919,-1,919,1051,1052,-1,919,1052,920,-1,920,1052,1053,-1,920,1053,921,-1,921,1053,1054,-1,921,1054,922,-1,922,1054,1055,-1,922,1055,923,-1,923,1055,1056,-1,923,1056,39,-1,39,1056,1057,-1,39,1057,37,-1,37,1057,1058,-1,37,1058,1059,-1,1059,1058,1060,-1,1059,1060,1061,-1,1061,1060,45,-1,1061,45,1062,-1,1062,45,44,-1,950,1063,951,-1,951,1063,1064,-1,951,1064,952,-1,952,1064,1065,-1,952,1065,953,-1,953,1065,1066,-1,953,1066,954,-1,954,1066,1067,-1,954,1067,955,-1,955,1067,1068,-1,955,1068,956,-1,956,1068,1069,-1,956,1069,957,-1,957,1069,1070,-1,957,1070,958,-1,958,1070,1071,-1,958,1071,959,-1,959,1071,1072,-1,959,1072,960,-1,960,1072,1073,-1,960,1073,961,-1,961,1073,1074,-1,961,1074,962,-1,962,1074,1075,-1,962,1075,963,-1,963,1075,1076,-1,963,1076,964,-1,964,1076,1077,-1,964,1077,965,-1,965,1077,1078,-1,965,1078,966,-1,966,1078,1079,-1,966,1079,967,-1,967,1079,1080,-1,967,1080,968,-1,968,1080,1081,-1,968,1081,969,-1,969,1081,1082,-1,969,1082,970,-1,970,1082,1083,-1,970,1083,971,-1,971,1083,1084,-1,971,1084,972,-1,972,1084,1085,-1,972,1085,973,-1,973,1085,1086,-1,973,1086,974,-1,974,1086,1087,-1,974,1087,975,-1,975,1087,1088,-1,975,1088,976,-1,976,1088,1089,-1,976,1089,977,-1,977,1089,1090,-1,977,1090,978,-1,978,1090,1091,-1,978,1091,979,-1,979,1091,1092,-1,979,1092,980,-1,980,1092,1093,-1,980,1093,981,-1,981,1093,1094,-1,981,1094,982,-1,982,1094,1095,-1,982,1095,983,-1,983,1095,1096,-1,983,1096,984,-1,984,1096,1097,-1,984,1097,985,-1,985,1097,1098,-1,985,1098,986,-1,986,1098,1099,-1,986,1099,987,-1,987,1099,1100,-1,987,1100,988,-1,988,1100,1101,-1,988,1101,989,-1,989,1101,1102,-1,989,1102,990,-1,990,1102,1103,-1,990,1103,991,-1,991,1103,1104,-1,991,1104,992,-1,992,1104,1105,-1,992,1105,993,-1,993,1105,1106,-1,993,1106,994,-1,994,1106,1107,-1,994,1107,995,-1,995,1107,1108,-1,995,1108,996,-1,996,1108,1109,-1,996,1109,997,-1,997,1109,1110,-1,997,1110,998,-1,998,1110,1111,-1,998,1111,999,-1,999,1111,1112,-1,999,1112,1000,-1,1000,1112,1113,-1,1000,1113,1001,-1,1001,1113,1114,-1,1001,1114,1002,-1,1002,1114,1115,-1,1002,1115,1003,-1,1003,1115,1116,-1,1003,1116,1004,-1,1004,1116,1117,-1,1004,1117,1005,-1,1005,1117,1118,-1,1005,1118,1006,-1,1006,1118,1119,-1,1006,1119,1007,-1,1007,1119,1120,-1,1007,1120,1008,-1,1008,1120,1121,-1,1008,1121,1009,-1,1009,1121,1122,-1,1009,1122,1010,-1,1010,1122,1123,-1,1010,1123,1011,-1,1011,1123,1124,-1,1011,1124,1012,-1,1012,1124,1125,-1,1012,1125,1013,-1,1013,1125,1126,-1,1013,1126,1014,-1,1014,1126,1127,-1,1014,1127,1015,-1,1015,1127,1128,-1,1015,1128,1016,-1,1016,1128,1129,-1,1016,1129,1017,-1,1017,1129,1130,-1,1017,1130,1018,-1,1018,1130,1131,-1,1018,1131,1019,-1,1019,1131,1132,-1,1019,1132,1020,-1,1020,1132,1133,-1,1020,1133,1021,-1,1021,1133,1134,-1,1021,1134,1022,-1,1022,1134,1135,-1,1022,1135,1023,-1,1023,1135,1136,-1,1023,1136,1024,-1,1024,1136,1137,-1,1024,1137,1025,-1,1025,1137,1138,-1,1025,1138,1026,-1,1026,1138,1139,-1,1026,1139,1027,-1,1027,1139,1140,-1,1027,1140,1028,-1,1028,1140,1141,-1,1028,1141,1029,-1,1029,1141,1142,-1,1029,1142,1030,-1,1030,1142,1143,-1,1030,1143,1031,-1,1031,1143,1144,-1,1031,1144,1032,-1,1032,1144,1145,-1,1032,1145,1033,-1,1033,1145,1146,-1,1033,1146,1034,-1,1034,1146,1147,-1,1034,1147,1035,-1,1035,1147,1148,-1,1035,1148,1036,-1,1036,1148,1149,-1,1036,1149,1037,-1,1037,1149,1150,-1,1037,1150,1038,-1,1038,1150,1151,-1,1038,1151,1039,-1,1039,1151,1152,-1,1039,1152,1040,-1,1040,1152,1153,-1,1040,1153,1041,-1,1041,1153,1154,-1,1041,1154,1042,-1,1042,1154,1155,-1,1042,1155,1043,-1,1043,1155,1156,-1,1043,1156,1044,-1,1044,1156,1157,-1,1044,1157,1045,-1,1045,1157,1158,-1,1045,1158,1046,-1,1046,1158,1159,-1,1046,1159,1047,-1,1047,1159,1160,-1,1047,1160,1048,-1,1048,1160,1161,-1,1048,1161,1049,-1,1049,1161,1162,-1,1049,1162,1050,-1,1050,1162,1163,-1,1050,1163,1051,-1,1051,1163,1164,-1,1051,1164,1052,-1,1052,1164,1165,-1,1052,1165,1053,-1,1053,1165,1166,-1,1053,1166,1054,-1,1054,1166,1167,-1,1054,1167,1055,-1,1055,1167,1168,-1,1055,1168,1056,-1,1056,1168,1169,-1,1056,1169,1057,-1,1057,1169,1170,-1,1057,1170,1058,-1,1058,1170,1171,-1,1058,1171,1060,-1,1060,1171,1172,-1,1060,1172,45,-1,45,1172,1173,-1,45,1173,42,-1,42,1173,1174,-1,42,1174,47,-1,47,1174,1175,-1,47,1175,49,-1,49,1175,1176,-1,49,1176,51,-1,51,1176,1177,-1,51,1177,54,-1,54,1177,1178,-1,54,1178,946,-1,946,1178,1179,-1,946,1179,947,-1,947,1179,1180,-1,947,1180,948,-1,948,1180,1181,-1,948,1181,949,-1,949,1181,1182,-1,949,1182,950,-1,950,1182,1063,-1,1063,1183,1064,-1,1064,1183,935,-1,1064,935,1065,-1,1065,935,937,-1,1065,937,1066,-1,1066,937,939,-1,1066,939,1067,-1,1067,939,941,-1,1067,941,1068,-1,1068,941,943,-1,1068,943,1069,-1,1069,943,934,-1,1069,934,1070,-1,1070,934,932,-1,1070,932,1071,-1,1071,932,930,-1,1071,930,1072,-1,1072,930,928,-1,1072,928,1073,-1,1073,928,927,-1,1073,927,1074,-1,1074,927,827,-1,1074,827,1075,-1,1075,827,825,-1,1075,825,1076,-1,1076,825,823,-1,1076,823,1077,-1,1077,823,821,-1,1077,821,1078,-1,1078,821,820,-1,1078,820,1079,-1,1079,820,714,-1,1079,714,1080,-1,1080,714,716,-1,1080,716,1081,-1,1081,716,718,-1,1081,718,1082,-1,1082,718,720,-1,1082,720,1083,-1,1083,720,722,-1,1083,722,1084,-1,1084,722,703,-1,1084,703,1085,-1,1085,703,705,-1,1085,705,1086,-1,1086,705,707,-1,1086,707,1087,-1,1087,707,709,-1,1087,709,1088,-1,1088,709,711,-1,1088,711,1089,-1,1089,711,680,-1,1089,680,1090,-1,1090,680,682,-1,1090,682,1091,-1,1091,682,684,-1,1091,684,1092,-1,1092,684,686,-1,1092,686,1093,-1,1093,686,659,-1,1093,659,1094,-1,1094,659,661,-1,1094,661,1095,-1,1095,661,663,-1,1095,663,1096,-1,1096,663,665,-1,1096,665,1097,-1,1097,665,667,-1,1097,667,1098,-1,1098,667,635,-1,1098,635,1099,-1,1099,635,637,-1,1099,637,1100,-1,1100,637,639,-1,1100,639,1101,-1,1101,639,641,-1,1101,641,1102,-1,1102,641,616,-1,1102,616,1103,-1,1103,616,618,-1,1103,618,1104,-1,1104,618,620,-1,1104,620,1105,-1,1105,620,622,-1,1105,622,1106,-1,1106,622,598,-1,1106,598,1107,-1,1107,598,600,-1,1107,600,1108,-1,1108,600,602,-1,1108,602,1109,-1,1109,602,604,-1,1109,604,1110,-1,1110,604,606,-1,1110,606,1111,-1,1111,606,575,-1,1111,575,1112,-1,1112,575,577,-1,1112,577,1113,-1,1113,577,579,-1,1113,579,1114,-1,1114,579,581,-1,1114,581,1115,-1,1115,581,583,-1,1115,583,1116,-1,1116,583,535,-1,1116,535,1117,-1,1117,535,537,-1,1117,537,1118,-1,1118,537,539,-1,1118,539,1119,-1,1119,539,541,-1,1119,541,1120,-1,1120,541,543,-1,1120,543,1121,-1,1121,543,545,-1,1121,545,1122,-1,1122,545,547,-1,1122,547,1123,-1,1123,547,549,-1,1123,549,1124,-1,1124,549,511,-1,1124,511,1125,-1,1125,511,509,-1,1125,509,1126,-1,1126,509,507,-1,1126,507,1127,-1,1127,507,505,-1,1127,505,1128,-1,1128,505,503,-1,1128,503,1129,-1,1129,503,501,-1,1129,501,1130,-1,1130,501,499,-1,1130,499,1131,-1,1131,499,498,-1,1131,498,1132,-1,1132,498,494,-1,1132,494,1133,-1,1133,494,492,-1,1133,492,1134,-1,1134,492,490,-1,1134,490,1135,-1,1135,490,489,-1,1135,489,1136,-1,1136,489,476,-1,1136,476,1137,-1,1137,476,474,-1,1137,474,1138,-1,1138,474,472,-1,1138,472,1139,-1,1139,472,470,-1,1139,470,1140,-1,1140,470,469,-1,1140,469,1141,-1,1141,469,455,-1,1141,455,1142,-1,1142,455,453,-1,1142,453,1143,-1,1143,453,451,-1,1143,451,1144,-1,1144,451,450,-1,1144,450,1145,-1,1145,450,438,-1,1145,438,1146,-1,1146,438,436,-1,1146,436,1147,-1,1147,436,434,-1,1147,434,1148,-1,1148,434,432,-1,1148,432,1149,-1,1149,432,431,-1,1149,431,1150,-1,1150,431,415,-1,1150,415,1151,-1,1151,415,413,-1,1151,413,1152,-1,1152,413,411,-1,1152,411,1153,-1,1153,411,410,-1,1153,410,1154,-1,1154,410,392,-1,1154,392,1155,-1,1155,392,390,-1,1155,390,1156,-1,1156,390,388,-1,1156,388,1157,-1,1157,388,386,-1,1157,386,1158,-1,1158,386,385,-1,1158,385,1159,-1,1159,385,366,-1,1159,366,1160,-1,1160,366,364,-1,1160,364,1161,-1,1161,364,362,-1,1161,362,1162,-1,1162,362,360,-1,1162,360,1163,-1,1163,360,359,-1,1163,359,1164,-1,1164,359,355,-1,1164,355,1165,-1,1165,355,353,-1,1165,353,1166,-1,1166,353,351,-1,1166,351,1167,-1,1167,351,349,-1,1167,349,1168,-1,1168,349,348,-1,1168,348,1169,-1,1169,348,344,-1,1169,344,1170,-1,1170,344,342,-1,1170,342,1171,-1,1171,342,340,-1,1171,340,1172,-1,1172,340,338,-1,1172,338,1173,-1,1173,338,337,-1,1173,337,1174,-1,1174,337,332,-1,1174,332,1175,-1,1175,332,330,-1,1175,330,1176,-1,1176,330,328,-1,1176,328,1177,-1,1177,328,326,-1,1177,326,1178,-1,1178,326,325,-1,1178,325,1179,-1,1179,325,324,-1,1179,324,1180,-1,1180,324,1184,-1,1180,1184,1181,-1,1181,1184,1185,-1,1181,1185,1182,-1,1182,1185,1186,-1,1182,1186,1063,-1,1063,1186,1183,-1,323,1187,324,-1,324,1187,1188,-1,324,1188,1184,-1,1184,1188,1189,-1,1184,1189,1185,-1,1185,1189,1190,-1,1185,1190,1186,-1,1186,1190,1191,-1,1186,1191,1183,-1,1183,1191,1192,-1,1183,1192,935,-1,935,1192,1193,-1,935,1193,936,-1,1194,1195,1196,-1,1197,1198,1199,-1,1200,1201,1202,-1,1203,1204,1205,-1,1206,1207,1208,-1,1209,1210,1211,-1,1212,1213,1214,-1,1215,1216,1217,-1,1218,1219,1220,-1,1221,1222,1223,-1,1224,1225,1226,-1,1227,1228,1229,-1,1230,1231,1232,-1,1233,1234,1235,-1,1236,1237,1238,-1,1239,1240,1241,-1,1242,1243,1244,-1,1245,1246,1247,-1,263,262,1248,-1,317,316,1249,-1,1250,1251,1252,-1,1252,1251,1253,-1,1252,1253,1254,-1,1255,222,221,-1,215,1252,216,-1,216,1252,1254,-1,216,1254,221,-1,221,1254,1256,-1,221,1256,1255,-1,1255,1257,222,-1,222,1257,1258,-1,222,1258,208,-1,208,1258,1259,-1,208,1259,210,-1,210,1259,213,-1,213,1259,1260,-1,213,1260,206,-1,206,1260,1261,-1,206,1261,205,-1,1262,203,1261,-1,1261,203,204,-1,1261,204,205,-1,1263,197,1262,-1,1262,197,196,-1,1262,196,203,-1,1264,201,1263,-1,1263,201,200,-1,1263,200,197,-1,191,193,1265,-1,1265,193,195,-1,1265,195,1264,-1,1264,195,202,-1,1264,202,201,-1,191,1265,4,-1,4,1265,1266,-1,4,1266,5,-1,1267,336,1268,-1,1268,336,3,-1,1269,190,189,-1,189,188,1269,-1,1269,188,7,-1,1269,7,1267,-1,1267,7,6,-1,1267,6,336,-1,190,1269,183,-1,183,1269,1270,-1,183,1270,184,-1,184,1270,185,-1,185,1270,1271,-1,185,1271,186,-1,186,1271,177,-1,177,1271,1272,-1,177,1272,178,-1,178,1272,179,-1,179,1272,1273,-1,179,1273,180,-1,180,1273,1274,-1,180,1274,9,-1,9,1274,10,-1,10,1274,1234,-1,10,1234,171,-1,171,1234,1233,-1,171,1233,172,-1,1275,1276,314,-1,314,321,1275,-1,1275,321,320,-1,1275,320,1277,-1,1277,320,319,-1,1277,319,317,-1,1278,1279,308,-1,308,312,1278,-1,1278,312,311,-1,1278,311,1276,-1,1276,311,315,-1,1276,315,314,-1,1280,301,1281,-1,1281,301,303,-1,303,306,1281,-1,1281,306,305,-1,1281,305,1279,-1,1279,305,309,-1,1279,309,308,-1,1282,296,1283,-1,1283,296,298,-1,1283,298,1280,-1,1280,298,300,-1,1280,300,301,-1,1284,291,1285,-1,1285,291,289,-1,289,288,1285,-1,1285,288,293,-1,1285,293,1286,-1,1287,1288,283,-1,283,287,1287,-1,1287,287,286,-1,1287,286,1284,-1,1284,286,292,-1,1284,292,291,-1,279,277,1289,-1,1289,277,276,-1,1289,276,1288,-1,1288,276,284,-1,1288,284,283,-1,272,280,1290,-1,1290,280,1291,-1,1248,262,1292,-1,1293,1294,1295,-1,1295,1294,1296,-1,1295,1296,1297,-1,1297,1298,1295,-1,1295,1298,1299,-1,1295,1299,1300,-1,272,1290,273,-1,273,1290,1295,-1,273,1295,262,-1,262,1295,1300,-1,262,1300,1292,-1,1301,271,1302,-1,1302,271,269,-1,1302,269,1248,-1,1248,269,268,-1,1248,268,263,-1,1302,1303,1301,-1,1301,1303,1304,-1,1301,1304,1305,-1,1305,1304,1246,-1,1246,1304,1306,-1,1246,1306,1247,-1,1307,1308,1306,-1,1307,1306,1309,-1,1308,1310,1306,-1,1306,1310,1311,-1,1306,1311,1247,-1,1245,1247,1312,-1,1312,1247,1313,-1,1312,1313,1314,-1,1314,1315,1312,-1,1312,1315,1316,-1,1312,1316,1317,-1,1317,1316,1318,-1,1317,1318,1319,-1,1319,1318,1320,-1,1319,1320,1242,-1,1242,1320,1321,-1,1242,1321,1243,-1,1322,1323,1324,-1,1324,1323,1325,-1,1324,1325,1326,-1,1326,1325,1327,-1,1326,1327,1244,-1,1244,1327,1328,-1,1244,1328,1242,-1,1324,1329,1322,-1,1322,1329,1330,-1,1322,1330,1331,-1,1332,1333,1334,-1,1334,1333,1335,-1,1332,1336,1333,-1,1333,1336,1337,-1,1333,1337,1338,-1,1330,1335,1331,-1,1331,1335,1333,-1,1331,1333,1250,-1,1250,1333,1339,-1,1250,1339,1251,-1,1340,1341,1289,-1,1341,1342,1289,-1,1289,1342,1291,-1,1289,1291,279,-1,279,1291,280,-1,1343,1344,1345,-1,1345,1344,1346,-1,1345,1347,1343,-1,1343,1347,1348,-1,1343,1348,1349,-1,1349,1348,1350,-1,1349,1350,1351,-1,1351,1350,1352,-1,1351,1352,1353,-1,1353,1352,1354,-1,1353,1354,1355,-1,1355,1354,1356,-1,1355,1356,1357,-1,1357,1356,1358,-1,1357,1358,1359,-1,1360,1361,1362,-1,1362,1361,1363,-1,1362,1363,1364,-1,1364,1363,1365,-1,1364,1365,1366,-1,1366,1365,1367,-1,1366,1367,1358,-1,1358,1367,1368,-1,1358,1368,1359,-1,1369,1370,1360,-1,1360,1370,1371,-1,1360,1371,1361,-1,1372,1373,1374,-1,1374,1373,1375,-1,1374,1375,1376,-1,1376,1375,1377,-1,1376,1377,1378,-1,1378,1377,1379,-1,1378,1379,1369,-1,1369,1379,1380,-1,1369,1380,1370,-1,1381,1382,1372,-1,1372,1382,1383,-1,1372,1383,1373,-1,1262,1384,1385,-1,1384,1262,1386,-1,1386,1262,1261,-1,1386,1261,1387,-1,1387,1261,1260,-1,1387,1260,1388,-1,1389,1390,1391,-1,1389,1391,1392,-1,1392,1391,1393,-1,1392,1393,1394,-1,1388,1260,1390,-1,1390,1260,1395,-1,1390,1395,1391,-1,1391,1395,1396,-1,1391,1396,1397,-1,1240,1398,1241,-1,1241,1398,1399,-1,1241,1399,1400,-1,1400,1399,1401,-1,1400,1401,1402,-1,1402,1401,1403,-1,1402,1403,1404,-1,1404,1403,1405,-1,1404,1405,1406,-1,1406,1405,1407,-1,1406,1407,1408,-1,1408,1407,1409,-1,1408,1409,1410,-1,1410,1409,1411,-1,1410,1411,1412,-1,1412,1411,1413,-1,1412,1413,1414,-1,1414,1413,1415,-1,1414,1415,1416,-1,1416,1417,1414,-1,1414,1417,1418,-1,1414,1418,1419,-1,1419,1418,1420,-1,1419,1420,1421,-1,1421,1420,1422,-1,1422,1420,1423,-1,1422,1423,1424,-1,1425,1238,1424,-1,1424,1238,1426,-1,1295,1427,1428,-1,1428,1427,1426,-1,1342,1429,1291,-1,1291,1429,1430,-1,1291,1430,1290,-1,1290,1430,1431,-1,1290,1431,1295,-1,1295,1431,1432,-1,1295,1432,1427,-1,1433,1434,1435,-1,1435,1434,1436,-1,1434,1437,1436,-1,1436,1437,1438,-1,1436,1438,1306,-1,1306,1438,1439,-1,1306,1439,1309,-1,1426,1238,1428,-1,1428,1238,1237,-1,1428,1237,1440,-1,1440,1441,1428,-1,1428,1441,1442,-1,1428,1442,1295,-1,1295,1442,1443,-1,1295,1443,1293,-1,1423,1444,1424,-1,1424,1444,1445,-1,1424,1445,1425,-1,1425,1445,1446,-1,1425,1446,1238,-1,1238,1446,1447,-1,1238,1447,1236,-1,1448,1449,1396,-1,1241,1397,1239,-1,1239,1397,1396,-1,1239,1396,1450,-1,1450,1396,1449,-1,1259,1451,1260,-1,1260,1451,1452,-1,1260,1452,1395,-1,1395,1452,1453,-1,1453,1454,1395,-1,1395,1454,1455,-1,1395,1455,1456,-1,1456,1457,1395,-1,1395,1457,1458,-1,1395,1458,1396,-1,1396,1458,1459,-1,1396,1459,1448,-1,1337,1460,1338,-1,1338,1460,1461,-1,1338,1461,1462,-1,1462,1463,1338,-1,1338,1463,1464,-1,1338,1464,1465,-1,1466,1467,1468,-1,1465,1469,1338,-1,1338,1469,1466,-1,1338,1466,1470,-1,1470,1466,1468,-1,1470,1468,1471,-1,1472,1473,1474,-1,1474,1473,1475,-1,1474,1475,1476,-1,1476,1475,1477,-1,1476,1477,1196,-1,1478,1479,1480,-1,1480,1479,1481,-1,1480,1481,1482,-1,1482,1481,1483,-1,1482,1483,1484,-1,1485,1486,1487,-1,1487,1486,1488,-1,1487,1488,1489,-1,1489,1488,1490,-1,1489,1490,1491,-1,1491,1490,1492,-1,1491,1492,1493,-1,1493,1492,1494,-1,1493,1494,1472,-1,1472,1494,1495,-1,1472,1495,1473,-1,1483,1496,1484,-1,1484,1496,1497,-1,1484,1497,1498,-1,1497,1499,1498,-1,1498,1499,1500,-1,1498,1500,1501,-1,1501,1500,1502,-1,1501,1502,1503,-1,1503,1502,1504,-1,1503,1504,1505,-1,1505,1504,1506,-1,1505,1506,1507,-1,1508,1509,1510,-1,1510,1509,1511,-1,1510,1511,1512,-1,1512,1511,1513,-1,1512,1513,1514,-1,1514,1513,1515,-1,1514,1515,1516,-1,1516,1515,1517,-1,1516,1517,1485,-1,1485,1517,1518,-1,1485,1518,1486,-1,1506,1519,1507,-1,1507,1519,1520,-1,1507,1520,1521,-1,1520,1522,1521,-1,1521,1522,1523,-1,1521,1523,1524,-1,1524,1523,1525,-1,1524,1525,1526,-1,1527,1528,1529,-1,1529,1528,1530,-1,1529,1530,1531,-1,1531,1530,1532,-1,1531,1532,1533,-1,1533,1532,1534,-1,1533,1534,1508,-1,1508,1534,1535,-1,1508,1535,1509,-1,1525,1536,1526,-1,1526,1536,1537,-1,1526,1537,1538,-1,1538,1537,1539,-1,1538,1539,1540,-1,1539,1541,1540,-1,1540,1541,1542,-1,1540,1542,1543,-1,1544,1545,1546,-1,1546,1545,1547,-1,1546,1547,1548,-1,1548,1547,1549,-1,1548,1549,1550,-1,1550,1549,1551,-1,1550,1551,1552,-1,1552,1551,1553,-1,1552,1553,1527,-1,1527,1553,1554,-1,1527,1554,1528,-1,1542,1555,1543,-1,1543,1555,1556,-1,1543,1556,1557,-1,1557,1556,1558,-1,1557,1558,1559,-1,1559,1558,1560,-1,1559,1560,1561,-1,1561,1560,1562,-1,1561,1562,1563,-1,1562,1564,1563,-1,1563,1564,1565,-1,1563,1565,1566,-1,1566,1565,1567,-1,1566,1567,1568,-1,1567,1569,1568,-1,1568,1569,1570,-1,1568,1570,1571,-1,1572,1573,1574,-1,1574,1573,1575,-1,1574,1575,1576,-1,1576,1575,1577,-1,1576,1577,1578,-1,1578,1577,1579,-1,1578,1579,1580,-1,1580,1579,1581,-1,1580,1581,1544,-1,1544,1581,1582,-1,1544,1582,1545,-1,1570,1583,1571,-1,1571,1583,1584,-1,1571,1584,1585,-1,1585,1584,1586,-1,1585,1586,1587,-1,1587,1586,1588,-1,1587,1588,1235,-1,1235,1588,1589,-1,1235,1589,1233,-1,1590,1591,1592,-1,1592,1591,1593,-1,1592,1593,1594,-1,1594,1593,1595,-1,1594,1595,1596,-1,1596,1595,1597,-1,1596,1597,1598,-1,1598,1597,1599,-1,1598,1599,1572,-1,1572,1599,1600,-1,1572,1600,1573,-1,1601,1602,1603,-1,1603,1602,1604,-1,1603,1604,1605,-1,1605,1604,1606,-1,1605,1606,1607,-1,1607,1606,1608,-1,1607,1608,1590,-1,1590,1608,1609,-1,1590,1609,1591,-1,1610,1611,1612,-1,1612,1611,1613,-1,1612,1613,1614,-1,1614,1613,1615,-1,1614,1615,1616,-1,1616,1615,1617,-1,1616,1617,1618,-1,1618,1617,1619,-1,1618,1619,1601,-1,1601,1619,1620,-1,1601,1620,1602,-1,1621,1622,1623,-1,1623,1622,1624,-1,1623,1624,1625,-1,1625,1624,1626,-1,1625,1626,1627,-1,1627,1626,1628,-1,1627,1628,1629,-1,1629,1628,1630,-1,1629,1630,1610,-1,1610,1630,1631,-1,1610,1631,1611,-1,1632,1633,1634,-1,1634,1633,1635,-1,1634,1635,1636,-1,1636,1635,1637,-1,1636,1637,1638,-1,1638,1637,1639,-1,1638,1639,1640,-1,1640,1639,1641,-1,1640,1641,1621,-1,1621,1641,1642,-1,1621,1642,1622,-1,1196,1195,1476,-1,1476,1195,1643,-1,1476,1643,1474,-1,1474,1643,1644,-1,1474,1644,1472,-1,1472,1644,1645,-1,1472,1645,1493,-1,1493,1645,1646,-1,1493,1646,1491,-1,1491,1646,1647,-1,1491,1647,1489,-1,1489,1647,1648,-1,1489,1648,1487,-1,1487,1648,1649,-1,1487,1649,1485,-1,1485,1649,1650,-1,1485,1650,1516,-1,1516,1650,1651,-1,1516,1651,1514,-1,1514,1651,1652,-1,1514,1652,1512,-1,1512,1652,1653,-1,1512,1653,1510,-1,1510,1653,1654,-1,1510,1654,1508,-1,1508,1654,1655,-1,1508,1655,1533,-1,1533,1655,1656,-1,1533,1656,1531,-1,1531,1656,1657,-1,1531,1657,1529,-1,1529,1657,1658,-1,1529,1658,1527,-1,1527,1658,1659,-1,1527,1659,1552,-1,1552,1659,1660,-1,1552,1660,1550,-1,1550,1660,1661,-1,1550,1661,1548,-1,1548,1661,1662,-1,1548,1662,1546,-1,1546,1662,1663,-1,1546,1663,1544,-1,1544,1663,1664,-1,1544,1664,1580,-1,1580,1664,1665,-1,1580,1665,1578,-1,1578,1665,1666,-1,1578,1666,1576,-1,1576,1666,1667,-1,1576,1667,1574,-1,1574,1667,1668,-1,1574,1668,1572,-1,1572,1668,1669,-1,1572,1669,1598,-1,1598,1669,1670,-1,1598,1670,1596,-1,1596,1670,1671,-1,1596,1671,1594,-1,1594,1671,1672,-1,1594,1672,1592,-1,1592,1672,1673,-1,1592,1673,1590,-1,1590,1673,1674,-1,1590,1674,1607,-1,1607,1674,1675,-1,1607,1675,1605,-1,1605,1675,1676,-1,1605,1676,1603,-1,1603,1676,1677,-1,1603,1677,1601,-1,1601,1677,1678,-1,1601,1678,1618,-1,1618,1678,1679,-1,1618,1679,1616,-1,1616,1679,1680,-1,1616,1680,1614,-1,1614,1680,1681,-1,1614,1681,1612,-1,1612,1681,1682,-1,1612,1682,1610,-1,1610,1682,1683,-1,1610,1683,1629,-1,1629,1683,1684,-1,1629,1684,1627,-1,1627,1684,1685,-1,1627,1685,1625,-1,1625,1685,1686,-1,1625,1686,1623,-1,1623,1686,1687,-1,1623,1687,1621,-1,1621,1687,1688,-1,1621,1688,1640,-1,1640,1688,1689,-1,1640,1689,1638,-1,1638,1689,1690,-1,1638,1690,1636,-1,1636,1690,1691,-1,1636,1691,1634,-1,1634,1691,1692,-1,1634,1692,1632,-1,1632,1692,1693,-1,1632,1693,1694,-1,1694,1693,1695,-1,1694,1695,1696,-1,1696,1695,1697,-1,1696,1697,1698,-1,1698,1697,1699,-1,1698,1699,1700,-1,1700,1699,1701,-1,1700,1701,1702,-1,1702,1701,1703,-1,1702,1703,1704,-1,1704,1703,1705,-1,1704,1705,1706,-1,1706,1707,1704,-1,1704,1707,1708,-1,1704,1708,1702,-1,1702,1708,1709,-1,1702,1709,1700,-1,1700,1709,1710,-1,1700,1710,1698,-1,1698,1710,1711,-1,1698,1711,1696,-1,1696,1711,1712,-1,1696,1712,1694,-1,1694,1712,1713,-1,1694,1713,1632,-1,1632,1713,1714,-1,1632,1714,1633,-1,1715,1716,1706,-1,1706,1716,1717,-1,1706,1717,1707,-1,1232,1231,1718,-1,1718,1231,1719,-1,1718,1719,1720,-1,1720,1719,1721,-1,1720,1721,1722,-1,1705,1230,1706,-1,1706,1230,1232,-1,1706,1232,1715,-1,1715,1232,1718,-1,1715,1718,1723,-1,1723,1718,1720,-1,1723,1720,1724,-1,1724,1720,1722,-1,1725,1726,1722,-1,1722,1726,1727,-1,1722,1727,1724,-1,1229,1228,1728,-1,1728,1228,1729,-1,1728,1729,1730,-1,1730,1729,1731,-1,1730,1731,1732,-1,1732,1731,1733,-1,1732,1733,1734,-1,1721,1227,1722,-1,1722,1227,1229,-1,1722,1229,1725,-1,1725,1229,1728,-1,1725,1728,1735,-1,1735,1728,1730,-1,1735,1730,1736,-1,1736,1730,1732,-1,1736,1732,1737,-1,1737,1732,1734,-1,1738,1739,1734,-1,1734,1739,1740,-1,1734,1740,1737,-1,1226,1225,1741,-1,1741,1225,1742,-1,1741,1742,1743,-1,1743,1742,1744,-1,1743,1744,1745,-1,1745,1744,1746,-1,1745,1746,1747,-1,1733,1224,1734,-1,1734,1224,1226,-1,1734,1226,1738,-1,1738,1226,1741,-1,1738,1741,1748,-1,1748,1741,1743,-1,1748,1743,1749,-1,1749,1743,1745,-1,1749,1745,1750,-1,1750,1745,1747,-1,1751,1752,1747,-1,1747,1752,1753,-1,1747,1753,1750,-1,317,1249,1277,-1,1277,1249,1754,-1,1277,1754,1755,-1,1755,1754,1756,-1,1755,1756,1757,-1,1223,1222,1758,-1,1758,1222,1759,-1,1758,1759,1760,-1,1760,1759,1761,-1,1760,1761,1762,-1,1762,1761,1763,-1,1762,1763,1764,-1,1746,1221,1747,-1,1747,1221,1223,-1,1747,1223,1751,-1,1751,1223,1758,-1,1751,1758,1765,-1,1765,1758,1760,-1,1765,1760,1766,-1,1766,1760,1762,-1,1766,1762,1767,-1,1767,1762,1764,-1,1768,1769,1764,-1,1764,1769,1770,-1,1764,1770,1767,-1,1756,1771,1757,-1,1757,1771,1772,-1,1757,1772,1773,-1,1773,1772,1774,-1,1773,1774,1775,-1,1775,1774,1776,-1,1775,1776,1777,-1,1777,1776,1778,-1,1777,1778,1779,-1,1778,1780,1779,-1,1779,1780,1781,-1,1779,1781,1782,-1,1220,1219,1783,-1,1783,1219,1784,-1,1783,1784,1785,-1,1785,1784,1786,-1,1785,1786,1787,-1,1787,1786,1788,-1,1787,1788,1789,-1,1763,1218,1764,-1,1764,1218,1220,-1,1764,1220,1768,-1,1768,1220,1783,-1,1768,1783,1790,-1,1790,1783,1785,-1,1790,1785,1791,-1,1791,1785,1787,-1,1791,1787,1792,-1,1792,1787,1789,-1,1781,1793,1782,-1,1782,1793,1794,-1,1782,1794,1795,-1,1795,1794,1796,-1,1795,1796,1797,-1,1798,1799,1789,-1,1789,1799,1800,-1,1789,1800,1792,-1,1796,1801,1797,-1,1797,1801,1802,-1,1797,1802,1803,-1,1803,1802,1804,-1,1803,1804,1805,-1,1805,1804,1806,-1,1806,1804,1807,-1,1806,1807,1808,-1,1217,1216,1809,-1,1809,1216,1810,-1,1809,1810,1811,-1,1811,1810,1812,-1,1811,1812,1813,-1,1788,1215,1789,-1,1789,1215,1217,-1,1789,1217,1798,-1,1798,1217,1809,-1,1798,1809,1814,-1,1814,1809,1811,-1,1814,1811,1815,-1,1815,1811,1813,-1,1816,1817,1813,-1,1813,1817,1818,-1,1813,1818,1815,-1,1808,1819,1806,-1,1806,1819,1820,-1,1806,1820,1821,-1,1821,1820,1822,-1,1821,1822,1823,-1,1823,1822,1824,-1,1823,1824,1825,-1,1214,1213,1826,-1,1826,1213,1827,-1,1826,1827,1828,-1,1828,1827,1829,-1,1828,1829,1830,-1,1830,1829,1831,-1,1830,1831,1832,-1,1812,1212,1813,-1,1813,1212,1214,-1,1813,1214,1816,-1,1816,1214,1826,-1,1816,1826,1833,-1,1833,1826,1828,-1,1833,1828,1834,-1,1834,1828,1830,-1,1834,1830,1835,-1,1835,1830,1832,-1,1824,1836,1825,-1,1825,1836,1837,-1,1825,1837,1838,-1,1838,1837,1839,-1,1838,1839,1840,-1,1840,1839,1841,-1,1840,1841,1842,-1,1843,1844,1832,-1,1832,1844,1845,-1,1832,1845,1835,-1,1841,1846,1842,-1,1842,1846,1847,-1,1842,1847,1848,-1,1211,1210,1849,-1,1849,1210,1850,-1,1849,1850,1851,-1,1851,1850,1852,-1,1851,1852,1853,-1,1831,1209,1832,-1,1832,1209,1211,-1,1832,1211,1843,-1,1843,1211,1849,-1,1843,1849,1854,-1,1854,1849,1851,-1,1854,1851,1855,-1,1855,1851,1853,-1,1847,1856,1848,-1,1848,1856,1857,-1,1848,1857,1858,-1,1858,1857,1859,-1,1858,1859,1860,-1,1860,1859,1861,-1,1860,1861,1862,-1,1863,1864,1853,-1,1853,1864,1865,-1,1853,1865,1855,-1,1861,1866,1862,-1,1862,1866,1867,-1,1862,1867,1868,-1,1868,1867,1869,-1,1868,1869,1870,-1,1869,1871,1870,-1,1870,1871,1872,-1,1870,1872,1873,-1,1873,1872,1874,-1,1873,1874,1875,-1,1208,1207,1876,-1,1876,1207,1877,-1,1876,1877,1878,-1,1878,1877,1879,-1,1878,1879,1880,-1,1880,1879,1881,-1,1880,1881,1882,-1,1852,1206,1853,-1,1853,1206,1208,-1,1853,1208,1863,-1,1863,1208,1876,-1,1863,1876,1883,-1,1883,1876,1878,-1,1883,1878,1884,-1,1884,1878,1880,-1,1884,1880,1885,-1,1885,1880,1882,-1,1886,1887,1882,-1,1882,1887,1888,-1,1882,1888,1885,-1,1874,1889,1875,-1,1875,1889,1890,-1,1875,1890,1891,-1,1891,1890,1892,-1,1891,1892,1893,-1,1893,1892,1894,-1,1893,1894,1895,-1,1895,1894,1896,-1,1895,1896,1897,-1,1897,1896,1898,-1,1897,1898,1899,-1,1205,1204,1900,-1,1900,1204,1901,-1,1900,1901,1902,-1,1902,1901,1903,-1,1902,1903,1904,-1,1904,1903,1905,-1,1904,1905,1906,-1,1881,1203,1882,-1,1882,1203,1205,-1,1882,1205,1886,-1,1886,1205,1900,-1,1886,1900,1907,-1,1907,1900,1902,-1,1907,1902,1908,-1,1908,1902,1904,-1,1908,1904,1909,-1,1909,1904,1906,-1,1910,1911,1906,-1,1906,1911,1912,-1,1906,1912,1909,-1,1898,1913,1899,-1,1899,1913,1914,-1,1899,1914,1915,-1,1915,1914,1916,-1,1915,1916,1917,-1,1917,1916,1918,-1,1917,1918,1919,-1,1919,1918,1920,-1,1919,1920,1921,-1,1921,1920,1922,-1,1921,1922,1923,-1,1202,1201,1924,-1,1924,1201,1925,-1,1924,1925,1926,-1,1926,1925,1927,-1,1926,1927,1928,-1,1928,1927,1929,-1,1928,1929,1930,-1,1930,1929,1931,-1,1930,1931,1932,-1,1932,1931,1933,-1,1932,1933,1934,-1,1934,1933,1935,-1,1934,1935,1936,-1,1905,1200,1906,-1,1906,1200,1202,-1,1906,1202,1910,-1,1910,1202,1924,-1,1910,1924,1937,-1,1937,1924,1926,-1,1937,1926,1938,-1,1938,1926,1928,-1,1938,1928,1939,-1,1939,1928,1930,-1,1939,1930,1940,-1,1940,1930,1932,-1,1940,1932,1941,-1,1941,1932,1934,-1,1941,1934,1942,-1,1942,1934,1936,-1,1922,1943,1923,-1,1923,1943,1944,-1,1923,1944,1945,-1,1945,1944,1946,-1,1945,1946,1947,-1,1947,1946,1948,-1,1947,1948,1949,-1,1949,1948,1950,-1,1949,1950,1951,-1,1952,1953,1936,-1,1936,1953,1954,-1,1936,1954,1942,-1,1950,1955,1951,-1,1951,1955,1956,-1,1951,1956,1957,-1,1957,1956,1958,-1,1957,1958,1959,-1,1959,1958,1960,-1,1959,1960,1961,-1,293,1282,1286,-1,1286,1282,1283,-1,1286,1283,1962,-1,1962,1283,1280,-1,1962,1280,1963,-1,1963,1280,1281,-1,1963,1281,1964,-1,1964,1281,1279,-1,1964,1279,1965,-1,1965,1279,1278,-1,1965,1278,1966,-1,1966,1278,1276,-1,1966,1276,1967,-1,1967,1276,1275,-1,1967,1275,1968,-1,1968,1275,1277,-1,1968,1277,1969,-1,1969,1277,1755,-1,1969,1755,1970,-1,1970,1755,1757,-1,1970,1757,1971,-1,1971,1757,1773,-1,1971,1773,1972,-1,1972,1773,1775,-1,1972,1775,1973,-1,1973,1775,1777,-1,1973,1777,1974,-1,1974,1777,1779,-1,1974,1779,1975,-1,1975,1779,1782,-1,1975,1782,1976,-1,1976,1782,1795,-1,1976,1795,1977,-1,1977,1795,1797,-1,1977,1797,1978,-1,1978,1797,1803,-1,1978,1803,1979,-1,1979,1803,1805,-1,1979,1805,1980,-1,1980,1805,1806,-1,1980,1806,1981,-1,1981,1806,1821,-1,1981,1821,1982,-1,1982,1821,1823,-1,1982,1823,1983,-1,1983,1823,1825,-1,1983,1825,1984,-1,1984,1825,1838,-1,1984,1838,1985,-1,1985,1838,1840,-1,1985,1840,1986,-1,1986,1840,1842,-1,1986,1842,1987,-1,1987,1842,1848,-1,1987,1848,1988,-1,1988,1848,1858,-1,1988,1858,1989,-1,1989,1858,1860,-1,1989,1860,1990,-1,1990,1860,1862,-1,1990,1862,1991,-1,1991,1862,1868,-1,1991,1868,1992,-1,1992,1868,1870,-1,1992,1870,1993,-1,1993,1870,1873,-1,1993,1873,1994,-1,1994,1873,1875,-1,1994,1875,1995,-1,1995,1875,1891,-1,1995,1891,1996,-1,1996,1891,1893,-1,1996,1893,1997,-1,1997,1893,1895,-1,1997,1895,1998,-1,1998,1895,1897,-1,1998,1897,1999,-1,1999,1897,1899,-1,1999,1899,2000,-1,2000,1899,1915,-1,2000,1915,2001,-1,2001,1915,1917,-1,2001,1917,2002,-1,2002,1917,1919,-1,2002,1919,2003,-1,2003,1919,1921,-1,2003,1921,2004,-1,2004,1921,1923,-1,2004,1923,2005,-1,2005,1923,1945,-1,2005,1945,2006,-1,2006,1945,1947,-1,2006,1947,2007,-1,2007,1947,1949,-1,2007,1949,2008,-1,2008,1949,1951,-1,2008,1951,2009,-1,2009,1951,1957,-1,2009,1957,2010,-1,2010,1957,1959,-1,2010,1959,2011,-1,2011,1959,1961,-1,2011,1961,2012,-1,2013,2014,2015,-1,2013,2015,2016,-1,1346,2017,1345,-1,1345,2017,2018,-1,1345,2018,2019,-1,2019,2018,2020,-1,2019,2020,2021,-1,2021,2020,2022,-1,2021,2022,2023,-1,2023,2022,1340,-1,2023,1340,2024,-1,2024,1340,1289,-1,2024,1289,2025,-1,2025,1289,1288,-1,2025,1288,2026,-1,2026,1288,1287,-1,2026,1287,2027,-1,2027,1287,1284,-1,2027,1284,2028,-1,2028,1284,1285,-1,2028,1285,2029,-1,2029,1285,1286,-1,2029,1286,2030,-1,2030,1286,1962,-1,2030,1962,2031,-1,2031,1962,1963,-1,2031,1963,2032,-1,2032,1963,1964,-1,2032,1964,2033,-1,2033,1964,1965,-1,2033,1965,2034,-1,2034,1965,1966,-1,2034,1966,2035,-1,2035,1966,1967,-1,2035,1967,2036,-1,2036,1967,1968,-1,2036,1968,2037,-1,2037,1968,1969,-1,2037,1969,2038,-1,2038,1969,1970,-1,2038,1970,2039,-1,2039,1970,1971,-1,2039,1971,2040,-1,2040,1971,1972,-1,2040,1972,2041,-1,2041,1972,1973,-1,2041,1973,2042,-1,2042,1973,1974,-1,2042,1974,2043,-1,2043,1974,1975,-1,2043,1975,2044,-1,2044,1975,1976,-1,2044,1976,2045,-1,2045,1976,1977,-1,2045,1977,2046,-1,2046,1977,1978,-1,2046,1978,2047,-1,2047,1978,1979,-1,2047,1979,2048,-1,2048,1979,1980,-1,2048,1980,2049,-1,2049,1980,1981,-1,2049,1981,2050,-1,2050,1981,1982,-1,2050,1982,2051,-1,2051,1982,1983,-1,2051,1983,2052,-1,2052,1983,1984,-1,2052,1984,2053,-1,2053,1984,1985,-1,2053,1985,2054,-1,2054,1985,1986,-1,2054,1986,2055,-1,2055,1986,1987,-1,2055,1987,2056,-1,2056,1987,1988,-1,2056,1988,2057,-1,2057,1988,1989,-1,2057,1989,2058,-1,2058,1989,1990,-1,2058,1990,2059,-1,2059,1990,1991,-1,2059,1991,2060,-1,2060,1991,1992,-1,2060,1992,2061,-1,2061,1992,1993,-1,2061,1993,2062,-1,2062,1993,1994,-1,2062,1994,2063,-1,2063,1994,1995,-1,2063,1995,2064,-1,2064,1995,1996,-1,2064,1996,2065,-1,2065,1996,1997,-1,2065,1997,2066,-1,2066,1997,1998,-1,2066,1998,2067,-1,2067,1998,1999,-1,2067,1999,2068,-1,2068,1999,2000,-1,2068,2000,2069,-1,2069,2000,2001,-1,2069,2001,2070,-1,2070,2001,2002,-1,2070,2002,2071,-1,2071,2002,2003,-1,2071,2003,2072,-1,2072,2003,2004,-1,2072,2004,2073,-1,2073,2004,2005,-1,2073,2005,2074,-1,2074,2005,2006,-1,2074,2006,2075,-1,2075,2006,2007,-1,2075,2007,2076,-1,2076,2007,2008,-1,2076,2008,2077,-1,2077,2008,2009,-1,2077,2009,2078,-1,2078,2009,2010,-1,2078,2010,2079,-1,2079,2010,2011,-1,2079,2011,2080,-1,2080,2011,2012,-1,2080,2012,2081,-1,2082,2083,2081,-1,1199,1198,2084,-1,2084,1198,2085,-1,2084,2085,2086,-1,2086,2085,2087,-1,2086,2087,2088,-1,2088,2087,2089,-1,2088,2089,2090,-1,2090,2089,2091,-1,2090,2091,2092,-1,2092,2091,2093,-1,2092,2093,2094,-1,2094,2093,2095,-1,2094,2095,2096,-1,1935,1197,1936,-1,1936,1197,1199,-1,1936,1199,1952,-1,1952,1199,2084,-1,1952,2084,2097,-1,2097,2084,2086,-1,2097,2086,2098,-1,2098,2086,2088,-1,2098,2088,2099,-1,2099,2088,2090,-1,2099,2090,2100,-1,2100,2090,2092,-1,2100,2092,2101,-1,2101,2092,2094,-1,2101,2094,2102,-1,2102,2094,2096,-1,2102,2096,2103,-1,2103,2096,2104,-1,2105,2104,2106,-1,2106,2104,2096,-1,2106,2096,2107,-1,2107,2096,2095,-1,2107,2095,2082,-1,2015,2108,2016,-1,2016,2108,2109,-1,2016,2109,2110,-1,2110,2109,2111,-1,2110,2111,2112,-1,2112,2111,2113,-1,2112,2113,2114,-1,2114,2113,2115,-1,2114,2115,2116,-1,2116,2115,2117,-1,2116,2117,2118,-1,2118,2117,2119,-1,2118,2119,2120,-1,2120,2119,2121,-1,2120,2121,2122,-1,2122,2121,2123,-1,2122,2123,2124,-1,2124,2123,2125,-1,2124,2125,1478,-1,1478,2125,2126,-1,1478,2126,1479,-1,3,5,1268,-1,1268,5,1266,-1,1268,1266,1267,-1,1267,1266,2127,-1,1267,2127,1269,-1,1269,2127,2128,-1,1269,2128,1270,-1,1270,2128,2129,-1,1270,2129,1271,-1,1271,2129,2130,-1,1271,2130,1272,-1,1272,2130,2131,-1,1272,2131,1273,-1,1273,2131,2132,-1,1273,2132,1274,-1,1274,2132,2133,-1,1274,2133,1234,-1,1234,2133,2134,-1,1234,2134,1235,-1,1235,2134,2135,-1,1235,2135,1587,-1,1587,2135,2136,-1,1587,2136,1585,-1,1585,2136,2137,-1,1585,2137,1571,-1,1571,2137,2138,-1,1571,2138,1568,-1,1568,2138,2139,-1,1568,2139,1566,-1,1566,2139,2140,-1,1566,2140,1563,-1,1563,2140,2141,-1,1563,2141,1561,-1,1561,2141,2142,-1,1561,2142,1559,-1,1559,2142,2143,-1,1559,2143,1557,-1,1557,2143,2144,-1,1557,2144,1543,-1,1543,2144,2145,-1,1543,2145,1540,-1,1540,2145,2146,-1,1540,2146,1538,-1,1538,2146,2147,-1,1538,2147,1526,-1,1526,2147,2148,-1,1526,2148,1524,-1,1524,2148,2149,-1,1524,2149,1521,-1,1521,2149,2150,-1,1521,2150,1507,-1,1507,2150,2151,-1,1507,2151,1505,-1,1505,2151,2152,-1,1505,2152,1503,-1,1503,2152,2153,-1,1503,2153,1501,-1,1501,2153,2154,-1,1501,2154,1498,-1,1498,2154,2155,-1,1498,2155,1484,-1,1484,2155,2156,-1,1484,2156,1482,-1,1482,2156,2157,-1,1482,2157,1480,-1,1480,2157,2158,-1,1480,2158,1478,-1,1478,2158,2159,-1,1478,2159,2124,-1,2124,2159,2160,-1,2124,2160,2122,-1,2122,2160,2161,-1,2122,2161,2120,-1,2120,2161,2162,-1,2120,2162,2118,-1,2118,2162,2163,-1,2118,2163,2116,-1,2116,2163,2164,-1,2116,2164,2114,-1,2114,2164,2165,-1,2114,2165,2112,-1,2112,2165,2166,-1,2112,2166,2110,-1,2110,2166,2167,-1,2110,2167,2016,-1,2016,2167,2168,-1,2016,2168,2013,-1,1385,2169,1262,-1,1262,2169,1382,-1,1262,1382,1263,-1,1263,1382,1381,-1,1263,1381,1264,-1,1264,1381,2170,-1,1264,2170,1265,-1,1265,2170,2171,-1,1265,2171,1266,-1,1266,2171,2172,-1,1266,2172,2127,-1,2127,2172,2173,-1,2127,2173,2128,-1,2128,2173,2174,-1,2128,2174,2129,-1,2129,2174,2175,-1,2129,2175,2130,-1,2130,2175,2176,-1,2130,2176,2131,-1,2131,2176,2177,-1,2131,2177,2132,-1,2132,2177,2178,-1,2132,2178,2133,-1,2133,2178,2179,-1,2133,2179,2134,-1,2134,2179,2180,-1,2134,2180,2135,-1,2135,2180,2181,-1,2135,2181,2136,-1,2136,2181,2182,-1,2136,2182,2137,-1,2137,2182,2183,-1,2137,2183,2138,-1,2138,2183,2184,-1,2138,2184,2139,-1,2139,2184,2185,-1,2139,2185,2140,-1,2140,2185,2186,-1,2140,2186,2141,-1,2141,2186,2187,-1,2141,2187,2142,-1,2142,2187,2188,-1,2142,2188,2143,-1,2143,2188,2189,-1,2143,2189,2144,-1,2144,2189,2190,-1,2144,2190,2145,-1,2145,2190,2191,-1,2145,2191,2146,-1,2146,2191,2192,-1,2146,2192,2147,-1,2147,2192,2193,-1,2147,2193,2148,-1,2148,2193,2194,-1,2148,2194,2149,-1,2149,2194,2195,-1,2149,2195,2150,-1,2150,2195,2196,-1,2150,2196,2151,-1,2151,2196,2197,-1,2151,2197,2152,-1,2152,2197,2198,-1,2152,2198,2153,-1,2153,2198,2199,-1,2153,2199,2154,-1,2154,2199,2200,-1,2154,2200,2155,-1,2155,2200,2201,-1,2155,2201,2156,-1,2156,2201,2202,-1,2156,2202,2157,-1,2157,2202,2203,-1,2157,2203,2158,-1,2158,2203,2204,-1,2158,2204,2159,-1,2159,2204,2205,-1,2159,2205,2160,-1,2160,2205,2206,-1,2160,2206,2161,-1,2161,2206,2207,-1,2161,2207,2162,-1,2162,2207,2208,-1,2162,2208,2163,-1,2163,2208,2209,-1,2163,2209,2164,-1,2164,2209,2210,-1,2164,2210,2165,-1,2165,2210,2211,-1,2165,2211,2166,-1,2166,2211,2212,-1,2166,2212,2167,-1,2167,2212,2213,-1,2167,2213,2168,-1,2081,2083,2080,-1,2080,2083,2214,-1,2080,2214,2079,-1,2079,2214,2215,-1,2079,2215,2078,-1,2078,2215,2216,-1,2078,2216,2077,-1,2077,2216,2217,-1,2077,2217,2076,-1,2076,2217,2218,-1,2076,2218,2075,-1,2075,2218,2219,-1,2075,2219,2074,-1,2074,2219,2220,-1,2074,2220,2073,-1,2073,2220,2221,-1,2073,2221,2072,-1,2072,2221,2222,-1,2072,2222,2071,-1,2071,2222,2223,-1,2071,2223,2070,-1,2070,2223,2224,-1,2070,2224,2069,-1,2069,2224,2225,-1,2069,2225,2068,-1,2068,2225,2226,-1,2068,2226,2067,-1,2067,2226,2227,-1,2067,2227,2066,-1,2066,2227,2228,-1,2066,2228,2065,-1,2065,2228,2229,-1,2065,2229,2064,-1,2064,2229,2230,-1,2064,2230,2063,-1,2063,2230,2231,-1,2063,2231,2062,-1,2062,2231,2232,-1,2062,2232,2061,-1,2061,2232,2233,-1,2061,2233,2060,-1,2060,2233,2234,-1,2060,2234,2059,-1,2059,2234,2235,-1,2059,2235,2058,-1,2058,2235,2236,-1,2058,2236,2057,-1,2057,2236,2237,-1,2057,2237,2056,-1,2056,2237,2238,-1,2056,2238,2055,-1,2055,2238,2239,-1,2055,2239,2054,-1,2054,2239,2240,-1,2054,2240,2053,-1,2053,2240,2241,-1,2053,2241,2052,-1,2052,2241,2242,-1,2052,2242,2051,-1,2051,2242,2243,-1,2051,2243,2050,-1,2050,2243,2244,-1,2050,2244,2049,-1,2049,2244,2245,-1,2049,2245,2048,-1,2048,2245,2246,-1,2048,2246,2047,-1,2047,2246,2247,-1,2047,2247,2046,-1,2046,2247,2248,-1,2046,2248,2045,-1,2045,2248,2249,-1,2045,2249,2044,-1,2044,2249,2250,-1,2044,2250,2043,-1,2043,2250,2251,-1,2043,2251,2042,-1,2042,2251,2252,-1,2042,2252,2041,-1,2041,2252,2253,-1,2041,2253,2040,-1,2040,2253,2254,-1,2040,2254,2039,-1,2039,2254,2255,-1,2039,2255,2038,-1,2038,2255,2256,-1,2038,2256,2037,-1,2037,2256,2257,-1,2037,2257,2036,-1,2036,2257,2258,-1,2036,2258,2035,-1,2035,2258,2259,-1,2035,2259,2034,-1,2034,2259,2260,-1,2034,2260,2033,-1,2033,2260,2261,-1,2033,2261,2032,-1,2032,2261,2262,-1,2032,2262,2031,-1,2031,2262,2263,-1,2031,2263,2030,-1,2030,2263,2264,-1,2030,2264,2029,-1,2029,2264,2265,-1,2029,2265,2028,-1,2028,2265,2266,-1,2028,2266,2027,-1,2027,2266,2267,-1,2027,2267,2026,-1,2026,2267,2268,-1,2026,2268,2025,-1,2025,2268,2269,-1,2025,2269,2024,-1,2024,2269,2270,-1,2024,2270,2023,-1,2023,2270,2271,-1,2023,2271,2021,-1,2021,2271,2272,-1,2021,2272,2019,-1,2019,2272,2273,-1,2019,2273,1345,-1,1345,2273,2274,-1,1345,2274,1347,-1,1347,2274,2275,-1,1347,2275,1348,-1,1348,2275,2276,-1,1348,2276,1350,-1,1350,2276,2277,-1,1350,2277,1352,-1,1352,2277,2278,-1,1352,2278,1354,-1,1354,2278,2279,-1,1354,2279,1356,-1,1356,2279,2280,-1,1356,2280,1358,-1,1358,2280,2281,-1,1358,2281,1366,-1,1366,2281,2282,-1,1366,2282,1364,-1,1364,2282,2283,-1,1364,2283,1362,-1,1362,2283,2284,-1,1362,2284,1360,-1,1360,2284,2285,-1,1360,2285,1369,-1,1369,2285,2286,-1,1369,2286,1378,-1,1378,2286,2287,-1,1378,2287,1376,-1,1376,2287,2288,-1,1376,2288,1374,-1,1374,2288,2289,-1,1374,2289,1372,-1,1372,2289,2290,-1,1372,2290,1381,-1,1381,2290,2291,-1,1381,2291,2170,-1,2170,2291,2292,-1,2170,2292,2171,-1,2171,2292,2293,-1,2171,2293,2172,-1,2172,2293,2294,-1,2172,2294,2173,-1,2173,2294,2295,-1,2173,2295,2174,-1,2174,2295,2296,-1,2174,2296,2175,-1,2175,2296,2297,-1,2175,2297,2176,-1,2176,2297,2298,-1,2176,2298,2177,-1,2177,2298,2299,-1,2177,2299,2178,-1,2178,2299,2300,-1,2178,2300,2179,-1,2179,2300,2301,-1,2179,2301,2180,-1,2180,2301,2302,-1,2180,2302,2181,-1,2181,2302,2303,-1,2181,2303,2182,-1,2182,2303,2304,-1,2182,2304,2183,-1,2183,2304,2305,-1,2183,2305,2184,-1,2184,2305,2306,-1,2184,2306,2185,-1,2185,2306,2307,-1,2185,2307,2186,-1,2186,2307,2308,-1,2186,2308,2187,-1,2187,2308,2309,-1,2187,2309,2188,-1,2188,2309,2310,-1,2188,2310,2189,-1,2189,2310,2311,-1,2189,2311,2190,-1,2190,2311,2312,-1,2190,2312,2191,-1,2191,2312,2313,-1,2191,2313,2192,-1,2192,2313,2314,-1,2192,2314,2193,-1,2193,2314,2315,-1,2193,2315,2194,-1,2194,2315,2316,-1,2194,2316,2195,-1,2195,2316,2317,-1,2195,2317,2196,-1,2196,2317,2318,-1,2196,2318,2197,-1,2197,2318,2319,-1,2197,2319,2198,-1,2198,2319,2320,-1,2198,2320,2199,-1,2199,2320,2321,-1,2199,2321,2200,-1,2200,2321,2322,-1,2200,2322,2201,-1,2201,2322,2323,-1,2201,2323,2202,-1,2202,2323,2324,-1,2202,2324,2203,-1,2203,2324,2325,-1,2203,2325,2204,-1,2204,2325,2326,-1,2204,2326,2205,-1,2205,2326,2327,-1,2205,2327,2206,-1,2206,2327,2328,-1,2206,2328,2207,-1,2207,2328,2329,-1,2207,2329,2208,-1,2208,2329,2330,-1,2208,2330,2209,-1,2209,2330,2331,-1,2209,2331,2210,-1,2210,2331,2332,-1,2210,2332,2211,-1,2211,2332,2333,-1,2211,2333,2212,-1,2212,2333,2334,-1,2212,2334,2213,-1,2082,2095,2083,-1,2083,2095,2093,-1,2083,2093,2214,-1,2214,2093,2091,-1,2214,2091,2215,-1,2215,2091,2089,-1,2215,2089,2216,-1,2216,2089,2087,-1,2216,2087,2217,-1,2217,2087,2085,-1,2217,2085,2218,-1,2218,2085,1198,-1,2218,1198,2219,-1,2219,1198,1197,-1,2219,1197,2220,-1,2220,1197,1935,-1,2220,1935,2221,-1,2221,1935,1933,-1,2221,1933,2222,-1,2222,1933,1931,-1,2222,1931,2223,-1,2223,1931,1929,-1,2223,1929,2224,-1,2224,1929,1927,-1,2224,1927,2225,-1,2225,1927,1925,-1,2225,1925,2226,-1,2226,1925,1201,-1,2226,1201,2227,-1,2227,1201,1200,-1,2227,1200,2228,-1,2228,1200,1905,-1,2228,1905,2229,-1,2229,1905,1903,-1,2229,1903,2230,-1,2230,1903,1901,-1,2230,1901,2231,-1,2231,1901,1204,-1,2231,1204,2232,-1,2232,1204,1203,-1,2232,1203,2233,-1,2233,1203,1881,-1,2233,1881,2234,-1,2234,1881,1879,-1,2234,1879,2235,-1,2235,1879,1877,-1,2235,1877,2236,-1,2236,1877,1207,-1,2236,1207,2237,-1,2237,1207,1206,-1,2237,1206,2238,-1,2238,1206,1852,-1,2238,1852,2239,-1,2239,1852,1850,-1,2239,1850,2240,-1,2240,1850,1210,-1,2240,1210,2241,-1,2241,1210,1209,-1,2241,1209,2242,-1,2242,1209,1831,-1,2242,1831,2243,-1,2243,1831,1829,-1,2243,1829,2244,-1,2244,1829,1827,-1,2244,1827,2245,-1,2245,1827,1213,-1,2245,1213,2246,-1,2246,1213,1212,-1,2246,1212,2247,-1,2247,1212,1812,-1,2247,1812,2248,-1,2248,1812,1810,-1,2248,1810,2249,-1,2249,1810,1216,-1,2249,1216,2250,-1,2250,1216,1215,-1,2250,1215,2251,-1,2251,1215,1788,-1,2251,1788,2252,-1,2252,1788,1786,-1,2252,1786,2253,-1,2253,1786,1784,-1,2253,1784,2254,-1,2254,1784,1219,-1,2254,1219,2255,-1,2255,1219,1218,-1,2255,1218,2256,-1,2256,1218,1763,-1,2256,1763,2257,-1,2257,1763,1761,-1,2257,1761,2258,-1,2258,1761,1759,-1,2258,1759,2259,-1,2259,1759,1222,-1,2259,1222,2260,-1,2260,1222,1221,-1,2260,1221,2261,-1,2261,1221,1746,-1,2261,1746,2262,-1,2262,1746,1744,-1,2262,1744,2263,-1,2263,1744,1742,-1,2263,1742,2264,-1,2264,1742,1225,-1,2264,1225,2265,-1,2265,1225,1224,-1,2265,1224,2266,-1,2266,1224,1733,-1,2266,1733,2267,-1,2267,1733,1731,-1,2267,1731,2268,-1,2268,1731,1729,-1,2268,1729,2269,-1,2269,1729,1228,-1,2269,1228,2270,-1,2270,1228,1227,-1,2270,1227,2271,-1,2271,1227,1721,-1,2271,1721,2272,-1,2272,1721,1719,-1,2272,1719,2273,-1,2273,1719,1231,-1,2273,1231,2274,-1,2274,1231,1230,-1,2274,1230,2275,-1,2275,1230,1705,-1,2275,1705,2276,-1,2276,1705,1703,-1,2276,1703,2277,-1,2277,1703,1701,-1,2277,1701,2278,-1,2278,1701,1699,-1,2278,1699,2279,-1,2279,1699,1697,-1,2279,1697,2280,-1,2280,1697,1695,-1,2280,1695,2281,-1,2281,1695,1693,-1,2281,1693,2282,-1,2282,1693,1692,-1,2282,1692,2283,-1,2283,1692,1691,-1,2283,1691,2284,-1,2284,1691,1690,-1,2284,1690,2285,-1,2285,1690,1689,-1,2285,1689,2286,-1,2286,1689,1688,-1,2286,1688,2287,-1,2287,1688,1687,-1,2287,1687,2288,-1,2288,1687,1686,-1,2288,1686,2289,-1,2289,1686,1685,-1,2289,1685,2290,-1,2290,1685,1684,-1,2290,1684,2291,-1,2291,1684,1683,-1,2291,1683,2292,-1,2292,1683,1682,-1,2292,1682,2293,-1,2293,1682,1681,-1,2293,1681,2294,-1,2294,1681,1680,-1,2294,1680,2295,-1,2295,1680,1679,-1,2295,1679,2296,-1,2296,1679,1678,-1,2296,1678,2297,-1,2297,1678,1677,-1,2297,1677,2298,-1,2298,1677,1676,-1,2298,1676,2299,-1,2299,1676,1675,-1,2299,1675,2300,-1,2300,1675,1674,-1,2300,1674,2301,-1,2301,1674,1673,-1,2301,1673,2302,-1,2302,1673,1672,-1,2302,1672,2303,-1,2303,1672,1671,-1,2303,1671,2304,-1,2304,1671,1670,-1,2304,1670,2305,-1,2305,1670,1669,-1,2305,1669,2306,-1,2306,1669,1668,-1,2306,1668,2307,-1,2307,1668,1667,-1,2307,1667,2308,-1,2308,1667,1666,-1,2308,1666,2309,-1,2309,1666,1665,-1,2309,1665,2310,-1,2310,1665,1664,-1,2310,1664,2311,-1,2311,1664,1663,-1,2311,1663,2312,-1,2312,1663,1662,-1,2312,1662,2313,-1,2313,1662,1661,-1,2313,1661,2314,-1,2314,1661,1660,-1,2314,1660,2315,-1,2315,1660,1659,-1,2315,1659,2316,-1,2316,1659,1658,-1,2316,1658,2317,-1,2317,1658,1657,-1,2317,1657,2318,-1,2318,1657,1656,-1,2318,1656,2319,-1,2319,1656,1655,-1,2319,1655,2320,-1,2320,1655,1654,-1,2320,1654,2321,-1,2321,1654,1653,-1,2321,1653,2322,-1,2322,1653,1652,-1,2322,1652,2323,-1,2323,1652,1651,-1,2323,1651,2324,-1,2324,1651,1650,-1,2324,1650,2325,-1,2325,1650,1649,-1,2325,1649,2326,-1,2326,1649,1648,-1,2326,1648,2327,-1,2327,1648,1647,-1,2327,1647,2328,-1,2328,1647,1646,-1,2328,1646,2329,-1,2329,1646,1645,-1,2329,1645,2330,-1,2330,1645,1644,-1,2330,1644,2331,-1,2331,1644,1643,-1,2331,1643,2332,-1,2332,1643,1195,-1,2332,1195,2333,-1,2333,1195,1194,-1,2333,1194,2334,-1,1477,2105,1196,-1,1196,2105,2106,-1,1196,2106,1194,-1,1194,2106,2107,-1,1194,2107,2334,-1,2334,2107,2082,-1,2334,2082,2213,-1,2213,2082,2081,-1,2213,2081,2168,-1,2168,2081,2012,-1,2168,2012,2013,-1,2013,2012,1961,-1,2013,1961,2014,-1,2014,1961,1960,-1,2335,2336,2337,-1,2338,2339,2340,-1,2341,2342,2343,-1,2344,2345,2346,-1,2347,2348,2349,-1,651,649,2350,-1,625,614,2351,-1,586,573,2352,-1,2342,2341,461,-1,416,408,2353,-1,396,379,2354,-1,1589,1588,2355,-1,1555,1542,2356,-1,1519,1506,2357,-1,2117,2115,2358,-1,1780,1778,2348,-1,1756,1754,2359,-1,316,702,1249,-1,1249,702,701,-1,1249,701,1754,-1,1774,1772,2349,-1,2349,1772,1771,-1,2349,1771,1756,-1,2348,1778,2349,-1,2349,1778,1776,-1,2349,1776,1774,-1,1796,1794,2347,-1,2347,1794,1793,-1,2347,1793,2348,-1,2348,1793,1781,-1,2348,1781,1780,-1,2360,2361,2362,-1,2362,2361,1807,-1,2362,1807,1804,-1,1804,1802,2362,-1,2362,1802,1801,-1,2362,1801,1796,-1,1822,1820,2360,-1,2360,1820,1819,-1,2360,1819,2361,-1,2361,1819,1808,-1,2361,1808,1807,-1,1846,1841,2363,-1,2363,1841,1839,-1,1839,1837,2363,-1,2363,1837,1836,-1,2363,1836,1824,-1,1847,1846,2364,-1,2364,1846,2363,-1,2364,2363,2360,-1,2360,2363,1824,-1,2360,1824,1822,-1,1847,2346,1856,-1,1856,2346,1857,-1,1867,1866,2345,-1,2345,1866,1861,-1,2345,1861,2346,-1,2346,1861,1859,-1,2346,1859,1857,-1,1874,1872,2344,-1,2344,1872,1871,-1,2344,1871,2345,-1,2345,1871,1869,-1,2345,1869,1867,-1,1896,1894,2365,-1,2365,1894,1892,-1,1892,1890,2365,-1,2365,1890,1889,-1,2365,1889,1874,-1,2366,1922,1920,-1,1920,1918,2367,-1,2367,1918,1916,-1,2367,1916,1914,-1,1914,1913,2367,-1,2367,1913,1898,-1,2367,1898,1896,-1,1958,2368,1960,-1,1960,2368,2014,-1,1948,1946,2366,-1,1958,1956,2368,-1,2368,1956,1955,-1,2368,1955,1950,-1,1946,1944,2366,-1,2366,1944,1943,-1,2366,1943,1922,-1,2109,2108,2368,-1,2368,2108,2015,-1,2368,2015,2014,-1,2115,2113,2358,-1,2358,2113,2111,-1,2358,2111,2109,-1,2126,2125,2369,-1,2369,2125,2123,-1,2123,2121,2369,-1,2369,2121,2119,-1,2369,2119,2117,-1,1483,1481,2370,-1,2370,1481,1479,-1,2370,1479,2126,-1,1499,1497,2371,-1,2371,1497,1496,-1,1500,1499,2357,-1,1506,1504,2357,-1,2357,1504,1502,-1,2357,1502,1500,-1,1520,1519,2372,-1,1536,1525,2373,-1,2373,1525,1523,-1,2373,1523,1522,-1,1541,1539,2374,-1,2374,1539,1537,-1,2374,1537,1536,-1,2375,1562,1560,-1,1560,1558,2375,-1,2375,1558,1556,-1,2375,1556,1555,-1,1567,1565,2376,-1,2376,1565,1564,-1,2377,1570,1569,-1,1588,1586,2355,-1,2355,1586,1584,-1,2355,1584,1583,-1,1233,1589,2378,-1,1233,2378,172,-1,372,370,2378,-1,2378,370,368,-1,368,367,2378,-1,2378,367,173,-1,2378,173,172,-1,381,383,2379,-1,2379,383,384,-1,2379,384,374,-1,379,381,2380,-1,2380,381,2379,-1,2380,2379,2378,-1,2378,2379,374,-1,2378,374,372,-1,401,399,2354,-1,2354,399,397,-1,2354,397,396,-1,408,406,2353,-1,2353,406,405,-1,2353,405,403,-1,417,416,2381,-1,2381,416,2353,-1,2381,2353,2354,-1,2354,2353,403,-1,2354,403,401,-1,429,427,2382,-1,2382,427,425,-1,425,423,2382,-1,2382,423,422,-1,2382,422,417,-1,445,440,2383,-1,2383,440,439,-1,2383,439,429,-1,429,2382,2383,-1,2383,2382,2343,-1,2383,2343,445,-1,461,463,2342,-1,2342,463,465,-1,2342,465,467,-1,467,468,2342,-1,2342,468,448,-1,2342,448,2343,-1,2343,448,446,-1,2343,446,445,-1,487,485,2384,-1,2384,485,483,-1,483,481,2384,-1,2384,481,480,-1,2384,480,459,-1,517,515,2385,-1,517,2385,519,-1,515,513,2385,-1,2385,513,512,-1,2385,512,487,-1,527,525,2386,-1,533,531,2387,-1,2387,531,529,-1,2387,529,527,-1,525,523,2386,-1,2386,523,521,-1,2386,521,519,-1,561,559,2388,-1,2388,559,557,-1,2388,557,555,-1,555,553,2387,-1,2387,553,552,-1,2387,552,533,-1,573,571,2352,-1,2352,571,569,-1,2352,569,567,-1,567,565,2388,-1,2388,565,563,-1,2388,563,561,-1,2389,593,591,-1,591,589,2389,-1,2389,589,587,-1,2389,587,586,-1,596,595,2390,-1,614,612,2351,-1,2351,612,610,-1,2351,610,609,-1,630,628,2391,-1,2391,628,626,-1,2391,626,625,-1,2392,633,632,-1,649,647,2350,-1,2350,647,645,-1,2350,645,644,-1,652,651,2393,-1,670,657,2394,-1,2394,657,655,-1,2394,655,654,-1,678,677,2395,-1,2395,677,675,-1,675,673,2395,-1,2395,673,671,-1,2395,671,670,-1,694,692,2396,-1,2396,692,690,-1,2396,690,689,-1,697,696,2359,-1,1754,701,2359,-1,2359,701,699,-1,2359,699,697,-1,487,2384,2385,-1,2385,2384,2397,-1,2385,2397,2398,-1,2398,2397,2399,-1,2398,2399,2400,-1,2400,2399,2401,-1,2400,2401,2402,-1,2402,2401,2403,-1,2402,2403,2404,-1,555,2387,2388,-1,2388,2387,2405,-1,2388,2405,2406,-1,2406,2405,2407,-1,2406,2407,2408,-1,2408,2407,2409,-1,2408,2409,2410,-1,2410,2409,2411,-1,2410,2411,2412,-1,567,2388,2352,-1,2352,2388,2406,-1,2352,2406,2413,-1,2413,2406,2408,-1,2413,2408,2414,-1,2414,2408,2410,-1,2414,2410,2415,-1,2415,2410,2412,-1,2415,2412,2416,-1,609,596,2351,-1,2351,596,2390,-1,2351,2390,2417,-1,2417,2390,2418,-1,2417,2418,2419,-1,2419,2418,2420,-1,2419,2420,2421,-1,2421,2420,2422,-1,2421,2422,2423,-1,2423,2422,2424,-1,2423,2424,2425,-1,651,2350,2393,-1,2393,2350,2426,-1,2393,2426,2427,-1,2427,2426,2428,-1,2427,2428,2429,-1,2429,2428,2430,-1,2429,2430,2431,-1,2431,2430,2432,-1,2431,2432,2433,-1,2433,2432,2434,-1,2433,2434,2435,-1,2435,2434,2436,-1,2435,2436,2437,-1,670,2394,2395,-1,2395,2394,2438,-1,2395,2438,2439,-1,2439,2438,2440,-1,2439,2440,2441,-1,2441,2440,2442,-1,2441,2442,2443,-1,2443,2442,2444,-1,2443,2444,2445,-1,2445,2444,2446,-1,2445,2446,2447,-1,2447,2446,2448,-1,2447,2448,2449,-1,2449,2448,2450,-1,2449,2450,2451,-1,678,2395,2452,-1,2452,2395,2439,-1,2452,2439,2453,-1,2453,2439,2441,-1,2453,2441,2454,-1,2454,2441,2443,-1,2454,2443,2455,-1,2455,2443,2445,-1,2455,2445,2456,-1,2456,2445,2447,-1,2456,2447,2457,-1,2457,2447,2449,-1,2457,2449,2458,-1,2458,2449,2451,-1,2458,2451,2459,-1,1756,2359,2349,-1,2349,2359,2460,-1,2349,2460,2347,-1,2347,2460,2461,-1,2347,2461,2462,-1,2462,2461,2463,-1,2462,2463,2464,-1,2464,2463,2465,-1,2464,2465,2466,-1,2466,2465,2467,-1,2466,2467,2468,-1,2468,2467,2469,-1,2468,2469,2470,-1,2470,2469,2471,-1,2470,2471,2472,-1,2472,2471,2473,-1,2472,2473,2474,-1,1874,2344,2365,-1,2365,2344,2475,-1,2365,2475,2476,-1,2476,2475,2477,-1,2476,2477,2478,-1,2478,2477,2479,-1,2478,2479,2480,-1,2480,2479,2481,-1,2480,2481,2482,-1,1896,2365,2367,-1,2367,2365,2476,-1,2367,2476,2483,-1,2483,2476,2478,-1,2483,2478,2484,-1,2484,2478,2480,-1,2484,2480,2485,-1,2485,2480,2482,-1,2485,2482,2486,-1,2109,2368,2358,-1,2358,2368,2487,-1,2358,2487,2488,-1,2488,2487,2489,-1,2488,2489,2490,-1,2490,2489,2491,-1,2490,2491,2492,-1,2492,2491,2493,-1,2492,2493,2494,-1,1496,1483,2371,-1,2371,1483,2370,-1,2371,2370,2495,-1,2495,2370,2496,-1,2495,2496,2497,-1,2497,2496,2498,-1,2497,2498,2499,-1,2499,2498,2500,-1,2499,2500,2501,-1,2501,2500,2502,-1,2501,2502,2503,-1,1499,2371,2357,-1,2357,2371,2495,-1,2357,2495,2504,-1,2504,2495,2497,-1,2504,2497,2505,-1,2505,2497,2499,-1,2505,2499,2506,-1,2506,2499,2501,-1,2506,2501,2507,-1,2507,2501,2503,-1,2507,2503,2508,-1,1536,2373,2374,-1,2374,2373,2509,-1,2374,2509,2510,-1,2510,2509,2511,-1,2510,2511,2512,-1,2512,2511,2513,-1,2512,2513,2514,-1,2514,2513,2515,-1,2514,2515,2516,-1,2516,2515,2517,-1,2516,2517,2518,-1,2518,2517,2519,-1,2518,2519,2520,-1,1569,1567,2377,-1,2377,1567,2376,-1,2377,2376,2521,-1,2521,2376,2522,-1,2521,2522,2523,-1,2523,2522,2524,-1,2523,2524,2525,-1,2525,2524,2526,-1,2525,2526,2527,-1,2527,2526,2528,-1,2527,2528,2529,-1,2529,2528,2530,-1,2529,2530,2531,-1,2531,2530,2532,-1,2531,2532,2533,-1,2533,2532,2534,-1,2533,2534,2535,-1,1589,2355,2378,-1,2378,2355,2536,-1,2378,2536,2380,-1,2380,2536,2537,-1,2380,2537,2538,-1,2538,2537,2539,-1,2538,2539,2540,-1,2540,2539,2541,-1,2540,2541,2542,-1,2542,2541,2543,-1,2542,2543,2544,-1,2544,2543,2545,-1,2544,2545,2546,-1,2546,2545,2547,-1,2546,2547,2548,-1,2548,2547,2549,-1,2548,2549,2550,-1,379,2380,2354,-1,2354,2380,2538,-1,2354,2538,2381,-1,2381,2538,2540,-1,2381,2540,2551,-1,2551,2540,2542,-1,2551,2542,2552,-1,2552,2542,2544,-1,2552,2544,2553,-1,2553,2544,2546,-1,2553,2546,2554,-1,2554,2546,2548,-1,2554,2548,2555,-1,2555,2548,2550,-1,2555,2550,2556,-1,2557,2403,2558,-1,2558,2403,2401,-1,2558,2401,2559,-1,2559,2401,2399,-1,2559,2399,2560,-1,2560,2399,2397,-1,2560,2397,2561,-1,2561,2397,2384,-1,2561,2384,2341,-1,2341,2384,459,-1,2341,459,461,-1,2557,2562,2403,-1,2403,2562,2563,-1,2403,2563,2404,-1,2404,2563,2564,-1,2404,2564,2565,-1,519,2385,2386,-1,2386,2385,2398,-1,2386,2398,2566,-1,2566,2398,2400,-1,2566,2400,2567,-1,2567,2400,2402,-1,2567,2402,2568,-1,2568,2402,2404,-1,2568,2404,2569,-1,2569,2404,2565,-1,2569,2565,2570,-1,527,2386,2387,-1,2387,2386,2566,-1,2387,2566,2405,-1,2405,2566,2567,-1,2405,2567,2407,-1,2407,2567,2568,-1,2407,2568,2409,-1,2409,2568,2569,-1,2409,2569,2411,-1,2411,2569,2570,-1,2411,2570,2571,-1,2571,2572,2411,-1,2411,2572,2573,-1,2411,2573,2412,-1,2412,2573,2574,-1,2412,2574,2416,-1,2416,2574,2575,-1,2416,2575,2576,-1,586,2352,2389,-1,2389,2352,2413,-1,2389,2413,2577,-1,2577,2413,2414,-1,2577,2414,2578,-1,2578,2414,2415,-1,2578,2415,2579,-1,2579,2415,2416,-1,2579,2416,2580,-1,2580,2416,2576,-1,2580,2576,2581,-1,2581,2424,2580,-1,2580,2424,2422,-1,2580,2422,2579,-1,2579,2422,2420,-1,2579,2420,2578,-1,2578,2420,2418,-1,2578,2418,2577,-1,2577,2418,2390,-1,2577,2390,2389,-1,2389,2390,595,-1,2389,595,593,-1,2581,2582,2424,-1,2424,2582,2583,-1,2424,2583,2425,-1,2425,2583,2584,-1,2425,2584,2585,-1,625,2351,2391,-1,2391,2351,2417,-1,2391,2417,2586,-1,2586,2417,2419,-1,2586,2419,2587,-1,2587,2419,2421,-1,2587,2421,2588,-1,2588,2421,2423,-1,2588,2423,2589,-1,2589,2423,2425,-1,2589,2425,2590,-1,2590,2425,2585,-1,2590,2585,2591,-1,632,630,2392,-1,2392,630,2391,-1,2392,2391,2592,-1,2592,2391,2586,-1,2592,2586,2593,-1,2593,2586,2587,-1,2593,2587,2594,-1,2594,2587,2588,-1,2594,2588,2595,-1,2595,2588,2589,-1,2595,2589,2596,-1,2596,2589,2590,-1,2596,2590,2340,-1,2340,2590,2591,-1,2340,2591,2338,-1,2339,2436,2340,-1,2340,2436,2434,-1,2340,2434,2596,-1,2596,2434,2432,-1,2596,2432,2595,-1,2595,2432,2430,-1,2595,2430,2594,-1,2594,2430,2428,-1,2594,2428,2593,-1,2593,2428,2426,-1,2593,2426,2592,-1,2592,2426,2350,-1,2592,2350,2392,-1,2392,2350,644,-1,2392,644,633,-1,2339,2597,2436,-1,2436,2597,2598,-1,2436,2598,2437,-1,2437,2598,2599,-1,2437,2599,2600,-1,654,652,2394,-1,2394,652,2393,-1,2394,2393,2438,-1,2438,2393,2427,-1,2438,2427,2440,-1,2440,2427,2429,-1,2440,2429,2442,-1,2442,2429,2431,-1,2442,2431,2444,-1,2444,2431,2433,-1,2444,2433,2446,-1,2446,2433,2435,-1,2446,2435,2448,-1,2448,2435,2437,-1,2448,2437,2450,-1,2450,2437,2600,-1,2600,2601,2450,-1,2450,2601,2602,-1,2450,2602,2451,-1,2451,2602,2603,-1,2451,2603,2459,-1,2459,2603,2604,-1,2459,2604,2605,-1,689,678,2396,-1,2396,678,2452,-1,2396,2452,2606,-1,2606,2452,2453,-1,2606,2453,2607,-1,2607,2453,2454,-1,2607,2454,2608,-1,2608,2454,2455,-1,2608,2455,2609,-1,2609,2455,2456,-1,2609,2456,2610,-1,2610,2456,2457,-1,2610,2457,2611,-1,2611,2457,2458,-1,2611,2458,2612,-1,2612,2458,2459,-1,2612,2459,2613,-1,2613,2459,2605,-1,2613,2605,2614,-1,2614,2473,2613,-1,2613,2473,2471,-1,2613,2471,2612,-1,2612,2471,2469,-1,2612,2469,2611,-1,2611,2469,2467,-1,2611,2467,2610,-1,2610,2467,2465,-1,2610,2465,2609,-1,2609,2465,2463,-1,2609,2463,2608,-1,2608,2463,2461,-1,2608,2461,2607,-1,2607,2461,2460,-1,2607,2460,2606,-1,2606,2460,2359,-1,2606,2359,2396,-1,2396,2359,696,-1,2396,696,694,-1,2614,2615,2473,-1,2473,2615,2616,-1,2473,2616,2474,-1,2474,2616,2617,-1,2474,2617,2618,-1,1796,2347,2362,-1,2362,2347,2462,-1,2362,2462,2360,-1,2360,2462,2464,-1,2360,2464,2364,-1,2364,2464,2466,-1,2364,2466,2619,-1,2619,2466,2468,-1,2619,2468,2620,-1,2620,2468,2470,-1,2620,2470,2621,-1,2621,2470,2472,-1,2621,2472,2622,-1,2622,2472,2474,-1,2622,2474,2623,-1,2623,2474,2618,-1,2623,2618,2624,-1,1847,2364,2346,-1,2346,2364,2619,-1,2346,2619,2344,-1,2344,2619,2620,-1,2344,2620,2475,-1,2475,2620,2621,-1,2475,2621,2477,-1,2477,2621,2622,-1,2477,2622,2479,-1,2479,2622,2623,-1,2479,2623,2481,-1,2481,2623,2624,-1,2481,2624,2625,-1,2625,2626,2481,-1,2481,2626,2627,-1,2481,2627,2482,-1,2482,2627,2628,-1,2482,2628,2486,-1,2486,2628,2629,-1,2486,2629,2630,-1,1920,2367,2366,-1,2366,2367,2483,-1,2366,2483,2631,-1,2631,2483,2484,-1,2631,2484,2632,-1,2632,2484,2485,-1,2632,2485,2633,-1,2633,2485,2486,-1,2633,2486,2634,-1,2634,2486,2630,-1,2634,2630,2635,-1,2635,2493,2634,-1,2634,2493,2491,-1,2634,2491,2633,-1,2633,2491,2489,-1,2633,2489,2632,-1,2632,2489,2487,-1,2632,2487,2631,-1,2631,2487,2368,-1,2631,2368,2366,-1,2366,2368,1950,-1,2366,1950,1948,-1,2635,2636,2493,-1,2493,2636,2637,-1,2493,2637,2494,-1,2494,2637,2638,-1,2494,2638,2639,-1,2117,2358,2369,-1,2369,2358,2488,-1,2369,2488,2640,-1,2640,2488,2490,-1,2640,2490,2641,-1,2641,2490,2492,-1,2641,2492,2642,-1,2642,2492,2494,-1,2642,2494,2643,-1,2643,2494,2639,-1,2643,2639,2644,-1,2126,2369,2370,-1,2370,2369,2640,-1,2370,2640,2496,-1,2496,2640,2641,-1,2496,2641,2498,-1,2498,2641,2642,-1,2498,2642,2500,-1,2500,2642,2643,-1,2500,2643,2502,-1,2502,2643,2644,-1,2502,2644,2645,-1,2645,2646,2502,-1,2502,2646,2647,-1,2502,2647,2503,-1,2503,2647,2648,-1,2503,2648,2508,-1,2508,2648,2649,-1,2508,2649,2650,-1,1519,2357,2372,-1,2372,2357,2504,-1,2372,2504,2651,-1,2651,2504,2505,-1,2651,2505,2652,-1,2652,2505,2506,-1,2652,2506,2653,-1,2653,2506,2507,-1,2653,2507,2654,-1,2654,2507,2508,-1,2654,2508,2655,-1,2655,2508,2650,-1,2655,2650,2656,-1,1522,1520,2373,-1,2373,1520,2372,-1,2373,2372,2509,-1,2509,2372,2651,-1,2509,2651,2511,-1,2511,2651,2652,-1,2511,2652,2513,-1,2513,2652,2653,-1,2513,2653,2515,-1,2515,2653,2654,-1,2515,2654,2517,-1,2517,2654,2655,-1,2517,2655,2519,-1,2519,2655,2656,-1,2656,2657,2519,-1,2519,2657,2658,-1,2519,2658,2520,-1,2520,2658,2659,-1,2520,2659,2660,-1,1542,1541,2356,-1,2356,1541,2374,-1,2356,2374,2661,-1,2661,2374,2510,-1,2661,2510,2662,-1,2662,2510,2512,-1,2662,2512,2663,-1,2663,2512,2514,-1,2663,2514,2664,-1,2664,2514,2516,-1,2664,2516,2665,-1,2665,2516,2518,-1,2665,2518,2666,-1,2666,2518,2520,-1,2666,2520,2667,-1,2667,2520,2660,-1,2667,2660,2668,-1,1555,2356,2375,-1,2375,2356,2661,-1,2375,2661,2669,-1,2669,2661,2662,-1,2669,2662,2670,-1,2670,2662,2663,-1,2670,2663,2671,-1,2671,2663,2664,-1,2671,2664,2672,-1,2672,2664,2665,-1,2672,2665,2673,-1,2673,2665,2666,-1,2673,2666,2674,-1,2674,2666,2667,-1,2674,2667,2337,-1,2337,2667,2668,-1,2337,2668,2335,-1,2336,2534,2337,-1,2337,2534,2532,-1,2337,2532,2674,-1,2674,2532,2530,-1,2674,2530,2673,-1,2673,2530,2528,-1,2673,2528,2672,-1,2672,2528,2526,-1,2672,2526,2671,-1,2671,2526,2524,-1,2671,2524,2670,-1,2670,2524,2522,-1,2670,2522,2669,-1,2669,2522,2376,-1,2669,2376,2375,-1,2375,2376,1564,-1,2375,1564,1562,-1,2336,2675,2534,-1,2534,2675,2676,-1,2534,2676,2535,-1,2535,2676,2677,-1,2535,2677,2678,-1,2678,2549,2535,-1,2535,2549,2547,-1,2535,2547,2533,-1,2533,2547,2545,-1,2533,2545,2531,-1,2531,2545,2543,-1,2531,2543,2529,-1,2529,2543,2541,-1,2529,2541,2527,-1,2527,2541,2539,-1,2527,2539,2525,-1,2525,2539,2537,-1,2525,2537,2523,-1,2523,2537,2536,-1,2523,2536,2521,-1,2521,2536,2355,-1,2521,2355,2377,-1,2377,2355,1583,-1,2377,1583,1570,-1,2678,2679,2549,-1,2549,2679,2680,-1,2549,2680,2550,-1,2550,2680,2681,-1,2550,2681,2556,-1,2556,2681,2682,-1,2556,2682,2683,-1,417,2381,2382,-1,2382,2381,2551,-1,2382,2551,2343,-1,2343,2551,2552,-1,2343,2552,2341,-1,2341,2552,2553,-1,2341,2553,2561,-1,2561,2553,2554,-1,2561,2554,2560,-1,2560,2554,2555,-1,2560,2555,2559,-1,2559,2555,2556,-1,2559,2556,2558,-1,2558,2556,2683,-1,2558,2683,2557,-1,2684,2685,2686,-1,2687,2688,2689,-1,2690,2691,2692,-1,2693,2694,2695,-1,2696,2697,2698,-1,2699,2700,2701,-1,2702,2703,2704,-1,2705,2706,2707,-1,2708,2709,2710,-1,2711,2712,2713,-1,2714,2715,2716,-1,2717,2718,2719,-1,2720,2721,2722,-1,2723,2724,2725,-1,2726,2727,2728,-1,2729,2730,2731,-1,2732,2733,2734,-1,2735,2736,2737,-1,2738,2739,2740,-1,2741,2742,2743,-1,2744,2745,2746,-1,2747,2748,2749,-1,2750,2751,2752,-1,2753,2754,2755,-1,2756,2757,2758,-1,2759,2760,2761,-1,2762,2763,2764,-1,2765,2766,2767,-1,2768,2769,2770,-1,2771,2772,2773,-1,2773,2772,2774,-1,2775,2774,2772,-1,2775,2772,2776,-1,2776,2772,2771,-1,2776,2771,2777,-1,2778,2774,2775,-1,2778,2775,2779,-1,2779,2775,2776,-1,2779,2776,2780,-1,2780,2776,2777,-1,2780,2777,2781,-1,2782,2774,2778,-1,2782,2778,2783,-1,2783,2778,2779,-1,2783,2779,2784,-1,2784,2779,2780,-1,2784,2780,2785,-1,2785,2780,2781,-1,2785,2781,2786,-1,2787,2774,2782,-1,2787,2782,2788,-1,2788,2782,2783,-1,2788,2783,2789,-1,2789,2783,2784,-1,2789,2784,2790,-1,2790,2784,2785,-1,2790,2785,2791,-1,2791,2785,2786,-1,2791,2786,2792,-1,2793,2774,2787,-1,2793,2787,2794,-1,2794,2787,2788,-1,2794,2788,2795,-1,2795,2788,2789,-1,2795,2789,2796,-1,2796,2789,2790,-1,2796,2790,2797,-1,2797,2790,2791,-1,2797,2791,2798,-1,2798,2791,2792,-1,2798,2792,2799,-1,2800,2768,2801,-1,2801,2768,2770,-1,2801,2770,2802,-1,2802,2770,2803,-1,2802,2803,2804,-1,2804,2803,2805,-1,2804,2805,2806,-1,2766,2800,2767,-1,2767,2800,2801,-1,2767,2801,2807,-1,2807,2801,2802,-1,2807,2802,2808,-1,2808,2802,2804,-1,2808,2804,2809,-1,2809,2804,2806,-1,2809,2806,2810,-1,2763,2765,2764,-1,2764,2765,2767,-1,2764,2767,2811,-1,2811,2767,2807,-1,2811,2807,2812,-1,2812,2807,2808,-1,2812,2808,2813,-1,2813,2808,2809,-1,2813,2809,2814,-1,2814,2809,2810,-1,2814,2810,2815,-1,2760,2762,2761,-1,2761,2762,2764,-1,2761,2764,2816,-1,2816,2764,2811,-1,2816,2811,2817,-1,2817,2811,2812,-1,2817,2812,2818,-1,2818,2812,2813,-1,2818,2813,2819,-1,2819,2813,2814,-1,2819,2814,2820,-1,2820,2814,2815,-1,2820,2815,2821,-1,2822,2759,2823,-1,2823,2759,2761,-1,2823,2761,2824,-1,2824,2761,2816,-1,2824,2816,2825,-1,2825,2816,2817,-1,2825,2817,2826,-1,2826,2817,2818,-1,2826,2818,2827,-1,2827,2818,2819,-1,2827,2819,2828,-1,2828,2819,2820,-1,2828,2820,2829,-1,2829,2820,2821,-1,2829,2821,2830,-1,2757,2822,2758,-1,2758,2822,2823,-1,2758,2823,2831,-1,2831,2823,2824,-1,2831,2824,2832,-1,2832,2824,2825,-1,2832,2825,2833,-1,2833,2825,2826,-1,2833,2826,2834,-1,2834,2826,2827,-1,2834,2827,2835,-1,2835,2827,2828,-1,2835,2828,2836,-1,2836,2828,2829,-1,2836,2829,2837,-1,2837,2829,2830,-1,2837,2830,2838,-1,2754,2756,2755,-1,2755,2756,2758,-1,2755,2758,2839,-1,2839,2758,2831,-1,2839,2831,2840,-1,2840,2831,2832,-1,2840,2832,2841,-1,2841,2832,2833,-1,2841,2833,2842,-1,2842,2833,2834,-1,2842,2834,2843,-1,2843,2834,2835,-1,2843,2835,2844,-1,2844,2835,2836,-1,2844,2836,2845,-1,2845,2836,2837,-1,2845,2837,2846,-1,2846,2837,2838,-1,2846,2838,2847,-1,2848,2753,2849,-1,2849,2753,2755,-1,2849,2755,2850,-1,2850,2755,2839,-1,2850,2839,2851,-1,2851,2839,2840,-1,2851,2840,2852,-1,2852,2840,2841,-1,2852,2841,2853,-1,2853,2841,2842,-1,2853,2842,2854,-1,2854,2842,2843,-1,2854,2843,2855,-1,2855,2843,2844,-1,2855,2844,2856,-1,2856,2844,2845,-1,2856,2845,2857,-1,2857,2845,2846,-1,2857,2846,2858,-1,2858,2846,2847,-1,2751,2848,2752,-1,2752,2848,2849,-1,2752,2849,2859,-1,2859,2849,2850,-1,2859,2850,2860,-1,2860,2850,2851,-1,2860,2851,2861,-1,2861,2851,2852,-1,2861,2852,2862,-1,2862,2852,2853,-1,2862,2853,2863,-1,2863,2853,2854,-1,2863,2854,2864,-1,2864,2854,2855,-1,2864,2855,2865,-1,2865,2855,2856,-1,2865,2856,2866,-1,2866,2856,2857,-1,2866,2857,2867,-1,2867,2857,2858,-1,2867,2858,2774,-1,2847,2774,2858,-1,2805,2799,2806,-1,2806,2799,2792,-1,2806,2792,2810,-1,2810,2792,2786,-1,2810,2786,2815,-1,2815,2786,2781,-1,2815,2781,2821,-1,2821,2781,2777,-1,2821,2777,2830,-1,2830,2777,2771,-1,2830,2771,2838,-1,2838,2771,2773,-1,2838,2773,2847,-1,2847,2773,2774,-1,2748,2750,2749,-1,2749,2750,2752,-1,2749,2752,2868,-1,2868,2752,2859,-1,2868,2859,2869,-1,2869,2859,2860,-1,2869,2860,2870,-1,2870,2860,2861,-1,2870,2861,2871,-1,2871,2861,2862,-1,2871,2862,2872,-1,2872,2862,2863,-1,2872,2863,2873,-1,2873,2863,2864,-1,2873,2864,2874,-1,2874,2864,2865,-1,2874,2865,2875,-1,2875,2865,2866,-1,2875,2866,2876,-1,2876,2866,2867,-1,2876,2867,2774,-1,2877,2747,2878,-1,2878,2747,2749,-1,2878,2749,2879,-1,2879,2749,2868,-1,2879,2868,2880,-1,2880,2868,2869,-1,2880,2869,2881,-1,2881,2869,2870,-1,2881,2870,2882,-1,2882,2870,2871,-1,2882,2871,2883,-1,2883,2871,2872,-1,2883,2872,2884,-1,2884,2872,2873,-1,2884,2873,2885,-1,2885,2873,2874,-1,2885,2874,2886,-1,2886,2874,2875,-1,2886,2875,2887,-1,2887,2875,2876,-1,2887,2876,2774,-1,2745,2877,2746,-1,2746,2877,2878,-1,2746,2878,2888,-1,2888,2878,2879,-1,2888,2879,2889,-1,2889,2879,2880,-1,2889,2880,2890,-1,2890,2880,2881,-1,2890,2881,2891,-1,2891,2881,2882,-1,2891,2882,2892,-1,2892,2882,2883,-1,2892,2883,2893,-1,2893,2883,2884,-1,2893,2884,2894,-1,2894,2884,2885,-1,2894,2885,2895,-1,2895,2885,2886,-1,2895,2886,2896,-1,2896,2886,2887,-1,2896,2887,2774,-1,2742,2744,2743,-1,2743,2744,2746,-1,2743,2746,2897,-1,2897,2746,2888,-1,2897,2888,2898,-1,2898,2888,2889,-1,2898,2889,2899,-1,2899,2889,2890,-1,2899,2890,2900,-1,2900,2890,2891,-1,2900,2891,2901,-1,2901,2891,2892,-1,2901,2892,2902,-1,2902,2892,2893,-1,2902,2893,2903,-1,2903,2893,2894,-1,2903,2894,2904,-1,2904,2894,2895,-1,2904,2895,2905,-1,2905,2895,2896,-1,2905,2896,2774,-1,2739,2741,2740,-1,2740,2741,2743,-1,2740,2743,2906,-1,2906,2743,2897,-1,2906,2897,2907,-1,2907,2897,2898,-1,2907,2898,2908,-1,2908,2898,2899,-1,2908,2899,2909,-1,2909,2899,2900,-1,2909,2900,2910,-1,2910,2900,2901,-1,2910,2901,2911,-1,2911,2901,2902,-1,2911,2902,2912,-1,2912,2902,2903,-1,2912,2903,2913,-1,2913,2903,2904,-1,2913,2904,2914,-1,2914,2904,2905,-1,2914,2905,2774,-1,2915,2738,2916,-1,2916,2738,2740,-1,2916,2740,2917,-1,2917,2740,2906,-1,2917,2906,2918,-1,2918,2906,2907,-1,2918,2907,2919,-1,2919,2907,2908,-1,2919,2908,2920,-1,2920,2908,2909,-1,2920,2909,2921,-1,2921,2909,2910,-1,2921,2910,2922,-1,2922,2910,2911,-1,2922,2911,2923,-1,2923,2911,2912,-1,2923,2912,2924,-1,2924,2912,2913,-1,2924,2913,2925,-1,2925,2913,2914,-1,2925,2914,2774,-1,2736,2915,2737,-1,2737,2915,2916,-1,2737,2916,2926,-1,2926,2916,2917,-1,2926,2917,2927,-1,2927,2917,2918,-1,2927,2918,2928,-1,2928,2918,2919,-1,2928,2919,2929,-1,2929,2919,2920,-1,2929,2920,2930,-1,2930,2920,2921,-1,2930,2921,2931,-1,2931,2921,2922,-1,2931,2922,2932,-1,2932,2922,2923,-1,2932,2923,2933,-1,2933,2923,2924,-1,2933,2924,2934,-1,2934,2924,2925,-1,2934,2925,2774,-1,2733,2735,2734,-1,2734,2735,2737,-1,2734,2737,2935,-1,2935,2737,2926,-1,2935,2926,2936,-1,2936,2926,2927,-1,2936,2927,2937,-1,2937,2927,2928,-1,2937,2928,2938,-1,2938,2928,2929,-1,2938,2929,2939,-1,2939,2929,2930,-1,2939,2930,2940,-1,2940,2930,2931,-1,2940,2931,2941,-1,2941,2931,2932,-1,2941,2932,2942,-1,2942,2932,2933,-1,2942,2933,2943,-1,2943,2933,2934,-1,2943,2934,2774,-1,2944,2732,2945,-1,2945,2732,2734,-1,2945,2734,2946,-1,2946,2734,2935,-1,2946,2935,2947,-1,2947,2935,2936,-1,2947,2936,2948,-1,2948,2936,2937,-1,2948,2937,2949,-1,2949,2937,2938,-1,2949,2938,2950,-1,2950,2938,2939,-1,2950,2939,2951,-1,2951,2939,2940,-1,2951,2940,2952,-1,2952,2940,2941,-1,2952,2941,2953,-1,2953,2941,2942,-1,2953,2942,2954,-1,2954,2942,2943,-1,2954,2943,2774,-1,2730,2944,2731,-1,2731,2944,2945,-1,2731,2945,2955,-1,2955,2945,2946,-1,2955,2946,2956,-1,2956,2946,2947,-1,2956,2947,2957,-1,2957,2947,2948,-1,2957,2948,2958,-1,2958,2948,2949,-1,2958,2949,2959,-1,2959,2949,2950,-1,2959,2950,2960,-1,2960,2950,2951,-1,2960,2951,2961,-1,2961,2951,2952,-1,2961,2952,2962,-1,2962,2952,2953,-1,2962,2953,2963,-1,2963,2953,2954,-1,2963,2954,2774,-1,2727,2729,2728,-1,2728,2729,2731,-1,2728,2731,2964,-1,2964,2731,2955,-1,2964,2955,2965,-1,2965,2955,2956,-1,2965,2956,2966,-1,2966,2956,2957,-1,2966,2957,2967,-1,2967,2957,2958,-1,2967,2958,2968,-1,2968,2958,2959,-1,2968,2959,2969,-1,2969,2959,2960,-1,2969,2960,2970,-1,2970,2960,2961,-1,2970,2961,2971,-1,2971,2961,2962,-1,2971,2962,2972,-1,2972,2962,2963,-1,2972,2963,2774,-1,2724,2726,2725,-1,2725,2726,2728,-1,2725,2728,2973,-1,2973,2728,2964,-1,2973,2964,2974,-1,2974,2964,2965,-1,2974,2965,2975,-1,2975,2965,2966,-1,2975,2966,2976,-1,2976,2966,2967,-1,2976,2967,2977,-1,2977,2967,2968,-1,2977,2968,2978,-1,2978,2968,2969,-1,2978,2969,2979,-1,2979,2969,2970,-1,2979,2970,2980,-1,2980,2970,2971,-1,2980,2971,2981,-1,2981,2971,2972,-1,2981,2972,2774,-1,2982,2723,2983,-1,2983,2723,2725,-1,2983,2725,2984,-1,2984,2725,2973,-1,2984,2973,2985,-1,2985,2973,2974,-1,2985,2974,2986,-1,2986,2974,2975,-1,2986,2975,2987,-1,2987,2975,2976,-1,2987,2976,2988,-1,2988,2976,2977,-1,2988,2977,2989,-1,2989,2977,2978,-1,2989,2978,2990,-1,2990,2978,2979,-1,2990,2979,2991,-1,2991,2979,2980,-1,2991,2980,2992,-1,2992,2980,2981,-1,2992,2981,2774,-1,2721,2982,2722,-1,2722,2982,2983,-1,2722,2983,2993,-1,2993,2983,2984,-1,2993,2984,2994,-1,2994,2984,2985,-1,2994,2985,2995,-1,2995,2985,2986,-1,2995,2986,2996,-1,2996,2986,2987,-1,2996,2987,2997,-1,2997,2987,2988,-1,2997,2988,2998,-1,2998,2988,2989,-1,2998,2989,2999,-1,2999,2989,2990,-1,2999,2990,3000,-1,3000,2990,2991,-1,3000,2991,3001,-1,3001,2991,2992,-1,3001,2992,2774,-1,2718,2720,2719,-1,2719,2720,2722,-1,2719,2722,3002,-1,3002,2722,2993,-1,3002,2993,3003,-1,3003,2993,2994,-1,3003,2994,3004,-1,3004,2994,2995,-1,3004,2995,3005,-1,3005,2995,2996,-1,3005,2996,3006,-1,3006,2996,2997,-1,3006,2997,3007,-1,3007,2997,2998,-1,3007,2998,3008,-1,3008,2998,2999,-1,3008,2999,3009,-1,3009,2999,3000,-1,3009,3000,3010,-1,3010,3000,3001,-1,3010,3001,2774,-1,3011,2717,3012,-1,3012,2717,2719,-1,3012,2719,3013,-1,3013,2719,3002,-1,3013,3002,3014,-1,3014,3002,3003,-1,3014,3003,3015,-1,3015,3003,3004,-1,3015,3004,3016,-1,3016,3004,3005,-1,3016,3005,3017,-1,3017,3005,3006,-1,3017,3006,3018,-1,3018,3006,3007,-1,3018,3007,3019,-1,3019,3007,3008,-1,3019,3008,3020,-1,3020,3008,3009,-1,3020,3009,3021,-1,3021,3009,3010,-1,3021,3010,2774,-1,2715,3011,2716,-1,2716,3011,3012,-1,2716,3012,3022,-1,3022,3012,3013,-1,3022,3013,3023,-1,3023,3013,3014,-1,3023,3014,3024,-1,3024,3014,3015,-1,3024,3015,3025,-1,3025,3015,3016,-1,3025,3016,3026,-1,3026,3016,3017,-1,3026,3017,3027,-1,3027,3017,3018,-1,3027,3018,3028,-1,3028,3018,3019,-1,3028,3019,3029,-1,3029,3019,3020,-1,3029,3020,3030,-1,3030,3020,3021,-1,3030,3021,2774,-1,2712,2714,2713,-1,2713,2714,2716,-1,2713,2716,3031,-1,3031,2716,3022,-1,3031,3022,3032,-1,3032,3022,3023,-1,3032,3023,3033,-1,3033,3023,3024,-1,3033,3024,3034,-1,3034,3024,3025,-1,3034,3025,3035,-1,3035,3025,3026,-1,3035,3026,3036,-1,3036,3026,3027,-1,3036,3027,3037,-1,3037,3027,3028,-1,3037,3028,3038,-1,3038,3028,3029,-1,3038,3029,3039,-1,3039,3029,3030,-1,3039,3030,2774,-1,2709,2711,2710,-1,2710,2711,2713,-1,2710,2713,3040,-1,3040,2713,3031,-1,3040,3031,3041,-1,3041,3031,3032,-1,3041,3032,3042,-1,3042,3032,3033,-1,3042,3033,3043,-1,3043,3033,3034,-1,3043,3034,3044,-1,3044,3034,3035,-1,3044,3035,3045,-1,3045,3035,3036,-1,3045,3036,3046,-1,3046,3036,3037,-1,3046,3037,3047,-1,3047,3037,3038,-1,3047,3038,3048,-1,3048,3038,3039,-1,3048,3039,2774,-1,3049,2708,3050,-1,3050,2708,2710,-1,3050,2710,3051,-1,3051,2710,3040,-1,3051,3040,3052,-1,3052,3040,3041,-1,3052,3041,3053,-1,3053,3041,3042,-1,3053,3042,3054,-1,3054,3042,3043,-1,3054,3043,3055,-1,3055,3043,3044,-1,3055,3044,3056,-1,3056,3044,3045,-1,3056,3045,3057,-1,3057,3045,3046,-1,3057,3046,3058,-1,3058,3046,3047,-1,3058,3047,3059,-1,3059,3047,3048,-1,3059,3048,2774,-1,2706,3049,2707,-1,2707,3049,3050,-1,2707,3050,3060,-1,3060,3050,3051,-1,3060,3051,3061,-1,3061,3051,3052,-1,3061,3052,3062,-1,3062,3052,3053,-1,3062,3053,3063,-1,3063,3053,3054,-1,3063,3054,3064,-1,3064,3054,3055,-1,3064,3055,3065,-1,3065,3055,3056,-1,3065,3056,3066,-1,3066,3056,3057,-1,3066,3057,3067,-1,3067,3057,3058,-1,3067,3058,3068,-1,3068,3058,3059,-1,3068,3059,2774,-1,2703,2705,2704,-1,2704,2705,2707,-1,2704,2707,3069,-1,3069,2707,3060,-1,3069,3060,3070,-1,3070,3060,3061,-1,3070,3061,3071,-1,3071,3061,3062,-1,3071,3062,3072,-1,3072,3062,3063,-1,3072,3063,3073,-1,3073,3063,3064,-1,3073,3064,3074,-1,3074,3064,3065,-1,3074,3065,3075,-1,3075,3065,3066,-1,3075,3066,3076,-1,3076,3066,3067,-1,3076,3067,3077,-1,3077,3067,3068,-1,3077,3068,2774,-1,3078,2702,3079,-1,3079,2702,2704,-1,3079,2704,3080,-1,3080,2704,3069,-1,3080,3069,3081,-1,3081,3069,3070,-1,3081,3070,3082,-1,3082,3070,3071,-1,3082,3071,3083,-1,3083,3071,3072,-1,3083,3072,3084,-1,3084,3072,3073,-1,3084,3073,3085,-1,3085,3073,3074,-1,3085,3074,3086,-1,3086,3074,3075,-1,3086,3075,3087,-1,3087,3075,3076,-1,3087,3076,3088,-1,3088,3076,3077,-1,3088,3077,2774,-1,2700,3078,2701,-1,2701,3078,3079,-1,2701,3079,3089,-1,3089,3079,3080,-1,3089,3080,3090,-1,3090,3080,3081,-1,3090,3081,3091,-1,3091,3081,3082,-1,3091,3082,3092,-1,3092,3082,3083,-1,3092,3083,3093,-1,3093,3083,3084,-1,3093,3084,3094,-1,3094,3084,3085,-1,3094,3085,3095,-1,3095,3085,3086,-1,3095,3086,3096,-1,3096,3086,3087,-1,3096,3087,3097,-1,3097,3087,3088,-1,3097,3088,2774,-1,2697,2699,2698,-1,2698,2699,2701,-1,2698,2701,3098,-1,3098,2701,3089,-1,3098,3089,3099,-1,3099,3089,3090,-1,3099,3090,3100,-1,3100,3090,3091,-1,3100,3091,3101,-1,3101,3091,3092,-1,3101,3092,3102,-1,3102,3092,3093,-1,3102,3093,3103,-1,3103,3093,3094,-1,3103,3094,3104,-1,3104,3094,3095,-1,3104,3095,3105,-1,3105,3095,3096,-1,3105,3096,3106,-1,3106,3096,3097,-1,3106,3097,2774,-1,3107,2696,3108,-1,3108,2696,2698,-1,3108,2698,3109,-1,3109,2698,3098,-1,3109,3098,3110,-1,3110,3098,3099,-1,3110,3099,3111,-1,3111,3099,3100,-1,3111,3100,3112,-1,3112,3100,3101,-1,3112,3101,3113,-1,3113,3101,3102,-1,3113,3102,3114,-1,3114,3102,3103,-1,3114,3103,3115,-1,3115,3103,3104,-1,3115,3104,3116,-1,3116,3104,3105,-1,3116,3105,3117,-1,3117,3105,3106,-1,3117,3106,2774,-1,2694,3107,2695,-1,2695,3107,3108,-1,2695,3108,3118,-1,3118,3108,3109,-1,3118,3109,3119,-1,3119,3109,3110,-1,3119,3110,3120,-1,3120,3110,3111,-1,3120,3111,3121,-1,3121,3111,3112,-1,3121,3112,3122,-1,3122,3112,3113,-1,3122,3113,3123,-1,3123,3113,3114,-1,3123,3114,3124,-1,3124,3114,3115,-1,3124,3115,3125,-1,3125,3115,3116,-1,3125,3116,3126,-1,3126,3116,3117,-1,3126,3117,2774,-1,2691,2693,2692,-1,2692,2693,2695,-1,2692,2695,3127,-1,3127,2695,3118,-1,3127,3118,3128,-1,3128,3118,3119,-1,3128,3119,3129,-1,3129,3119,3120,-1,3129,3120,3130,-1,3130,3120,3121,-1,3130,3121,3131,-1,3131,3121,3122,-1,3131,3122,3132,-1,3132,3122,3123,-1,3132,3123,3133,-1,3133,3123,3124,-1,3133,3124,3134,-1,3134,3124,3125,-1,3134,3125,3135,-1,3135,3125,3126,-1,3135,3126,2774,-1,2688,2690,2689,-1,2689,2690,2692,-1,2689,2692,3136,-1,3136,2692,3127,-1,3136,3127,3137,-1,3137,3127,3128,-1,3137,3128,3138,-1,3138,3128,3129,-1,3138,3129,3139,-1,3139,3129,3130,-1,3139,3130,3140,-1,3140,3130,3131,-1,3140,3131,3141,-1,3141,3131,3132,-1,3141,3132,3142,-1,3142,3132,3133,-1,3142,3133,3143,-1,3143,3133,3134,-1,3143,3134,3144,-1,3144,3134,3135,-1,3144,3135,2774,-1,3145,2687,3146,-1,3146,2687,2689,-1,3146,2689,3147,-1,3147,2689,3136,-1,3147,3136,3148,-1,3148,3136,3137,-1,3148,3137,3149,-1,3149,3137,3138,-1,3149,3138,3150,-1,3150,3138,3139,-1,3150,3139,3151,-1,3151,3139,3140,-1,3151,3140,3152,-1,3152,3140,3141,-1,3152,3141,3153,-1,3153,3141,3142,-1,3153,3142,3154,-1,3154,3142,3143,-1,3154,3143,3155,-1,3155,3143,3144,-1,3155,3144,2774,-1,2685,3145,2686,-1,2686,3145,3146,-1,2686,3146,3156,-1,3156,3146,3147,-1,3156,3147,3157,-1,3157,3147,3148,-1,3157,3148,3158,-1,3158,3148,3149,-1,3158,3149,3159,-1,3159,3149,3150,-1,3159,3150,3160,-1,3160,3150,3151,-1,3160,3151,3161,-1,3161,3151,3152,-1,3161,3152,3162,-1,3162,3152,3153,-1,3162,3153,3163,-1,3163,3153,3154,-1,3163,3154,3164,-1,3164,3154,3155,-1,3164,3155,2774,-1,2769,2684,2770,-1,2770,2684,2686,-1,2770,2686,2803,-1,2803,2686,3156,-1,2803,3156,2805,-1,2805,3156,3157,-1,2805,3157,2799,-1,2799,3157,3158,-1,2799,3158,2798,-1,2798,3158,3159,-1,2798,3159,2797,-1,2797,3159,3160,-1,2797,3160,2796,-1,2796,3160,3161,-1,2796,3161,2795,-1,2795,3161,3162,-1,2795,3162,2794,-1,2794,3162,3163,-1,2794,3163,2793,-1,2793,3163,3164,-1,2793,3164,2774,-1,2727,2624,2729,-1,2729,2624,2618,-1,2729,2618,2730,-1,2730,2618,2617,-1,2730,2617,2944,-1,2944,2617,2616,-1,2944,2616,2732,-1,2732,2616,2615,-1,2732,2615,2733,-1,2733,2615,2614,-1,2733,2614,2735,-1,2735,2614,2605,-1,2735,2605,2736,-1,2736,2605,2604,-1,2736,2604,2915,-1,2915,2604,2603,-1,2915,2603,2738,-1,2738,2603,2602,-1,2738,2602,2739,-1,2739,2602,2601,-1,2739,2601,2741,-1,2741,2601,2600,-1,2741,2600,2742,-1,2742,2600,2599,-1,2742,2599,2744,-1,2744,2599,2598,-1,2744,2598,2745,-1,2745,2598,2597,-1,2745,2597,2877,-1,2877,2597,2339,-1,2877,2339,2747,-1,2747,2339,2338,-1,2747,2338,2748,-1,2748,2338,2591,-1,2748,2591,2750,-1,2750,2591,2585,-1,2750,2585,2751,-1,2751,2585,2584,-1,2751,2584,2848,-1,2848,2584,2583,-1,2848,2583,2753,-1,2753,2583,2582,-1,2753,2582,2754,-1,2754,2582,2581,-1,2754,2581,2756,-1,2756,2581,2576,-1,2756,2576,2757,-1,2757,2576,2575,-1,2757,2575,2822,-1,2822,2575,2574,-1,2822,2574,2759,-1,2759,2574,2573,-1,2759,2573,2760,-1,2760,2573,2572,-1,2760,2572,2762,-1,2762,2572,2571,-1,2762,2571,2763,-1,2763,2571,2570,-1,2763,2570,2765,-1,2765,2570,2565,-1,2765,2565,2766,-1,2766,2565,2564,-1,2766,2564,2800,-1,2800,2564,2563,-1,2800,2563,2768,-1,2768,2563,2562,-1,2768,2562,2769,-1,2769,2562,2557,-1,2769,2557,2684,-1,2684,2557,2683,-1,2684,2683,2685,-1,2685,2683,2682,-1,2685,2682,3145,-1,3145,2682,2681,-1,3145,2681,2687,-1,2687,2681,2680,-1,2687,2680,2688,-1,2688,2680,2679,-1,2688,2679,2690,-1,2690,2679,2678,-1,2690,2678,2691,-1,2691,2678,2677,-1,2691,2677,2693,-1,2693,2677,2676,-1,2693,2676,2694,-1,2694,2676,2675,-1,2694,2675,3107,-1,3107,2675,2336,-1,3107,2336,2696,-1,2696,2336,2335,-1,2696,2335,2697,-1,2697,2335,2668,-1,2697,2668,2699,-1,2699,2668,2660,-1,2699,2660,2700,-1,2700,2660,2659,-1,2700,2659,3078,-1,3078,2659,2658,-1,3078,2658,2702,-1,2702,2658,2657,-1,2702,2657,2703,-1,2703,2657,2656,-1,2703,2656,2705,-1,2705,2656,2650,-1,2705,2650,2706,-1,2706,2650,2649,-1,2706,2649,3049,-1,3049,2649,2648,-1,3049,2648,2708,-1,2708,2648,2647,-1,2708,2647,2709,-1,2709,2647,2646,-1,2709,2646,2711,-1,2711,2646,2645,-1,2711,2645,2712,-1,2712,2645,2644,-1,2712,2644,2714,-1,2714,2644,2639,-1,2714,2639,2715,-1,2715,2639,2638,-1,2715,2638,3011,-1,3011,2638,2637,-1,3011,2637,2717,-1,2717,2637,2636,-1,2717,2636,2718,-1,2718,2636,2635,-1,2718,2635,2720,-1,2720,2635,2630,-1,2720,2630,2721,-1,2721,2630,2629,-1,2721,2629,2982,-1,2982,2629,2628,-1,2982,2628,2723,-1,2723,2628,2627,-1,2723,2627,2724,-1,2724,2627,2626,-1,2724,2626,2726,-1,2726,2626,2625,-1,2726,2625,2727,-1,2727,2625,2624,-1,940,938,3165,-1,940,3165,942,-1,929,931,3166,-1,929,3166,924,-1,931,933,3166,-1,3166,933,945,-1,3166,945,3165,-1,3165,945,944,-1,3165,944,942,-1,822,824,3167,-1,824,826,3167,-1,3167,826,926,-1,3167,926,3166,-1,3166,926,925,-1,3166,925,924,-1,719,717,3168,-1,3168,717,715,-1,715,727,3168,-1,3168,727,726,-1,3168,726,3167,-1,3167,726,725,-1,3167,725,822,-1,708,706,3169,-1,3169,706,704,-1,704,724,3169,-1,3169,724,723,-1,3169,723,3168,-1,3168,723,721,-1,3168,721,719,-1,683,681,3170,-1,681,713,3170,-1,3170,713,712,-1,3170,712,3169,-1,3169,712,710,-1,3169,710,708,-1,664,662,3171,-1,3171,662,660,-1,660,688,3171,-1,3171,688,687,-1,3171,687,3170,-1,3170,687,685,-1,3170,685,683,-1,638,636,3172,-1,636,669,3172,-1,3172,669,668,-1,3172,668,3171,-1,3171,668,666,-1,3171,666,664,-1,619,617,3173,-1,617,643,3173,-1,3173,643,642,-1,3173,642,3172,-1,3172,642,640,-1,3172,640,638,-1,601,599,3174,-1,601,3174,603,-1,599,624,3174,-1,3174,624,623,-1,3174,623,3173,-1,3173,623,621,-1,3173,621,619,-1,582,580,3175,-1,3175,580,578,-1,3175,578,576,-1,576,608,3175,-1,3175,608,607,-1,3175,607,3174,-1,3174,607,605,-1,3174,605,603,-1,546,544,3176,-1,546,3176,548,-1,544,542,3176,-1,3176,542,540,-1,3176,540,538,-1,538,536,3176,-1,3176,536,585,-1,3176,585,3175,-1,3175,585,584,-1,3175,584,582,-1,500,502,3176,-1,3176,502,504,-1,504,506,3176,-1,3176,506,508,-1,3176,508,510,-1,510,551,3176,-1,3176,551,550,-1,3176,550,548,-1,3177,491,493,-1,493,497,3177,-1,3177,497,496,-1,3177,496,3176,-1,3176,496,495,-1,3176,495,500,-1,471,473,3178,-1,3178,473,475,-1,475,479,3178,-1,3178,479,478,-1,3178,478,3177,-1,3177,478,477,-1,3177,477,491,-1,3179,452,454,-1,454,458,3179,-1,3179,458,457,-1,3179,457,3178,-1,3178,457,456,-1,3178,456,471,-1,419,3180,420,-1,420,3180,3181,-1,419,433,3180,-1,3180,433,435,-1,3180,435,437,-1,437,444,3180,-1,3180,444,443,-1,3180,443,3179,-1,3179,443,442,-1,3179,442,452,-1,412,414,3181,-1,3181,414,421,-1,3181,421,420,-1,3182,394,3181,-1,3181,394,393,-1,3181,393,412,-1,387,389,3182,-1,389,391,3182,-1,3182,391,395,-1,3182,395,394,-1,365,3183,363,-1,363,3183,361,-1,365,378,3183,-1,3183,378,377,-1,3183,377,3182,-1,3182,377,376,-1,3182,376,387,-1,350,352,3184,-1,3184,352,354,-1,354,358,3184,-1,3184,358,357,-1,3184,357,3183,-1,3183,357,356,-1,3183,356,361,-1,3185,334,3186,-1,3186,334,333,-1,333,339,3186,-1,3186,339,341,-1,3186,341,343,-1,343,347,3186,-1,3186,347,346,-1,3186,346,3184,-1,3184,346,345,-1,3184,345,350,-1,3185,327,329,-1,329,331,3185,-1,3185,331,335,-1,3185,335,334,-1,938,936,3165,-1,3165,936,1193,-1,3165,1193,3187,-1,3187,1193,1192,-1,3187,1192,3188,-1,3188,1192,1191,-1,1191,1190,3188,-1,3188,1190,1189,-1,3188,1189,1188,-1,1188,1187,3188,-1,3188,1187,323,-1,3188,323,3185,-1,3185,323,322,-1,3185,322,327,-1,
        ]
    }
}
Shape{
    appearance Appearance {
        material  Material 	{
            diffuseColor 0.5372549019607843 0.34901960784313724 0.33725490196078434
            specularColor 0.3764705882352941 0.24313725490196078 0.23529411764705882
            ambientIntensity 0.2
            transparency 0
            shininess 0.5
        }
    }
    geometry IndexedFaceSet {
        ccw TRUE
        solid FALSE
        coord DEF co Coordinate {
            point [
                -0.1693 -0.0 -0.8959, -0.1702 0.0071 -2.2638, -0.1702 0.0071 -0.8959, -0.173 0.0138 -2.2638, -0.173 0.0138 -0.8959, -0.1774 0.0195 -2.2638, -0.1774 0.0195 -0.8959, -0.1831 0.0239 -2.2638, -0.1831 0.0239 -0.8959, -0.1897 0.0266 -2.2638, -0.1897 0.0266 -0.8959, -0.1969 0.0276 -2.2638, -0.1969 0.0276 -0.8959, -0.204 0.0266 -2.2638, -0.204 0.0266 -0.8959, -0.2106 0.0239 -2.2638, -0.2106 0.0239 -0.8959, -0.2163 0.0195 -2.2638, -0.2163 0.0195 -0.8959, -0.2207 0.0138 -2.2638, -0.2207 0.0138 -0.8959, -0.2235 0.0071 -2.2638, -0.2235 0.0071 -0.8959, -0.2244 0.0 -2.2638, -0.2244 0.0 -0.8959, -0.2235 -0.0071 -2.2638, -0.2235 -0.0071 -0.8959, -0.2207 -0.0138 -2.2638, -0.2207 -0.0138 -0.8959, -0.2163 -0.0195 -2.2638, -0.2163 -0.0195 -0.8959, -0.2106 -0.0239 -2.2638, -0.2106 -0.0239 -0.8959, -0.204 -0.0266 -2.2638, -0.204 -0.0266 -0.8959, -0.1969 -0.0276 -2.2638, -0.1969 -0.0276 -0.8959, -0.1897 -0.0266 -2.2638, -0.1897 -0.0266 -0.8959, -0.1831 -0.0239 -2.2638, -0.1831 -0.0239 -0.8959, -0.1774 -0.0195 -2.2638, -0.1774 -0.0195 -0.8959, -0.173 -0.0138 -2.2638, -0.173 -0.0138 -0.8959, -0.1702 -0.0071 -2.2638, -0.1702 -0.0071 -0.8959, -0.1693 0.0 -2.2638, -0.1969 0.0 -2.2638, -0.1969 0.0 -2.2638
            ]
        }
        coordIndex [
            0,1,2,-1,2,1,3,-1,2,3,4,-1,4,3,5,-1,4,5,6,-1,6,5,7,-1,6,7,8,-1,8,7,9,-1,8,9,10,-1,10,9,11,-1,10,11,12,-1,12,11,13,-1,12,13,14,-1,14,13,15,-1,14,15,16,-1,16,15,17,-1,16,17,18,-1,18,17,19,-1,18,19,20,-1,20,19,21,-1,20,21,22,-1,22,21,23,-1,22,23,24,-1,24,23,25,-1,24,25,26,-1,26,25,27,-1,26,27,28,-1,28,27,29,-1,28,29,30,-1,30,29,31,-1,30,31,32,-1,32,31,33,-1,32,33,34,-1,34,33,35,-1,34,35,36,-1,36,35,37,-1,36,37,38,-1,38,37,39,-1,38,39,40,-1,40,39,41,-1,40,41,42,-1,42,41,43,-1,42,43,44,-1,44,43,45,-1,44,45,46,-1,46,45,47,-1,46,47,0,-1,0,47,1,-1,27,25,48,-1,48,25,23,-1,48,23,21,-1,33,31,48,-1,48,31,29,-1,48,29,27,-1,39,37,48,-1,48,37,35,-1,48,35,33,-1,45,43,48,-1,48,43,41,-1,48,41,39,-1,3,1,48,-1,48,1,47,-1,48,47,45,-1,9,7,48,-1,48,7,5,-1,48,5,3,-1,15,13,48,-1,48,13,11,-1,48,11,9,-1,21,19,48,-1,48,19,17,-1,48,17,15,-1,
        ]
    }
}
Shape{
    appearance Appearance {
        material  Material 	{
            diffuseColor 0.2235294117647059 0.2235294117647059 0.2235294117647059
            specularColor 0.11372549019607843 0.11372549019607843 0.11372549019607843
            ambientIntensity 0.2
            transparency 0
            shininess 0.5
        }
    }
    geometry IndexedFaceSet {
        ccw TRUE
        solid FALSE
        coord DEF co Coordinate {
            point [
                0.2362 0.0 -0.8678, 0.2355 0.0074 -0.3756, 0.2356 0.0072 -0.3752, 0.2359 0.0053 -0.3722, 0.2361 0.0035 -0.3701, 0.2361 0.0026 -0.3694, 0.2362 0.0016 -0.3689, 0.2362 0.0007 -0.3686, 0.2362 0.0 -0.3685, 0.2326 0.0165 -0.4035, 0.2332 0.0151 -0.3978, 0.2349 0.0102 -0.8678, 0.2339 0.0132 -0.3909, 0.2346 0.0113 -0.3849, 0.2349 0.0102 -0.382, 0.2351 0.0093 -0.3798, 0.2264 0.026 -0.4569, 0.2279 0.0242 -0.4447, 0.2309 0.0197 -0.8678, 0.2293 0.0224 -0.4332, 0.2305 0.0204 -0.4225, 0.2309 0.0197 -0.4186, 0.2316 0.0185 -0.4125, 0.2247 0.0278 -0.8678, 0.2197 0.032 -0.5077, 0.2217 0.0306 -0.4935, 0.2235 0.029 -0.4796, 0.2247 0.0278 -0.4706, 0.2253 0.0273 -0.4661, 0.2105 0.0369 -0.5699, 0.2128 0.036 -0.5552, 0.2165 0.0341 -0.8678, 0.215 0.0349 -0.5405, 0.2156 0.0346 -0.5368, 0.2165 0.0341 -0.5303, 0.2177 0.0334 -0.5222, 0.2009 0.0392 -0.6277, 0.2035 0.0388 -0.6128, 0.207 0.038 -0.8678, 0.1985 0.0393 -0.6412, 0.1969 0.0394 -0.6505, 0.1969 0.0394 -0.8678, 0.1961 0.0394 -0.6544, 0.2059 0.0383 -0.5987, 0.207 0.038 -0.5917, 0.2082 0.0377 -0.5844, 0.1891 0.0386 -0.6916, 0.1914 0.039 -0.6795, 0.1938 0.0393 -0.6671, 0.1772 0.0341 -0.7494, 0.1867 0.038 -0.8678, 0.1772 0.0341 -0.7496, 0.1772 0.0341 -0.8678, 0.1792 0.0352 -0.74, 0.1813 0.0362 -0.73, 0.1835 0.037 -0.7196, 0.1857 0.0378 -0.7087, 0.1867 0.038 -0.7038, 0.1868 0.0381 -0.7033, 0.1707 0.0294 -0.7791, 0.1724 0.0309 -0.7713, 0.1734 0.0316 -0.7671, 0.1752 0.0329 -0.7585, 0.1634 0.0208 -0.8104, 0.1647 0.0227 -0.8051, 0.169 0.0278 -0.8678, 0.166 0.0245 -0.7993, 0.1675 0.0262 -0.7931, 0.169 0.0278 -0.7864, 0.169 0.0279 -0.7863, 0.1628 0.0197 -0.8678, 0.1601 0.0142 -0.8242, 0.161 0.0163 -0.8206, 0.162 0.0183 -0.8165, 0.1628 0.0197 -0.8133, 0.1631 0.0203 -0.8119, 0.1588 0.0102 -0.8678, 0.1575 -0.0 -0.8678, 0.1575 -0.0 -0.8351, 0.1575 0.0019 -0.835, 0.1576 0.0036 -0.8345, 0.1577 0.004 -0.8343, 0.1577 0.0041 -0.8343, 0.1579 0.0056 -0.8335, 0.1583 0.0078 -0.832, 0.1588 0.01 -0.8299, 0.1588 0.0102 -0.8297, 0.1594 0.0122 -0.8273, 0.1586 -0.0093 -0.8306, 0.1581 -0.0071 -0.8325, 0.1588 -0.0102 -0.8678, 0.1578 -0.0049 -0.8339, 0.1576 -0.0026 -0.8348, 0.1575 -0.0003 -0.8352, 0.1607 -0.0156 -0.8219, 0.1628 -0.0197 -0.8678, 0.1613 -0.0168 -0.8196, 0.1623 -0.0189 -0.8153, 0.1599 -0.0136 -0.8253, 0.1592 -0.0115 -0.8282, 0.1588 -0.0102 -0.8296, 0.1675 -0.0262 -0.7931, 0.166 -0.0245 -0.7994, 0.169 -0.0278 -0.8678, 0.1647 -0.0227 -0.8052, 0.1634 -0.0208 -0.8105, 0.1628 -0.0197 -0.8132, 0.1733 -0.0316 -0.7672, 0.1715 -0.0301 -0.7753, 0.1772 -0.0341 -0.8678, 0.1698 -0.0286 -0.7829, 0.169 -0.0278 -0.7863, 0.1682 -0.027 -0.7901, 0.1823 -0.0366 -0.7252, 0.1801 -0.0357 -0.7356, 0.1867 -0.038 -0.8678, 0.178 -0.0346 -0.7456, 0.1772 -0.0341 -0.7495, 0.1772 -0.0341 -0.7496, 0.1752 -0.0329 -0.7586, 0.195 -0.0393 -0.6606, 0.1926 -0.0391 -0.6735, 0.1969 -0.0394 -0.8678, 0.1902 -0.0388 -0.686, 0.1891 -0.0386 -0.6915, 0.1868 -0.0381 -0.7032, 0.1867 -0.038 -0.7038, 0.1845 -0.0374 -0.7144, 0.2022 -0.039 -0.6203, 0.1998 -0.0393 -0.634, 0.1974 -0.0394 -0.6475, 0.1969 -0.0394 -0.6505, 0.2165 -0.0341 -0.8678, 0.213 -0.0359 -0.5539, 0.2108 -0.0368 -0.5685, 0.2084 -0.0376 -0.5831, 0.207 -0.038 -0.5917, 0.207 -0.038 -0.8678, 0.2061 -0.0383 -0.5976, 0.2036 -0.0388 -0.612, 0.221 -0.0311 -0.4987, 0.219 -0.0325 -0.5127, 0.2247 -0.0278 -0.8678, 0.2228 -0.0296 -0.485, 0.217 -0.0338 -0.5269, 0.2165 -0.0341 -0.5303, 0.2152 -0.0348 -0.5392, 0.2283 -0.0237 -0.4413, 0.2277 -0.0245 -0.4465, 0.2309 -0.0197 -0.8678, 0.2296 -0.0219 -0.4306, 0.2262 -0.0263 -0.4589, 0.2247 -0.0278 -0.4705, 0.2245 -0.028 -0.4717, 0.2346 -0.0112 -0.3847, 0.234 -0.0131 -0.3905, 0.2349 -0.0102 -0.8678, 0.2335 -0.0144 -0.3951, 0.2327 -0.0163 -0.4028, 0.2318 -0.0182 -0.4113, 0.2309 -0.0197 -0.4185, 0.2307 -0.0201 -0.4205, 0.2362 -0.0002 -0.3685, 0.2362 -0.0012 -0.3687, 0.2362 -0.0021 -0.3691, 0.2361 -0.003 -0.3697, 0.236 -0.0038 -0.3704, 0.2358 -0.0056 -0.3726, 0.2355 -0.0075 -0.3758, 0.2351 -0.0094 -0.3798, 0.2349 -0.0102 -0.382, 0.2349 -0.0102 -0.382
            ]
        }
        coordIndex [
            0,1,2,-1,2,3,0,-1,0,3,4,-1,0,4,5,-1,5,6,0,-1,0,6,7,-1,0,7,8,-1,9,10,11,-1,11,10,12,-1,12,13,11,-1,11,13,14,-1,11,14,0,-1,0,14,15,-1,0,15,1,-1,16,17,18,-1,18,17,19,-1,19,20,18,-1,18,20,21,-1,18,21,11,-1,11,21,22,-1,11,22,9,-1,23,24,25,-1,25,26,23,-1,23,26,27,-1,23,27,18,-1,18,27,28,-1,18,28,16,-1,29,30,31,-1,31,30,32,-1,32,33,31,-1,31,33,34,-1,31,34,23,-1,23,34,35,-1,23,35,24,-1,36,37,38,-1,36,38,39,-1,39,38,40,-1,40,38,41,-1,40,41,42,-1,37,43,38,-1,38,43,44,-1,38,44,31,-1,31,44,45,-1,31,45,29,-1,46,47,41,-1,41,47,48,-1,41,48,42,-1,49,50,51,-1,51,50,52,-1,49,53,50,-1,50,53,54,-1,50,54,55,-1,55,56,50,-1,50,56,57,-1,50,57,41,-1,41,57,58,-1,41,58,46,-1,52,59,60,-1,60,61,52,-1,52,61,62,-1,52,62,51,-1,63,64,65,-1,65,64,66,-1,66,67,65,-1,65,67,68,-1,65,68,52,-1,52,68,69,-1,52,69,59,-1,70,71,72,-1,72,73,70,-1,70,73,74,-1,70,74,65,-1,65,74,75,-1,65,75,63,-1,76,77,78,-1,78,79,76,-1,76,79,80,-1,76,80,81,-1,81,82,76,-1,76,82,83,-1,76,83,84,-1,84,85,76,-1,76,85,86,-1,76,86,70,-1,70,86,87,-1,70,87,71,-1,88,89,90,-1,89,91,90,-1,90,91,92,-1,90,92,77,-1,77,92,93,-1,77,93,78,-1,94,95,96,-1,96,95,97,-1,94,98,95,-1,95,98,99,-1,95,99,90,-1,90,99,100,-1,90,100,88,-1,101,102,103,-1,102,104,103,-1,103,104,105,-1,103,105,95,-1,95,105,106,-1,95,106,97,-1,107,108,109,-1,108,110,109,-1,109,110,111,-1,109,111,103,-1,103,111,112,-1,103,112,101,-1,113,114,115,-1,115,114,116,-1,116,117,115,-1,115,117,118,-1,115,118,109,-1,109,118,119,-1,109,119,107,-1,120,121,122,-1,122,121,123,-1,122,123,124,-1,124,125,122,-1,122,125,126,-1,122,126,115,-1,115,126,127,-1,115,127,113,-1,128,129,122,-1,129,130,122,-1,122,130,131,-1,122,131,120,-1,132,133,134,-1,134,135,132,-1,132,135,136,-1,132,136,137,-1,137,136,138,-1,137,138,122,-1,122,138,139,-1,122,139,128,-1,140,141,142,-1,140,142,143,-1,141,144,142,-1,142,144,145,-1,142,145,132,-1,132,145,146,-1,132,146,133,-1,147,148,149,-1,147,149,150,-1,148,151,149,-1,149,151,152,-1,149,152,142,-1,142,152,153,-1,142,153,143,-1,154,155,156,-1,156,155,157,-1,156,157,158,-1,158,159,156,-1,156,159,160,-1,156,160,149,-1,149,160,161,-1,149,161,150,-1,8,162,0,-1,0,162,163,-1,0,163,164,-1,164,165,0,-1,0,165,166,-1,0,166,167,-1,167,168,0,-1,0,168,169,-1,0,169,156,-1,156,169,170,-1,156,170,154,-1,
        ]
    }
}
Shape{
    appearance Appearance {
        material  Material 	{
            diffuseColor 0.5372549019607843 0.34901960784313724 0.33725490196078434
            specularColor 0.3764705882352941 0.24313725490196078 0.23529411764705882
            ambientIntensity 0.2
            transparency 0
            shininess 0.5
        }
    }
    geometry IndexedFaceSet {
        ccw TRUE
        solid FALSE
        coord DEF co Coordinate {
            point [
                0.2244 -0.0 -0.8959, 0.2235 0.0071 -2.2638, 0.2235 0.0071 -0.8959, 0.2207 0.0138 -2.2638, 0.2207 0.0138 -0.8959, 0.2163 0.0195 -2.2638, 0.2163 0.0195 -0.8959, 0.2106 0.0239 -2.2638, 0.2106 0.0239 -0.8959, 0.204 0.0266 -2.2638, 0.204 0.0266 -0.8959, 0.1969 0.0276 -2.2638, 0.1969 0.0276 -0.8959, 0.1897 0.0266 -2.2638, 0.1897 0.0266 -0.8959, 0.1831 0.0239 -2.2638, 0.1831 0.0239 -0.8959, 0.1774 0.0195 -2.2638, 0.1774 0.0195 -0.8959, 0.173 0.0138 -2.2638, 0.173 0.0138 -0.8959, 0.1702 0.0071 -2.2638, 0.1702 0.0071 -0.8959, 0.1693 0.0 -2.2638, 0.1693 0.0 -0.8959, 0.1702 -0.0071 -2.2638, 0.1702 -0.0071 -0.8959, 0.173 -0.0138 -2.2638, 0.173 -0.0138 -0.8959, 0.1774 -0.0195 -2.2638, 0.1774 -0.0195 -0.8959, 0.1831 -0.0239 -2.2638, 0.1831 -0.0239 -0.8959, 0.1897 -0.0266 -2.2638, 0.1897 -0.0266 -0.8959, 0.1969 -0.0276 -2.2638, 0.1969 -0.0276 -0.8959, 0.204 -0.0266 -2.2638, 0.204 -0.0266 -0.8959, 0.2106 -0.0239 -2.2638, 0.2106 -0.0239 -0.8959, 0.2163 -0.0195 -2.2638, 0.2163 -0.0195 -0.8959, 0.2207 -0.0138 -2.2638, 0.2207 -0.0138 -0.8959, 0.2235 -0.0071 -2.2638, 0.2235 -0.0071 -0.8959, 0.2244 -0.0 -2.2638, 0.2244 -0.0 -2.2638
            ]
        }
        coordIndex [
            0,1,2,-1,2,1,3,-1,2,3,4,-1,4,3,5,-1,4,5,6,-1,6,5,7,-1,6,7,8,-1,8,7,9,-1,8,9,10,-1,10,9,11,-1,10,11,12,-1,12,11,13,-1,12,13,14,-1,14,13,15,-1,14,15,16,-1,16,15,17,-1,16,17,18,-1,18,17,19,-1,18,19,20,-1,20,19,21,-1,20,21,22,-1,22,21,23,-1,22,23,24,-1,24,23,25,-1,24,25,26,-1,26,25,27,-1,26,27,28,-1,28,27,29,-1,28,29,30,-1,30,29,31,-1,30,31,32,-1,32,31,33,-1,32,33,34,-1,34,33,35,-1,34,35,36,-1,36,35,37,-1,36,37,38,-1,38,37,39,-1,38,39,40,-1,40,39,41,-1,40,41,42,-1,42,41,43,-1,42,43,44,-1,44,43,45,-1,44,45,46,-1,46,45,47,-1,46,47,0,-1,0,47,1,-1,
        ]
    }
}
Shape{
    appearance Appearance {
        material  Material 	{
            diffuseColor 0.2235294117647059 0.2235294117647059 0.2235294117647059
            specularColor 0.11372549019607843 0.11372549019607843 0.11372549019607843
            ambientIntensity 0.2
            transparency 0
            shininess 0.5
        }
    }
    geometry IndexedFaceSet {
        ccw TRUE
        solid FALSE
        coord DEF co Coordinate {
            point [
                0.2207 0.0138 -2.2638, 0.2235 0.0071 -2.2638, 0.1969 0.0 -2.2638, 0.2244 -0.0 -2.2638, 0.2235 -0.0071 -2.2638, 0.204 0.0266 -2.2638, 0.2106 0.0239 -2.2638, 0.2163 0.0195 -2.2638, 0.1831 0.0239 -2.2638, 0.1897 0.0266 -2.2638, 0.1969 0.0276 -2.2638, 0.1702 0.0071 -2.2638, 0.173 0.0138 -2.2638, 0.1774 0.0195 -2.2638, 0.173 -0.0138 -2.2638, 0.1702 -0.0071 -2.2638, 0.1693 0.0 -2.2638, 0.1897 -0.0266 -2.2638, 0.1831 -0.0239 -2.2638, 0.1774 -0.0195 -2.2638, 0.2106 -0.0239 -2.2638, 0.204 -0.0266 -2.2638, 0.1969 -0.0276 -2.2638, 0.2207 -0.0138 -2.2638, 0.2163 -0.0195 -2.2638, 0.2163 -0.0195 -2.2638
            ]
        }
        coordIndex [
            0,1,2,-1,2,1,3,-1,2,3,4,-1,5,6,2,-1,2,6,7,-1,2,7,0,-1,8,9,2,-1,2,9,10,-1,2,10,5,-1,11,12,2,-1,2,12,13,-1,2,13,8,-1,14,15,2,-1,2,15,16,-1,2,16,11,-1,17,18,2,-1,2,18,19,-1,2,19,14,-1,20,21,2,-1,2,21,22,-1,2,22,17,-1,4,23,2,-1,2,23,24,-1,2,24,20,-1,
        ]
    }
}
Shape{
    appearance Appearance {
        material  Material 	{
            diffuseColor 0.20784313725490197 0.20784313725490197 0.20784313725490197
            specularColor 0.01568627450980392 0.01568627450980392 0.01568627450980392
            ambientIntensity 0.2
            transparency 0
            shininess 0.5
        }
    }
    geometry IndexedFaceSet {
        ccw TRUE
        solid FALSE
        coord DEF co Coordinate {
            point [
                0.1634 0.0 -0.8818, 0.1621 0.0093 -0.8788, 0.1645 0.0087 -0.8818, 0.1657 0.018 -0.8788, 0.1679 0.0167 -0.8818, 0.1714 0.0254 -0.8788, 0.1732 0.0237 -0.8818, 0.1789 0.0312 -0.8788, 0.1801 0.029 -0.8818, 0.1875 0.0347 -0.8788, 0.1882 0.0323 -0.8818, 0.1969 0.036 -0.8788, 0.1969 0.0335 -0.8818, 0.2062 0.0347 -0.8788, 0.2055 0.0323 -0.8818, 0.2148 0.0312 -0.8788, 0.2136 0.029 -0.8818, 0.2223 0.0254 -0.8788, 0.2205 0.0237 -0.8818, 0.228 0.018 -0.8788, 0.2258 0.0167 -0.8818, 0.2316 0.0093 -0.8788, 0.2292 0.0087 -0.8818, 0.2328 0.0 -0.8788, 0.2303 0.0 -0.8818, 0.2316 -0.0093 -0.8788, 0.2292 -0.0087 -0.8818, 0.228 -0.018 -0.8788, 0.2258 -0.0167 -0.8818, 0.2223 -0.0254 -0.8788, 0.2205 -0.0237 -0.8818, 0.2148 -0.0312 -0.8788, 0.2136 -0.029 -0.8818, 0.2062 -0.0347 -0.8788, 0.2055 -0.0323 -0.8818, 0.1969 -0.036 -0.8788, 0.1969 -0.0335 -0.8818, 0.1875 -0.0347 -0.8788, 0.1882 -0.0323 -0.8818, 0.1789 -0.0312 -0.8788, 0.1801 -0.029 -0.8818, 0.1714 -0.0254 -0.8788, 0.1732 -0.0237 -0.8818, 0.1657 -0.018 -0.8788, 0.1679 -0.0167 -0.8818, 0.1621 -0.0093 -0.8788, 0.1645 -0.0087 -0.8818, 0.1609 0.0 -0.8788, 0.1603 0.0098 -0.8754, 0.1641 0.0189 -0.8754, 0.1701 0.0268 -0.8754, 0.1779 0.0328 -0.8754, 0.1871 0.0365 -0.8754, 0.1969 0.0378 -0.8754, 0.2066 0.0365 -0.8754, 0.2158 0.0328 -0.8754, 0.2236 0.0268 -0.8754, 0.2296 0.0189 -0.8754, 0.2334 0.0098 -0.8754, 0.2347 0.0 -0.8754, 0.2334 -0.0098 -0.8754, 0.2296 -0.0189 -0.8754, 0.2236 -0.0268 -0.8754, 0.2158 -0.0328 -0.8754, 0.2066 -0.0365 -0.8754, 0.1969 -0.0378 -0.8754, 0.1871 -0.0365 -0.8754, 0.1779 -0.0328 -0.8754, 0.1701 -0.0268 -0.8754, 0.1641 -0.0189 -0.8754, 0.1603 -0.0098 -0.8754, 0.159 0.0 -0.8754, 0.1592 0.0101 -0.8717, 0.1631 0.0195 -0.8717, 0.1693 0.0276 -0.8717, 0.1774 0.0338 -0.8717, 0.1868 0.0377 -0.8717, 0.1969 0.039 -0.8717, 0.2069 0.0377 -0.8717, 0.2163 0.0338 -0.8717, 0.2244 0.0276 -0.8717, 0.2306 0.0195 -0.8717, 0.2345 0.0101 -0.8717, 0.2358 0.0 -0.8717, 0.2345 -0.0101 -0.8717, 0.2306 -0.0195 -0.8717, 0.2244 -0.0276 -0.8717, 0.2163 -0.0338 -0.8717, 0.2069 -0.0377 -0.8717, 0.1969 -0.039 -0.8717, 0.1868 -0.0377 -0.8717, 0.1774 -0.0338 -0.8717, 0.1693 -0.0276 -0.8717, 0.1631 -0.0195 -0.8717, 0.1592 -0.0101 -0.8717, 0.1579 0.0 -0.8717, 0.1588 0.0102 -0.8678, 0.1628 0.0197 -0.8678, 0.169 0.0278 -0.8678, 0.1772 0.0341 -0.8678, 0.1867 0.038 -0.8678, 0.1969 0.0394 -0.8678, 0.207 0.038 -0.8678, 0.2165 0.0341 -0.8678, 0.2247 0.0278 -0.8678, 0.2309 0.0197 -0.8678, 0.2349 0.0102 -0.8678, 0.2362 0.0 -0.8678, 0.2349 -0.0102 -0.8678, 0.2309 -0.0197 -0.8678, 0.2247 -0.0278 -0.8678, 0.2165 -0.0341 -0.8678, 0.207 -0.038 -0.8678, 0.1969 -0.0394 -0.8678, 0.1867 -0.038 -0.8678, 0.1772 -0.0341 -0.8678, 0.169 -0.0278 -0.8678, 0.1628 -0.0197 -0.8678, 0.1588 -0.0102 -0.8678, 0.1575 -0.0 -0.8678, -0.2303 0.0 -0.8818, -0.2316 0.0093 -0.8788, -0.2292 0.0087 -0.8818, -0.228 0.018 -0.8788, -0.2258 0.0167 -0.8818, -0.2223 0.0254 -0.8788, -0.2205 0.0237 -0.8818, -0.2148 0.0312 -0.8788, -0.2136 0.029 -0.8818, -0.2062 0.0347 -0.8788, -0.2055 0.0323 -0.8818, -0.1969 0.036 -0.8788, -0.1969 0.0335 -0.8818, -0.1875 0.0347 -0.8788, -0.1882 0.0323 -0.8818, -0.1789 0.0312 -0.8788, -0.1801 0.029 -0.8818, -0.1714 0.0254 -0.8788, -0.1732 0.0237 -0.8818, -0.1657 0.018 -0.8788, -0.1679 0.0167 -0.8818, -0.1621 0.0093 -0.8788, -0.1645 0.0087 -0.8818, -0.1609 0.0 -0.8788, -0.1634 0.0 -0.8818, -0.1621 -0.0093 -0.8788, -0.1645 -0.0087 -0.8818, -0.1657 -0.018 -0.8788, -0.1679 -0.0167 -0.8818, -0.1714 -0.0254 -0.8788, -0.1732 -0.0237 -0.8818, -0.1789 -0.0312 -0.8788, -0.1801 -0.029 -0.8818, -0.1875 -0.0347 -0.8788, -0.1882 -0.0323 -0.8818, -0.1969 -0.036 -0.8788, -0.1969 -0.0335 -0.8818, -0.2062 -0.0347 -0.8788, -0.2055 -0.0323 -0.8818, -0.2148 -0.0312 -0.8788, -0.2136 -0.029 -0.8818, -0.2223 -0.0254 -0.8788, -0.2205 -0.0237 -0.8818, -0.228 -0.018 -0.8788, -0.2258 -0.0167 -0.8818, -0.2316 -0.0093 -0.8788, -0.2292 -0.0087 -0.8818, -0.2328 0.0 -0.8788, -0.2334 0.0098 -0.8754, -0.2296 0.0189 -0.8754, -0.2236 0.0268 -0.8754, -0.2158 0.0328 -0.8754, -0.2066 0.0365 -0.8754, -0.1969 0.0378 -0.8754, -0.1871 0.0365 -0.8754, -0.1779 0.0328 -0.8754, -0.1701 0.0268 -0.8754, -0.1641 0.0189 -0.8754, -0.1603 0.0098 -0.8754, -0.159 0.0 -0.8754, -0.1603 -0.0098 -0.8754, -0.1641 -0.0189 -0.8754, -0.1701 -0.0268 -0.8754, -0.1779 -0.0328 -0.8754, -0.1871 -0.0365 -0.8754, -0.1969 -0.0378 -0.8754, -0.2066 -0.0365 -0.8754, -0.2158 -0.0328 -0.8754, -0.2236 -0.0268 -0.8754, -0.2296 -0.0189 -0.8754, -0.2334 -0.0098 -0.8754, -0.2347 0.0 -0.8754, -0.2345 0.0101 -0.8717, -0.2306 0.0195 -0.8717, -0.2244 0.0276 -0.8717, -0.2163 0.0338 -0.8717, -0.2069 0.0377 -0.8717, -0.1969 0.039 -0.8717, -0.1868 0.0377 -0.8717, -0.1774 0.0338 -0.8717, -0.1693 0.0276 -0.8717, -0.1631 0.0195 -0.8717, -0.1592 0.0101 -0.8717, -0.1579 0.0 -0.8717, -0.1592 -0.0101 -0.8717, -0.1631 -0.0195 -0.8717, -0.1693 -0.0276 -0.8717, -0.1774 -0.0338 -0.8717, -0.1868 -0.0377 -0.8717, -0.1969 -0.039 -0.8717, -0.2069 -0.0377 -0.8717, -0.2163 -0.0338 -0.8717, -0.2244 -0.0276 -0.8717, -0.2306 -0.0195 -0.8717, -0.2345 -0.0101 -0.8717, -0.2358 0.0 -0.8717, -0.2349 0.0102 -0.8678, -0.2309 0.0197 -0.8678, -0.2247 0.0278 -0.8678, -0.2165 0.0341 -0.8678, -0.207 0.038 -0.8678, -0.1969 0.0394 -0.8678, -0.1867 0.038 -0.8678, -0.1772 0.0341 -0.8678, -0.169 0.0278 -0.8678, -0.1628 0.0197 -0.8678, -0.1588 0.0102 -0.8678, -0.1575 0.0 -0.8678, -0.1588 -0.0102 -0.8678, -0.1628 -0.0197 -0.8678, -0.169 -0.0278 -0.8678, -0.1772 -0.0341 -0.8678, -0.1867 -0.038 -0.8678, -0.1969 -0.0394 -0.8678, -0.207 -0.038 -0.8678, -0.2165 -0.0341 -0.8678, -0.2247 -0.0278 -0.8678, -0.2309 -0.0197 -0.8678, -0.2349 -0.0102 -0.8678, -0.2362 -0.0 -0.8678, 0.2268 0.008 -0.8848, 0.2237 0.0155 -0.8848, 0.2187 0.0219 -0.8848, 0.2123 0.0268 -0.8848, 0.2049 0.0299 -0.8848, 0.1969 0.031 -0.8848, 0.1888 0.0299 -0.8848, 0.1814 0.0268 -0.8848, 0.175 0.0219 -0.8848, 0.17 0.0155 -0.8848, 0.1669 0.008 -0.8848, 0.1659 0.0 -0.8848, 0.1669 -0.008 -0.8848, 0.17 -0.0155 -0.8848, 0.175 -0.0219 -0.8848, 0.1814 -0.0268 -0.8848, 0.1888 -0.0299 -0.8848, 0.1969 -0.031 -0.8848, 0.2049 -0.0299 -0.8848, 0.2123 -0.0268 -0.8848, 0.2187 -0.0219 -0.8848, 0.2237 -0.0155 -0.8848, 0.2268 -0.008 -0.8848, 0.2278 0.0 -0.8848, 0.225 0.0075 -0.8883, 0.222 0.0145 -0.8883, 0.2174 0.0206 -0.8883, 0.2114 0.0252 -0.8883, 0.2044 0.0281 -0.8883, 0.1969 0.0291 -0.8883, 0.1893 0.0281 -0.8883, 0.1823 0.0252 -0.8883, 0.1763 0.0206 -0.8883, 0.1717 0.0145 -0.8883, 0.1687 0.0075 -0.8883, 0.1678 0.0 -0.8883, 0.1687 -0.0075 -0.8883, 0.1717 -0.0145 -0.8883, 0.1763 -0.0206 -0.8883, 0.1823 -0.0252 -0.8883, 0.1893 -0.0281 -0.8883, 0.1969 -0.0291 -0.8883, 0.2044 -0.0281 -0.8883, 0.2114 -0.0252 -0.8883, 0.2174 -0.0206 -0.8883, 0.222 -0.0145 -0.8883, 0.225 -0.0075 -0.8883, 0.2259 0.0 -0.8883, 0.2238 0.0072 -0.892, 0.2211 0.014 -0.892, 0.2166 0.0198 -0.892, 0.2108 0.0242 -0.892, 0.2041 0.027 -0.892, 0.1969 0.0279 -0.892, 0.1896 0.027 -0.892, 0.1829 0.0242 -0.892, 0.1771 0.0198 -0.892, 0.1726 0.014 -0.892, 0.1699 0.0072 -0.892, 0.1689 0.0 -0.892, 0.1699 -0.0072 -0.892, 0.1726 -0.014 -0.892, 0.1771 -0.0198 -0.892, 0.1829 -0.0242 -0.892, 0.1896 -0.027 -0.892, 0.1969 -0.0279 -0.892, 0.2041 -0.027 -0.892, 0.2108 -0.0242 -0.892, 0.2166 -0.0198 -0.892, 0.2211 -0.014 -0.892, 0.2238 -0.0072 -0.892, 0.2248 0.0 -0.892, 0.2235 0.0071 -0.8959, 0.2207 0.0138 -0.8959, 0.2163 0.0195 -0.8959, 0.2106 0.0239 -0.8959, 0.204 0.0266 -0.8959, 0.1969 0.0276 -0.8959, 0.1897 0.0266 -0.8959, 0.1831 0.0239 -0.8959, 0.1774 0.0195 -0.8959, 0.173 0.0138 -0.8959, 0.1702 0.0071 -0.8959, 0.1693 0.0 -0.8959, 0.1702 -0.0071 -0.8959, 0.173 -0.0138 -0.8959, 0.1774 -0.0195 -0.8959, 0.1831 -0.0239 -0.8959, 0.1897 -0.0266 -0.8959, 0.1969 -0.0276 -0.8959, 0.204 -0.0266 -0.8959, 0.2106 -0.0239 -0.8959, 0.2163 -0.0195 -0.8959, 0.2207 -0.0138 -0.8959, 0.2235 -0.0071 -0.8959, 0.2244 -0.0 -0.8959, -0.1669 0.008 -0.8848, -0.17 0.0155 -0.8848, -0.175 0.0219 -0.8848, -0.1814 0.0268 -0.8848, -0.1888 0.0299 -0.8848, -0.1969 0.031 -0.8848, -0.2049 0.0299 -0.8848, -0.2123 0.0268 -0.8848, -0.2187 0.0219 -0.8848, -0.2237 0.0155 -0.8848, -0.2268 0.008 -0.8848, -0.2278 0.0 -0.8848, -0.2268 -0.008 -0.8848, -0.2237 -0.0155 -0.8848, -0.2187 -0.0219 -0.8848, -0.2123 -0.0268 -0.8848, -0.2049 -0.0299 -0.8848, -0.1969 -0.031 -0.8848, -0.1888 -0.0299 -0.8848, -0.1814 -0.0268 -0.8848, -0.175 -0.0219 -0.8848, -0.17 -0.0155 -0.8848, -0.1669 -0.008 -0.8848, -0.1659 0.0 -0.8848, -0.1687 0.0075 -0.8883, -0.1717 0.0145 -0.8883, -0.1763 0.0206 -0.8883, -0.1823 0.0252 -0.8883, -0.1893 0.0281 -0.8883, -0.1969 0.0291 -0.8883, -0.2044 0.0281 -0.8883, -0.2114 0.0252 -0.8883, -0.2174 0.0206 -0.8883, -0.222 0.0145 -0.8883, -0.225 0.0075 -0.8883, -0.2259 0.0 -0.8883, -0.225 -0.0075 -0.8883, -0.222 -0.0145 -0.8883, -0.2174 -0.0206 -0.8883, -0.2114 -0.0252 -0.8883, -0.2044 -0.0281 -0.8883, -0.1969 -0.0291 -0.8883, -0.1893 -0.0281 -0.8883, -0.1823 -0.0252 -0.8883, -0.1763 -0.0206 -0.8883, -0.1717 -0.0145 -0.8883, -0.1687 -0.0075 -0.8883, -0.1678 0.0 -0.8883, -0.1699 0.0072 -0.892, -0.1726 0.014 -0.892, -0.1771 0.0198 -0.892, -0.1829 0.0242 -0.892, -0.1896 0.027 -0.892, -0.1969 0.0279 -0.892, -0.2041 0.027 -0.892, -0.2108 0.0242 -0.892, -0.2166 0.0198 -0.892, -0.2211 0.014 -0.892, -0.2238 0.0072 -0.892, -0.2248 0.0 -0.892, -0.2238 -0.0072 -0.892, -0.2211 -0.014 -0.892, -0.2166 -0.0198 -0.892, -0.2108 -0.0242 -0.892, -0.2041 -0.027 -0.892, -0.1969 -0.0279 -0.892, -0.1896 -0.027 -0.892, -0.1829 -0.0242 -0.892, -0.1771 -0.0198 -0.892, -0.1726 -0.014 -0.892, -0.1699 -0.0072 -0.892, -0.1689 0.0 -0.892, -0.1702 0.0071 -0.8959, -0.173 0.0138 -0.8959, -0.1774 0.0195 -0.8959, -0.1831 0.0239 -0.8959, -0.1897 0.0266 -0.8959, -0.1969 0.0276 -0.8959, -0.204 0.0266 -0.8959, -0.2106 0.0239 -0.8959, -0.2163 0.0195 -0.8959, -0.2207 0.0138 -0.8959, -0.2235 0.0071 -0.8959, -0.2244 0.0 -0.8959, -0.2235 -0.0071 -0.8959, -0.2207 -0.0138 -0.8959, -0.2163 -0.0195 -0.8959, -0.2106 -0.0239 -0.8959, -0.204 -0.0266 -0.8959, -0.1969 -0.0276 -0.8959, -0.1897 -0.0266 -0.8959, -0.1831 -0.0239 -0.8959, -0.1774 -0.0195 -0.8959, -0.173 -0.0138 -0.8959, -0.1702 -0.0071 -0.8959, -0.1693 -0.0 -0.8959, -0.1693 -0.0 -0.8959
            ]
        }
        coordIndex [
            0,1,2,-1,2,1,3,-1,2,3,4,-1,4,3,5,-1,4,5,6,-1,6,5,7,-1,6,7,8,-1,8,7,9,-1,8,9,10,-1,10,9,11,-1,10,11,12,-1,12,11,13,-1,12,13,14,-1,14,13,15,-1,14,15,16,-1,16,15,17,-1,16,17,18,-1,18,17,19,-1,18,19,20,-1,20,19,21,-1,20,21,22,-1,22,21,23,-1,22,23,24,-1,24,23,25,-1,24,25,26,-1,26,25,27,-1,26,27,28,-1,28,27,29,-1,28,29,30,-1,30,29,31,-1,30,31,32,-1,32,31,33,-1,32,33,34,-1,34,33,35,-1,34,35,36,-1,36,35,37,-1,36,37,38,-1,38,37,39,-1,38,39,40,-1,40,39,41,-1,40,41,42,-1,42,41,43,-1,42,43,44,-1,44,43,45,-1,44,45,46,-1,46,45,47,-1,46,47,0,-1,0,47,1,-1,47,48,1,-1,1,48,49,-1,1,49,3,-1,3,49,50,-1,3,50,5,-1,5,50,51,-1,5,51,7,-1,7,51,52,-1,7,52,9,-1,9,52,53,-1,9,53,11,-1,11,53,54,-1,11,54,13,-1,13,54,55,-1,13,55,15,-1,15,55,56,-1,15,56,17,-1,17,56,57,-1,17,57,19,-1,19,57,58,-1,19,58,21,-1,21,58,59,-1,21,59,23,-1,23,59,60,-1,23,60,25,-1,25,60,61,-1,25,61,27,-1,27,61,62,-1,27,62,29,-1,29,62,63,-1,29,63,31,-1,31,63,64,-1,31,64,33,-1,33,64,65,-1,33,65,35,-1,35,65,66,-1,35,66,37,-1,37,66,67,-1,37,67,39,-1,39,67,68,-1,39,68,41,-1,41,68,69,-1,41,69,43,-1,43,69,70,-1,43,70,45,-1,45,70,71,-1,45,71,47,-1,47,71,48,-1,71,72,48,-1,48,72,73,-1,48,73,49,-1,49,73,74,-1,49,74,50,-1,50,74,75,-1,50,75,51,-1,51,75,76,-1,51,76,52,-1,52,76,77,-1,52,77,53,-1,53,77,78,-1,53,78,54,-1,54,78,79,-1,54,79,55,-1,55,79,80,-1,55,80,56,-1,56,80,81,-1,56,81,57,-1,57,81,82,-1,57,82,58,-1,58,82,83,-1,58,83,59,-1,59,83,84,-1,59,84,60,-1,60,84,85,-1,60,85,61,-1,61,85,86,-1,61,86,62,-1,62,86,87,-1,62,87,63,-1,63,87,88,-1,63,88,64,-1,64,88,89,-1,64,89,65,-1,65,89,90,-1,65,90,66,-1,66,90,91,-1,66,91,67,-1,67,91,92,-1,67,92,68,-1,68,92,93,-1,68,93,69,-1,69,93,94,-1,69,94,70,-1,70,94,95,-1,70,95,71,-1,71,95,72,-1,95,96,72,-1,72,96,97,-1,72,97,73,-1,73,97,98,-1,73,98,74,-1,74,98,99,-1,74,99,75,-1,75,99,100,-1,75,100,76,-1,76,100,101,-1,76,101,77,-1,77,101,102,-1,77,102,78,-1,78,102,103,-1,78,103,79,-1,79,103,104,-1,79,104,80,-1,80,104,105,-1,80,105,81,-1,81,105,106,-1,81,106,82,-1,82,106,107,-1,82,107,83,-1,83,107,108,-1,83,108,84,-1,84,108,109,-1,84,109,85,-1,85,109,110,-1,85,110,86,-1,86,110,111,-1,86,111,87,-1,87,111,112,-1,87,112,88,-1,88,112,113,-1,88,113,89,-1,89,113,114,-1,89,114,90,-1,90,114,115,-1,90,115,91,-1,91,115,116,-1,91,116,92,-1,92,116,117,-1,92,117,93,-1,93,117,118,-1,93,118,94,-1,94,118,119,-1,94,119,95,-1,95,119,96,-1,120,121,122,-1,122,121,123,-1,122,123,124,-1,124,123,125,-1,124,125,126,-1,126,125,127,-1,126,127,128,-1,128,127,129,-1,128,129,130,-1,130,129,131,-1,130,131,132,-1,132,131,133,-1,132,133,134,-1,134,133,135,-1,134,135,136,-1,136,135,137,-1,136,137,138,-1,138,137,139,-1,138,139,140,-1,140,139,141,-1,140,141,142,-1,142,141,143,-1,142,143,144,-1,144,143,145,-1,144,145,146,-1,146,145,147,-1,146,147,148,-1,148,147,149,-1,148,149,150,-1,150,149,151,-1,150,151,152,-1,152,151,153,-1,152,153,154,-1,154,153,155,-1,154,155,156,-1,156,155,157,-1,156,157,158,-1,158,157,159,-1,158,159,160,-1,160,159,161,-1,160,161,162,-1,162,161,163,-1,162,163,164,-1,164,163,165,-1,164,165,166,-1,166,165,167,-1,166,167,120,-1,120,167,121,-1,167,168,121,-1,121,168,169,-1,121,169,123,-1,123,169,170,-1,123,170,125,-1,125,170,171,-1,125,171,127,-1,127,171,172,-1,127,172,129,-1,129,172,173,-1,129,173,131,-1,131,173,174,-1,131,174,133,-1,133,174,175,-1,133,175,135,-1,135,175,176,-1,135,176,137,-1,137,176,177,-1,137,177,139,-1,139,177,178,-1,139,178,141,-1,141,178,179,-1,141,179,143,-1,143,179,180,-1,143,180,145,-1,145,180,181,-1,145,181,147,-1,147,181,182,-1,147,182,149,-1,149,182,183,-1,149,183,151,-1,151,183,184,-1,151,184,153,-1,153,184,185,-1,153,185,155,-1,155,185,186,-1,155,186,157,-1,157,186,187,-1,157,187,159,-1,159,187,188,-1,159,188,161,-1,161,188,189,-1,161,189,163,-1,163,189,190,-1,163,190,165,-1,165,190,191,-1,165,191,167,-1,167,191,168,-1,191,192,168,-1,168,192,193,-1,168,193,169,-1,169,193,194,-1,169,194,170,-1,170,194,195,-1,170,195,171,-1,171,195,196,-1,171,196,172,-1,172,196,197,-1,172,197,173,-1,173,197,198,-1,173,198,174,-1,174,198,199,-1,174,199,175,-1,175,199,200,-1,175,200,176,-1,176,200,201,-1,176,201,177,-1,177,201,202,-1,177,202,178,-1,178,202,203,-1,178,203,179,-1,179,203,204,-1,179,204,180,-1,180,204,205,-1,180,205,181,-1,181,205,206,-1,181,206,182,-1,182,206,207,-1,182,207,183,-1,183,207,208,-1,183,208,184,-1,184,208,209,-1,184,209,185,-1,185,209,210,-1,185,210,186,-1,186,210,211,-1,186,211,187,-1,187,211,212,-1,187,212,188,-1,188,212,213,-1,188,213,189,-1,189,213,214,-1,189,214,190,-1,190,214,215,-1,190,215,191,-1,191,215,192,-1,215,216,192,-1,192,216,217,-1,192,217,193,-1,193,217,218,-1,193,218,194,-1,194,218,219,-1,194,219,195,-1,195,219,220,-1,195,220,196,-1,196,220,221,-1,196,221,197,-1,197,221,222,-1,197,222,198,-1,198,222,223,-1,198,223,199,-1,199,223,224,-1,199,224,200,-1,200,224,225,-1,200,225,201,-1,201,225,226,-1,201,226,202,-1,202,226,227,-1,202,227,203,-1,203,227,228,-1,203,228,204,-1,204,228,229,-1,204,229,205,-1,205,229,230,-1,205,230,206,-1,206,230,231,-1,206,231,207,-1,207,231,232,-1,207,232,208,-1,208,232,233,-1,208,233,209,-1,209,233,234,-1,209,234,210,-1,210,234,235,-1,210,235,211,-1,211,235,236,-1,211,236,212,-1,212,236,237,-1,212,237,213,-1,213,237,238,-1,213,238,214,-1,214,238,239,-1,214,239,215,-1,215,239,216,-1,22,240,20,-1,20,240,241,-1,20,241,18,-1,18,241,242,-1,18,242,16,-1,16,242,243,-1,16,243,14,-1,14,243,244,-1,14,244,12,-1,12,244,245,-1,12,245,10,-1,10,245,246,-1,10,246,8,-1,8,246,247,-1,8,247,6,-1,6,247,248,-1,6,248,4,-1,4,248,249,-1,4,249,2,-1,2,249,250,-1,2,250,0,-1,0,250,251,-1,0,251,46,-1,46,251,252,-1,46,252,44,-1,44,252,253,-1,44,253,42,-1,42,253,254,-1,42,254,40,-1,40,254,255,-1,40,255,38,-1,38,255,256,-1,38,256,36,-1,36,256,257,-1,36,257,34,-1,34,257,258,-1,34,258,32,-1,32,258,259,-1,32,259,30,-1,30,259,260,-1,30,260,28,-1,28,260,261,-1,28,261,26,-1,26,261,262,-1,26,262,24,-1,24,262,263,-1,24,263,22,-1,22,263,240,-1,240,264,241,-1,241,264,265,-1,241,265,242,-1,242,265,266,-1,242,266,243,-1,243,266,267,-1,243,267,244,-1,244,267,268,-1,244,268,245,-1,245,268,269,-1,245,269,246,-1,246,269,270,-1,246,270,247,-1,247,270,271,-1,247,271,248,-1,248,271,272,-1,248,272,249,-1,249,272,273,-1,249,273,250,-1,250,273,274,-1,250,274,251,-1,251,274,275,-1,251,275,252,-1,252,275,276,-1,252,276,253,-1,253,276,277,-1,253,277,254,-1,254,277,278,-1,254,278,255,-1,255,278,279,-1,255,279,256,-1,256,279,280,-1,256,280,257,-1,257,280,281,-1,257,281,258,-1,258,281,282,-1,258,282,259,-1,259,282,283,-1,259,283,260,-1,260,283,284,-1,260,284,261,-1,261,284,285,-1,261,285,262,-1,262,285,286,-1,262,286,263,-1,263,286,287,-1,263,287,240,-1,240,287,264,-1,264,288,265,-1,265,288,289,-1,265,289,266,-1,266,289,290,-1,266,290,267,-1,267,290,291,-1,267,291,268,-1,268,291,292,-1,268,292,269,-1,269,292,293,-1,269,293,270,-1,270,293,294,-1,270,294,271,-1,271,294,295,-1,271,295,272,-1,272,295,296,-1,272,296,273,-1,273,296,297,-1,273,297,274,-1,274,297,298,-1,274,298,275,-1,275,298,299,-1,275,299,276,-1,276,299,300,-1,276,300,277,-1,277,300,301,-1,277,301,278,-1,278,301,302,-1,278,302,279,-1,279,302,303,-1,279,303,280,-1,280,303,304,-1,280,304,281,-1,281,304,305,-1,281,305,282,-1,282,305,306,-1,282,306,283,-1,283,306,307,-1,283,307,284,-1,284,307,308,-1,284,308,285,-1,285,308,309,-1,285,309,286,-1,286,309,310,-1,286,310,287,-1,287,310,311,-1,287,311,264,-1,264,311,288,-1,288,312,289,-1,289,312,313,-1,289,313,290,-1,290,313,314,-1,290,314,291,-1,291,314,315,-1,291,315,292,-1,292,315,316,-1,292,316,293,-1,293,316,317,-1,293,317,294,-1,294,317,318,-1,294,318,295,-1,295,318,319,-1,295,319,296,-1,296,319,320,-1,296,320,297,-1,297,320,321,-1,297,321,298,-1,298,321,322,-1,298,322,299,-1,299,322,323,-1,299,323,300,-1,300,323,324,-1,300,324,301,-1,301,324,325,-1,301,325,302,-1,302,325,326,-1,302,326,303,-1,303,326,327,-1,303,327,304,-1,304,327,328,-1,304,328,305,-1,305,328,329,-1,305,329,306,-1,306,329,330,-1,306,330,307,-1,307,330,331,-1,307,331,308,-1,308,331,332,-1,308,332,309,-1,309,332,333,-1,309,333,310,-1,310,333,334,-1,310,334,311,-1,311,334,335,-1,311,335,288,-1,288,335,312,-1,142,336,140,-1,140,336,337,-1,140,337,138,-1,138,337,338,-1,138,338,136,-1,136,338,339,-1,136,339,134,-1,134,339,340,-1,134,340,132,-1,132,340,341,-1,132,341,130,-1,130,341,342,-1,130,342,128,-1,128,342,343,-1,128,343,126,-1,126,343,344,-1,126,344,124,-1,124,344,345,-1,124,345,122,-1,122,345,346,-1,122,346,120,-1,120,346,347,-1,120,347,166,-1,166,347,348,-1,166,348,164,-1,164,348,349,-1,164,349,162,-1,162,349,350,-1,162,350,160,-1,160,350,351,-1,160,351,158,-1,158,351,352,-1,158,352,156,-1,156,352,353,-1,156,353,154,-1,154,353,354,-1,154,354,152,-1,152,354,355,-1,152,355,150,-1,150,355,356,-1,150,356,148,-1,148,356,357,-1,148,357,146,-1,146,357,358,-1,146,358,144,-1,144,358,359,-1,144,359,142,-1,142,359,336,-1,336,360,337,-1,337,360,361,-1,337,361,338,-1,338,361,362,-1,338,362,339,-1,339,362,363,-1,339,363,340,-1,340,363,364,-1,340,364,341,-1,341,364,365,-1,341,365,342,-1,342,365,366,-1,342,366,343,-1,343,366,367,-1,343,367,344,-1,344,367,368,-1,344,368,345,-1,345,368,369,-1,345,369,346,-1,346,369,370,-1,346,370,347,-1,347,370,371,-1,347,371,348,-1,348,371,372,-1,348,372,349,-1,349,372,373,-1,349,373,350,-1,350,373,374,-1,350,374,351,-1,351,374,375,-1,351,375,352,-1,352,375,376,-1,352,376,353,-1,353,376,377,-1,353,377,354,-1,354,377,378,-1,354,378,355,-1,355,378,379,-1,355,379,356,-1,356,379,380,-1,356,380,357,-1,357,380,381,-1,357,381,358,-1,358,381,382,-1,358,382,359,-1,359,382,383,-1,359,383,336,-1,336,383,360,-1,360,384,361,-1,361,384,385,-1,361,385,362,-1,362,385,386,-1,362,386,363,-1,363,386,387,-1,363,387,364,-1,364,387,388,-1,364,388,365,-1,365,388,389,-1,365,389,366,-1,366,389,390,-1,366,390,367,-1,367,390,391,-1,367,391,368,-1,368,391,392,-1,368,392,369,-1,369,392,393,-1,369,393,370,-1,370,393,394,-1,370,394,371,-1,371,394,395,-1,371,395,372,-1,372,395,396,-1,372,396,373,-1,373,396,397,-1,373,397,374,-1,374,397,398,-1,374,398,375,-1,375,398,399,-1,375,399,376,-1,376,399,400,-1,376,400,377,-1,377,400,401,-1,377,401,378,-1,378,401,402,-1,378,402,379,-1,379,402,403,-1,379,403,380,-1,380,403,404,-1,380,404,381,-1,381,404,405,-1,381,405,382,-1,382,405,406,-1,382,406,383,-1,383,406,407,-1,383,407,360,-1,360,407,384,-1,384,408,385,-1,385,408,409,-1,385,409,386,-1,386,409,410,-1,386,410,387,-1,387,410,411,-1,387,411,388,-1,388,411,412,-1,388,412,389,-1,389,412,413,-1,389,413,390,-1,390,413,414,-1,390,414,391,-1,391,414,415,-1,391,415,392,-1,392,415,416,-1,392,416,393,-1,393,416,417,-1,393,417,394,-1,394,417,418,-1,394,418,395,-1,395,418,419,-1,395,419,396,-1,396,419,420,-1,396,420,397,-1,397,420,421,-1,397,421,398,-1,398,421,422,-1,398,422,399,-1,399,422,423,-1,399,423,400,-1,400,423,424,-1,400,424,401,-1,401,424,425,-1,401,425,402,-1,402,425,426,-1,402,426,403,-1,403,426,427,-1,403,427,404,-1,404,427,428,-1,404,428,405,-1,405,428,429,-1,405,429,406,-1,406,429,430,-1,406,430,407,-1,407,430,431,-1,407,431,384,-1,384,431,408,-1,
        ]
    }
}
Shape{
    appearance Appearance {
        material  Material 	{
            diffuseColor 1.0 1.0 1.0
            specularColor 0.8784313725490196 0.8784313725490196 0.8784313725490196
            ambientIntensity 0.2
            transparency 0
            shininess 0.5
        }
    }
    geometry IndexedFaceSet {
        ccw TRUE
        solid FALSE
        coord DEF co Coordinate {
            point [
                0.053 -0.0056 -0.5672, 0.0532 -0.0082 -0.5668, 0.056 -0.0075 -0.5642, 0.0563 -0.0099 -0.5636, 0.0557 -0.0053 -0.5647, 0.0557 -0.0052 -0.5647, 0.0528 -0.0029 -0.5676, 0.0557 -0.0027 -0.5648, 0.0527 -0.0019 -0.5677, 0.0557 -0.0016 -0.5648, 0.0527 -0.0017 -0.5677, 0.0564 0.009 -0.564, 0.0566 0.0105 -0.5637, 0.0538 0.0117 -0.5664, 0.0544 0.0143 -0.5657, 0.0569 0.013 -0.5632, 0.055 0.0171 -0.5649, 0.0573 0.0152 -0.5628, 0.0574 0.0156 -0.5627, 0.0557 0.02 -0.5641, 0.058 0.0182 -0.5617, 0.0563 0.0227 -0.5633, 0.0587 0.021 -0.5608, 0.0587 0.021 -0.5608, 0.0567 -0.0256 -0.5615, 0.059 -0.0237 -0.559, 0.0563 -0.0239 -0.5621, 0.0586 -0.0221 -0.5597, 0.0556 -0.0208 -0.5633, 0.0579 -0.0193 -0.5609, 0.0551 -0.019 -0.5639, 0.0575 -0.0176 -0.5616, 0.0545 -0.0162 -0.5649, 0.0535 -0.0109 -0.5664, 0.0536 -0.0125 -0.5662, 0.0565 -0.0115 -0.5632, 0.0536 -0.0127 -0.5661, 0.0567 -0.0124 -0.563, 0.0539 -0.0136 -0.5658, 0.057 -0.015 -0.5624, 0.0572 -0.0163 -0.5621, 0.0528 -0.0004 -0.5676, 0.0557 -0.0003 -0.5648, 0.0529 0.0021 -0.5674, 0.0558 0.002 -0.5649, 0.053 0.004 -0.5673, 0.0558 0.0037 -0.5649, 0.0558 0.0042 -0.5649, 0.0531 0.0045 -0.5673, 0.0558 0.0043 -0.5649, 0.0531 0.0047 -0.5673, 0.0558 0.0043 -0.5649, 0.0532 0.0065 -0.5672, 0.056 0.0059 -0.5646, 0.0533 0.0091 -0.567, 0.0563 0.0082 -0.5641, 0.0534 0.0097 -0.567, 0.0534 0.0099 -0.5669, 0.039 -0.0262 -0.5454, 0.0413 -0.0245 -0.5427, 0.048 -0.026 -0.5534, 0.0522 -0.024 -0.5528, 0.0501 -0.0259 -0.5554, 0.0412 -0.024 -0.5429, 0.0379 -0.0211 -0.5472, 0.0403 -0.0197 -0.5445, 0.0384 -0.0235 -0.5464, 0.0408 -0.0219 -0.5437, 0.0384 -0.0236 -0.5464, 0.0388 -0.0256 -0.5457, 0.0501 -0.0195 -0.5536, 0.0508 -0.021 -0.5592, 0.0533 -0.0194 -0.5566, 0.0479 -0.021 -0.5564, 0.0444 -0.0211 -0.5532, 0.0529 0.0137 -0.5585, 0.0524 0.0111 -0.5592, 0.0497 0.0123 -0.5618, 0.0493 0.0095 -0.5623, 0.0518 0.0227 -0.5591, 0.0543 0.021 -0.5565, 0.0514 0.0211 -0.5596, 0.0539 0.0192 -0.557, 0.0507 0.0182 -0.5606, 0.0534 0.0164 -0.5578, 0.0505 0.0174 -0.5608, 0.0502 0.0152 -0.5612, 0.0519 0.0088 -0.5598, 0.0519 0.0086 -0.5599, 0.0489 0.0068 -0.5628, 0.0518 0.0063 -0.56, 0.0487 0.0051 -0.5631, 0.0517 0.0045 -0.5601, 0.0487 0.005 -0.5631, 0.0487 0.0048 -0.5631, 0.0517 0.0044 -0.5601, 0.0487 0.0043 -0.5631, 0.0516 0.0039 -0.5601, 0.0487 0.0023 -0.563, 0.0515 0.0021 -0.5602, 0.0487 0.0009 -0.5629, 0.0515 0.0008 -0.5603, 0.0487 -0.0004 -0.5629, 0.0514 -0.0004 -0.5604, 0.0487 -0.0031 -0.5628, 0.0513 -0.002 -0.5605, 0.0514 -0.0028 -0.5603, 0.0487 -0.006 -0.5627, 0.0516 -0.0054 -0.5599, 0.0487 -0.0074 -0.5627, 0.0518 -0.008 -0.5594, 0.0489 -0.0087 -0.5623, 0.0493 -0.0114 -0.5616, 0.0532 -0.0187 -0.5568, 0.0507 -0.0203 -0.5593, 0.0526 -0.0159 -0.5577, 0.0502 -0.0172 -0.5601, 0.0522 -0.0134 -0.5585, 0.0497 -0.0142 -0.5609, 0.0522 -0.0133 -0.5585, 0.052 -0.0106 -0.559, 0.0541 0.0227 -0.5612, 0.0587 0.021 -0.5607, 0.0193 0.0156 -0.5283, 0.0169 0.0164 -0.5313, 0.0188 0.0155 -0.5279, 0.0125 0.0156 -0.528, 0.0107 0.0147 -0.5268, 0.0081 0.0134 -0.5251, 0.0105 0.0128 -0.522, 0.013 0.014 -0.5237, 0.0139 0.0144 -0.5243, 0.0149 0.0146 -0.525, 0.0088 0.0194 -0.5241, 0.0111 0.0185 -0.521, 0.0088 0.0194 -0.5241, 0.0109 0.0168 -0.5213, 0.0106 0.0143 -0.5217, 0.0083 0.0151 -0.5248, 0.0084 0.0164 -0.5246, 0.0156 0.0196 -0.5241, 0.0132 0.0209 -0.527, 0.0165 0.0199 -0.5247, 0.0182 0.0203 -0.5259, 0.0178 0.0215 -0.5303, 0.0201 0.0204 -0.5273, 0.0272 0.0182 -0.5392, 0.0279 0.0174 -0.5401, 0.0304 0.0164 -0.5372, 0.0335 -0.0031 -0.5483, 0.0362 -0.0029 -0.5454, 0.0331 -0.0005 -0.5479, 0.0358 -0.0005 -0.545, 0.0325 0.0027 -0.5474, 0.0353 0.0026 -0.5444, 0.0325 0.0027 -0.5474, 0.0351 0.0034 -0.5442, 0.0324 0.0037 -0.5471, 0.0323 0.0042 -0.547, 0.035 0.004 -0.5441, 0.0321 0.0052 -0.5467, 0.0349 0.0049 -0.544, 0.032 0.0059 -0.5465, 0.0349 0.0049 -0.544, 0.0347 0.0055 -0.5438, 0.032 0.006 -0.5464, 0.0347 0.0057 -0.5437, 0.032 0.0064 -0.5463, 0.0347 0.006 -0.5436, 0.0318 0.0074 -0.5461, 0.0345 0.0069 -0.5433, 0.0318 0.0077 -0.546, 0.0343 0.0079 -0.5429, 0.0317 0.0084 -0.5458, 0.0314 0.0102 -0.5453, 0.034 0.0095 -0.5424, 0.0309 0.0118 -0.5444, 0.0335 0.0111 -0.5415, 0.0309 0.0119 -0.5443, 0.0335 0.0112 -0.5415, 0.0302 0.0142 -0.5431, 0.0328 0.0133 -0.5403, 0.0328 0.0133 -0.5403, 0.0301 0.0144 -0.543, 0.0326 0.0136 -0.5401, 0.0293 0.0158 -0.5419, 0.0317 0.015 -0.5388, 0.0315 0.0154 -0.5385, 0.029 0.0163 -0.5414, 0.0292 0.016 -0.5417, 0.0292 0.0173 -0.5359, 0.029 0.0175 -0.5356, 0.0259 0.0188 -0.5379, 0.0284 0.0177 -0.535, 0.0244 0.0197 -0.5363, 0.0261 0.0185 -0.5329, 0.0238 0.0198 -0.5358, 0.0348 -0.0142 -0.5418, 0.032 -0.0164 -0.544, 0.0341 -0.0164 -0.5404, 0.0316 -0.0175 -0.5432, 0.034 -0.0167 -0.5403, 0.0315 -0.0178 -0.543, 0.034 -0.0168 -0.5402, 0.0311 -0.0188 -0.5423, 0.0333 -0.0179 -0.5391, 0.0309 -0.0191 -0.542, 0.0328 -0.0187 -0.5383, 0.0302 -0.0201 -0.541, 0.0322 -0.0192 -0.5377, 0.0298 -0.0204 -0.5405, 0.0302 -0.0209 -0.5353, 0.0277 -0.0222 -0.538, 0.0301 -0.0209 -0.5351, 0.0276 -0.0223 -0.5379, 0.0292 -0.0213 -0.5343, 0.0267 -0.0226 -0.5371, 0.0251 -0.023 -0.5302, 0.0227 -0.0242 -0.5332, 0.0241 -0.0235 -0.5292, 0.0195 -0.0255 -0.53, 0.0217 -0.0242 -0.527, 0.0361 -0.0035 -0.5453, 0.0334 -0.0037 -0.5481, 0.0358 -0.0067 -0.5445, 0.0332 -0.0072 -0.5472, 0.0356 -0.0084 -0.5441, 0.0329 -0.0106 -0.5464, 0.0355 -0.0099 -0.5436, 0.0328 -0.0117 -0.5461, 0.0353 -0.0109 -0.5432, 0.0327 -0.0125 -0.5459, 0.0351 -0.0132 -0.5424, 0.0324 -0.0141 -0.5451, 0.035 -0.0133 -0.5423, 0.0323 -0.0148 -0.5448, 0.0322 -0.0152 -0.5446, 0.0192 -0.0237 -0.5254, 0.017 -0.025 -0.5284, 0.0176 -0.0233 -0.5242, 0.0153 -0.0246 -0.5272, 0.0165 -0.0231 -0.5235, 0.0143 -0.0244 -0.5265, 0.0156 -0.0227 -0.523, 0.0133 -0.0239 -0.526, 0.0125 -0.021 -0.5212, 0.0103 -0.0221 -0.5243, 0.0115 -0.0205 -0.5207, 0.0092 -0.0215 -0.5237, 0.0087 -0.0163 -0.5248, 0.011 -0.0155 -0.5218, 0.0088 -0.018 -0.5245, 0.0111 -0.0171 -0.5214, 0.0089 -0.0189 -0.5243, 0.0132 -0.0167 -0.5231, 0.0109 -0.0176 -0.5262, 0.0147 -0.0176 -0.524, 0.0124 -0.0185 -0.5271, 0.0155 -0.018 -0.5245, 0.0132 -0.0191 -0.5276, 0.0165 -0.0183 -0.5252, 0.0141 -0.0193 -0.5282, 0.0204 -0.0192 -0.528, 0.018 -0.0202 -0.531, 0.029 -0.0025 -0.5441, 0.0316 -0.0024 -0.5412, 0.0288 -0.0039 -0.5438, 0.0315 -0.0036 -0.5409, 0.0284 -0.0076 -0.5428, 0.031 -0.0071 -0.54, 0.028 -0.0102 -0.5421, 0.0306 -0.0096 -0.5393, 0.0306 -0.01 -0.5392, 0.0279 -0.0112 -0.5419, 0.0305 -0.0105 -0.539, 0.0279 -0.0115 -0.5418, 0.0301 -0.0121 -0.5382, 0.0275 -0.0129 -0.5411, 0.0299 -0.013 -0.5378, 0.027 -0.0146 -0.5402, 0.0293 -0.0141 -0.5371, 0.0269 -0.015 -0.54, 0.0269 -0.015 -0.54, 0.0293 -0.0141 -0.5371, 0.0262 -0.0162 -0.5391, 0.0289 -0.015 -0.5364, 0.0287 -0.0152 -0.5361, 0.0262 -0.0163 -0.539, 0.0278 -0.0163 -0.535, 0.0249 -0.0179 -0.5321, 0.0225 -0.0189 -0.5351, 0.0254 -0.0178 -0.5325, 0.023 -0.0188 -0.5355, 0.0264 -0.0172 -0.5336, 0.024 -0.0182 -0.5365, 0.0276 -0.0165 -0.5348, 0.0249 -0.0176 -0.5375, 0.0253 -0.0172 -0.5379, 0.0284 0.0029 -0.5434, 0.0282 0.0043 -0.5433, 0.0308 0.0041 -0.5403, 0.0282 0.0048 -0.5432, 0.0306 0.0052 -0.54, 0.028 0.0055 -0.543, 0.0305 0.0058 -0.5398, 0.0279 0.0062 -0.5428, 0.0305 0.006 -0.5398, 0.0278 0.0063 -0.5427, 0.0304 0.0066 -0.5396, 0.0277 0.007 -0.5425, 0.0303 0.0067 -0.5396, 0.0275 0.0079 -0.5422, 0.0297 0.0084 -0.5388, 0.0271 0.0089 -0.5417, 0.0297 0.0084 -0.5388, 0.0271 0.0089 -0.5417, 0.0295 0.009 -0.5385, 0.0267 0.01 -0.5411, 0.029 0.0097 -0.5379, 0.0265 0.0103 -0.5409, 0.0285 0.0105 -0.5373, 0.0257 0.0115 -0.5399, 0.0282 0.0107 -0.537, 0.0257 0.0115 -0.5399, 0.0266 0.0121 -0.5353, 0.024 0.0128 -0.5382, 0.0266 0.0121 -0.5352, 0.0239 0.0129 -0.538, 0.0265 0.0122 -0.5351, 0.0231 0.0136 -0.5371, 0.0218 0.0145 -0.5306, 0.0193 0.0153 -0.5336, 0.0199 0.0153 -0.5288, 0.0314 -0.0005 -0.541, 0.0288 -0.0005 -0.5439, 0.031 0.0027 -0.5406, 0.031 0.0032 -0.5406, -0.0142 -0.0221 -0.5223, -0.0 -0.0212 -0.5122, 0.0 -0.0226 -0.5167, -0.0175 -0.0237 -0.5293, -0.0198 -0.0225 -0.5263, -0.0089 -0.0233 -0.5229, -0.0076 -0.0232 -0.522, -0.0196 -0.0211 -0.5266, -0.0168 -0.0188 -0.5304, -0.0191 -0.0178 -0.5274, -0.0171 -0.0212 -0.5299, -0.0171 -0.0212 -0.5299, -0.0157 -0.0178 -0.5249, -0.0022 -0.0184 -0.5194, -0.0045 -0.0176 -0.5163, -0.0089 -0.0185 -0.5245, -0.0097 -0.0185 -0.525, -0.0013 -0.0065 -0.5208, -0.0012 -0.0035 -0.521, -0.0036 -0.0033 -0.5179, -0.0043 -0.0155 -0.5166, -0.0019 -0.0151 -0.5199, -0.004 -0.0112 -0.517, -0.0015 -0.011 -0.5205, -0.0015 -0.0106 -0.5205, -0.0038 -0.0069 -0.5175, -0.0037 -0.0062 -0.5176, -0.0163 -0.0032 -0.5279, -0.0075 -0.0034 -0.5259, -0.0138 -0.0034 -0.531, -0.0163 -0.0017 -0.5279, -0.0138 0.0014 -0.531, -0.0163 0.0014 -0.528, -0.0138 -0.001 -0.531, -0.0138 -0.0018 -0.531, -0.0012 0.0015 -0.5211, -0.0036 0.0014 -0.518, -0.0075 0.0015 -0.526, -0.0039 0.0066 -0.5176, -0.0015 0.0087 -0.5208, -0.0042 0.0108 -0.5173, -0.0017 0.0114 -0.5205, -0.0044 0.0142 -0.5171, -0.0022 0.0159 -0.5201, -0.0045 0.0151 -0.5169, -0.0022 0.016 -0.52, -0.0045 0.0153 -0.5169, -0.0036 0.0023 -0.5179, -0.0012 0.0025 -0.521, -0.0014 0.0069 -0.5209, -0.0182 0.0154 -0.5274, -0.0092 0.0159 -0.5253, -0.0158 0.0162 -0.5305, -0.0183 0.0158 -0.5274, -0.0166 0.0214 -0.5294, -0.0189 0.0203 -0.5264, -0.0165 0.0208 -0.5296, -0.0189 0.0197 -0.5266, -0.0162 0.0188 -0.53, -0.0159 0.0167 -0.5304, -0.0086 0.0209 -0.5234, -0.0158 0.0202 -0.5241, -0.0141 0.0213 -0.5275, 0.0 0.0205 -0.5173, 0.0 0.0205 -0.5171, 0.0 0.0197 -0.5126, 0.0011 0.0177 -0.5139, 0.0012 0.0174 -0.514, 0.0022 0.0156 -0.5152, 0.0022 0.0156 -0.5152, 0.0003 0.0038 -0.5199, 0.0026 0.0029 -0.5172, 0.0026 0.0036 -0.5171, 0.0024 0.008 -0.5164, 0.0001 0.0081 -0.5197, 0.0025 0.0078 -0.5164, 0.0001 0.0073 -0.5197, 0.0025 0.0069 -0.5165, 0.0023 0.0111 -0.5159, 0.0 0.0096 -0.5196, 0.0001 0.0084 -0.5196, -0.0 0.0162 -0.5183, -0.0 0.0153 -0.5186, -0.0 0.0116 -0.5192, 0.0024 -0.0234 -0.5181, 0.0046 -0.0224 -0.515, 0.002 -0.0191 -0.5187, 0.0041 -0.0183 -0.5158, 0.0015 -0.0145 -0.5193, 0.0037 -0.0139 -0.5166, 0.0036 -0.0129 -0.5168, 0.0011 -0.0099 -0.52, 0.0034 -0.0095 -0.5168, 0.0007 -0.0059 -0.5205, 0.0031 -0.0049 -0.517, 0.0028 -0.0006 -0.5171, 0.0005 -0.0007 -0.5202, 0.0029 -0.0013 -0.5171, 0.0005 -0.0014 -0.5202, 0.0007 -0.0052 -0.5205, -0.0 0.0159 -0.5134, -0.0 -0.0207 -0.5123, -0.0 -0.019 -0.5127, -0.0 -0.0161 -0.5135, -0.0 -0.0154 -0.5136, -0.0 -0.0144 -0.5138, -0.0 -0.0116 -0.5142, -0.0 -0.0098 -0.5145, 0.0 -0.0071 -0.5148, 0.0 -0.0064 -0.515, -0.0 -0.0055 -0.5151, -0.0 -0.0051 -0.5151, 0.0 -0.002 -0.515, -0.0 -0.0007 -0.515, 0.0 0.0024 -0.5149, -0.0 0.0037 -0.5149, 0.0 0.0068 -0.5148, -0.0 0.0071 -0.5148, -0.0 0.008 -0.5148, -0.0 0.0082 -0.5148, -0.0 0.009 -0.5147, 0.0 0.0113 -0.5143, -0.0 0.0113 -0.5143, 0.0 0.0158 -0.5134, -0.0 0.0176 -0.513, 0.0 0.0189 -0.5127, -0.0245 -0.0239 -0.5347, -0.0268 -0.0226 -0.5318, -0.0245 -0.0237 -0.5347, -0.0268 -0.0224 -0.5318, -0.024 -0.0197 -0.5355, -0.0263 -0.0187 -0.5327, -0.0235 -0.0159 -0.5363, -0.0251 -0.005 -0.5348, -0.0225 -0.0084 -0.5378, -0.0253 -0.0082 -0.5345, -0.0226 -0.0086 -0.5377, -0.0254 -0.0099 -0.5343, -0.0228 -0.0105 -0.5373, -0.0254 -0.0116 -0.5341, -0.023 -0.0122 -0.537, -0.0256 -0.0139 -0.5339, -0.0258 -0.0151 -0.5336, -0.0233 0.0129 -0.537, -0.0228 0.0092 -0.5376, -0.0253 0.0087 -0.5346, -0.0225 0.0067 -0.538, -0.0252 0.0053 -0.5349, -0.0225 0.0056 -0.538, -0.025 0.0019 -0.5351, -0.0225 0.002 -0.5379, -0.0249 -0.001 -0.5352, -0.0225 -0.001 -0.5379, -0.0249 -0.0015 -0.5352, -0.0225 -0.0016 -0.5379, -0.0225 -0.0053 -0.5378, -0.0255 0.0113 -0.5345, -0.0256 0.0122 -0.5343, -0.0236 0.0154 -0.5366, -0.0259 0.0146 -0.5338, -0.0241 0.0192 -0.5359, -0.0265 0.0181 -0.5331, -0.0245 0.022 -0.5354, -0.0268 0.0208 -0.5325, -0.0365 -0.0229 -0.5396, -0.0294 -0.0242 -0.5385, -0.0337 -0.0243 -0.542, -0.0342 -0.0243 -0.5424, -0.0486 -0.0018 -0.5634, -0.0515 -0.0017 -0.5606, -0.0484 -0.0039 -0.5627, -0.0512 -0.0036 -0.5601, -0.0481 -0.0064 -0.5619, -0.0509 -0.0059 -0.5594, -0.0478 -0.0092 -0.561, -0.0506 -0.0077 -0.5588, -0.0505 -0.0085 -0.5584, -0.0478 -0.0095 -0.561, -0.0505 -0.0087 -0.5583, -0.0475 -0.0118 -0.5602, -0.0501 -0.0112 -0.5572, -0.0424 -0.0215 -0.5454, -0.0407 -0.0231 -0.5487, -0.0445 -0.021 -0.5475, -0.0421 -0.0225 -0.5502, -0.0452 -0.0208 -0.5483, -0.0433 -0.022 -0.5516, -0.0464 -0.0199 -0.5498, -0.0439 -0.0214 -0.5525, -0.0476 -0.019 -0.5515, -0.0451 -0.0204 -0.5541, -0.0477 -0.0188 -0.5516, -0.0452 -0.0202 -0.5543, -0.0485 -0.0175 -0.5531, -0.046 -0.0188 -0.5558, -0.0487 -0.0172 -0.5533, -0.0461 -0.0186 -0.556, -0.0488 -0.0171 -0.5535, -0.0462 -0.0186 -0.5561, -0.0493 -0.0153 -0.5548, -0.0467 -0.0165 -0.5575, -0.0497 -0.0141 -0.5557, -0.0471 -0.0152 -0.5585, -0.0498 -0.0135 -0.5561, -0.0471 -0.015 -0.5586, -0.0499 -0.0129 -0.5564, -0.0472 -0.014 -0.5591, -0.0499 -0.0127 -0.5565, -0.0473 -0.0137 -0.5593, -0.0475 -0.0122 -0.56, -0.0401 -0.0232 -0.5481, -0.0343 0.0224 -0.5435, -0.0367 0.021 -0.5407, -0.0376 0.0209 -0.5472, -0.04 0.0195 -0.5444, -0.0412 0.0193 -0.5511, -0.0427 0.0182 -0.5474, -0.0412 0.0193 -0.5511, -0.0452 0.017 -0.5502, -0.0427 0.018 -0.5531, -0.0454 0.0169 -0.5504, -0.0447 0.0164 -0.5557, -0.0475 0.0149 -0.5533, -0.0449 0.0161 -0.556, -0.0455 0.0151 -0.557, -0.048 0.0144 -0.5539, -0.0482 0.014 -0.5544, -0.046 0.0144 -0.5577, -0.0486 0.0133 -0.555, -0.0461 0.0142 -0.5579, -0.0493 0.012 -0.5562, -0.0467 0.0122 -0.5593, -0.0495 0.0113 -0.5566, -0.0469 0.0118 -0.5595, -0.0496 0.0109 -0.5569, -0.0471 0.0109 -0.5601, -0.0501 0.0092 -0.5579, -0.0477 0.0068 -0.5617, -0.0477 0.0069 -0.5617, -0.0504 0.0064 -0.5588, -0.0476 0.007 -0.5617, -0.0501 0.009 -0.558, -0.0473 0.0097 -0.5606, -0.0473 0.0098 -0.5606, -0.0514 -0.0011 -0.5606, -0.0486 -0.0012 -0.5632, -0.0511 0.0013 -0.5601, -0.0483 0.0015 -0.5627, -0.0508 0.003 -0.5599, -0.048 0.0042 -0.5622, -0.0507 0.0038 -0.5596, -0.0504 0.0062 -0.5588, -0.0333 0.0224 -0.5427, -0.0307 0.0209 -0.5357, -0.0281 0.0223 -0.5383, -0.0295 0.0224 -0.5395, -0.0469 -0.0063 -0.5553, -0.0468 -0.0073 -0.5551, -0.0468 -0.0078 -0.5549, -0.0466 -0.009 -0.5544, -0.0465 -0.0103 -0.554, -0.0448 -0.0144 -0.551, -0.0447 -0.0145 -0.5508, -0.0465 -0.0106 -0.5539, -0.046 -0.0119 -0.553, -0.0455 -0.0133 -0.552, -0.046 -0.0119 -0.553, -0.0458 -0.0128 -0.5524, -0.0439 -0.0152 -0.5498, -0.0439 -0.0152 -0.5497, -0.0433 -0.0156 -0.5491, -0.0419 -0.0162 -0.5475, -0.0372 -0.018 -0.5425, -0.0358 -0.0184 -0.5411, -0.0308 -0.0182 -0.5369, -0.0461 -0.0199 -0.5496, -0.0304 -0.0144 -0.5377, -0.0308 -0.0178 -0.537, -0.03 -0.011 -0.5383, -0.0298 -0.0092 -0.5387, -0.0298 -0.0078 -0.5388, -0.0297 -0.0047 -0.5389, -0.0297 -0.0014 -0.539, -0.0297 -0.0006 -0.5391, -0.0296 0.0018 -0.5392, -0.0296 0.004 -0.5393, -0.0297 0.005 -0.5391, -0.03 0.0082 -0.5387, -0.0303 0.0115 -0.5382, -0.0305 0.0138 -0.5379, -0.0307 0.0161 -0.5375, -0.0357 0.0161 -0.542, -0.0402 0.0142 -0.5467, -0.0419 0.0135 -0.5485, -0.0425 0.0133 -0.5491, -0.0432 0.0126 -0.5501, -0.044 0.0118 -0.5511, -0.0441 0.0117 -0.5512, -0.0442 0.0116 -0.5514, -0.0448 0.0106 -0.5522, -0.0448 0.0105 -0.5522, -0.045 0.0096 -0.5527, -0.0501 0.009 -0.558, -0.0454 0.0085 -0.5534, -0.0456 0.0075 -0.5539, -0.0458 0.0068 -0.5541, -0.0461 0.0048 -0.5547, -0.0463 0.0041 -0.5549, -0.0468 0.0014 -0.5557, -0.047 0.0002 -0.556, -0.0472 -0.001 -0.5562, -0.0472 -0.0012 -0.5562, -0.0472 -0.0016 -0.5563, -0.0471 -0.0038 -0.5558, -0.0444 -0.0017 -0.559, -0.0444 -0.0013 -0.5589, -0.0444 -0.0011 -0.5589, -0.044 0.0016 -0.5583, -0.0436 0.0044 -0.5577, -0.0435 0.0053 -0.5575, -0.0433 0.0068 -0.5572, -0.0431 0.0074 -0.5569, -0.0427 0.0092 -0.5561, -0.0424 0.0104 -0.5556, -0.0424 0.0107 -0.5554, -0.0421 0.0113 -0.555, -0.0415 0.0125 -0.5541, -0.0415 0.0125 -0.5541, -0.0414 0.0126 -0.554, -0.0406 0.0136 -0.5529, -0.0403 0.014 -0.5524, -0.0393 0.0147 -0.5513, -0.0383 0.0154 -0.5501, -0.0332 0.0172 -0.5448, -0.0377 0.0156 -0.5495, -0.0282 0.0171 -0.5404, -0.0308 0.0173 -0.5426, -0.0274 0.0088 -0.5415, -0.0273 0.0053 -0.5417, -0.0279 0.0147 -0.5409, -0.0277 0.0133 -0.5412, -0.0276 0.0123 -0.5412, -0.0271 0.0019 -0.5419, -0.027 -0.0007 -0.5421, -0.027 -0.0016 -0.5422, -0.0269 -0.0027 -0.5422, -0.0271 -0.005 -0.5419, -0.0274 -0.0085 -0.5414, -0.0277 -0.012 -0.5409, -0.0281 -0.0156 -0.5403, -0.0284 -0.0192 -0.5398, -0.0284 -0.0193 -0.5398, -0.0309 -0.0195 -0.5418, -0.0333 -0.0196 -0.5439, -0.035 -0.0192 -0.5455, -0.0393 -0.0174 -0.5502, -0.0408 -0.0167 -0.5519, -0.041 -0.0167 -0.5521, -0.0414 -0.0163 -0.5526, -0.0421 -0.0156 -0.5536, -0.0422 -0.0155 -0.5537, -0.0429 -0.0143 -0.5548, -0.043 -0.0141 -0.555, -0.0433 -0.0131 -0.5556, -0.0434 -0.0128 -0.5558, -0.0437 -0.012 -0.5563, -0.0438 -0.0111 -0.5567, -0.0439 -0.01 -0.5572, -0.044 -0.0094 -0.5574, -0.044 -0.0084 -0.5576, -0.0441 -0.007 -0.5579, -0.0443 -0.0041 -0.5585, -0.0596 -0.0144 -0.5717, -0.0624 -0.0131 -0.5692, -0.0597 -0.0156 -0.571, -0.0623 -0.0143 -0.5685, -0.0597 -0.0185 -0.5694, -0.0625 -0.024 -0.562, -0.0602 -0.026 -0.5645, -0.0625 -0.0233 -0.5625, -0.0601 -0.0252 -0.565, -0.0624 -0.0203 -0.5646, -0.0622 -0.016 -0.5675, -0.0623 -0.0169 -0.5669, -0.0597 -0.0191 -0.569, -0.0623 -0.0175 -0.5665, -0.0597 -0.02 -0.5685, -0.0598 -0.0221 -0.5671, -0.0725 -0.0151 -0.5857, -0.0753 -0.0135 -0.5833, -0.0662 -0.0148 -0.5787, -0.067 -0.0132 -0.5742, -0.0643 -0.0147 -0.5766, -0.0803 -0.0262 -0.5841, -0.0825 -0.0237 -0.582, -0.0795 -0.0251 -0.5843, -0.0818 -0.0228 -0.5822, -0.0776 -0.0227 -0.5848, -0.0801 -0.0205 -0.5825, -0.076 -0.0206 -0.5852, -0.0785 -0.0184 -0.5829, -0.0759 -0.0204 -0.5852, -0.0771 -0.0166 -0.5832, -0.0755 -0.0138 -0.5833, -0.0728 -0.0154 -0.5857, -0.0757 -0.0142 -0.5833, -0.073 -0.0158 -0.5856, -0.077 -0.0163 -0.5832, -0.0744 -0.0181 -0.5854, -0.075 -0.0191 -0.5854, -0.0872 -0.0237 -0.587, -0.0827 -0.0262 -0.5866, -0.085 -0.0262 -0.589, -0.0708 0.0192 -0.5808, -0.0734 0.0173 -0.5784, -0.0707 0.0181 -0.5813, -0.0733 0.0164 -0.579, -0.0705 0.0155 -0.5827, -0.0731 0.0152 -0.5798, -0.0731 0.014 -0.5803, -0.0702 0.0131 -0.584, -0.0731 0.0116 -0.5815, -0.07 0.0112 -0.585, -0.0732 0.0098 -0.5824, -0.07 0.011 -0.585, -0.07 0.0108 -0.5851, -0.0732 0.0095 -0.5825, -0.0702 0.0085 -0.5859, -0.0732 0.0075 -0.5835, -0.0703 0.007 -0.5865, -0.0732 0.0062 -0.5841, -0.0704 0.0049 -0.5872, -0.0732 0.0049 -0.5848, -0.0732 0.0045 -0.5849, -0.0705 0.0035 -0.5877, -0.0735 0.0032 -0.5853, -0.0705 0.003 -0.5879, -0.0736 0.0026 -0.5855, -0.0706 0.0012 -0.5885, -0.074 0.0008 -0.586, -0.0707 0.0011 -0.5886, -0.0712 -0.0009 -0.589, -0.0743 -0.0009 -0.5865, -0.0717 -0.0025 -0.5893, -0.0745 -0.0022 -0.5869, -0.0718 -0.0029 -0.5894, -0.0746 -0.0024 -0.587, -0.0746 -0.0025 -0.587, -0.0723 -0.0047 -0.5897, -0.0753 -0.0041 -0.5873, -0.0724 -0.0052 -0.5898, -0.0755 -0.0046 -0.5873, -0.0728 -0.0065 -0.5901, -0.076 -0.0059 -0.5875, -0.073 -0.0072 -0.5902, -0.0767 -0.0076 -0.5878, -0.0736 -0.0085 -0.5903, -0.0755 -0.0125 -0.5905, -0.0794 -0.0129 -0.5881, -0.0765 -0.0146 -0.5906, -0.0797 -0.0134 -0.5881, -0.0767 -0.015 -0.5906, -0.077 -0.0157 -0.5906, -0.0809 -0.0153 -0.588, -0.0781 -0.0171 -0.5904, -0.0745 -0.0105 -0.5904, -0.0774 -0.0093 -0.5881, -0.0748 -0.0111 -0.5904, -0.0778 -0.0104 -0.5882, -0.0751 -0.0117 -0.5904, -0.0779 -0.0105 -0.5882, -0.0783 -0.0111 -0.5882, -0.0788 -0.018 -0.5903, -0.0814 -0.0161 -0.588, -0.0797 -0.0193 -0.5901, -0.0822 -0.0173 -0.5879, -0.0814 -0.0215 -0.5897, -0.0854 -0.0216 -0.5874, -0.0832 -0.0238 -0.5894, -0.0836 -0.0194 -0.5878, -0.0834 -0.0192 -0.5878, -0.0666 0.0196 -0.5759, -0.0691 0.0178 -0.5735, -0.0687 0.0194 -0.5783, -0.0588 -0.0062 -0.5678, -0.0563 -0.0057 -0.5707, -0.0586 -0.0076 -0.5671, -0.0559 -0.0082 -0.5696, -0.0583 -0.0099 -0.5658, -0.0556 -0.0109 -0.5684, -0.058 -0.0125 -0.5644, -0.0552 -0.0137 -0.5671, -0.0579 -0.0132 -0.564, -0.0597 -0.0029 -0.569, -0.0566 -0.0035 -0.5717, -0.0597 -0.0031 -0.569, -0.059 -0.0053 -0.5681, -0.0625 0.0121 -0.5753, -0.0652 0.0111 -0.5728, -0.0662 0.0132 -0.5732, -0.0664 0.0193 -0.5758, -0.0637 0.0145 -0.5755, -0.0665 0.0137 -0.5733, -0.065 0.0169 -0.5757, -0.0675 0.0153 -0.5733, -0.0689 0.0175 -0.5734, -0.0552 -0.0256 -0.5601, -0.0575 -0.0237 -0.5576, -0.0551 -0.0234 -0.5615, -0.0575 -0.0217 -0.5589, -0.055 -0.0202 -0.5635, -0.0575 -0.0187 -0.5609, -0.055 -0.0196 -0.5638, -0.0575 -0.0181 -0.5613, -0.0549 -0.0174 -0.5652, -0.0574 -0.0171 -0.5619, -0.0549 -0.0166 -0.5656, -0.0577 -0.0152 -0.563, -0.055 -0.0153 -0.5664, -0.0551 -0.0145 -0.5667, -0.0581 0.0014 -0.5731, -0.0573 -0.001 -0.5725, -0.0603 -0.0009 -0.5698, -0.0567 -0.0029 -0.5719, -0.0566 -0.0032 -0.5718, -0.0605 0.0085 -0.575, -0.0604 0.0083 -0.575, -0.0637 0.008 -0.5723, -0.0642 0.0089 -0.5724, -0.0612 0.0098 -0.5751, -0.0607 0.0089 -0.5751, -0.061 0.0013 -0.5706, -0.0616 0.0033 -0.5714, -0.0589 0.0037 -0.5737, -0.0617 0.0037 -0.5715, -0.0596 0.006 -0.5744, -0.0625 0.0054 -0.5718, -0.0635 0.0075 -0.5722, -0.0605 -0.0239 -0.5603, -0.0581 -0.0259 -0.5627, -0.0577 -0.0258 -0.5623, -0.071 -0.0027 -0.5823, -0.0715 -0.0044 -0.5825, -0.0674 0.0084 -0.5767, -0.0682 0.0101 -0.577, -0.0685 0.0082 -0.5781, -0.0687 0.0068 -0.5789, -0.0689 0.0061 -0.5793, -0.0692 0.0048 -0.5798, -0.0696 0.0028 -0.5806, -0.07 0.0009 -0.5813, -0.0701 0.0008 -0.5814, -0.0704 -0.0008 -0.582, -0.0705 -0.0011 -0.5821, -0.0726 -0.008 -0.5829, -0.0721 -0.0062 -0.5827, -0.063 -0.005 -0.5728, -0.0627 -0.0071 -0.5719, -0.0626 -0.0082 -0.5714, -0.0681 -0.0086 -0.5777, -0.0729 -0.0089 -0.583, -0.0653 0.0032 -0.5754, -0.0647 0.0012 -0.5748, -0.0641 -0.0008 -0.5741, -0.0635 -0.0029 -0.5734, -0.0631 -0.0045 -0.573, -0.0659 0.0051 -0.576, -0.0659 0.0053 -0.5761, -0.0668 0.0071 -0.5764, -0.0597 -0.009 -0.574, -0.0649 -0.0096 -0.5797, -0.0656 -0.0096 -0.5804, -0.07 -0.01 -0.5855, -0.0659 0.0075 -0.5812, -0.0657 0.0091 -0.5805, -0.0653 0.0112 -0.5795, -0.0675 -0.001 -0.5843, -0.068 -0.0031 -0.5847, -0.0685 -0.005 -0.585, -0.0697 -0.0091 -0.5854, -0.0691 -0.0075 -0.5854, -0.069 -0.007 -0.5853, -0.067 0.0009 -0.584, -0.067 0.0011 -0.5839, -0.0666 0.0031 -0.5831, -0.0663 0.0052 -0.5821, -0.0646 0.0094 -0.5791, -0.064 0.0079 -0.5788, -0.0632 0.0057 -0.5784, -0.0603 -0.0054 -0.5752, -0.0607 -0.0032 -0.576, -0.0611 -0.0009 -0.5767, -0.0615 0.0013 -0.5775, -0.0615 0.0013 -0.5775, -0.0623 0.0035 -0.5779, -0.0599 -0.0079 -0.5744, -0.0599 -0.0079 -0.5744
            ]
        }
        coordIndex [
            0,1,2,-1,2,1,3,-1,2,4,0,-1,0,4,5,-1,0,5,6,-1,6,5,7,-1,6,7,8,-1,8,7,9,-1,8,9,10,-1,11,12,13,-1,13,12,14,-1,14,12,15,-1,14,15,16,-1,15,17,16,-1,16,17,18,-1,16,18,19,-1,19,18,20,-1,19,20,21,-1,21,20,22,-1,21,22,23,-1,24,25,26,-1,26,25,27,-1,26,27,28,-1,28,27,29,-1,28,29,30,-1,30,29,31,-1,30,31,32,-1,1,33,3,-1,3,33,34,-1,3,34,35,-1,35,34,36,-1,35,36,37,-1,37,36,38,-1,37,38,39,-1,39,38,32,-1,39,32,40,-1,40,32,31,-1,10,9,41,-1,41,9,42,-1,41,42,43,-1,43,42,44,-1,43,44,45,-1,44,46,45,-1,45,46,47,-1,45,47,48,-1,48,47,49,-1,48,49,50,-1,50,49,51,-1,50,51,52,-1,52,51,53,-1,52,53,54,-1,54,53,55,-1,54,55,56,-1,56,55,11,-1,56,11,57,-1,57,11,13,-1,58,59,60,-1,60,59,61,-1,60,61,62,-1,62,61,25,-1,62,25,24,-1,63,59,58,-1,64,65,66,-1,66,65,67,-1,66,67,68,-1,68,67,63,-1,68,63,69,-1,69,63,58,-1,70,65,64,-1,71,72,73,-1,73,72,70,-1,73,70,74,-1,74,70,64,-1,75,76,77,-1,77,76,78,-1,79,80,81,-1,81,80,82,-1,81,82,83,-1,83,82,84,-1,83,84,85,-1,85,84,75,-1,85,75,86,-1,86,75,77,-1,76,87,78,-1,78,87,88,-1,78,88,89,-1,89,88,90,-1,89,90,91,-1,91,90,92,-1,91,92,93,-1,93,92,94,-1,94,92,95,-1,94,95,96,-1,96,95,97,-1,96,97,98,-1,98,97,99,-1,98,99,100,-1,100,99,101,-1,100,101,102,-1,102,101,103,-1,102,103,104,-1,103,105,104,-1,104,105,106,-1,104,106,107,-1,107,106,108,-1,107,108,109,-1,109,108,110,-1,109,110,111,-1,111,110,112,-1,72,71,113,-1,113,71,114,-1,113,114,115,-1,115,114,116,-1,115,116,117,-1,117,116,118,-1,117,118,119,-1,119,118,112,-1,119,112,120,-1,120,112,110,-1,21,23,121,-1,121,23,122,-1,121,122,79,-1,79,122,80,-1,61,27,25,-1,61,59,63,-1,72,63,70,-1,70,63,67,-1,70,67,65,-1,27,61,29,-1,61,63,29,-1,29,63,72,-1,29,72,31,-1,31,72,113,-1,31,113,40,-1,40,113,115,-1,40,115,39,-1,39,115,117,-1,39,117,37,-1,37,117,119,-1,37,119,35,-1,35,119,120,-1,35,120,3,-1,3,120,110,-1,3,110,2,-1,2,110,4,-1,4,110,108,-1,4,108,5,-1,5,108,106,-1,5,106,7,-1,7,106,105,-1,7,105,9,-1,9,105,103,-1,9,103,42,-1,42,103,101,-1,42,101,44,-1,95,46,97,-1,97,46,44,-1,97,44,99,-1,99,44,101,-1,55,53,90,-1,90,53,51,-1,90,51,92,-1,92,51,49,-1,92,49,95,-1,95,49,47,-1,95,47,46,-1,90,88,55,-1,55,88,87,-1,55,87,11,-1,11,87,76,-1,11,76,12,-1,12,76,75,-1,82,80,122,-1,23,22,122,-1,122,22,20,-1,122,20,82,-1,82,20,18,-1,82,18,84,-1,84,18,17,-1,84,17,75,-1,75,17,15,-1,75,15,12,-1,123,124,125,-1,125,124,126,-1,127,128,129,-1,129,130,127,-1,127,130,131,-1,127,131,126,-1,126,131,132,-1,126,132,125,-1,133,134,135,-1,135,134,136,-1,129,128,137,-1,137,128,138,-1,137,138,136,-1,136,138,139,-1,136,139,135,-1,134,133,140,-1,140,133,141,-1,140,141,142,-1,142,141,143,-1,143,141,144,-1,143,144,145,-1,146,147,148,-1,149,150,151,-1,151,150,152,-1,151,152,153,-1,153,152,154,-1,153,154,155,-1,155,154,156,-1,155,156,157,-1,157,156,158,-1,158,156,159,-1,158,159,160,-1,160,159,161,-1,160,161,162,-1,161,163,162,-1,162,163,164,-1,162,164,165,-1,165,164,166,-1,165,166,167,-1,167,166,168,-1,167,168,169,-1,169,168,170,-1,169,170,171,-1,171,170,172,-1,171,172,173,-1,173,172,174,-1,174,172,175,-1,174,175,176,-1,176,175,177,-1,176,177,178,-1,178,177,179,-1,178,179,180,-1,179,181,180,-1,180,181,182,-1,180,182,183,-1,183,182,184,-1,183,184,185,-1,185,184,186,-1,148,147,187,-1,187,147,188,-1,187,188,186,-1,186,188,189,-1,186,189,185,-1,148,190,146,-1,146,190,191,-1,146,191,192,-1,192,191,193,-1,192,193,194,-1,194,193,195,-1,145,144,195,-1,195,144,196,-1,195,196,194,-1,197,198,199,-1,199,198,200,-1,199,200,201,-1,201,200,202,-1,201,202,203,-1,203,202,204,-1,203,204,205,-1,205,204,206,-1,205,206,207,-1,207,206,208,-1,207,208,209,-1,209,208,210,-1,209,210,211,-1,211,210,212,-1,211,212,213,-1,213,212,214,-1,213,214,215,-1,215,214,216,-1,215,216,217,-1,217,216,218,-1,217,218,219,-1,219,218,220,-1,219,220,221,-1,150,149,222,-1,222,149,223,-1,222,223,224,-1,224,223,225,-1,224,225,226,-1,226,225,227,-1,226,227,228,-1,228,227,229,-1,228,229,230,-1,230,229,231,-1,230,231,232,-1,232,231,233,-1,232,233,234,-1,234,233,235,-1,234,235,197,-1,197,235,236,-1,197,236,198,-1,221,220,237,-1,237,220,238,-1,237,238,239,-1,239,238,240,-1,239,240,241,-1,241,240,242,-1,241,242,243,-1,243,242,244,-1,243,244,245,-1,245,244,246,-1,245,246,247,-1,247,246,248,-1,249,250,251,-1,251,250,252,-1,251,252,253,-1,253,252,247,-1,253,247,248,-1,250,249,254,-1,254,249,255,-1,254,255,256,-1,256,255,257,-1,256,257,258,-1,258,257,259,-1,258,259,260,-1,260,259,261,-1,260,261,262,-1,262,261,263,-1,264,265,266,-1,266,265,267,-1,266,267,268,-1,268,267,269,-1,268,269,270,-1,269,271,270,-1,270,271,272,-1,270,272,273,-1,273,272,274,-1,273,274,275,-1,275,274,276,-1,275,276,277,-1,277,276,278,-1,277,278,279,-1,279,278,280,-1,279,280,281,-1,281,280,282,-1,282,280,283,-1,282,283,284,-1,283,285,284,-1,284,285,286,-1,284,286,287,-1,287,286,288,-1,262,263,289,-1,289,263,290,-1,289,290,291,-1,291,290,292,-1,291,292,293,-1,293,292,294,-1,293,294,295,-1,295,294,296,-1,295,296,288,-1,288,296,297,-1,288,297,287,-1,298,299,300,-1,300,299,301,-1,300,301,302,-1,302,301,303,-1,302,303,304,-1,304,303,305,-1,304,305,306,-1,306,305,307,-1,306,307,308,-1,308,307,309,-1,308,309,310,-1,310,309,311,-1,310,311,312,-1,312,311,313,-1,312,313,314,-1,314,313,315,-1,314,315,316,-1,316,315,317,-1,316,317,318,-1,318,317,319,-1,318,319,320,-1,320,319,321,-1,320,321,322,-1,322,321,323,-1,322,323,324,-1,324,323,325,-1,324,325,326,-1,326,325,327,-1,326,327,328,-1,328,327,329,-1,328,329,330,-1,330,329,331,-1,330,331,332,-1,332,331,124,-1,332,124,123,-1,265,264,333,-1,333,264,334,-1,333,334,335,-1,335,334,298,-1,335,298,336,-1,336,298,300,-1,219,221,237,-1,254,256,245,-1,245,247,254,-1,254,247,252,-1,254,252,250,-1,256,258,245,-1,245,258,260,-1,245,260,262,-1,289,291,201,-1,291,293,201,-1,201,293,295,-1,201,295,288,-1,288,286,201,-1,201,286,285,-1,201,285,199,-1,199,285,283,-1,199,283,197,-1,203,245,201,-1,201,245,262,-1,201,262,289,-1,203,205,245,-1,245,205,207,-1,245,207,209,-1,209,211,245,-1,245,211,213,-1,245,213,243,-1,243,213,241,-1,241,213,239,-1,239,213,215,-1,239,215,237,-1,237,215,217,-1,237,217,219,-1,280,232,283,-1,283,232,234,-1,283,234,197,-1,280,278,232,-1,232,278,276,-1,232,276,230,-1,230,276,274,-1,230,274,228,-1,274,272,228,-1,228,272,271,-1,228,271,226,-1,226,271,269,-1,226,269,224,-1,224,269,267,-1,224,267,222,-1,222,267,150,-1,150,267,265,-1,150,265,152,-1,265,333,152,-1,152,333,335,-1,152,335,154,-1,154,335,156,-1,156,335,159,-1,159,335,336,-1,159,336,161,-1,161,336,300,-1,161,300,163,-1,306,164,304,-1,304,164,163,-1,304,163,302,-1,302,163,300,-1,308,172,306,-1,306,172,170,-1,170,168,306,-1,306,168,166,-1,306,166,164,-1,318,320,179,-1,308,310,172,-1,172,310,312,-1,172,312,175,-1,175,312,177,-1,177,312,314,-1,177,314,179,-1,179,314,316,-1,179,316,318,-1,320,322,179,-1,179,322,324,-1,179,324,181,-1,181,324,326,-1,181,326,328,-1,148,187,332,-1,332,187,186,-1,332,186,184,-1,328,330,181,-1,181,330,332,-1,181,332,182,-1,182,332,184,-1,136,134,125,-1,125,134,140,-1,125,140,123,-1,123,140,142,-1,123,142,332,-1,332,142,190,-1,332,190,148,-1,191,190,193,-1,193,190,142,-1,193,142,195,-1,195,142,143,-1,195,143,145,-1,125,132,136,-1,136,132,131,-1,136,131,137,-1,137,131,130,-1,137,130,129,-1,337,338,339,-1,340,341,342,-1,342,341,337,-1,342,337,343,-1,343,337,339,-1,344,341,340,-1,345,346,347,-1,347,346,344,-1,347,344,348,-1,348,344,340,-1,349,346,345,-1,350,351,352,-1,352,351,349,-1,352,349,353,-1,353,349,345,-1,354,355,356,-1,351,350,357,-1,357,350,358,-1,357,358,359,-1,358,360,359,-1,359,360,361,-1,359,361,362,-1,362,361,354,-1,362,354,363,-1,363,354,356,-1,356,355,364,-1,364,355,365,-1,364,365,366,-1,367,364,366,-1,368,369,370,-1,370,369,367,-1,370,367,371,-1,371,367,366,-1,372,373,374,-1,374,373,369,-1,374,369,368,-1,375,376,377,-1,377,376,378,-1,377,378,379,-1,379,378,380,-1,379,380,381,-1,381,380,382,-1,381,382,383,-1,373,372,384,-1,384,372,385,-1,384,385,375,-1,375,385,386,-1,375,386,376,-1,383,382,387,-1,387,382,388,-1,387,388,389,-1,390,387,389,-1,391,392,393,-1,393,392,394,-1,393,394,395,-1,395,394,390,-1,395,390,396,-1,396,390,389,-1,397,398,399,-1,399,398,392,-1,399,392,391,-1,397,400,398,-1,398,400,401,-1,398,401,402,-1,401,403,402,-1,403,401,404,-1,404,401,400,-1,404,400,405,-1,406,405,400,-1,407,408,409,-1,410,411,412,-1,412,411,413,-1,407,409,413,-1,413,409,414,-1,413,414,412,-1,415,416,410,-1,410,416,417,-1,410,417,411,-1,400,418,406,-1,406,418,419,-1,406,419,415,-1,415,419,420,-1,415,420,416,-1,421,422,423,-1,423,422,424,-1,423,424,425,-1,424,426,425,-1,425,426,427,-1,425,427,428,-1,428,427,429,-1,428,429,430,-1,430,429,431,-1,408,407,432,-1,432,407,433,-1,432,433,434,-1,434,433,435,-1,434,435,431,-1,431,435,436,-1,431,436,430,-1,422,421,338,-1,338,421,339,-1,405,406,437,-1,422,338,438,-1,422,438,424,-1,438,439,424,-1,424,439,440,-1,424,440,426,-1,440,441,426,-1,426,441,442,-1,426,442,427,-1,427,442,443,-1,427,443,429,-1,443,444,429,-1,429,444,445,-1,429,445,431,-1,431,445,446,-1,446,447,431,-1,431,447,448,-1,431,448,434,-1,434,448,449,-1,434,449,432,-1,432,449,450,-1,432,450,408,-1,408,450,451,-1,408,451,409,-1,409,451,452,-1,409,452,414,-1,414,452,453,-1,453,454,414,-1,414,454,455,-1,414,455,412,-1,412,455,456,-1,412,456,410,-1,410,456,457,-1,410,457,415,-1,457,458,415,-1,415,458,459,-1,415,459,406,-1,406,459,460,-1,406,460,437,-1,405,437,404,-1,404,437,461,-1,404,461,403,-1,403,461,462,-1,403,462,402,-1,398,394,392,-1,398,402,462,-1,383,387,390,-1,356,364,367,-1,441,440,357,-1,341,344,337,-1,337,344,346,-1,337,346,349,-1,357,440,351,-1,440,439,351,-1,351,439,438,-1,351,438,349,-1,349,438,338,-1,349,338,337,-1,445,444,359,-1,359,444,443,-1,359,443,357,-1,357,443,442,-1,357,442,441,-1,359,362,445,-1,445,362,363,-1,445,363,446,-1,446,363,447,-1,356,449,363,-1,363,449,448,-1,363,448,447,-1,356,367,449,-1,449,367,369,-1,449,369,373,-1,384,375,453,-1,453,452,384,-1,384,452,451,-1,384,451,373,-1,373,451,450,-1,373,450,449,-1,377,457,375,-1,375,457,456,-1,456,455,375,-1,375,455,454,-1,375,454,453,-1,460,459,377,-1,377,459,458,-1,377,458,457,-1,377,379,460,-1,460,379,381,-1,460,381,437,-1,437,381,383,-1,394,398,390,-1,390,398,462,-1,390,462,383,-1,383,462,461,-1,383,461,437,-1,463,464,465,-1,465,464,466,-1,465,466,467,-1,467,466,468,-1,467,468,469,-1,470,471,472,-1,472,471,473,-1,472,473,474,-1,474,473,475,-1,474,475,476,-1,476,475,477,-1,476,477,478,-1,478,477,469,-1,478,469,479,-1,479,469,468,-1,480,481,482,-1,482,481,483,-1,482,483,484,-1,484,483,485,-1,484,485,486,-1,486,485,487,-1,486,487,488,-1,488,487,489,-1,488,489,490,-1,490,489,491,-1,490,491,470,-1,470,491,492,-1,470,492,471,-1,482,493,480,-1,480,493,494,-1,480,494,495,-1,495,494,496,-1,495,496,497,-1,497,496,498,-1,497,498,499,-1,499,498,500,-1,501,464,463,-1,463,502,501,-1,501,502,503,-1,501,503,504,-1,505,506,507,-1,507,506,508,-1,507,508,509,-1,509,508,510,-1,509,510,511,-1,510,512,511,-1,511,512,513,-1,511,513,514,-1,514,513,515,-1,514,515,516,-1,516,515,517,-1,518,519,520,-1,520,519,521,-1,520,521,522,-1,522,521,523,-1,522,523,524,-1,524,523,525,-1,524,525,526,-1,526,525,527,-1,526,527,528,-1,528,527,529,-1,528,529,530,-1,530,529,531,-1,530,531,532,-1,532,531,533,-1,532,533,534,-1,534,533,535,-1,534,535,536,-1,536,535,537,-1,536,537,538,-1,538,537,539,-1,538,539,540,-1,540,539,541,-1,540,541,542,-1,542,541,543,-1,542,543,544,-1,544,543,545,-1,544,545,517,-1,517,545,546,-1,517,546,516,-1,501,504,518,-1,518,504,547,-1,518,547,519,-1,548,549,550,-1,550,549,551,-1,550,551,552,-1,552,551,553,-1,552,553,554,-1,554,553,555,-1,554,555,556,-1,556,555,557,-1,556,557,558,-1,558,557,559,-1,558,559,560,-1,560,559,561,-1,559,562,561,-1,561,562,563,-1,561,563,564,-1,564,563,565,-1,564,565,566,-1,566,565,567,-1,566,567,568,-1,568,567,569,-1,568,569,570,-1,570,569,571,-1,570,571,572,-1,572,571,573,-1,574,575,576,-1,576,575,577,-1,576,577,578,-1,578,577,579,-1,578,579,573,-1,573,579,580,-1,573,580,572,-1,506,505,581,-1,581,505,582,-1,581,582,583,-1,583,582,584,-1,583,584,585,-1,585,584,586,-1,585,586,587,-1,587,586,574,-1,587,574,588,-1,588,574,576,-1,549,548,589,-1,549,589,590,-1,499,500,591,-1,591,500,590,-1,591,590,592,-1,592,590,589,-1,590,500,498,-1,593,510,508,-1,510,593,512,-1,512,593,594,-1,512,594,513,-1,594,595,513,-1,513,595,596,-1,513,596,515,-1,515,596,597,-1,515,597,517,-1,598,599,538,-1,597,600,517,-1,517,600,601,-1,517,601,544,-1,544,601,542,-1,598,538,602,-1,542,601,540,-1,540,601,603,-1,540,603,538,-1,538,603,604,-1,538,604,602,-1,599,605,538,-1,538,605,606,-1,538,606,536,-1,536,606,534,-1,534,606,532,-1,532,606,607,-1,532,607,608,-1,608,609,532,-1,532,609,610,-1,532,610,466,-1,466,610,611,-1,466,611,468,-1,522,524,612,-1,464,501,466,-1,466,501,518,-1,466,518,612,-1,612,518,520,-1,612,520,522,-1,524,526,612,-1,612,526,528,-1,612,528,466,-1,466,528,530,-1,466,530,532,-1,478,479,613,-1,613,479,468,-1,613,468,614,-1,614,468,611,-1,478,613,476,-1,476,613,615,-1,476,615,474,-1,474,615,616,-1,474,616,472,-1,616,617,472,-1,472,617,618,-1,472,618,470,-1,470,618,619,-1,470,619,490,-1,490,619,488,-1,488,619,620,-1,488,620,486,-1,620,621,486,-1,486,621,622,-1,486,622,484,-1,622,623,484,-1,484,623,624,-1,484,624,482,-1,482,624,493,-1,493,624,625,-1,493,625,494,-1,494,625,626,-1,494,626,496,-1,496,626,498,-1,498,626,627,-1,498,627,628,-1,628,629,563,-1,563,629,630,-1,563,630,631,-1,631,632,563,-1,563,632,633,-1,563,633,565,-1,565,633,634,-1,565,634,567,-1,559,557,498,-1,628,563,498,-1,498,563,562,-1,498,562,559,-1,557,555,498,-1,498,555,553,-1,498,553,590,-1,590,553,551,-1,590,551,549,-1,635,571,634,-1,634,571,569,-1,634,569,567,-1,635,636,571,-1,571,636,637,-1,571,637,573,-1,573,637,638,-1,573,638,639,-1,638,640,639,-1,639,640,641,-1,639,641,576,-1,641,642,576,-1,576,642,643,-1,576,643,588,-1,588,643,644,-1,588,644,587,-1,587,644,585,-1,585,644,645,-1,585,645,583,-1,645,646,583,-1,583,646,647,-1,583,647,581,-1,581,647,648,-1,581,648,506,-1,506,648,649,-1,506,649,508,-1,508,649,650,-1,508,650,593,-1,651,649,652,-1,652,649,648,-1,652,648,653,-1,653,648,647,-1,653,647,654,-1,647,646,654,-1,654,646,645,-1,654,645,655,-1,655,645,644,-1,655,644,656,-1,656,644,643,-1,656,643,657,-1,657,643,642,-1,657,642,658,-1,658,642,641,-1,658,641,659,-1,659,641,640,-1,659,640,660,-1,660,640,638,-1,660,638,661,-1,661,638,637,-1,661,637,662,-1,662,637,636,-1,662,636,663,-1,663,636,635,-1,663,635,664,-1,664,635,634,-1,664,634,665,-1,665,634,633,-1,665,633,666,-1,666,633,632,-1,666,632,667,-1,667,632,631,-1,667,631,668,-1,668,631,630,-1,668,630,669,-1,669,630,629,-1,628,670,629,-1,629,670,671,-1,629,671,669,-1,627,672,628,-1,628,672,673,-1,628,673,670,-1,625,624,674,-1,674,624,675,-1,672,627,676,-1,676,627,626,-1,676,626,677,-1,677,626,625,-1,677,625,678,-1,678,625,674,-1,624,623,675,-1,675,623,622,-1,675,622,679,-1,679,622,621,-1,679,621,680,-1,680,621,620,-1,680,620,681,-1,681,620,619,-1,681,619,682,-1,682,619,618,-1,682,618,683,-1,683,618,684,-1,618,617,684,-1,684,617,616,-1,684,616,685,-1,685,616,615,-1,685,615,686,-1,615,613,686,-1,686,613,614,-1,686,614,687,-1,687,614,611,-1,687,611,688,-1,688,611,689,-1,689,611,610,-1,689,610,690,-1,690,610,691,-1,691,610,609,-1,691,609,692,-1,692,609,608,-1,692,608,693,-1,693,608,607,-1,693,607,694,-1,694,607,606,-1,694,606,695,-1,695,606,605,-1,695,605,696,-1,696,605,599,-1,696,599,697,-1,697,599,598,-1,697,598,698,-1,698,598,602,-1,698,602,699,-1,699,602,604,-1,699,604,700,-1,700,604,603,-1,700,603,701,-1,701,603,601,-1,701,601,702,-1,702,601,600,-1,702,600,703,-1,703,600,597,-1,703,597,704,-1,704,597,596,-1,704,596,705,-1,705,596,595,-1,705,595,706,-1,706,595,594,-1,706,594,707,-1,707,594,593,-1,707,593,708,-1,708,593,650,-1,708,650,651,-1,651,650,649,-1,709,710,711,-1,711,710,712,-1,711,712,713,-1,714,715,716,-1,716,715,717,-1,716,717,718,-1,712,719,713,-1,713,719,720,-1,713,720,721,-1,721,720,722,-1,721,722,723,-1,723,722,718,-1,723,718,724,-1,724,718,717,-1,725,726,727,-1,727,726,728,-1,727,728,729,-1,729,728,710,-1,729,710,709,-1,730,731,732,-1,732,731,733,-1,732,733,734,-1,734,733,735,-1,734,735,736,-1,736,735,737,-1,736,737,738,-1,738,737,739,-1,726,725,740,-1,740,725,741,-1,740,741,742,-1,742,741,743,-1,742,743,744,-1,744,743,745,-1,744,745,739,-1,739,745,746,-1,739,746,738,-1,731,730,747,-1,747,730,748,-1,747,748,749,-1,750,751,752,-1,752,751,753,-1,752,753,754,-1,753,755,754,-1,754,755,756,-1,754,756,757,-1,757,756,758,-1,757,758,759,-1,759,758,760,-1,759,760,761,-1,761,760,762,-1,762,760,763,-1,762,763,764,-1,764,763,765,-1,764,765,766,-1,766,765,767,-1,766,767,768,-1,767,769,768,-1,768,769,770,-1,768,770,771,-1,771,770,772,-1,771,772,773,-1,773,772,774,-1,773,774,775,-1,775,774,776,-1,775,776,777,-1,777,776,778,-1,778,776,779,-1,778,779,780,-1,780,779,781,-1,780,781,782,-1,781,783,782,-1,782,783,784,-1,782,784,785,-1,785,784,786,-1,785,786,787,-1,787,786,788,-1,787,788,789,-1,789,788,790,-1,789,790,791,-1,791,790,792,-1,791,792,793,-1,794,795,796,-1,796,795,797,-1,796,797,798,-1,798,797,799,-1,799,797,800,-1,799,800,801,-1,793,792,802,-1,802,792,803,-1,802,803,804,-1,804,803,805,-1,804,805,806,-1,806,805,807,-1,806,807,794,-1,794,807,808,-1,794,808,795,-1,801,800,809,-1,809,800,810,-1,809,810,811,-1,811,810,812,-1,811,812,813,-1,747,749,814,-1,814,749,815,-1,814,815,816,-1,816,815,813,-1,816,813,817,-1,817,813,812,-1,818,819,820,-1,820,819,751,-1,820,751,750,-1,821,822,823,-1,823,822,824,-1,823,824,825,-1,825,824,826,-1,825,826,827,-1,827,826,828,-1,827,828,829,-1,830,831,832,-1,832,831,822,-1,832,822,833,-1,833,822,821,-1,834,835,836,-1,819,818,837,-1,834,836,838,-1,838,836,839,-1,838,839,840,-1,840,839,841,-1,840,841,837,-1,837,841,842,-1,837,842,819,-1,843,844,845,-1,845,844,846,-1,845,846,847,-1,847,846,848,-1,847,848,849,-1,849,848,850,-1,849,850,851,-1,851,850,852,-1,851,852,853,-1,853,852,854,-1,853,854,855,-1,855,854,829,-1,855,829,856,-1,856,829,828,-1,857,858,859,-1,859,858,860,-1,859,860,830,-1,830,860,861,-1,830,861,831,-1,862,863,864,-1,835,834,865,-1,865,834,866,-1,865,866,864,-1,864,866,867,-1,864,867,862,-1,859,868,857,-1,857,868,869,-1,857,869,870,-1,870,869,871,-1,870,871,872,-1,872,871,873,-1,872,873,863,-1,863,873,874,-1,863,874,864,-1,875,844,843,-1,715,714,876,-1,876,714,875,-1,876,875,877,-1,877,875,843,-1,784,878,879,-1,751,819,753,-1,753,819,842,-1,753,842,755,-1,755,842,841,-1,755,841,756,-1,756,841,758,-1,880,881,835,-1,841,839,758,-1,758,839,836,-1,758,836,760,-1,760,836,835,-1,760,835,763,-1,763,835,881,-1,763,881,765,-1,881,882,765,-1,765,882,883,-1,765,883,767,-1,767,883,884,-1,767,884,769,-1,769,884,885,-1,769,885,770,-1,770,885,772,-1,772,885,886,-1,772,886,774,-1,774,886,887,-1,774,887,776,-1,776,887,888,-1,776,888,779,-1,888,889,779,-1,779,889,890,-1,779,890,781,-1,781,890,878,-1,781,878,783,-1,783,878,784,-1,891,790,892,-1,892,790,788,-1,892,788,879,-1,879,788,786,-1,879,786,784,-1,807,805,728,-1,728,805,803,-1,728,803,710,-1,807,728,808,-1,808,728,726,-1,808,726,795,-1,726,740,795,-1,795,740,742,-1,795,742,797,-1,797,742,744,-1,797,744,800,-1,800,744,739,-1,800,739,810,-1,810,739,737,-1,810,737,812,-1,812,737,817,-1,817,737,735,-1,817,735,816,-1,816,735,733,-1,816,733,814,-1,814,733,731,-1,814,731,747,-1,803,827,710,-1,710,827,829,-1,710,829,712,-1,712,829,854,-1,712,854,719,-1,719,854,852,-1,719,852,720,-1,846,844,875,-1,852,850,720,-1,720,850,848,-1,720,848,722,-1,722,848,846,-1,722,846,718,-1,718,846,875,-1,718,875,716,-1,716,875,714,-1,832,833,893,-1,893,833,821,-1,893,821,894,-1,894,821,823,-1,894,823,895,-1,895,823,825,-1,895,825,896,-1,896,825,827,-1,896,827,897,-1,897,827,803,-1,897,803,891,-1,891,803,792,-1,891,792,790,-1,871,869,898,-1,898,869,868,-1,898,868,899,-1,899,868,859,-1,899,859,900,-1,900,859,830,-1,900,830,901,-1,901,830,832,-1,901,832,902,-1,902,832,893,-1,871,898,873,-1,873,898,903,-1,873,903,874,-1,903,904,874,-1,874,904,905,-1,874,905,864,-1,864,905,880,-1,864,880,865,-1,865,880,835,-1,906,895,907,-1,907,895,896,-1,907,896,908,-1,908,896,897,-1,908,897,909,-1,910,883,911,-1,911,883,882,-1,911,882,912,-1,912,882,881,-1,913,914,878,-1,878,914,879,-1,879,914,915,-1,879,915,892,-1,909,897,916,-1,916,897,891,-1,916,891,917,-1,917,891,892,-1,917,892,918,-1,918,892,915,-1,878,890,913,-1,913,890,889,-1,913,889,919,-1,919,889,888,-1,919,888,920,-1,920,888,887,-1,920,887,921,-1,921,887,886,-1,921,886,922,-1,922,886,885,-1,922,885,910,-1,910,885,884,-1,910,884,883,-1,912,881,923,-1,923,881,880,-1,923,880,924,-1,924,880,905,-1,924,905,925,-1,926,927,901,-1,901,927,900,-1,900,927,928,-1,900,928,899,-1,928,929,899,-1,899,929,930,-1,899,930,898,-1,898,930,931,-1,898,931,903,-1,903,931,925,-1,903,925,904,-1,904,925,905,-1,901,902,926,-1,926,902,893,-1,926,893,932,-1,932,893,894,-1,932,894,906,-1,906,894,895,-1,
        ]
    }
}
Shape{
    appearance Appearance {
        material  Material 	{
            diffuseColor 0.2235294117647059 0.2235294117647059 0.2235294117647059
            specularColor 0.11372549019607843 0.11372549019607843 0.11372549019607843
            ambientIntensity 0.2
            transparency 0
            shininess 0.5
        }
    }
    geometry IndexedFaceSet {
        ccw TRUE
        solid FALSE
        coord DEF co Coordinate {
            point [
                -0.0271 -0.005 -0.5419, -0.0274 -0.0085 -0.5414, -0.0443 -0.0041 -0.5585, -0.0441 -0.007 -0.5579, -0.0277 -0.012 -0.5409, -0.044 -0.0094 -0.5574, -0.044 -0.0084 -0.5576, -0.0437 -0.012 -0.5563, -0.0438 -0.0111 -0.5567, -0.0439 -0.01 -0.5572, -0.0414 -0.0163 -0.5526, -0.0421 -0.0156 -0.5536, -0.0281 -0.0156 -0.5403, -0.0422 -0.0155 -0.5537, -0.0429 -0.0143 -0.5548, -0.043 -0.0141 -0.555, -0.0433 -0.0131 -0.5556, -0.0434 -0.0128 -0.5558, -0.0284 -0.0192 -0.5398, -0.0284 -0.0193 -0.5398, -0.0309 -0.0195 -0.5418, -0.0333 -0.0196 -0.5439, -0.035 -0.0192 -0.5455, -0.0393 -0.0174 -0.5502, -0.0408 -0.0167 -0.5519, -0.041 -0.0167 -0.5521, -0.0269 -0.0027 -0.5422, -0.0444 -0.0017 -0.559, -0.027 -0.0016 -0.5422, -0.0444 -0.0013 -0.5589, -0.027 -0.0007 -0.5421, -0.0444 -0.0011 -0.5589, -0.0271 0.0019 -0.5419, -0.044 0.0016 -0.5583, -0.0436 0.0044 -0.5577, -0.0273 0.0053 -0.5417, -0.0435 0.0053 -0.5575, -0.0433 0.0068 -0.5572, -0.0274 0.0088 -0.5415, -0.0424 0.0107 -0.5554, -0.0421 0.0113 -0.555, -0.0276 0.0123 -0.5412, -0.0431 0.0074 -0.5569, -0.0427 0.0092 -0.5561, -0.0424 0.0104 -0.5556, -0.0415 0.0125 -0.5541, -0.0415 0.0125 -0.5541, -0.0277 0.0133 -0.5412, -0.0414 0.0126 -0.554, -0.0279 0.0147 -0.5409, -0.0406 0.0136 -0.5529, -0.0403 0.014 -0.5524, -0.0393 0.0147 -0.5513, -0.0383 0.0154 -0.5501, -0.0377 0.0156 -0.5495, -0.0332 0.0172 -0.5448, -0.0308 0.0173 -0.5426, -0.0282 0.0171 -0.5404, -0.069 -0.007 -0.5853, -0.0649 -0.0096 -0.5797, -0.0691 -0.0075 -0.5854, -0.0656 -0.0096 -0.5804, -0.0697 -0.0091 -0.5854, -0.07 -0.01 -0.5855, -0.0653 0.0112 -0.5795, -0.0646 0.0094 -0.5791, -0.0657 0.0091 -0.5805, -0.064 0.0079 -0.5788, -0.0659 0.0075 -0.5812, -0.0632 0.0057 -0.5784, -0.0663 0.0052 -0.5821, -0.0623 0.0035 -0.5779, -0.0666 0.0031 -0.5831, -0.0615 0.0013 -0.5775, -0.067 0.0011 -0.5839, -0.0615 0.0013 -0.5775, -0.067 0.0009 -0.584, -0.0611 -0.0009 -0.5767, -0.0675 -0.001 -0.5843, -0.0607 -0.0032 -0.576, -0.068 -0.0031 -0.5847, -0.0603 -0.0054 -0.5752, -0.0685 -0.005 -0.585, -0.0599 -0.0079 -0.5744, -0.0597 -0.009 -0.574, -0.0597 -0.009 -0.574
            ]
        }
        coordIndex [
            0,1,2,-1,2,1,3,-1,4,5,1,-1,1,5,6,-1,1,6,3,-1,7,8,4,-1,4,8,9,-1,4,9,5,-1,10,11,12,-1,12,11,13,-1,12,13,14,-1,14,15,12,-1,12,15,16,-1,12,16,4,-1,4,16,17,-1,4,17,7,-1,18,19,20,-1,21,22,20,-1,20,22,23,-1,20,23,18,-1,18,23,24,-1,18,24,12,-1,12,24,25,-1,12,25,10,-1,0,2,26,-1,26,2,27,-1,26,27,28,-1,28,27,29,-1,28,29,30,-1,30,29,31,-1,30,31,32,-1,31,33,32,-1,32,33,34,-1,32,34,35,-1,34,36,35,-1,35,36,37,-1,35,37,38,-1,39,40,41,-1,37,42,38,-1,38,42,43,-1,38,43,41,-1,41,43,44,-1,41,44,39,-1,40,45,41,-1,41,45,46,-1,41,46,47,-1,47,46,48,-1,47,48,49,-1,49,48,50,-1,49,50,51,-1,51,52,49,-1,49,52,53,-1,49,53,54,-1,54,55,49,-1,49,55,56,-1,49,56,57,-1,58,59,60,-1,60,59,61,-1,60,61,62,-1,62,61,63,-1,64,65,66,-1,66,65,67,-1,66,67,68,-1,68,67,69,-1,68,69,70,-1,70,69,71,-1,70,71,72,-1,72,71,73,-1,72,73,74,-1,74,73,75,-1,74,75,76,-1,76,75,77,-1,76,77,78,-1,78,77,79,-1,78,79,80,-1,80,79,81,-1,80,81,82,-1,82,81,83,-1,82,83,58,-1,58,83,84,-1,58,84,59,-1,
        ]
    }
}