#VRML V2.0 utf8
# 3D model generated by easyeda2kicad.py (https://github.com/uPesy/easyeda2kicad.py)

Shape{
    appearance Appearance {
        material  Material 	{
            diffuseColor 0.7529411764705882 0.7529411764705882 0.7529411764705882
            specularColor 0.3764705882352941 0.3764705882352941 0.3764705882352941
            ambientIntensity 0.2
            transparency 0
            shininess 0.5
        }
    }
    geometry IndexedFaceSet {
        ccw TRUE
        solid FALSE
        coord DEF co Coordinate {
            point [
                -0.8858 -0.8858 1.063, -0.8858 -0.8858 0.9843, -0.4636 -0.8858 1.063, 0.8858 -0.8858 0.9843, 0.8858 -0.8858 1.063, 0.8858 -0.4636 1.063, 0.8858 0.8858 0.9843, 0.8858 0.8858 1.063, -0.4636 0.8858 1.063, -0.8858 0.8858 0.9843, -0.8858 0.8858 1.063, -0.8858 -0.4636 1.063, 0.4488 0.0729 1.063, 0.4547 0.0 1.063, 0.7844 0.6606 1.063, 0.7874 0.6299 1.063, 0.7844 0.5992 1.063, 0.7754 0.5697 1.063, 0.7609 0.5424 1.063, 0.7413 0.5186 1.063, 0.7174 0.499 1.063, -0.4183 0.1782 1.063, -0.3843 0.243 1.063, 0.4844 0.5697 1.063, 0.4755 0.5992 1.063, 0.4313 0.144 1.063, 0.6606 0.4755 1.063, 0.6902 0.4844 1.063, -0.091 -0.4455 1.063, -0.1612 -0.4252 1.063, -0.4636 -0.4636 1.063, -0.3404 0.3015 1.063, -0.2876 0.3522 1.063, -0.2274 0.3938 1.063, -0.1612 0.4252 1.063, -0.091 0.4455 1.063, -0.0183 0.4544 1.063, 0.4724 0.6299 1.063, 0.4755 0.6606 1.063, 0.4844 0.6902 1.063, 0.499 0.7174 1.063, 0.5186 0.7413 1.063, 0.5424 0.7609 1.063, 0.6606 0.7844 1.063, 0.6902 0.7754 1.063, 0.7174 0.7609 1.063, 0.7413 0.7413 1.063, 0.7609 0.7174 1.063, 0.7754 0.6902 1.063, 0.0548 0.4514 1.063, 0.6299 0.4724 1.063, 0.5992 0.4755 1.063, 0.5697 0.4844 1.063, 0.1265 0.4368 1.063, 0.1949 0.4108 1.063, 0.2583 0.3742 1.063, 0.4488 -0.0729 1.063, 0.4313 -0.144 1.063, 0.4026 -0.2113 1.063, 0.5424 0.499 1.063, 0.5186 0.5186 1.063, 0.499 0.5424 1.063, 0.5697 0.7754 1.063, 0.5992 0.7844 1.063, 0.6299 0.7874 1.063, 0.315 0.3279 1.063, 0.3635 0.2732 1.063, 0.4026 0.2113 1.063, 0.3635 -0.2732 1.063, 0.315 -0.3279 1.063, 0.2583 -0.3742 1.063, -0.0183 -0.4544 1.063, 0.0548 -0.4514 1.063, -0.2274 -0.3938 1.063, -0.2876 -0.3522 1.063, -0.3404 -0.3015 1.063, 0.1949 -0.4108 1.063, 0.1265 -0.4368 1.063, -0.3843 -0.243 1.063, -0.4183 -0.1782 1.063, -0.4415 -0.1088 1.063, -0.4532 -0.0366 1.063, -0.4532 0.0366 1.063, -0.4415 0.1088 1.063, -0.4844 0.5697 1.063, -0.499 0.5424 1.063, -0.5186 0.5186 1.063, -0.5424 0.499 1.063, -0.5697 0.4844 1.063, -0.6902 0.4844 1.063, -0.7174 0.499 1.063, -0.7413 0.5186 1.063, -0.7609 0.5424 1.063, -0.7844 0.6606 1.063, -0.7754 0.6902 1.063, -0.7609 0.7174 1.063, -0.7413 0.7413 1.063, -0.7174 0.7609 1.063, -0.5992 0.4755 1.063, -0.6299 0.4724 1.063, -0.6606 0.4755 1.063, -0.7754 0.5697 1.063, -0.7844 0.5992 1.063, -0.7874 0.6299 1.063, -0.5186 0.7413 1.063, -0.499 0.7174 1.063, -0.4844 0.6902 1.063, -0.5992 0.7844 1.063, -0.5697 0.7754 1.063, -0.5424 0.7609 1.063, -0.4755 0.6606 1.063, -0.4724 0.6299 1.063, -0.4755 0.5992 1.063, -0.6902 0.7754 1.063, -0.6606 0.7844 1.063, -0.6299 0.7874 1.063, 0.4844 -0.5697 1.063, 0.499 -0.5424 1.063, 0.7874 -0.6299 1.063, 0.7844 -0.6606 1.063, 0.5186 -0.7413 1.063, 0.499 -0.7174 1.063, 0.4755 -0.5992 1.063, 0.5424 -0.7609 1.063, 0.5186 -0.5186 1.063, 0.5424 -0.499 1.063, 0.5697 -0.4844 1.063, 0.7609 -0.5424 1.063, 0.7754 -0.5697 1.063, 0.7844 -0.5992 1.063, 0.7754 -0.6902 1.063, 0.7609 -0.7174 1.063, 0.7413 -0.7413 1.063, 0.7174 -0.7609 1.063, 0.6902 -0.7754 1.063, 0.6606 -0.7844 1.063, 0.6299 -0.7874 1.063, 0.5992 -0.7844 1.063, 0.5697 -0.7754 1.063, 0.4844 -0.6902 1.063, 0.4755 -0.6606 1.063, 0.4724 -0.6299 1.063, 0.5992 -0.4755 1.063, 0.6299 -0.4724 1.063, 0.6606 -0.4755 1.063, 0.6902 -0.4844 1.063, 0.7174 -0.499 1.063, 0.7413 -0.5186 1.063, -0.4844 -0.6902 1.063, -0.499 -0.7174 1.063, -0.4844 -0.5697 1.063, -0.4755 -0.5992 1.063, -0.4724 -0.6299 1.063, -0.4755 -0.6606 1.063, -0.5186 -0.7413 1.063, -0.5424 -0.7609 1.063, -0.5697 -0.7754 1.063, -0.5697 -0.4844 1.063, -0.5424 -0.499 1.063, -0.5992 -0.7844 1.063, -0.6299 -0.7874 1.063, -0.6606 -0.7844 1.063, -0.6902 -0.7754 1.063, -0.5186 -0.5186 1.063, -0.499 -0.5424 1.063, -0.7174 -0.7609 1.063, -0.7413 -0.7413 1.063, -0.7609 -0.7174 1.063, -0.7844 -0.5992 1.063, -0.7754 -0.5697 1.063, -0.7609 -0.5424 1.063, -0.7413 -0.5186 1.063, -0.7174 -0.499 1.063, -0.6902 -0.4844 1.063, -0.7754 -0.6902 1.063, -0.7844 -0.6606 1.063, -0.7874 -0.6299 1.063, -0.6606 -0.4755 1.063, -0.6299 -0.4724 1.063, -0.5992 -0.4755 1.063, -0.4183 0.1782 0.9843, -0.4415 0.1088 0.9843, -0.4532 0.0366 0.9843, -0.4532 -0.0366 0.9843, -0.4415 -0.1088 0.9843, -0.4183 -0.1782 0.9843, -0.3843 -0.243 0.9843, -0.3404 -0.3015 0.9843, -0.2876 -0.3522 0.9843, -0.2274 -0.3938 0.9843, -0.1612 -0.4252 0.9843, 0.1949 0.4108 0.9843, 0.2583 0.3742 0.9843, 0.315 0.3279 0.9843, 0.4488 -0.0729 0.9843, 0.4547 -0.0 0.9843, 0.4313 0.144 0.9843, 0.4026 0.2113 0.9843, 0.3635 0.2732 0.9843, -0.091 -0.4455 0.9843, -0.0183 -0.4544 0.9843, 0.1265 0.4368 0.9843, 0.0548 0.4514 0.9843, -0.0183 0.4544 0.9843, -0.091 0.4455 0.9843, -0.1612 0.4252 0.9843, -0.2274 0.3938 0.9843, -0.2876 0.3522 0.9843, -0.3404 0.3015 0.9843, -0.3843 0.243 0.9843, 0.0548 -0.4514 0.9843, 0.1265 -0.4368 0.9843, 0.1949 -0.4108 0.9843, 0.4488 0.0729 0.9843, 0.2583 -0.3742 0.9843, 0.315 -0.3279 0.9843, 0.3635 -0.2732 0.9843, 0.4026 -0.2113 0.9843, 0.4313 -0.144 0.9843, 0.4313 -0.144 0.9843
            ]
        }
        coordIndex [
            0,1,2,-1,2,1,3,-1,2,3,4,-1,4,3,5,-1,5,3,6,-1,5,6,7,-1,7,6,8,-1,8,6,9,-1,8,9,10,-1,10,9,11,-1,11,9,1,-1,11,1,0,-1,12,13,5,-1,14,15,7,-1,7,15,16,-1,7,16,5,-1,5,16,17,-1,17,18,5,-1,5,18,19,-1,5,19,20,-1,21,22,8,-1,8,23,24,-1,25,12,26,-1,26,12,5,-1,26,5,27,-1,27,5,20,-1,28,29,30,-1,22,31,8,-1,8,31,32,-1,8,32,33,-1,33,34,8,-1,8,34,35,-1,8,35,36,-1,24,37,8,-1,8,37,38,-1,8,38,39,-1,39,40,8,-1,8,40,41,-1,8,41,42,-1,43,44,7,-1,7,44,45,-1,7,45,46,-1,46,47,7,-1,7,47,48,-1,7,48,14,-1,49,50,36,-1,36,50,51,-1,36,51,52,-1,49,53,50,-1,50,53,54,-1,50,54,55,-1,13,56,5,-1,5,56,57,-1,5,57,58,-1,52,59,36,-1,36,59,60,-1,36,60,8,-1,8,60,61,-1,8,61,23,-1,42,62,8,-1,8,62,63,-1,8,63,7,-1,7,63,64,-1,7,64,43,-1,55,65,50,-1,50,65,66,-1,50,66,26,-1,26,66,67,-1,26,67,25,-1,58,68,5,-1,5,68,69,-1,5,69,70,-1,28,30,71,-1,71,30,5,-1,71,5,72,-1,29,73,30,-1,30,73,74,-1,30,74,75,-1,70,76,5,-1,5,76,77,-1,5,77,72,-1,75,78,30,-1,30,78,79,-1,30,79,80,-1,80,81,30,-1,30,81,82,-1,30,82,8,-1,8,82,83,-1,8,83,21,-1,30,84,85,-1,85,86,30,-1,30,86,87,-1,30,87,88,-1,89,90,11,-1,11,90,91,-1,11,91,92,-1,93,94,10,-1,94,95,10,-1,10,95,96,-1,10,96,97,-1,88,98,30,-1,30,98,99,-1,30,99,11,-1,11,99,100,-1,11,100,89,-1,92,101,11,-1,11,101,102,-1,11,102,10,-1,10,102,103,-1,10,103,93,-1,104,105,8,-1,8,105,106,-1,107,108,8,-1,8,108,109,-1,8,109,104,-1,106,110,8,-1,8,110,111,-1,8,111,30,-1,30,111,112,-1,30,112,84,-1,97,113,10,-1,10,113,114,-1,10,114,8,-1,8,114,115,-1,8,115,107,-1,116,117,30,-1,5,118,4,-1,4,118,119,-1,120,121,2,-1,116,30,122,-1,120,2,123,-1,117,124,30,-1,30,124,125,-1,30,125,126,-1,127,128,5,-1,5,128,129,-1,5,129,118,-1,119,130,4,-1,4,130,131,-1,4,131,132,-1,132,133,4,-1,4,133,134,-1,4,134,135,-1,135,136,4,-1,4,136,137,-1,4,137,2,-1,2,137,138,-1,2,138,123,-1,121,139,2,-1,2,139,140,-1,2,140,30,-1,30,140,141,-1,30,141,122,-1,126,142,30,-1,30,142,143,-1,30,143,5,-1,5,143,144,-1,5,144,145,-1,145,146,5,-1,5,146,147,-1,5,147,127,-1,148,149,2,-1,150,151,30,-1,30,151,152,-1,30,152,2,-1,2,152,153,-1,2,153,148,-1,149,154,2,-1,2,154,155,-1,2,155,156,-1,157,158,30,-1,156,159,2,-1,2,159,160,-1,2,160,0,-1,0,160,161,-1,0,161,162,-1,158,163,30,-1,30,163,164,-1,30,164,150,-1,162,165,0,-1,0,165,166,-1,0,166,167,-1,168,169,11,-1,11,169,170,-1,170,171,11,-1,11,171,172,-1,11,172,173,-1,167,174,0,-1,0,174,175,-1,0,175,11,-1,11,175,176,-1,11,176,168,-1,173,177,11,-1,11,177,178,-1,11,178,30,-1,30,178,179,-1,30,179,157,-1,180,181,9,-1,9,181,182,-1,9,182,1,-1,1,182,183,-1,1,183,184,-1,184,185,1,-1,1,185,186,-1,1,186,187,-1,187,188,1,-1,1,188,189,-1,1,189,190,-1,191,6,192,-1,192,6,193,-1,194,195,3,-1,196,197,6,-1,6,197,198,-1,6,198,193,-1,190,199,1,-1,1,199,200,-1,1,200,3,-1,191,201,6,-1,6,201,202,-1,6,202,9,-1,9,202,203,-1,9,203,204,-1,204,205,9,-1,9,205,206,-1,9,206,207,-1,207,208,9,-1,9,208,209,-1,9,209,180,-1,200,210,3,-1,3,210,211,-1,3,211,212,-1,3,195,6,-1,6,195,213,-1,6,213,196,-1,212,214,3,-1,3,214,215,-1,3,215,216,-1,216,217,3,-1,3,217,218,-1,3,218,194,-1,
        ]
    }
}
Shape{
    appearance Appearance {
        material  Material 	{
            diffuseColor 1.0 1.0 1.0
            specularColor 0.5019607843137255 0.5019607843137255 0.5019607843137255
            ambientIntensity 0.2
            transparency 0
            shininess 0.5
        }
    }
    geometry IndexedFaceSet {
        ccw TRUE
        solid FALSE
        coord DEF co Coordinate {
            point [
                0.4547 -0.0 0.9843, 0.4547 0.0 1.063, 0.4488 0.0729 0.9843, 0.4488 0.0729 1.063, 0.4313 0.144 0.9843, 0.4313 0.144 1.063, 0.4026 0.2113 0.9843, 0.4026 0.2113 1.063, 0.3635 0.2732 0.9843, 0.3635 0.2732 1.063, 0.315 0.3279 0.9843, 0.315 0.3279 1.063, 0.2583 0.3742 0.9843, 0.2583 0.3742 1.063, 0.1949 0.4108 0.9843, 0.1949 0.4108 1.063, 0.1265 0.4368 0.9843, 0.1265 0.4368 1.063, 0.0548 0.4514 0.9843, 0.0548 0.4514 1.063, -0.0183 0.4544 0.9843, -0.0183 0.4544 1.063, -0.091 0.4455 0.9843, -0.091 0.4455 1.063, -0.1612 0.4252 0.9843, -0.1612 0.4252 1.063, -0.2274 0.3938 0.9843, -0.2274 0.3938 1.063, -0.2876 0.3522 0.9843, -0.2876 0.3522 1.063, -0.3404 0.3015 0.9843, -0.3404 0.3015 1.063, -0.3843 0.243 0.9843, -0.3843 0.243 1.063, -0.4183 0.1782 0.9843, -0.4183 0.1782 1.063, -0.4415 0.1088 0.9843, -0.4415 0.1088 1.063, -0.4532 0.0366 0.9843, -0.4532 0.0366 1.063, -0.4532 -0.0366 0.9843, -0.4532 -0.0366 1.063, -0.4415 -0.1088 0.9843, -0.4415 -0.1088 1.063, -0.4183 -0.1782 0.9843, -0.4183 -0.1782 1.063, -0.3843 -0.243 0.9843, -0.3843 -0.243 1.063, -0.3404 -0.3015 0.9843, -0.3404 -0.3015 1.063, -0.2876 -0.3522 0.9843, -0.2876 -0.3522 1.063, -0.2274 -0.3938 0.9843, -0.2274 -0.3938 1.063, -0.1612 -0.4252 0.9843, -0.1612 -0.4252 1.063, -0.091 -0.4455 0.9843, -0.091 -0.4455 1.063, -0.0183 -0.4544 0.9843, -0.0183 -0.4544 1.063, 0.0548 -0.4514 0.9843, 0.0548 -0.4514 1.063, 0.1265 -0.4368 0.9843, 0.1265 -0.4368 1.063, 0.1949 -0.4108 0.9843, 0.1949 -0.4108 1.063, 0.2583 -0.3742 0.9843, 0.2583 -0.3742 1.063, 0.315 -0.3279 0.9843, 0.315 -0.3279 1.063, 0.3635 -0.2732 0.9843, 0.3635 -0.2732 1.063, 0.4026 -0.2113 0.9843, 0.4026 -0.2113 1.063, 0.4313 -0.144 0.9843, 0.4313 -0.144 1.063, 0.4488 -0.0729 0.9843, 0.4488 -0.0729 1.063, 0.4488 -0.0729 1.063
            ]
        }
        coordIndex [
            0,1,2,-1,2,1,3,-1,2,3,4,-1,4,3,5,-1,4,5,6,-1,6,5,7,-1,6,7,8,-1,8,7,9,-1,8,9,10,-1,10,9,11,-1,10,11,12,-1,12,11,13,-1,12,13,14,-1,14,13,15,-1,14,15,16,-1,16,15,17,-1,16,17,18,-1,18,17,19,-1,18,19,20,-1,20,19,21,-1,20,21,22,-1,22,21,23,-1,22,23,24,-1,24,23,25,-1,24,25,26,-1,26,25,27,-1,26,27,28,-1,28,27,29,-1,28,29,30,-1,30,29,31,-1,30,31,32,-1,32,31,33,-1,32,33,34,-1,34,33,35,-1,34,35,36,-1,36,35,37,-1,36,37,38,-1,38,37,39,-1,38,39,40,-1,40,39,41,-1,40,41,42,-1,42,41,43,-1,42,43,44,-1,44,43,45,-1,44,45,46,-1,46,45,47,-1,46,47,48,-1,48,47,49,-1,48,49,50,-1,50,49,51,-1,50,51,52,-1,52,51,53,-1,52,53,54,-1,54,53,55,-1,54,55,56,-1,56,55,57,-1,56,57,58,-1,58,57,59,-1,58,59,60,-1,60,59,61,-1,60,61,62,-1,62,61,63,-1,62,63,64,-1,64,63,65,-1,64,65,66,-1,66,65,67,-1,66,67,68,-1,68,67,69,-1,68,69,70,-1,70,69,71,-1,70,71,72,-1,72,71,73,-1,72,73,74,-1,74,73,75,-1,74,75,76,-1,76,75,77,-1,76,77,0,-1,0,77,1,-1,
        ]
    }
}
Shape{
    appearance Appearance {
        material  Material 	{
            diffuseColor 0.25098039215686274 0.25098039215686274 0.25098039215686274
            specularColor 0.12549019607843137 0.12549019607843137 0.12549019607843137
            ambientIntensity 0.2
            transparency 0
            shininess 0.5
        }
    }
    geometry IndexedFaceSet {
        ccw TRUE
        solid FALSE
        coord DEF co Coordinate {
            point [
                -0.5838 -0.6299 1.1417, -0.5847 -0.6209 1.1417, -0.6299 -0.6299 1.1417, -0.5847 -0.6389 1.1417, -0.5973 -0.6625 1.1417, -0.5916 -0.6555 1.1417, -0.5873 -0.6476 1.1417, -0.6209 -0.6752 1.1417, -0.6123 -0.6725 1.1417, -0.6043 -0.6683 1.1417, -0.6476 -0.6725 1.1417, -0.6389 -0.6752 1.1417, -0.6299 -0.676 1.1417, -0.6683 -0.6555 1.1417, -0.6625 -0.6625 1.1417, -0.6555 -0.6683 1.1417, -0.676 -0.6299 1.1417, -0.6752 -0.6389 1.1417, -0.6725 -0.6476 1.1417, -0.6683 -0.6043 1.1417, -0.6725 -0.6123 1.1417, -0.6752 -0.6209 1.1417, -0.6476 -0.5873 1.1417, -0.6555 -0.5916 1.1417, -0.6625 -0.5973 1.1417, -0.6209 -0.5847 1.1417, -0.6299 -0.5838 1.1417, -0.6389 -0.5847 1.1417, -0.5973 -0.5973 1.1417, -0.6043 -0.5916 1.1417, -0.6123 -0.5873 1.1417, -0.5873 -0.6123 1.1417, -0.5916 -0.6043 1.1417, -0.676 0.6299 1.1417, -0.6752 0.6209 1.1417, -0.6299 0.6299 1.1417, -0.6752 0.6389 1.1417, -0.6625 0.6625 1.1417, -0.6683 0.6555 1.1417, -0.6725 0.6476 1.1417, -0.6389 0.6752 1.1417, -0.6476 0.6725 1.1417, -0.6555 0.6683 1.1417, -0.6123 0.6725 1.1417, -0.6209 0.6752 1.1417, -0.6299 0.676 1.1417, -0.5916 0.6555 1.1417, -0.5973 0.6625 1.1417, -0.6043 0.6683 1.1417, -0.5838 0.6299 1.1417, -0.5847 0.6389 1.1417, -0.5873 0.6476 1.1417, -0.5916 0.6043 1.1417, -0.5873 0.6123 1.1417, -0.5847 0.6209 1.1417, -0.6123 0.5873 1.1417, -0.6043 0.5916 1.1417, -0.5973 0.5973 1.1417, -0.6389 0.5847 1.1417, -0.6299 0.5838 1.1417, -0.6209 0.5847 1.1417, -0.6625 0.5973 1.1417, -0.6555 0.5916 1.1417, -0.6476 0.5873 1.1417, -0.6725 0.6123 1.1417, -0.6683 0.6043 1.1417, 0.676 0.6299 1.1417, 0.6752 0.6389 1.1417, 0.6299 0.6299 1.1417, 0.6752 0.6209 1.1417, 0.6625 0.5973 1.1417, 0.6683 0.6043 1.1417, 0.6725 0.6123 1.1417, 0.6389 0.5847 1.1417, 0.6476 0.5873 1.1417, 0.6555 0.5916 1.1417, 0.6123 0.5873 1.1417, 0.6209 0.5847 1.1417, 0.6299 0.5838 1.1417, 0.5916 0.6043 1.1417, 0.5973 0.5973 1.1417, 0.6043 0.5916 1.1417, 0.5838 0.6299 1.1417, 0.5847 0.6209 1.1417, 0.5873 0.6123 1.1417, 0.5916 0.6555 1.1417, 0.5873 0.6476 1.1417, 0.5847 0.6389 1.1417, 0.6123 0.6725 1.1417, 0.6043 0.6683 1.1417, 0.5973 0.6625 1.1417, 0.6389 0.6752 1.1417, 0.6299 0.676 1.1417, 0.6209 0.6752 1.1417, 0.6625 0.6625 1.1417, 0.6555 0.6683 1.1417, 0.6476 0.6725 1.1417, 0.6725 0.6476 1.1417, 0.6683 0.6555 1.1417, 0.5838 -0.6299 1.1417, 0.5847 -0.6389 1.1417, 0.6299 -0.6299 1.1417, 0.5847 -0.6209 1.1417, 0.5973 -0.5973 1.1417, 0.5916 -0.6043 1.1417, 0.5873 -0.6123 1.1417, 0.6209 -0.5847 1.1417, 0.6123 -0.5873 1.1417, 0.6043 -0.5916 1.1417, 0.6476 -0.5873 1.1417, 0.6389 -0.5847 1.1417, 0.6299 -0.5838 1.1417, 0.6683 -0.6043 1.1417, 0.6625 -0.5973 1.1417, 0.6555 -0.5916 1.1417, 0.676 -0.6299 1.1417, 0.6752 -0.6209 1.1417, 0.6725 -0.6123 1.1417, 0.6683 -0.6555 1.1417, 0.6725 -0.6476 1.1417, 0.6752 -0.6389 1.1417, 0.6476 -0.6725 1.1417, 0.6555 -0.6683 1.1417, 0.6625 -0.6625 1.1417, 0.6209 -0.6752 1.1417, 0.6299 -0.676 1.1417, 0.6389 -0.6752 1.1417, 0.5973 -0.6625 1.1417, 0.6043 -0.6683 1.1417, 0.6123 -0.6725 1.1417, 0.5873 -0.6476 1.1417, 0.5916 -0.6555 1.1417, -0.5611 0.6436 1.1393, -0.5651 0.6568 1.1393, -0.5716 0.6689 1.1393, -0.5803 0.6796 1.1393, -0.5909 0.6883 1.1393, -0.6031 0.6948 1.1393, -0.6162 0.6988 1.1393, -0.6299 0.7001 1.1393, -0.6436 0.6988 1.1393, -0.6568 0.6948 1.1393, -0.6689 0.6883 1.1393, -0.6796 0.6796 1.1393, -0.6883 0.6689 1.1393, -0.6948 0.6568 1.1393, -0.6988 0.6436 1.1393, -0.7001 0.6299 1.1393, -0.6988 0.6162 1.1393, -0.6948 0.6031 1.1393, -0.6883 0.5909 1.1393, -0.6796 0.5803 1.1393, -0.6689 0.5716 1.1393, -0.6568 0.5651 1.1393, -0.6436 0.5611 1.1393, -0.6299 0.5597 1.1393, -0.6162 0.5611 1.1393, -0.6031 0.5651 1.1393, -0.5909 0.5716 1.1393, -0.5803 0.5803 1.1393, -0.5716 0.5909 1.1393, -0.5651 0.6031 1.1393, -0.5611 0.6162 1.1393, -0.5597 0.6299 1.1393, -0.5385 0.6481 1.1319, -0.5438 0.6656 1.1319, -0.5524 0.6817 1.1319, -0.564 0.6959 1.1319, -0.5781 0.7074 1.1319, -0.5942 0.7161 1.1319, -0.6117 0.7214 1.1319, -0.6299 0.7232 1.1319, -0.6481 0.7214 1.1319, -0.6656 0.7161 1.1319, -0.6817 0.7074 1.1319, -0.6959 0.6959 1.1319, -0.7074 0.6817 1.1319, -0.7161 0.6656 1.1319, -0.7214 0.6481 1.1319, -0.7232 0.6299 1.1319, -0.7214 0.6117 1.1319, -0.7161 0.5942 1.1319, -0.7074 0.5781 1.1319, -0.6959 0.564 1.1319, -0.6817 0.5524 1.1319, -0.6656 0.5438 1.1319, -0.6481 0.5385 1.1319, -0.6299 0.5367 1.1319, -0.6117 0.5385 1.1319, -0.5942 0.5438 1.1319, -0.5781 0.5524 1.1319, -0.564 0.564 1.1319, -0.5524 0.5781 1.1319, -0.5438 0.5942 1.1319, -0.5385 0.6117 1.1319, -0.5367 0.6299 1.1319, -0.5178 0.6522 1.1201, -0.5243 0.6737 1.1201, -0.5349 0.6934 1.1201, -0.5491 0.7108 1.1201, -0.5664 0.725 1.1201, -0.5862 0.7355 1.1201, -0.6076 0.742 1.1201, -0.6299 0.7442 1.1201, -0.6522 0.742 1.1201, -0.6737 0.7355 1.1201, -0.6934 0.725 1.1201, -0.7108 0.7108 1.1201, -0.725 0.6934 1.1201, -0.7355 0.6737 1.1201, -0.742 0.6522 1.1201, -0.7442 0.6299 1.1201, -0.742 0.6076 1.1201, -0.7355 0.5862 1.1201, -0.725 0.5664 1.1201, -0.7108 0.5491 1.1201, -0.6934 0.5349 1.1201, -0.6737 0.5243 1.1201, -0.6522 0.5178 1.1201, -0.6299 0.5156 1.1201, -0.6076 0.5178 1.1201, -0.5862 0.5243 1.1201, -0.5664 0.5349 1.1201, -0.5491 0.5491 1.1201, -0.5349 0.5664 1.1201, -0.5243 0.5862 1.1201, -0.5178 0.6076 1.1201, -0.5156 0.6299 1.1201, -0.4999 0.6558 1.1041, -0.5075 0.6806 1.1041, -0.5197 0.7036 1.1041, -0.5362 0.7236 1.1041, -0.5563 0.7401 1.1041, -0.5792 0.7524 1.1041, -0.6041 0.7599 1.1041, -0.6299 0.7625 1.1041, -0.6558 0.7599 1.1041, -0.6806 0.7524 1.1041, -0.7036 0.7401 1.1041, -0.7236 0.7236 1.1041, -0.7401 0.7036 1.1041, -0.7524 0.6806 1.1041, -0.7599 0.6558 1.1041, -0.7625 0.6299 1.1041, -0.7599 0.6041 1.1041, -0.7524 0.5792 1.1041, -0.7401 0.5563 1.1041, -0.7236 0.5362 1.1041, -0.7036 0.5197 1.1041, -0.6806 0.5075 1.1041, -0.6558 0.4999 1.1041, -0.6299 0.4974 1.1041, -0.6041 0.4999 1.1041, -0.5792 0.5075 1.1041, -0.5563 0.5197 1.1041, -0.5362 0.5362 1.1041, -0.5197 0.5563 1.1041, -0.5075 0.5792 1.1041, -0.4999 0.6041 1.1041, -0.4974 0.6299 1.1041, -0.4856 0.6586 1.0849, -0.494 0.6862 1.0849, -0.5076 0.7117 1.0849, -0.5259 0.734 1.0849, -0.5482 0.7523 1.0849, -0.5736 0.7658 1.0849, -0.6012 0.7742 1.0849, -0.6299 0.777 1.0849, -0.6586 0.7742 1.0849, -0.6862 0.7658 1.0849, -0.7117 0.7523 1.0849, -0.734 0.734 1.0849, -0.7523 0.7117 1.0849, -0.7658 0.6862 1.0849, -0.7742 0.6586 1.0849, -0.777 0.6299 1.0849, -0.7742 0.6012 1.0849, -0.7658 0.5736 1.0849, -0.7523 0.5482 1.0849, -0.734 0.5259 1.0849, -0.7117 0.5076 1.0849, -0.6862 0.494 1.0849, -0.6586 0.4856 1.0849, -0.6299 0.4828 1.0849, -0.6012 0.4856 1.0849, -0.5736 0.494 1.0849, -0.5482 0.5076 1.0849, -0.5259 0.5259 1.0849, -0.5076 0.5482 1.0849, -0.494 0.5736 1.0849, -0.4856 0.6012 1.0849, -0.4828 0.6299 1.0849, -0.4755 0.6606 1.063, -0.4844 0.6902 1.063, -0.499 0.7174 1.063, -0.5186 0.7413 1.063, -0.5424 0.7609 1.063, -0.5697 0.7754 1.063, -0.5992 0.7844 1.063, -0.6299 0.7874 1.063, -0.6606 0.7844 1.063, -0.6902 0.7754 1.063, -0.7174 0.7609 1.063, -0.7413 0.7413 1.063, -0.7609 0.7174 1.063, -0.7754 0.6902 1.063, -0.7844 0.6606 1.063, -0.7874 0.6299 1.063, -0.7844 0.5992 1.063, -0.7754 0.5697 1.063, -0.7609 0.5424 1.063, -0.7413 0.5186 1.063, -0.7174 0.499 1.063, -0.6902 0.4844 1.063, -0.6606 0.4755 1.063, -0.6299 0.4724 1.063, -0.5992 0.4755 1.063, -0.5697 0.4844 1.063, -0.5424 0.499 1.063, -0.5186 0.5186 1.063, -0.499 0.5424 1.063, -0.4844 0.5697 1.063, -0.4755 0.5992 1.063, -0.4724 0.6299 1.063, 0.4724 0.6299 1.063, 0.4856 0.6586 1.0849, 0.4755 0.6606 1.063, 0.494 0.6862 1.0849, 0.4844 0.6902 1.063, 0.5076 0.7117 1.0849, 0.499 0.7174 1.063, 0.5259 0.734 1.0849, 0.5186 0.7413 1.063, 0.5482 0.7523 1.0849, 0.5424 0.7609 1.063, 0.5736 0.7658 1.0849, 0.5697 0.7754 1.063, 0.6012 0.7742 1.0849, 0.5992 0.7844 1.063, 0.6299 0.777 1.0849, 0.6299 0.7874 1.063, 0.6586 0.7742 1.0849, 0.6606 0.7844 1.063, 0.6862 0.7658 1.0849, 0.6902 0.7754 1.063, 0.7117 0.7523 1.0849, 0.7174 0.7609 1.063, 0.734 0.734 1.0849, 0.7413 0.7413 1.063, 0.7523 0.7117 1.0849, 0.7609 0.7174 1.063, 0.7658 0.6862 1.0849, 0.7754 0.6902 1.063, 0.7742 0.6586 1.0849, 0.7844 0.6606 1.063, 0.777 0.6299 1.0849, 0.7874 0.6299 1.063, 0.7742 0.6012 1.0849, 0.7844 0.5992 1.063, 0.7658 0.5736 1.0849, 0.7754 0.5697 1.063, 0.7523 0.5482 1.0849, 0.7609 0.5424 1.063, 0.734 0.5259 1.0849, 0.7413 0.5186 1.063, 0.7117 0.5076 1.0849, 0.7174 0.499 1.063, 0.6862 0.494 1.0849, 0.6902 0.4844 1.063, 0.6586 0.4856 1.0849, 0.6606 0.4755 1.063, 0.6299 0.4828 1.0849, 0.6299 0.4724 1.063, 0.6012 0.4856 1.0849, 0.5992 0.4755 1.063, 0.5736 0.494 1.0849, 0.5697 0.4844 1.063, 0.5482 0.5076 1.0849, 0.5424 0.499 1.063, 0.5259 0.5259 1.0849, 0.5186 0.5186 1.063, 0.5076 0.5482 1.0849, 0.499 0.5424 1.063, 0.494 0.5736 1.0849, 0.4844 0.5697 1.063, 0.4856 0.6012 1.0849, 0.4755 0.5992 1.063, 0.4828 0.6299 1.0849, 0.4999 0.6558 1.1041, 0.5075 0.6806 1.1041, 0.5197 0.7036 1.1041, 0.5362 0.7236 1.1041, 0.5563 0.7401 1.1041, 0.5792 0.7524 1.1041, 0.6041 0.7599 1.1041, 0.6299 0.7625 1.1041, 0.6558 0.7599 1.1041, 0.6806 0.7524 1.1041, 0.7036 0.7401 1.1041, 0.7236 0.7236 1.1041, 0.7401 0.7036 1.1041, 0.7524 0.6806 1.1041, 0.7599 0.6558 1.1041, 0.7625 0.6299 1.1041, 0.7599 0.6041 1.1041, 0.7524 0.5792 1.1041, 0.7401 0.5563 1.1041, 0.7236 0.5362 1.1041, 0.7036 0.5197 1.1041, 0.6806 0.5075 1.1041, 0.6558 0.4999 1.1041, 0.6299 0.4974 1.1041, 0.6041 0.4999 1.1041, 0.5792 0.5075 1.1041, 0.5563 0.5197 1.1041, 0.5362 0.5362 1.1041, 0.5197 0.5563 1.1041, 0.5075 0.5792 1.1041, 0.4999 0.6041 1.1041, 0.4974 0.6299 1.1041, 0.5178 0.6522 1.1201, 0.5243 0.6737 1.1201, 0.5349 0.6934 1.1201, 0.5491 0.7108 1.1201, 0.5664 0.725 1.1201, 0.5862 0.7355 1.1201, 0.6076 0.742 1.1201, 0.6299 0.7442 1.1201, 0.6522 0.742 1.1201, 0.6737 0.7355 1.1201, 0.6934 0.725 1.1201, 0.7108 0.7108 1.1201, 0.725 0.6934 1.1201, 0.7355 0.6737 1.1201, 0.742 0.6522 1.1201, 0.7442 0.6299 1.1201, 0.742 0.6076 1.1201, 0.7355 0.5862 1.1201, 0.725 0.5664 1.1201, 0.7108 0.5491 1.1201, 0.6934 0.5349 1.1201, 0.6737 0.5243 1.1201, 0.6522 0.5178 1.1201, 0.6299 0.5156 1.1201, 0.6076 0.5178 1.1201, 0.5862 0.5243 1.1201, 0.5664 0.5349 1.1201, 0.5491 0.5491 1.1201, 0.5349 0.5664 1.1201, 0.5243 0.5862 1.1201, 0.5178 0.6076 1.1201, 0.5156 0.6299 1.1201, 0.5385 0.6481 1.1319, 0.5438 0.6656 1.1319, 0.5524 0.6817 1.1319, 0.564 0.6959 1.1319, 0.5781 0.7074 1.1319, 0.5942 0.7161 1.1319, 0.6117 0.7214 1.1319, 0.6299 0.7232 1.1319, 0.6481 0.7214 1.1319, 0.6656 0.7161 1.1319, 0.6817 0.7074 1.1319, 0.6959 0.6959 1.1319, 0.7074 0.6817 1.1319, 0.7161 0.6656 1.1319, 0.7214 0.6481 1.1319, 0.7232 0.6299 1.1319, 0.7214 0.6117 1.1319, 0.7161 0.5942 1.1319, 0.7074 0.5781 1.1319, 0.6959 0.564 1.1319, 0.6817 0.5524 1.1319, 0.6656 0.5438 1.1319, 0.6481 0.5385 1.1319, 0.6299 0.5367 1.1319, 0.6117 0.5385 1.1319, 0.5942 0.5438 1.1319, 0.5781 0.5524 1.1319, 0.564 0.564 1.1319, 0.5524 0.5781 1.1319, 0.5438 0.5942 1.1319, 0.5385 0.6117 1.1319, 0.5367 0.6299 1.1319, 0.5611 0.6436 1.1393, 0.5651 0.6568 1.1393, 0.5716 0.6689 1.1393, 0.5803 0.6796 1.1393, 0.5909 0.6883 1.1393, 0.6031 0.6948 1.1393, 0.6162 0.6988 1.1393, 0.6299 0.7001 1.1393, 0.6436 0.6988 1.1393, 0.6568 0.6948 1.1393, 0.6689 0.6883 1.1393, 0.6796 0.6796 1.1393, 0.6883 0.6689 1.1393, 0.6948 0.6568 1.1393, 0.6988 0.6436 1.1393, 0.7001 0.6299 1.1393, 0.6988 0.6162 1.1393, 0.6948 0.6031 1.1393, 0.6883 0.5909 1.1393, 0.6796 0.5803 1.1393, 0.6689 0.5716 1.1393, 0.6568 0.5651 1.1393, 0.6436 0.5611 1.1393, 0.6299 0.5597 1.1393, 0.6162 0.5611 1.1393, 0.6031 0.5651 1.1393, 0.5909 0.5716 1.1393, 0.5803 0.5803 1.1393, 0.5716 0.5909 1.1393, 0.5651 0.6031 1.1393, 0.5611 0.6162 1.1393, 0.5597 0.6299 1.1393, 0.6988 -0.6162 1.1393, 0.6948 -0.6031 1.1393, 0.6883 -0.5909 1.1393, 0.6796 -0.5803 1.1393, 0.6689 -0.5716 1.1393, 0.6568 -0.5651 1.1393, 0.6436 -0.5611 1.1393, 0.6299 -0.5597 1.1393, 0.6162 -0.5611 1.1393, 0.6031 -0.5651 1.1393, 0.5909 -0.5716 1.1393, 0.5803 -0.5803 1.1393, 0.5716 -0.5909 1.1393, 0.5651 -0.6031 1.1393, 0.5611 -0.6162 1.1393, 0.5597 -0.6299 1.1393, 0.5611 -0.6436 1.1393, 0.5651 -0.6568 1.1393, 0.5716 -0.6689 1.1393, 0.5803 -0.6796 1.1393, 0.5909 -0.6883 1.1393, 0.6031 -0.6948 1.1393, 0.6162 -0.6988 1.1393, 0.6299 -0.7001 1.1393, 0.6436 -0.6988 1.1393, 0.6568 -0.6948 1.1393, 0.6689 -0.6883 1.1393, 0.6796 -0.6796 1.1393, 0.6883 -0.6689 1.1393, 0.6948 -0.6568 1.1393, 0.6988 -0.6436 1.1393, 0.7001 -0.6299 1.1393, 0.7214 -0.6117 1.1319, 0.7161 -0.5942 1.1319, 0.7074 -0.5781 1.1319, 0.6959 -0.564 1.1319, 0.6817 -0.5524 1.1319, 0.6656 -0.5438 1.1319, 0.6481 -0.5385 1.1319, 0.6299 -0.5367 1.1319, 0.6117 -0.5385 1.1319, 0.5942 -0.5438 1.1319, 0.5781 -0.5524 1.1319, 0.564 -0.564 1.1319, 0.5524 -0.5781 1.1319, 0.5438 -0.5942 1.1319, 0.5385 -0.6117 1.1319, 0.5367 -0.6299 1.1319, 0.5385 -0.6481 1.1319, 0.5438 -0.6656 1.1319, 0.5524 -0.6817 1.1319, 0.564 -0.6959 1.1319, 0.5781 -0.7074 1.1319, 0.5942 -0.7161 1.1319, 0.6117 -0.7214 1.1319, 0.6299 -0.7232 1.1319, 0.6481 -0.7214 1.1319, 0.6656 -0.7161 1.1319, 0.6817 -0.7074 1.1319, 0.6959 -0.6959 1.1319, 0.7074 -0.6817 1.1319, 0.7161 -0.6656 1.1319, 0.7214 -0.6481 1.1319, 0.7232 -0.6299 1.1319, 0.742 -0.6076 1.1201, 0.7355 -0.5862 1.1201, 0.725 -0.5664 1.1201, 0.7108 -0.5491 1.1201, 0.6934 -0.5349 1.1201, 0.6737 -0.5243 1.1201, 0.6522 -0.5178 1.1201, 0.6299 -0.5156 1.1201, 0.6076 -0.5178 1.1201, 0.5862 -0.5243 1.1201, 0.5664 -0.5349 1.1201, 0.5491 -0.5491 1.1201, 0.5349 -0.5664 1.1201, 0.5243 -0.5862 1.1201, 0.5178 -0.6076 1.1201, 0.5156 -0.6299 1.1201, 0.5178 -0.6522 1.1201, 0.5243 -0.6737 1.1201, 0.5349 -0.6934 1.1201, 0.5491 -0.7108 1.1201, 0.5664 -0.725 1.1201, 0.5862 -0.7355 1.1201, 0.6076 -0.742 1.1201, 0.6299 -0.7442 1.1201, 0.6522 -0.742 1.1201, 0.6737 -0.7355 1.1201, 0.6934 -0.725 1.1201, 0.7108 -0.7108 1.1201, 0.725 -0.6934 1.1201, 0.7355 -0.6737 1.1201, 0.742 -0.6522 1.1201, 0.7442 -0.6299 1.1201, 0.7599 -0.6041 1.1041, 0.7524 -0.5792 1.1041, 0.7401 -0.5563 1.1041, 0.7236 -0.5362 1.1041, 0.7036 -0.5197 1.1041, 0.6806 -0.5075 1.1041, 0.6558 -0.4999 1.1041, 0.6299 -0.4974 1.1041, 0.6041 -0.4999 1.1041, 0.5792 -0.5075 1.1041, 0.5563 -0.5197 1.1041, 0.5362 -0.5362 1.1041, 0.5197 -0.5563 1.1041, 0.5075 -0.5792 1.1041, 0.4999 -0.6041 1.1041, 0.4974 -0.6299 1.1041, 0.4999 -0.6558 1.1041, 0.5075 -0.6806 1.1041, 0.5197 -0.7036 1.1041, 0.5362 -0.7236 1.1041, 0.5563 -0.7401 1.1041, 0.5792 -0.7524 1.1041, 0.6041 -0.7599 1.1041, 0.6299 -0.7625 1.1041, 0.6558 -0.7599 1.1041, 0.6806 -0.7524 1.1041, 0.7036 -0.7401 1.1041, 0.7236 -0.7236 1.1041, 0.7401 -0.7036 1.1041, 0.7524 -0.6806 1.1041, 0.7599 -0.6558 1.1041, 0.7625 -0.6299 1.1041, 0.7742 -0.6012 1.0849, 0.7658 -0.5736 1.0849, 0.7523 -0.5482 1.0849, 0.734 -0.5259 1.0849, 0.7117 -0.5076 1.0849, 0.6862 -0.494 1.0849, 0.6586 -0.4856 1.0849, 0.6299 -0.4828 1.0849, 0.6012 -0.4856 1.0849, 0.5736 -0.494 1.0849, 0.5482 -0.5076 1.0849, 0.5259 -0.5259 1.0849, 0.5076 -0.5482 1.0849, 0.494 -0.5736 1.0849, 0.4856 -0.6012 1.0849, 0.4828 -0.6299 1.0849, 0.4856 -0.6586 1.0849, 0.494 -0.6862 1.0849, 0.5076 -0.7117 1.0849, 0.5259 -0.734 1.0849, 0.5482 -0.7523 1.0849, 0.5736 -0.7658 1.0849, 0.6012 -0.7742 1.0849, 0.6299 -0.777 1.0849, 0.6586 -0.7742 1.0849, 0.6862 -0.7658 1.0849, 0.7117 -0.7523 1.0849, 0.734 -0.734 1.0849, 0.7523 -0.7117 1.0849, 0.7658 -0.6862 1.0849, 0.7742 -0.6586 1.0849, 0.777 -0.6299 1.0849, 0.7844 -0.5992 1.063, 0.7754 -0.5697 1.063, 0.7609 -0.5424 1.063, 0.7413 -0.5186 1.063, 0.7174 -0.499 1.063, 0.6902 -0.4844 1.063, 0.6606 -0.4755 1.063, 0.6299 -0.4724 1.063, 0.5992 -0.4755 1.063, 0.5697 -0.4844 1.063, 0.5424 -0.499 1.063, 0.5186 -0.5186 1.063, 0.499 -0.5424 1.063, 0.4844 -0.5697 1.063, 0.4755 -0.5992 1.063, 0.4724 -0.6299 1.063, 0.4755 -0.6606 1.063, 0.4844 -0.6902 1.063, 0.499 -0.7174 1.063, 0.5186 -0.7413 1.063, 0.5424 -0.7609 1.063, 0.5697 -0.7754 1.063, 0.5992 -0.7844 1.063, 0.6299 -0.7874 1.063, 0.6606 -0.7844 1.063, 0.6902 -0.7754 1.063, 0.7174 -0.7609 1.063, 0.7413 -0.7413 1.063, 0.7609 -0.7174 1.063, 0.7754 -0.6902 1.063, 0.7844 -0.6606 1.063, 0.7874 -0.6299 1.063, -0.7874 -0.6299 1.063, -0.7742 -0.6012 1.0849, -0.7844 -0.5992 1.063, -0.7658 -0.5736 1.0849, -0.7754 -0.5697 1.063, -0.7523 -0.5482 1.0849, -0.7609 -0.5424 1.063, -0.734 -0.5259 1.0849, -0.7413 -0.5186 1.063, -0.7117 -0.5076 1.0849, -0.7174 -0.499 1.063, -0.6862 -0.494 1.0849, -0.6902 -0.4844 1.063, -0.6586 -0.4856 1.0849, -0.6606 -0.4755 1.063, -0.6299 -0.4828 1.0849, -0.6299 -0.4724 1.063, -0.6012 -0.4856 1.0849, -0.5992 -0.4755 1.063, -0.5736 -0.494 1.0849, -0.5697 -0.4844 1.063, -0.5482 -0.5076 1.0849, -0.5424 -0.499 1.063, -0.5259 -0.5259 1.0849, -0.5186 -0.5186 1.063, -0.5076 -0.5482 1.0849, -0.499 -0.5424 1.063, -0.494 -0.5736 1.0849, -0.4844 -0.5697 1.063, -0.4856 -0.6012 1.0849, -0.4755 -0.5992 1.063, -0.4828 -0.6299 1.0849, -0.4724 -0.6299 1.063, -0.4856 -0.6586 1.0849, -0.4755 -0.6606 1.063, -0.494 -0.6862 1.0849, -0.4844 -0.6902 1.063, -0.5076 -0.7117 1.0849, -0.499 -0.7174 1.063, -0.5259 -0.734 1.0849, -0.5186 -0.7413 1.063, -0.5482 -0.7523 1.0849, -0.5424 -0.7609 1.063, -0.5736 -0.7658 1.0849, -0.5697 -0.7754 1.063, -0.6012 -0.7742 1.0849, -0.5992 -0.7844 1.063, -0.6299 -0.777 1.0849, -0.6299 -0.7874 1.063, -0.6586 -0.7742 1.0849, -0.6606 -0.7844 1.063, -0.6862 -0.7658 1.0849, -0.6902 -0.7754 1.063, -0.7117 -0.7523 1.0849, -0.7174 -0.7609 1.063, -0.734 -0.734 1.0849, -0.7413 -0.7413 1.063, -0.7523 -0.7117 1.0849, -0.7609 -0.7174 1.063, -0.7658 -0.6862 1.0849, -0.7754 -0.6902 1.063, -0.7742 -0.6586 1.0849, -0.7844 -0.6606 1.063, -0.777 -0.6299 1.0849, -0.7599 -0.6041 1.1041, -0.7524 -0.5792 1.1041, -0.7401 -0.5563 1.1041, -0.7236 -0.5362 1.1041, -0.7036 -0.5197 1.1041, -0.6806 -0.5075 1.1041, -0.6558 -0.4999 1.1041, -0.6299 -0.4974 1.1041, -0.6041 -0.4999 1.1041, -0.5792 -0.5075 1.1041, -0.5563 -0.5197 1.1041, -0.5362 -0.5362 1.1041, -0.5197 -0.5563 1.1041, -0.5075 -0.5792 1.1041, -0.4999 -0.6041 1.1041, -0.4974 -0.6299 1.1041, -0.4999 -0.6558 1.1041, -0.5075 -0.6806 1.1041, -0.5197 -0.7036 1.1041, -0.5362 -0.7236 1.1041, -0.5563 -0.7401 1.1041, -0.5792 -0.7524 1.1041, -0.6041 -0.7599 1.1041, -0.6299 -0.7625 1.1041, -0.6558 -0.7599 1.1041, -0.6806 -0.7524 1.1041, -0.7036 -0.7401 1.1041, -0.7236 -0.7236 1.1041, -0.7401 -0.7036 1.1041, -0.7524 -0.6806 1.1041, -0.7599 -0.6558 1.1041, -0.7625 -0.6299 1.1041, -0.742 -0.6076 1.1201, -0.7355 -0.5862 1.1201, -0.725 -0.5664 1.1201, -0.7108 -0.5491 1.1201, -0.6934 -0.5349 1.1201, -0.6737 -0.5243 1.1201, -0.6522 -0.5178 1.1201, -0.6299 -0.5156 1.1201, -0.6076 -0.5178 1.1201, -0.5862 -0.5243 1.1201, -0.5664 -0.5349 1.1201, -0.5491 -0.5491 1.1201, -0.5349 -0.5664 1.1201, -0.5243 -0.5862 1.1201, -0.5178 -0.6076 1.1201, -0.5156 -0.6299 1.1201, -0.5178 -0.6522 1.1201, -0.5243 -0.6737 1.1201, -0.5349 -0.6934 1.1201, -0.5491 -0.7108 1.1201, -0.5664 -0.725 1.1201, -0.5862 -0.7355 1.1201, -0.6076 -0.742 1.1201, -0.6299 -0.7442 1.1201, -0.6522 -0.742 1.1201, -0.6737 -0.7355 1.1201, -0.6934 -0.725 1.1201, -0.7108 -0.7108 1.1201, -0.725 -0.6934 1.1201, -0.7355 -0.6737 1.1201, -0.742 -0.6522 1.1201, -0.7442 -0.6299 1.1201, -0.7214 -0.6117 1.1319, -0.7161 -0.5942 1.1319, -0.7074 -0.5781 1.1319, -0.6959 -0.564 1.1319, -0.6817 -0.5524 1.1319, -0.6656 -0.5438 1.1319, -0.6481 -0.5385 1.1319, -0.6299 -0.5367 1.1319, -0.6117 -0.5385 1.1319, -0.5942 -0.5438 1.1319, -0.5781 -0.5524 1.1319, -0.564 -0.564 1.1319, -0.5524 -0.5781 1.1319, -0.5438 -0.5942 1.1319, -0.5385 -0.6117 1.1319, -0.5367 -0.6299 1.1319, -0.5385 -0.6481 1.1319, -0.5438 -0.6656 1.1319, -0.5524 -0.6817 1.1319, -0.564 -0.6959 1.1319, -0.5781 -0.7074 1.1319, -0.5942 -0.7161 1.1319, -0.6117 -0.7214 1.1319, -0.6299 -0.7232 1.1319, -0.6481 -0.7214 1.1319, -0.6656 -0.7161 1.1319, -0.6817 -0.7074 1.1319, -0.6959 -0.6959 1.1319, -0.7074 -0.6817 1.1319, -0.7161 -0.6656 1.1319, -0.7214 -0.6481 1.1319, -0.7232 -0.6299 1.1319, -0.6988 -0.6162 1.1393, -0.6948 -0.6031 1.1393, -0.6883 -0.5909 1.1393, -0.6796 -0.5803 1.1393, -0.6689 -0.5716 1.1393, -0.6568 -0.5651 1.1393, -0.6436 -0.5611 1.1393, -0.6299 -0.5597 1.1393, -0.6162 -0.5611 1.1393, -0.6031 -0.5651 1.1393, -0.5909 -0.5716 1.1393, -0.5803 -0.5803 1.1393, -0.5716 -0.5909 1.1393, -0.5651 -0.6031 1.1393, -0.5611 -0.6162 1.1393, -0.5597 -0.6299 1.1393, -0.5611 -0.6436 1.1393, -0.5651 -0.6568 1.1393, -0.5716 -0.6689 1.1393, -0.5803 -0.6796 1.1393, -0.5909 -0.6883 1.1393, -0.6031 -0.6948 1.1393, -0.6162 -0.6988 1.1393, -0.6299 -0.7001 1.1393, -0.6436 -0.6988 1.1393, -0.6568 -0.6948 1.1393, -0.6689 -0.6883 1.1393, -0.6796 -0.6796 1.1393, -0.6883 -0.6689 1.1393, -0.6948 -0.6568 1.1393, -0.6988 -0.6436 1.1393, -0.7001 -0.6299 1.1393, -0.3935 -0.8858 0.6813, -0.3935 -0.8858 0.6496, -0.3164 -0.8858 0.6496, -0.3935 -0.8858 0.8083, -0.3935 -0.8858 0.7848, -0.3164 -0.8858 0.7848, -0.2859 -0.8858 0.889, -0.2797 -0.8858 0.8897, -0.3116 -0.8858 0.8897, -0.2652 -0.8858 0.8088, -0.2704 -0.8858 0.8083, -0.2439 -0.8858 0.8083, -0.2289 -0.8858 0.8798, -0.2289 -0.8858 0.8542, -0.2073 -0.8858 0.8542, -0.2239 -0.8858 0.6817, -0.2273 -0.8858 0.6813, -0.2073 -0.8858 0.6813, -0.2415 -0.8858 0.6815, -0.2439 -0.8858 0.6823, -0.2439 -0.8858 0.6813, -0.1286 -0.8858 0.7528, -0.1286 -0.8858 0.7272, -0.1136 -0.8858 0.7272, -0.7892 -0.8858 0.7791, -0.7881 -0.8858 0.7848, -0.8377 -0.8858 0.7848, -0.4622 -0.8858 0.8262, -0.4469 -0.8858 0.813, -0.3935 -0.8858 0.8897, -0.5265 -0.8858 0.8897, -0.5134 -0.8858 0.8809, -0.4948 -0.8858 0.8595, -0.4826 -0.8858 0.836, -0.4791 -0.8858 0.8348, -0.6453 -0.8858 0.8969, -0.6191 -0.8858 0.907, -0.8377 -0.8858 0.9843, -0.5908 -0.8858 0.9105, -0.3935 -0.8858 0.9843, -0.5673 -0.8858 0.9081, -0.5388 -0.8858 0.898, -0.7627 -0.8858 0.8371, -0.7575 -0.8858 0.842, -0.8377 -0.8858 0.8897, -0.7384 -0.8858 0.8547, -0.7171 -0.8858 0.8623, -0.6973 -0.8858 0.8644, -0.6569 -0.8858 0.8897, -0.6591 -0.8858 0.8883, -0.6725 -0.8858 0.8769, -0.6907 -0.8858 0.8641, -0.6842 -0.8858 0.8633, -0.8377 -0.8858 0.8083, -0.7847 -0.8858 0.8015, -0.7815 -0.8858 0.8083, -0.7751 -0.8858 0.8217, -0.72 -0.8858 0.6828, -0.73 -0.8858 0.686, -0.8377 -0.8858 0.6813, -0.7503 -0.8858 0.6967, -0.7656 -0.8858 0.7101, -0.7678 -0.8858 0.7128, -0.7798 -0.8858 0.7311, -0.7873 -0.8858 0.7525, -0.7895 -0.8858 0.7722, -0.6947 -0.8858 0.6518, -0.7059 -0.8858 0.6602, -0.8377 -0.8858 0.6496, -0.7143 -0.8858 0.6706, -0.7193 -0.8858 0.6813, -0.8377 -0.8858 0.0, -0.5086 -0.8858 0.0, -0.5086 -0.8858 0.1969, -0.666 -0.8858 0.6441, -0.6682 -0.8858 0.6442, -0.6816 -0.8858 0.6463, -0.6895 -0.8858 0.6496, -0.6126 -0.8858 0.6813, -0.6126 -0.8858 0.6812, -0.6193 -0.8858 0.6684, -0.6282 -0.8858 0.6586, -0.6395 -0.8858 0.6507, -0.6424 -0.8858 0.6496, -0.4473 -0.8858 0.7073, -0.4636 -0.8858 0.6937, -0.4365 -0.8858 0.7222, -0.6233 -0.8858 0.7392, -0.547 -0.8858 0.779, -0.6332 -0.8858 0.7482, -0.6453 -0.8858 0.7547, -0.4618 -0.8858 0.7657, -0.4645 -0.8858 0.7767, -0.4689 -0.8858 0.7848, -0.7522 -0.8858 0.7848, -0.5358 -0.8858 0.7165, -0.5293 -0.8858 0.7489, -0.5397 -0.8858 0.715, -0.5432 -0.8858 0.7126, -0.5354 -0.8858 0.6821, -0.5392 -0.8858 0.6834, -0.543 -0.8858 0.6859, -0.5448 -0.8858 0.6878, -0.7489 -0.8858 0.7507, -0.7421 -0.8858 0.7391, -0.7131 -0.8858 0.7332, -0.7318 -0.8858 0.7286, -0.7195 -0.8858 0.721, -0.6921 -0.8858 0.7521, -0.7037 -0.8858 0.744, -0.7536 -0.8858 0.7733, -0.753 -0.8858 0.7647, -0.4287 -0.8858 0.7792, -0.4263 -0.8858 0.7614, -0.4263 -0.8858 0.7587, -0.4292 -0.8858 0.7401, -0.4811 -0.8858 0.6854, -0.4991 -0.8858 0.6817, -0.5327 -0.8858 0.6817, -0.6795 -0.8858 0.7569, -0.666 -0.8858 0.7585, -0.659 -0.8858 0.7581, -0.5316 -0.8858 0.717, -0.531 -0.8858 0.7169, -0.5293 -0.8858 0.7166, -0.5492 -0.8858 0.6993, -0.5492 -0.8858 0.7009, -0.609 -0.8858 0.7067, -0.5482 -0.8858 0.7053, -0.5461 -0.8858 0.7093, -0.5473 -0.8858 0.6914, -0.5487 -0.8858 0.6953, -0.6093 -0.8858 0.6952, -0.609 -0.8858 0.701, -0.4731 -0.8858 0.7307, -0.4669 -0.8858 0.7396, -0.4629 -0.8858 0.7498, -0.4616 -0.8858 0.7608, -0.5282 -0.8858 0.7164, -0.5026 -0.8858 0.7164, -0.4924 -0.8858 0.7184, -0.4824 -0.8858 0.723, -0.4739 -0.8858 0.7299, -0.5105 -0.8858 0.8052, -0.7471 -0.8858 0.7998, -0.7519 -0.8858 0.7871, -0.506 -0.8858 0.8052, -0.4698 -0.8858 0.7865, -0.4764 -0.8858 0.7939, -0.4852 -0.8858 0.8001, -0.4952 -0.8858 0.8039, -0.7411 -0.8858 0.8083, -0.6665 -0.8858 0.8217, -0.6707 -0.8858 0.824, -0.521 -0.8858 0.8364, -0.5332 -0.8858 0.8523, -0.538 -0.8858 0.8568, -0.5541 -0.8858 0.8677, -0.572 -0.8858 0.8743, -0.6835 -0.8858 0.8286, -0.6967 -0.8858 0.8303, -0.7025 -0.8858 0.83, -0.5111 -0.8858 0.8083, -0.513 -0.8858 0.8177, -0.5902 -0.8858 0.8764, -0.5927 -0.8858 0.8763, -0.6585 -0.8858 0.8386, -0.6117 -0.8858 0.8735, -0.646 -0.8858 0.8541, -0.6303 -0.8858 0.8659, -0.7166 -0.8858 0.8267, -0.7293 -0.8858 0.8199, -0.7392 -0.8858 0.8111, -0.4437 -0.8858 0.8083, -0.4355 -0.8858 0.7967, -0.4309 -0.8858 0.7848, -0.0959 -0.8858 0.6911, -0.0959 -0.8858 0.682, -0.0883 -0.8858 0.6813, -0.1136 -0.8858 0.6813, -0.1 -0.8858 0.718, -0.1136 -0.8858 0.718, -0.1136 -0.8858 0.6911, -0.1286 -0.8858 0.718, -0.1286 -0.8858 0.6911, -0.1 -0.8858 0.7272, -0.0977 -0.8858 0.7528, -0.1136 -0.8858 0.7528, -0.1136 -0.8858 0.682, -0.139 -0.8858 0.682, -0.1444 -0.8858 0.6813, -0.139 -0.8858 0.762, -0.304 -0.8858 0.7092, -0.3025 -0.8858 0.7254, -0.306 -0.8858 0.7063, -0.3074 -0.8858 0.7028, -0.2772 -0.8858 0.685, -0.2808 -0.8858 0.6826, -0.2721 -0.8858 0.682, -0.2845 -0.8858 0.6813, -0.2621 -0.8858 0.682, -0.3116 -0.8858 0.6813, -0.3063 -0.8858 0.6892, -0.3075 -0.8858 0.6926, -0.2803 -0.8858 0.7319, -0.2837 -0.8858 0.7323, -0.2891 -0.8858 0.7159, -0.3116 -0.8858 0.6496, -0.2956 -0.8858 0.6813, -0.296 -0.8858 0.6813, -0.2998 -0.8858 0.6828, -0.3009 -0.8858 0.7119, -0.2967 -0.8858 0.7141, -0.2955 -0.8858 0.7298, -0.2892 -0.8858 0.7318, -0.3031 -0.8858 0.6851, -0.3042 -0.8858 0.6862, -0.244 -0.8858 0.713, -0.2485 -0.8858 0.6943, -0.2439 -0.8858 0.7129, -0.2449 -0.8858 0.6921, -0.2439 -0.8858 0.6917, -0.293 -0.8858 0.7392, -0.3116 -0.8858 0.7848, -0.3004 -0.8858 0.7363, -0.3025 -0.8858 0.7351, -0.2721 -0.8858 0.6908, -0.2724 -0.8858 0.6908, -0.274 -0.8858 0.6884, -0.2456 -0.8858 0.7147, -0.2621 -0.8858 0.7188, -0.2485 -0.8858 0.684, -0.308 -0.8858 0.6973, -0.308 -0.8858 0.6985, -0.2721 -0.8858 0.7183, -0.2725 -0.8858 0.7227, -0.2735 -0.8858 0.7263, -0.2747 -0.8858 0.7284, -0.2665 -0.8858 0.7342, -0.2645 -0.8858 0.731, -0.247 -0.8858 0.7302, -0.2629 -0.8858 0.7265, -0.2481 -0.8858 0.727, -0.2828 -0.8858 0.7405, -0.2768 -0.8858 0.7399, -0.2726 -0.8858 0.7387, -0.2762 -0.8858 0.73, -0.2779 -0.8858 0.7311, -0.2467 -0.8858 0.7164, -0.2479 -0.8858 0.7194, -0.2484 -0.8858 0.7237, -0.2395 -0.8858 0.6813, -0.2439 -0.8858 0.6496, -0.233 -0.8858 0.6806, -0.2126 -0.8858 0.7379, -0.2126 -0.8858 0.7282, -0.2114 -0.8858 0.6906, -0.2132 -0.8858 0.688, -0.2103 -0.8858 0.6939, -0.2452 -0.8858 0.733, -0.2439 -0.8858 0.7342, -0.2439 -0.8858 0.7848, -0.242 -0.8858 0.7359, -0.2396 -0.8858 0.7374, -0.2163 -0.8858 0.6852, -0.2186 -0.8858 0.6837, -0.2342 -0.8858 0.7395, -0.2262 -0.8858 0.7405, -0.2073 -0.8858 0.7848, -0.2191 -0.8858 0.7398, -0.2132 -0.8858 0.707, -0.2114 -0.8858 0.7042, -0.2103 -0.8858 0.7013, -0.2099 -0.8858 0.6975, -0.2272 -0.8858 0.7323, -0.2301 -0.8858 0.7321, -0.2381 -0.8858 0.7246, -0.2328 -0.8858 0.7314, -0.2351 -0.8858 0.7302, -0.238 -0.8858 0.7233, -0.2376 -0.8858 0.7217, -0.2369 -0.8858 0.7204, -0.2359 -0.8858 0.7193, -0.2324 -0.8858 0.7171, -0.2201 -0.8858 0.7315, -0.2262 -0.8858 0.7144, -0.2145 -0.8858 0.7293, -0.2223 -0.8858 0.7128, -0.2156 -0.8858 0.7091, -0.2366 -0.8858 0.7288, -0.2374 -0.8858 0.7276, -0.2379 -0.8858 0.7262, -0.2386 -0.8858 0.6896, -0.2333 -0.8858 0.7071, -0.2392 -0.8858 0.7098, -0.232 -0.8858 0.6888, -0.2316 -0.8858 0.6888, -0.2267 -0.8858 0.7043, -0.2264 -0.8858 0.6894, -0.2202 -0.8858 0.6965, -0.2203 -0.8858 0.6978, -0.2238 -0.8858 0.6903, -0.2229 -0.8858 0.6909, -0.2218 -0.8858 0.6919, -0.2209 -0.8858 0.6932, -0.2204 -0.8858 0.6946, -0.2207 -0.8858 0.6993, -0.2215 -0.8858 0.7007, -0.2228 -0.8858 0.702, -0.059 -0.8858 0.8309, -0.0883 -0.8858 0.8309, -0.0508 -0.8858 0.809, -0.0883 -0.8858 0.8083, -0.0394 -0.8858 0.809, 0.8858 -0.8858 0.8083, 0.8858 -0.8858 0.8897, -0.0699 -0.8858 0.8891, -0.0883 -0.8858 0.8897, -0.0923 -0.8858 0.8309, -0.1 -0.8858 0.809, -0.1136 -0.8858 0.8083, -0.1114 -0.8858 0.809, -0.1136 -0.8858 0.8897, -0.0883 -0.8858 0.8696, -0.0809 -0.8858 0.8891, -0.1444 -0.8858 0.8083, -0.1453 -0.8858 0.8107, -0.159 -0.8858 0.809, -0.1582 -0.8858 0.8891, -0.1444 -0.8858 0.8897, -0.1886 -0.8858 0.8897, -0.1886 -0.8858 0.8083, -0.181 -0.8858 0.809, -0.181 -0.8858 0.8891, -0.118 -0.8858 0.8356, -0.122 -0.8858 0.8273, -0.1252 -0.8858 0.8757, -0.1202 -0.8858 0.8688, -0.1279 -0.8858 0.8202, -0.1362 -0.8858 0.8143, -0.1444 -0.8858 0.811, -0.1279 -0.8858 0.8785, -0.146 -0.8858 0.8877, -0.1444 -0.8858 0.8871, -0.1363 -0.8858 0.8842, -0.1172 -0.8858 0.8612, -0.1159 -0.8858 0.85, -0.1161 -0.8858 0.845, -0.2073 -0.8858 0.8897, -0.198 -0.8858 0.8891, -0.2073 -0.8858 0.8891, -0.198 -0.8858 0.8798, -0.1962 -0.8858 0.8181, -0.1962 -0.8858 0.809, -0.2073 -0.8858 0.8083, -0.2289 -0.8858 0.8181, -0.2073 -0.8858 0.8181, -0.2289 -0.8858 0.845, -0.2073 -0.8858 0.845, -0.2003 -0.8858 0.845, -0.2003 -0.8858 0.8542, -0.2073 -0.8858 0.8798, -0.2392 -0.8858 0.8891, -0.2439 -0.8858 0.8897, -0.2392 -0.8858 0.809, 0.5086 -0.8858 0.0, 0.8858 -0.8858 0.0, 0.5086 -0.8858 0.1969, 0.8858 -0.8858 0.6496, -0.0883 -0.8858 0.1969, -0.2553 -0.8858 0.8871, -0.2636 -0.8858 0.8896, -0.2657 -0.8858 0.8897, -0.2073 -0.8858 0.809, -0.2553 -0.8858 0.8763, -0.2566 -0.8858 0.8116, -0.2722 -0.8858 0.817, -0.2631 -0.8858 0.8187, -0.2553 -0.8858 0.8222, -0.2553 -0.8858 0.8123, -0.3043 -0.8858 0.8452, -0.2561 -0.8858 0.8768, -0.2643 -0.8858 0.8799, -0.3004 -0.8858 0.8307, -0.2965 -0.8858 0.8253, -0.2949 -0.8858 0.8237, -0.2897 -0.8858 0.82, -0.284 -0.8858 0.8178, -0.2759 -0.8858 0.8168, -0.2959 -0.8858 0.8722, -0.3003 -0.8858 0.8661, -0.2905 -0.8858 0.8767, -0.2842 -0.8858 0.8796, -0.2741 -0.8858 0.8811, -0.2772 -0.8858 0.8809, -0.3044 -0.8858 0.8481, -0.303 -0.8858 0.8592, -0.303 -0.8858 0.8372, -0.2742 -0.8858 0.8904, -0.3116 -0.8858 0.9843, -0.2439 -0.8858 0.9843, -0.2741 -0.8858 0.8904, -0.3094 -0.8858 0.871, -0.3036 -0.8858 0.8786, -0.3017 -0.8858 0.8804, -0.2942 -0.8858 0.8857, -0.3116 -0.8858 0.8293, -0.3136 -0.8858 0.8343, -0.3164 -0.8858 0.8083, -0.3152 -0.8858 0.8475, -0.3151 -0.8858 0.8517, -0.3164 -0.8858 0.8897, -0.3133 -0.8858 0.8621, -0.3116 -0.8858 0.8659, -0.2985 -0.8858 0.8132, -0.3049 -0.8858 0.8186, -0.3116 -0.8858 0.8083, -0.3103 -0.8858 0.826, -0.2774 -0.8858 0.8076, -0.2823 -0.8858 0.8079, -0.2844 -0.8858 0.8083, -0.2909 -0.8858 0.8096, -0.2692 -0.8858 0.7368, -0.2849 -0.8858 0.6811, -0.2899 -0.8858 0.6806, -0.1602 -0.8858 0.7391, -0.1498 -0.8858 0.7391, -0.1444 -0.8858 0.7848, -0.0977 -0.8858 0.762, -0.0883 -0.8858 0.7848, -0.1136 -0.8858 0.762, -0.1136 -0.8858 0.7848, -0.1726 -0.8858 0.6813, -0.1785 -0.8858 0.6962, -0.1773 -0.8858 0.6915, -0.177 -0.8858 0.6915, -0.1886 -0.8858 0.7848, -0.1886 -0.8858 0.7252, -0.1758 -0.8858 0.6961, -0.1765 -0.8858 0.6934, -0.1886 -0.8858 0.6813, -0.1886 -0.8858 0.6983, -0.2047 -0.8858 0.7391, -0.1934 -0.8858 0.7391, -0.1822 -0.8858 0.6821, -0.1826 -0.8858 0.6813, -0.1866 -0.8858 0.6717, -0.2073 -0.8858 0.6496, -0.2026 -0.8858 0.6558, -0.2026 -0.8858 0.6648, -0.2005 -0.8858 0.6641, -0.1969 -0.8858 0.6636, -0.195 -0.8858 0.6638, -0.1928 -0.8858 0.6645, -0.1909 -0.8858 0.6656, -0.1886 -0.8858 0.6568, -0.1918 -0.8858 0.6556, -0.1886 -0.8858 0.6496, -0.1961 -0.8858 0.655, -0.1983 -0.8858 0.6551, -0.1889 -0.8858 0.6677, -0.1886 -0.8858 0.6682, -0.1444 -0.8858 0.6496, -0.1844 -0.8858 0.6596, -0.1879 -0.8858 0.6571, -0.1757 -0.8858 0.6733, -0.1803 -0.8858 0.6644, -0.8858 -0.8858 0.0, -0.8858 -0.8858 0.6496, -0.8858 -0.8858 0.6813, -0.8858 -0.8858 0.7848, -0.8858 -0.8858 0.8083, -0.8858 -0.8858 0.8897, -0.8858 -0.8858 0.9843, -0.3185 -0.8858 0.8181, -0.3185 -0.8858 0.809, -0.3607 -0.8858 0.809, -0.3504 -0.8858 0.8891, -0.3504 -0.8858 0.8181, -0.3607 -0.8858 0.8891, -0.3164 -0.8858 0.6813, -0.3176 -0.8858 0.682, -0.3607 -0.8858 0.682, -0.3176 -0.8858 0.6911, -0.3195 -0.8858 0.7528, -0.3504 -0.8858 0.718, -0.3504 -0.8858 0.6911, -0.3217 -0.8858 0.718, -0.3217 -0.8858 0.7272, -0.3504 -0.8858 0.7272, -0.3504 -0.8858 0.7528, -0.3607 -0.8858 0.762, -0.3195 -0.8858 0.762, -0.3164 -0.8858 0.9843, -0.1136 -0.8858 0.6496, -0.0883 -0.8858 0.6496, -0.2073 -0.8858 0.9843, -0.1886 -0.8858 0.9843, -0.1444 -0.8858 0.9843, -0.1136 -0.8858 0.9843, -0.0883 -0.8858 0.9843, 0.8858 -0.8858 0.9843, -0.0808 -0.8858 0.682, -0.0808 -0.8858 0.762, 0.0609 -0.8858 0.682, 0.0495 -0.8858 0.682, -0.0587 -0.8858 0.682, 0.8858 -0.8858 0.6813, 0.8858 -0.8858 0.7848, 0.0304 -0.8858 0.762, 0.0413 -0.8858 0.7039, 0.008 -0.8858 0.7039, 0.0003 -0.8858 0.682, -0.0111 -0.8858 0.682, 0.0194 -0.8858 0.762, -0.0217 -0.8858 0.7003, -0.0277 -0.8858 0.6932, -0.0359 -0.8858 0.6872, -0.045 -0.8858 0.6836, -0.0277 -0.8858 0.7514, -0.0249 -0.8858 0.7487, -0.0199 -0.8858 0.7418, -0.0169 -0.8858 0.7341, -0.0579 -0.8858 0.762, -0.0457 -0.8858 0.7607, -0.036 -0.8858 0.7572, -0.0156 -0.8858 0.723, -0.0158 -0.8858 0.7179, -0.0178 -0.8858 0.7086, -0.1136 -0.8858 0.1969, -0.1444 -0.8858 0.1969, -0.1886 -0.8858 0.1969, -0.2073 -0.8858 0.1969, -0.2439 -0.8858 0.1969, -0.3116 -0.8858 0.1969, -0.3164 -0.8858 0.1969, -0.3935 -0.8858 0.1969, -0.6522 -0.8858 0.6458, 0.5086 0.8858 0.0, 0.8858 0.8858 0.0, 0.8858 0.8858 0.9843, 0.8858 0.4528 0.315, 0.8858 0.7283 0.315, 0.8858 0.7283 0.4331, 0.8858 0.4528 0.4331, 0.8858 -0.4528 0.4331, 0.8858 -0.4528 0.315, 0.8858 -0.7283 0.315, 0.8858 -0.7283 0.4331, -0.5086 0.8858 0.0, -0.8858 0.8858 0.0, -0.5086 0.8858 0.1969, -0.8858 0.8858 0.9843, 0.5086 0.8858 0.1969, -0.8858 -0.7283 0.4331, -0.8858 -0.4528 0.4331, -0.8858 0.4528 0.4331, -0.8858 -0.4528 0.315, -0.8858 0.4528 0.315, -0.8858 -0.7283 0.315, -0.8858 0.7283 0.315, -0.8858 0.7283 0.4331, 0.4435 -0.0911 0.9843, 0.4161 -0.1785 0.9843, 0.3716 -0.2586 0.9843, 0.3119 -0.3282 0.9843, 0.2395 -0.3842 0.9843, -0.3435 -0.2949 0.9843, -0.3959 -0.2197 0.9843, 0.1572 -0.4246 0.9843, 0.0686 -0.4475 0.9843, -0.0229 -0.4522 0.9843, -0.1135 -0.4383 0.9843, -0.1994 -0.4065 0.9843, -0.2771 -0.358 0.9843, -0.432 0.1355 0.9843, -0.3959 0.2197 0.9843, -0.432 -0.1355 0.9843, -0.4504 -0.0458 0.9843, -0.4504 0.0458 0.9843, -0.3435 0.2949 0.9843, -0.2771 0.358 0.9843, -0.1994 0.4065 0.9843, 0.1572 0.4246 0.9843, 0.2395 0.3842 0.9843, 0.3119 0.3282 0.9843, 0.3716 0.2586 0.9843, 0.4161 0.1785 0.9843, 0.4435 0.0911 0.9843, 0.4528 0.0 0.9843, -0.1135 0.4383 0.9843, -0.0229 0.4522 0.9843, 0.0686 0.4475 0.9843, 0.2466 -0.3656 1.6549, 0.245 -0.3666 1.6549, 0.2515 -0.3765 0.9843, -0.1652 -0.4089 1.6549, -0.1687 -0.4073 1.6549, -0.1733 -0.4183 0.9843, -0.4314 -0.0917 1.6549, -0.4322 -0.086 1.6549, -0.4441 -0.0883 0.9843, -0.3173 0.3064 1.6549, -0.3116 0.3115 1.6549, -0.3201 0.3201 0.9843, 0.0766 0.4343 1.6549, 0.0859 0.432 1.6549, 0.0883 0.4441 0.9843, 0.4183 0.1733 0.9843, 0.4069 0.1686 1.6549, 0.4441 0.0883 0.9843, 0.424 0.1216 1.6549, 0.3765 0.2515 0.9843, 0.374 0.2337 1.6549, 0.4029 0.1794 1.6549, 0.3201 0.3201 0.9843, 0.3379 0.2835 1.6549, 0.3661 0.2446 1.6549, 0.2466 0.3656 1.6549, 0.2951 0.3278 1.6549, 0.3111 0.3112 1.6549, 0.245 0.3666 1.6549, 0.2515 0.3765 0.9843, 0.1933 0.3964 1.6549, 0.1733 0.4183 0.9843, 0.1684 0.4065 1.6549, 0.1363 0.4195 1.6549, 0.0154 0.4408 1.6549, -0.0 0.4528 0.9843, 0.0 0.4402 1.6549, -0.0461 0.4386 1.6549, -0.0883 0.4441 0.9843, -0.0859 0.4316 1.6549, -0.1733 0.4183 0.9843, -0.1687 0.4073 1.6549, -0.1652 0.4089 1.6549, -0.1067 0.4279 1.6549, -0.2205 0.382 1.6549, -0.2515 0.3765 0.9843, -0.2444 0.3658 1.6549, -0.2715 0.3476 1.6549, -0.3568 0.2592 1.6549, -0.3765 0.2515 0.9843, -0.366 0.2446 1.6549, -0.3894 0.2071 1.6549, -0.4183 0.1733 0.9843, -0.4066 0.1684 1.6549, -0.4441 0.0883 0.9843, -0.4322 0.086 1.6549, -0.4314 0.0917 1.6549, -0.4145 0.1508 1.6549, -0.44 0.0308 1.6549, -0.4528 -0.0 0.9843, -0.441 -0.0 1.6549, -0.44 -0.0308 1.6549, -0.4145 -0.1508 1.6549, -0.4183 -0.1733 0.9843, -0.4066 -0.1684 1.6549, -0.3201 -0.3201 0.9843, -0.3116 -0.3115 1.6549, -0.3173 -0.3064 1.6549, -0.3765 -0.2515 0.9843, -0.3568 -0.2592 1.6549, -0.366 -0.2446 1.6549, -0.3894 -0.2071 1.6549, -0.2715 -0.3476 1.6549, -0.2515 -0.3765 0.9843, -0.2444 -0.3658 1.6549, -0.2205 -0.382 1.6549, -0.1067 -0.4279 1.6549, -0.0883 -0.4441 0.9843, -0.0859 -0.4316 1.6549, 0.0883 -0.4441 0.9843, 0.0859 -0.432 1.6549, 0.0766 -0.4343 1.6549, 0.0 -0.4528 0.9843, 0.0154 -0.4408 1.6549, 0.0 -0.4402 1.6549, -0.0461 -0.4386 1.6549, 0.1363 -0.4195 1.6549, 0.1733 -0.4183 0.9843, 0.1684 -0.4065 1.6549, 0.1933 -0.3964 1.6549, 0.2951 -0.3278 1.6549, 0.3201 -0.3201 0.9843, 0.3111 -0.3112 1.6549, 0.4183 -0.1733 0.9843, 0.4069 -0.1686 1.6549, 0.4029 -0.1794 1.6549, 0.3765 -0.2515 0.9843, 0.374 -0.2337 1.6549, 0.3661 -0.2446 1.6549, 0.3379 -0.2835 1.6549, 0.424 -0.1216 1.6549, 0.4441 -0.0883 0.9843, 0.4316 -0.0858 1.6549, 0.4316 0.0858 1.6549, 0.4368 0.0614 1.6549, 0.441 0.0 1.6549, 0.4368 -0.0614 1.6549, 0.3483 -0.0999 1.7323, 0.3588 -0.0504 1.7323, 0.0 0.0 1.7323, 0.3623 -0.0 1.7323, 0.3588 0.0504 1.7323, 0.2776 -0.2329 1.7323, 0.3073 -0.192 1.7323, 0.331 -0.1474 1.7323, 0.1588 -0.3257 1.7323, 0.2026 -0.3004 1.7323, 0.2424 -0.2693 1.7323, 0.0126 -0.3621 1.7323, 0.0629 -0.3568 1.7323, 0.112 -0.3446 1.7323, -0.1357 -0.3359 1.7323, -0.0877 -0.3516 1.7323, -0.0379 -0.3603 1.7323, -0.2606 -0.2517 1.7323, -0.2231 -0.2855 1.7323, -0.1812 -0.3138 1.7323, -0.3405 -0.1239 1.7323, -0.3199 -0.1701 1.7323, -0.2931 -0.213 1.7323, -0.3614 0.0253 1.7323, -0.3614 -0.0253 1.7323, -0.3544 -0.0753 1.7323, -0.3199 0.1701 1.7323, -0.3405 0.1239 1.7323, -0.3544 0.0753 1.7323, -0.2231 0.2855 1.7323, -0.2606 0.2517 1.7323, -0.2931 0.213 1.7323, -0.0877 0.3516 1.7323, -0.1357 0.3359 1.7323, -0.1812 0.3138 1.7323, 0.0629 0.3568 1.7323, 0.0126 0.3621 1.7323, -0.0379 0.3603 1.7323, 0.2026 0.3004 1.7323, 0.1588 0.3257 1.7323, 0.112 0.3446 1.7323, 0.3073 0.192 1.7323, 0.2776 0.2329 1.7323, 0.2424 0.2693 1.7323, 0.3483 0.0999 1.7323, 0.331 0.1474 1.7323, 0.331 0.1474 1.7323
            ]
        }
        coordIndex [
            0,1,2,-1,0,2,3,-1,4,5,2,-1,2,5,6,-1,2,6,3,-1,7,8,2,-1,2,8,9,-1,2,9,4,-1,10,11,2,-1,2,11,12,-1,2,12,7,-1,13,14,2,-1,2,14,15,-1,2,15,10,-1,16,17,2,-1,2,17,18,-1,2,18,13,-1,19,20,2,-1,2,20,21,-1,2,21,16,-1,22,23,2,-1,2,23,24,-1,2,24,19,-1,25,26,2,-1,2,26,27,-1,2,27,22,-1,28,29,2,-1,2,29,30,-1,2,30,25,-1,1,31,2,-1,2,31,32,-1,2,32,28,-1,33,34,35,-1,33,35,36,-1,37,38,35,-1,35,38,39,-1,35,39,36,-1,40,41,35,-1,35,41,42,-1,35,42,37,-1,43,44,35,-1,35,44,45,-1,35,45,40,-1,46,47,35,-1,35,47,48,-1,35,48,43,-1,49,50,35,-1,35,50,51,-1,35,51,46,-1,52,53,35,-1,35,53,54,-1,35,54,49,-1,55,56,35,-1,35,56,57,-1,35,57,52,-1,58,59,35,-1,35,59,60,-1,35,60,55,-1,61,62,35,-1,35,62,63,-1,35,63,58,-1,34,64,35,-1,35,64,65,-1,35,65,61,-1,66,67,68,-1,66,68,69,-1,70,71,68,-1,68,71,72,-1,68,72,69,-1,73,74,68,-1,68,74,75,-1,68,75,70,-1,76,77,68,-1,68,77,78,-1,68,78,73,-1,79,80,68,-1,68,80,81,-1,68,81,76,-1,82,83,68,-1,68,83,84,-1,68,84,79,-1,85,86,68,-1,68,86,87,-1,68,87,82,-1,88,89,68,-1,68,89,90,-1,68,90,85,-1,91,92,68,-1,68,92,93,-1,68,93,88,-1,94,95,68,-1,68,95,96,-1,68,96,91,-1,67,97,68,-1,68,97,98,-1,68,98,94,-1,99,100,101,-1,99,101,102,-1,103,104,101,-1,101,104,105,-1,101,105,102,-1,106,107,101,-1,101,107,108,-1,101,108,103,-1,109,110,101,-1,101,110,111,-1,101,111,106,-1,112,113,101,-1,101,113,114,-1,101,114,109,-1,115,116,101,-1,101,116,117,-1,101,117,112,-1,118,119,101,-1,101,119,120,-1,101,120,115,-1,121,122,101,-1,101,122,123,-1,101,123,118,-1,124,125,101,-1,101,125,126,-1,101,126,121,-1,127,128,101,-1,101,128,129,-1,101,129,124,-1,100,130,101,-1,101,130,131,-1,101,131,127,-1,49,132,50,-1,50,132,133,-1,50,133,51,-1,51,133,134,-1,51,134,46,-1,46,134,135,-1,46,135,47,-1,47,135,136,-1,47,136,48,-1,48,136,137,-1,48,137,43,-1,43,137,138,-1,43,138,44,-1,44,138,139,-1,44,139,45,-1,45,139,140,-1,45,140,40,-1,40,140,141,-1,40,141,41,-1,41,141,142,-1,41,142,42,-1,42,142,143,-1,42,143,37,-1,37,143,144,-1,37,144,38,-1,38,144,145,-1,38,145,39,-1,39,145,146,-1,39,146,36,-1,36,146,147,-1,36,147,33,-1,33,147,148,-1,33,148,34,-1,34,148,149,-1,34,149,64,-1,64,149,150,-1,64,150,65,-1,65,150,151,-1,65,151,61,-1,61,151,152,-1,61,152,62,-1,62,152,153,-1,62,153,63,-1,63,153,154,-1,63,154,58,-1,58,154,155,-1,58,155,59,-1,59,155,156,-1,59,156,60,-1,60,156,157,-1,60,157,55,-1,55,157,158,-1,55,158,56,-1,56,158,159,-1,56,159,57,-1,57,159,160,-1,57,160,52,-1,52,160,161,-1,52,161,53,-1,53,161,162,-1,53,162,54,-1,54,162,163,-1,54,163,49,-1,49,163,132,-1,163,164,132,-1,132,164,165,-1,132,165,133,-1,133,165,166,-1,133,166,134,-1,134,166,167,-1,134,167,135,-1,135,167,168,-1,135,168,136,-1,136,168,169,-1,136,169,137,-1,137,169,170,-1,137,170,138,-1,138,170,171,-1,138,171,139,-1,139,171,172,-1,139,172,140,-1,140,172,173,-1,140,173,141,-1,141,173,174,-1,141,174,142,-1,142,174,175,-1,142,175,143,-1,143,175,176,-1,143,176,144,-1,144,176,177,-1,144,177,145,-1,145,177,178,-1,145,178,146,-1,146,178,179,-1,146,179,147,-1,147,179,180,-1,147,180,148,-1,148,180,181,-1,148,181,149,-1,149,181,182,-1,149,182,150,-1,150,182,183,-1,150,183,151,-1,151,183,184,-1,151,184,152,-1,152,184,185,-1,152,185,153,-1,153,185,186,-1,153,186,154,-1,154,186,187,-1,154,187,155,-1,155,187,188,-1,155,188,156,-1,156,188,189,-1,156,189,157,-1,157,189,190,-1,157,190,158,-1,158,190,191,-1,158,191,159,-1,159,191,192,-1,159,192,160,-1,160,192,193,-1,160,193,161,-1,161,193,194,-1,161,194,162,-1,162,194,195,-1,162,195,163,-1,163,195,164,-1,195,196,164,-1,164,196,197,-1,164,197,165,-1,165,197,198,-1,165,198,166,-1,166,198,199,-1,166,199,167,-1,167,199,200,-1,167,200,168,-1,168,200,201,-1,168,201,169,-1,169,201,202,-1,169,202,170,-1,170,202,203,-1,170,203,171,-1,171,203,204,-1,171,204,172,-1,172,204,205,-1,172,205,173,-1,173,205,206,-1,173,206,174,-1,174,206,207,-1,174,207,175,-1,175,207,208,-1,175,208,176,-1,176,208,209,-1,176,209,177,-1,177,209,210,-1,177,210,178,-1,178,210,211,-1,178,211,179,-1,179,211,212,-1,179,212,180,-1,180,212,213,-1,180,213,181,-1,181,213,214,-1,181,214,182,-1,182,214,215,-1,182,215,183,-1,183,215,216,-1,183,216,184,-1,184,216,217,-1,184,217,185,-1,185,217,218,-1,185,218,186,-1,186,218,219,-1,186,219,187,-1,187,219,220,-1,187,220,188,-1,188,220,221,-1,188,221,189,-1,189,221,222,-1,189,222,190,-1,190,222,223,-1,190,223,191,-1,191,223,224,-1,191,224,192,-1,192,224,225,-1,192,225,193,-1,193,225,226,-1,193,226,194,-1,194,226,227,-1,194,227,195,-1,195,227,196,-1,227,228,196,-1,196,228,229,-1,196,229,197,-1,197,229,230,-1,197,230,198,-1,198,230,231,-1,198,231,199,-1,199,231,232,-1,199,232,200,-1,200,232,233,-1,200,233,201,-1,201,233,234,-1,201,234,202,-1,202,234,235,-1,202,235,203,-1,203,235,236,-1,203,236,204,-1,204,236,237,-1,204,237,205,-1,205,237,238,-1,205,238,206,-1,206,238,239,-1,206,239,207,-1,207,239,240,-1,207,240,208,-1,208,240,241,-1,208,241,209,-1,209,241,242,-1,209,242,210,-1,210,242,243,-1,210,243,211,-1,211,243,244,-1,211,244,212,-1,212,244,245,-1,212,245,213,-1,213,245,246,-1,213,246,214,-1,214,246,247,-1,214,247,215,-1,215,247,248,-1,215,248,216,-1,216,248,249,-1,216,249,217,-1,217,249,250,-1,217,250,218,-1,218,250,251,-1,218,251,219,-1,219,251,252,-1,219,252,220,-1,220,252,253,-1,220,253,221,-1,221,253,254,-1,221,254,222,-1,222,254,255,-1,222,255,223,-1,223,255,256,-1,223,256,224,-1,224,256,257,-1,224,257,225,-1,225,257,258,-1,225,258,226,-1,226,258,259,-1,226,259,227,-1,227,259,228,-1,259,260,228,-1,228,260,261,-1,228,261,229,-1,229,261,262,-1,229,262,230,-1,230,262,263,-1,230,263,231,-1,231,263,264,-1,231,264,232,-1,232,264,265,-1,232,265,233,-1,233,265,266,-1,233,266,234,-1,234,266,267,-1,234,267,235,-1,235,267,268,-1,235,268,236,-1,236,268,269,-1,236,269,237,-1,237,269,270,-1,237,270,238,-1,238,270,271,-1,238,271,239,-1,239,271,272,-1,239,272,240,-1,240,272,273,-1,240,273,241,-1,241,273,274,-1,241,274,242,-1,242,274,275,-1,242,275,243,-1,243,275,276,-1,243,276,244,-1,244,276,277,-1,244,277,245,-1,245,277,278,-1,245,278,246,-1,246,278,279,-1,246,279,247,-1,247,279,280,-1,247,280,248,-1,248,280,281,-1,248,281,249,-1,249,281,282,-1,249,282,250,-1,250,282,283,-1,250,283,251,-1,251,283,284,-1,251,284,252,-1,252,284,285,-1,252,285,253,-1,253,285,286,-1,253,286,254,-1,254,286,287,-1,254,287,255,-1,255,287,288,-1,255,288,256,-1,256,288,289,-1,256,289,257,-1,257,289,290,-1,257,290,258,-1,258,290,291,-1,258,291,259,-1,259,291,260,-1,291,292,260,-1,260,292,293,-1,260,293,261,-1,261,293,294,-1,261,294,262,-1,262,294,295,-1,262,295,263,-1,263,295,296,-1,263,296,264,-1,264,296,297,-1,264,297,265,-1,265,297,298,-1,265,298,266,-1,266,298,299,-1,266,299,267,-1,267,299,300,-1,267,300,268,-1,268,300,301,-1,268,301,269,-1,269,301,302,-1,269,302,270,-1,270,302,303,-1,270,303,271,-1,271,303,304,-1,271,304,272,-1,272,304,305,-1,272,305,273,-1,273,305,306,-1,273,306,274,-1,274,306,307,-1,274,307,275,-1,275,307,308,-1,275,308,276,-1,276,308,309,-1,276,309,277,-1,277,309,310,-1,277,310,278,-1,278,310,311,-1,278,311,279,-1,279,311,312,-1,279,312,280,-1,280,312,313,-1,280,313,281,-1,281,313,314,-1,281,314,282,-1,282,314,315,-1,282,315,283,-1,283,315,316,-1,283,316,284,-1,284,316,317,-1,284,317,285,-1,285,317,318,-1,285,318,286,-1,286,318,319,-1,286,319,287,-1,287,319,320,-1,287,320,288,-1,288,320,321,-1,288,321,289,-1,289,321,322,-1,289,322,290,-1,290,322,323,-1,290,323,291,-1,291,323,292,-1,324,325,326,-1,326,325,327,-1,326,327,328,-1,328,327,329,-1,328,329,330,-1,330,329,331,-1,330,331,332,-1,332,331,333,-1,332,333,334,-1,334,333,335,-1,334,335,336,-1,336,335,337,-1,336,337,338,-1,338,337,339,-1,338,339,340,-1,340,339,341,-1,340,341,342,-1,342,341,343,-1,342,343,344,-1,344,343,345,-1,344,345,346,-1,346,345,347,-1,346,347,348,-1,348,347,349,-1,348,349,350,-1,350,349,351,-1,350,351,352,-1,352,351,353,-1,352,353,354,-1,354,353,355,-1,354,355,356,-1,356,355,357,-1,356,357,358,-1,358,357,359,-1,358,359,360,-1,360,359,361,-1,360,361,362,-1,362,361,363,-1,362,363,364,-1,364,363,365,-1,364,365,366,-1,366,365,367,-1,366,367,368,-1,368,367,369,-1,368,369,370,-1,370,369,371,-1,370,371,372,-1,372,371,373,-1,372,373,374,-1,374,373,375,-1,374,375,376,-1,376,375,377,-1,376,377,378,-1,378,377,379,-1,378,379,380,-1,380,379,381,-1,380,381,382,-1,382,381,383,-1,382,383,384,-1,384,383,385,-1,384,385,386,-1,386,385,387,-1,386,387,324,-1,324,387,325,-1,387,388,325,-1,325,388,389,-1,325,389,327,-1,327,389,390,-1,327,390,329,-1,329,390,391,-1,329,391,331,-1,331,391,392,-1,331,392,333,-1,333,392,393,-1,333,393,335,-1,335,393,394,-1,335,394,337,-1,337,394,395,-1,337,395,339,-1,339,395,396,-1,339,396,341,-1,341,396,397,-1,341,397,343,-1,343,397,398,-1,343,398,345,-1,345,398,399,-1,345,399,347,-1,347,399,400,-1,347,400,349,-1,349,400,401,-1,349,401,351,-1,351,401,402,-1,351,402,353,-1,353,402,403,-1,353,403,355,-1,355,403,404,-1,355,404,357,-1,357,404,405,-1,357,405,359,-1,359,405,406,-1,359,406,361,-1,361,406,407,-1,361,407,363,-1,363,407,408,-1,363,408,365,-1,365,408,409,-1,365,409,367,-1,367,409,410,-1,367,410,369,-1,369,410,411,-1,369,411,371,-1,371,411,412,-1,371,412,373,-1,373,412,413,-1,373,413,375,-1,375,413,414,-1,375,414,377,-1,377,414,415,-1,377,415,379,-1,379,415,416,-1,379,416,381,-1,381,416,417,-1,381,417,383,-1,383,417,418,-1,383,418,385,-1,385,418,419,-1,385,419,387,-1,387,419,388,-1,419,420,388,-1,388,420,421,-1,388,421,389,-1,389,421,422,-1,389,422,390,-1,390,422,423,-1,390,423,391,-1,391,423,424,-1,391,424,392,-1,392,424,425,-1,392,425,393,-1,393,425,426,-1,393,426,394,-1,394,426,427,-1,394,427,395,-1,395,427,428,-1,395,428,396,-1,396,428,429,-1,396,429,397,-1,397,429,430,-1,397,430,398,-1,398,430,431,-1,398,431,399,-1,399,431,432,-1,399,432,400,-1,400,432,433,-1,400,433,401,-1,401,433,434,-1,401,434,402,-1,402,434,435,-1,402,435,403,-1,403,435,436,-1,403,436,404,-1,404,436,437,-1,404,437,405,-1,405,437,438,-1,405,438,406,-1,406,438,439,-1,406,439,407,-1,407,439,440,-1,407,440,408,-1,408,440,441,-1,408,441,409,-1,409,441,442,-1,409,442,410,-1,410,442,443,-1,410,443,411,-1,411,443,444,-1,411,444,412,-1,412,444,445,-1,412,445,413,-1,413,445,446,-1,413,446,414,-1,414,446,447,-1,414,447,415,-1,415,447,448,-1,415,448,416,-1,416,448,449,-1,416,449,417,-1,417,449,450,-1,417,450,418,-1,418,450,451,-1,418,451,419,-1,419,451,420,-1,451,452,420,-1,420,452,453,-1,420,453,421,-1,421,453,454,-1,421,454,422,-1,422,454,455,-1,422,455,423,-1,423,455,456,-1,423,456,424,-1,424,456,457,-1,424,457,425,-1,425,457,458,-1,425,458,426,-1,426,458,459,-1,426,459,427,-1,427,459,460,-1,427,460,428,-1,428,460,461,-1,428,461,429,-1,429,461,462,-1,429,462,430,-1,430,462,463,-1,430,463,431,-1,431,463,464,-1,431,464,432,-1,432,464,465,-1,432,465,433,-1,433,465,466,-1,433,466,434,-1,434,466,467,-1,434,467,435,-1,435,467,468,-1,435,468,436,-1,436,468,469,-1,436,469,437,-1,437,469,470,-1,437,470,438,-1,438,470,471,-1,438,471,439,-1,439,471,472,-1,439,472,440,-1,440,472,473,-1,440,473,441,-1,441,473,474,-1,441,474,442,-1,442,474,475,-1,442,475,443,-1,443,475,476,-1,443,476,444,-1,444,476,477,-1,444,477,445,-1,445,477,478,-1,445,478,446,-1,446,478,479,-1,446,479,447,-1,447,479,480,-1,447,480,448,-1,448,480,481,-1,448,481,449,-1,449,481,482,-1,449,482,450,-1,450,482,483,-1,450,483,451,-1,451,483,452,-1,483,484,452,-1,452,484,485,-1,452,485,453,-1,453,485,486,-1,453,486,454,-1,454,486,487,-1,454,487,455,-1,455,487,488,-1,455,488,456,-1,456,488,489,-1,456,489,457,-1,457,489,490,-1,457,490,458,-1,458,490,491,-1,458,491,459,-1,459,491,492,-1,459,492,460,-1,460,492,493,-1,460,493,461,-1,461,493,494,-1,461,494,462,-1,462,494,495,-1,462,495,463,-1,463,495,496,-1,463,496,464,-1,464,496,497,-1,464,497,465,-1,465,497,498,-1,465,498,466,-1,466,498,499,-1,466,499,467,-1,467,499,500,-1,467,500,468,-1,468,500,501,-1,468,501,469,-1,469,501,502,-1,469,502,470,-1,470,502,503,-1,470,503,471,-1,471,503,504,-1,471,504,472,-1,472,504,505,-1,472,505,473,-1,473,505,506,-1,473,506,474,-1,474,506,507,-1,474,507,475,-1,475,507,508,-1,475,508,476,-1,476,508,509,-1,476,509,477,-1,477,509,510,-1,477,510,478,-1,478,510,511,-1,478,511,479,-1,479,511,512,-1,479,512,480,-1,480,512,513,-1,480,513,481,-1,481,513,514,-1,481,514,482,-1,482,514,515,-1,482,515,483,-1,483,515,484,-1,515,87,484,-1,484,87,86,-1,484,86,485,-1,485,86,85,-1,485,85,486,-1,486,85,90,-1,486,90,487,-1,487,90,89,-1,487,89,488,-1,488,89,88,-1,488,88,489,-1,489,88,93,-1,489,93,490,-1,490,93,92,-1,490,92,491,-1,491,92,91,-1,491,91,492,-1,492,91,96,-1,492,96,493,-1,493,96,95,-1,493,95,494,-1,494,95,94,-1,494,94,495,-1,495,94,98,-1,495,98,496,-1,496,98,97,-1,496,97,497,-1,497,97,67,-1,497,67,498,-1,498,67,66,-1,498,66,499,-1,499,66,69,-1,499,69,500,-1,500,69,72,-1,500,72,501,-1,501,72,71,-1,501,71,502,-1,502,71,70,-1,502,70,503,-1,503,70,75,-1,503,75,504,-1,504,75,74,-1,504,74,505,-1,505,74,73,-1,505,73,506,-1,506,73,78,-1,506,78,507,-1,507,78,77,-1,507,77,508,-1,508,77,76,-1,508,76,509,-1,509,76,81,-1,509,81,510,-1,510,81,80,-1,510,80,511,-1,511,80,79,-1,511,79,512,-1,512,79,84,-1,512,84,513,-1,513,84,83,-1,513,83,514,-1,514,83,82,-1,514,82,515,-1,515,82,87,-1,115,516,116,-1,116,516,517,-1,116,517,117,-1,117,517,518,-1,117,518,112,-1,112,518,519,-1,112,519,113,-1,113,519,520,-1,113,520,114,-1,114,520,521,-1,114,521,109,-1,109,521,522,-1,109,522,110,-1,110,522,523,-1,110,523,111,-1,111,523,524,-1,111,524,106,-1,106,524,525,-1,106,525,107,-1,107,525,526,-1,107,526,108,-1,108,526,527,-1,108,527,103,-1,103,527,528,-1,103,528,104,-1,104,528,529,-1,104,529,105,-1,105,529,530,-1,105,530,102,-1,102,530,531,-1,102,531,99,-1,99,531,532,-1,99,532,100,-1,100,532,533,-1,100,533,130,-1,130,533,534,-1,130,534,131,-1,131,534,535,-1,131,535,127,-1,127,535,536,-1,127,536,128,-1,128,536,537,-1,128,537,129,-1,129,537,538,-1,129,538,124,-1,124,538,539,-1,124,539,125,-1,125,539,540,-1,125,540,126,-1,126,540,541,-1,126,541,121,-1,121,541,542,-1,121,542,122,-1,122,542,543,-1,122,543,123,-1,123,543,544,-1,123,544,118,-1,118,544,545,-1,118,545,119,-1,119,545,546,-1,119,546,120,-1,120,546,547,-1,120,547,115,-1,115,547,516,-1,547,548,516,-1,516,548,549,-1,516,549,517,-1,517,549,550,-1,517,550,518,-1,518,550,551,-1,518,551,519,-1,519,551,552,-1,519,552,520,-1,520,552,553,-1,520,553,521,-1,521,553,554,-1,521,554,522,-1,522,554,555,-1,522,555,523,-1,523,555,556,-1,523,556,524,-1,524,556,557,-1,524,557,525,-1,525,557,558,-1,525,558,526,-1,526,558,559,-1,526,559,527,-1,527,559,560,-1,527,560,528,-1,528,560,561,-1,528,561,529,-1,529,561,562,-1,529,562,530,-1,530,562,563,-1,530,563,531,-1,531,563,564,-1,531,564,532,-1,532,564,565,-1,532,565,533,-1,533,565,566,-1,533,566,534,-1,534,566,567,-1,534,567,535,-1,535,567,568,-1,535,568,536,-1,536,568,569,-1,536,569,537,-1,537,569,570,-1,537,570,538,-1,538,570,571,-1,538,571,539,-1,539,571,572,-1,539,572,540,-1,540,572,573,-1,540,573,541,-1,541,573,574,-1,541,574,542,-1,542,574,575,-1,542,575,543,-1,543,575,576,-1,543,576,544,-1,544,576,577,-1,544,577,545,-1,545,577,578,-1,545,578,546,-1,546,578,579,-1,546,579,547,-1,547,579,548,-1,579,580,548,-1,548,580,581,-1,548,581,549,-1,549,581,582,-1,549,582,550,-1,550,582,583,-1,550,583,551,-1,551,583,584,-1,551,584,552,-1,552,584,585,-1,552,585,553,-1,553,585,586,-1,553,586,554,-1,554,586,587,-1,554,587,555,-1,555,587,588,-1,555,588,556,-1,556,588,589,-1,556,589,557,-1,557,589,590,-1,557,590,558,-1,558,590,591,-1,558,591,559,-1,559,591,592,-1,559,592,560,-1,560,592,593,-1,560,593,561,-1,561,593,594,-1,561,594,562,-1,562,594,595,-1,562,595,563,-1,563,595,596,-1,563,596,564,-1,564,596,597,-1,564,597,565,-1,565,597,598,-1,565,598,566,-1,566,598,599,-1,566,599,567,-1,567,599,600,-1,567,600,568,-1,568,600,601,-1,568,601,569,-1,569,601,602,-1,569,602,570,-1,570,602,603,-1,570,603,571,-1,571,603,604,-1,571,604,572,-1,572,604,605,-1,572,605,573,-1,573,605,606,-1,573,606,574,-1,574,606,607,-1,574,607,575,-1,575,607,608,-1,575,608,576,-1,576,608,609,-1,576,609,577,-1,577,609,610,-1,577,610,578,-1,578,610,611,-1,578,611,579,-1,579,611,580,-1,611,612,580,-1,580,612,613,-1,580,613,581,-1,581,613,614,-1,581,614,582,-1,582,614,615,-1,582,615,583,-1,583,615,616,-1,583,616,584,-1,584,616,617,-1,584,617,585,-1,585,617,618,-1,585,618,586,-1,586,618,619,-1,586,619,587,-1,587,619,620,-1,587,620,588,-1,588,620,621,-1,588,621,589,-1,589,621,622,-1,589,622,590,-1,590,622,623,-1,590,623,591,-1,591,623,624,-1,591,624,592,-1,592,624,625,-1,592,625,593,-1,593,625,626,-1,593,626,594,-1,594,626,627,-1,594,627,595,-1,595,627,628,-1,595,628,596,-1,596,628,629,-1,596,629,597,-1,597,629,630,-1,597,630,598,-1,598,630,631,-1,598,631,599,-1,599,631,632,-1,599,632,600,-1,600,632,633,-1,600,633,601,-1,601,633,634,-1,601,634,602,-1,602,634,635,-1,602,635,603,-1,603,635,636,-1,603,636,604,-1,604,636,637,-1,604,637,605,-1,605,637,638,-1,605,638,606,-1,606,638,639,-1,606,639,607,-1,607,639,640,-1,607,640,608,-1,608,640,641,-1,608,641,609,-1,609,641,642,-1,609,642,610,-1,610,642,643,-1,610,643,611,-1,611,643,612,-1,643,644,612,-1,612,644,645,-1,612,645,613,-1,613,645,646,-1,613,646,614,-1,614,646,647,-1,614,647,615,-1,615,647,648,-1,615,648,616,-1,616,648,649,-1,616,649,617,-1,617,649,650,-1,617,650,618,-1,618,650,651,-1,618,651,619,-1,619,651,652,-1,619,652,620,-1,620,652,653,-1,620,653,621,-1,621,653,654,-1,621,654,622,-1,622,654,655,-1,622,655,623,-1,623,655,656,-1,623,656,624,-1,624,656,657,-1,624,657,625,-1,625,657,658,-1,625,658,626,-1,626,658,659,-1,626,659,627,-1,627,659,660,-1,627,660,628,-1,628,660,661,-1,628,661,629,-1,629,661,662,-1,629,662,630,-1,630,662,663,-1,630,663,631,-1,631,663,664,-1,631,664,632,-1,632,664,665,-1,632,665,633,-1,633,665,666,-1,633,666,634,-1,634,666,667,-1,634,667,635,-1,635,667,668,-1,635,668,636,-1,636,668,669,-1,636,669,637,-1,637,669,670,-1,637,670,638,-1,638,670,671,-1,638,671,639,-1,639,671,672,-1,639,672,640,-1,640,672,673,-1,640,673,641,-1,641,673,674,-1,641,674,642,-1,642,674,675,-1,642,675,643,-1,643,675,644,-1,675,676,644,-1,644,676,677,-1,644,677,645,-1,645,677,678,-1,645,678,646,-1,646,678,679,-1,646,679,647,-1,647,679,680,-1,647,680,648,-1,648,680,681,-1,648,681,649,-1,649,681,682,-1,649,682,650,-1,650,682,683,-1,650,683,651,-1,651,683,684,-1,651,684,652,-1,652,684,685,-1,652,685,653,-1,653,685,686,-1,653,686,654,-1,654,686,687,-1,654,687,655,-1,655,687,688,-1,655,688,656,-1,656,688,689,-1,656,689,657,-1,657,689,690,-1,657,690,658,-1,658,690,691,-1,658,691,659,-1,659,691,692,-1,659,692,660,-1,660,692,693,-1,660,693,661,-1,661,693,694,-1,661,694,662,-1,662,694,695,-1,662,695,663,-1,663,695,696,-1,663,696,664,-1,664,696,697,-1,664,697,665,-1,665,697,698,-1,665,698,666,-1,666,698,699,-1,666,699,667,-1,667,699,700,-1,667,700,668,-1,668,700,701,-1,668,701,669,-1,669,701,702,-1,669,702,670,-1,670,702,703,-1,670,703,671,-1,671,703,704,-1,671,704,672,-1,672,704,705,-1,672,705,673,-1,673,705,706,-1,673,706,674,-1,674,706,707,-1,674,707,675,-1,675,707,676,-1,708,709,710,-1,710,709,711,-1,710,711,712,-1,712,711,713,-1,712,713,714,-1,714,713,715,-1,714,715,716,-1,716,715,717,-1,716,717,718,-1,718,717,719,-1,718,719,720,-1,720,719,721,-1,720,721,722,-1,722,721,723,-1,722,723,724,-1,724,723,725,-1,724,725,726,-1,726,725,727,-1,726,727,728,-1,728,727,729,-1,728,729,730,-1,730,729,731,-1,730,731,732,-1,732,731,733,-1,732,733,734,-1,734,733,735,-1,734,735,736,-1,736,735,737,-1,736,737,738,-1,738,737,739,-1,738,739,740,-1,740,739,741,-1,740,741,742,-1,742,741,743,-1,742,743,744,-1,744,743,745,-1,744,745,746,-1,746,745,747,-1,746,747,748,-1,748,747,749,-1,748,749,750,-1,750,749,751,-1,750,751,752,-1,752,751,753,-1,752,753,754,-1,754,753,755,-1,754,755,756,-1,756,755,757,-1,756,757,758,-1,758,757,759,-1,758,759,760,-1,760,759,761,-1,760,761,762,-1,762,761,763,-1,762,763,764,-1,764,763,765,-1,764,765,766,-1,766,765,767,-1,766,767,768,-1,768,767,769,-1,768,769,770,-1,770,769,771,-1,770,771,708,-1,708,771,709,-1,771,772,709,-1,709,772,773,-1,709,773,711,-1,711,773,774,-1,711,774,713,-1,713,774,775,-1,713,775,715,-1,715,775,776,-1,715,776,717,-1,717,776,777,-1,717,777,719,-1,719,777,778,-1,719,778,721,-1,721,778,779,-1,721,779,723,-1,723,779,780,-1,723,780,725,-1,725,780,781,-1,725,781,727,-1,727,781,782,-1,727,782,729,-1,729,782,783,-1,729,783,731,-1,731,783,784,-1,731,784,733,-1,733,784,785,-1,733,785,735,-1,735,785,786,-1,735,786,737,-1,737,786,787,-1,737,787,739,-1,739,787,788,-1,739,788,741,-1,741,788,789,-1,741,789,743,-1,743,789,790,-1,743,790,745,-1,745,790,791,-1,745,791,747,-1,747,791,792,-1,747,792,749,-1,749,792,793,-1,749,793,751,-1,751,793,794,-1,751,794,753,-1,753,794,795,-1,753,795,755,-1,755,795,796,-1,755,796,757,-1,757,796,797,-1,757,797,759,-1,759,797,798,-1,759,798,761,-1,761,798,799,-1,761,799,763,-1,763,799,800,-1,763,800,765,-1,765,800,801,-1,765,801,767,-1,767,801,802,-1,767,802,769,-1,769,802,803,-1,769,803,771,-1,771,803,772,-1,803,804,772,-1,772,804,805,-1,772,805,773,-1,773,805,806,-1,773,806,774,-1,774,806,807,-1,774,807,775,-1,775,807,808,-1,775,808,776,-1,776,808,809,-1,776,809,777,-1,777,809,810,-1,777,810,778,-1,778,810,811,-1,778,811,779,-1,779,811,812,-1,779,812,780,-1,780,812,813,-1,780,813,781,-1,781,813,814,-1,781,814,782,-1,782,814,815,-1,782,815,783,-1,783,815,816,-1,783,816,784,-1,784,816,817,-1,784,817,785,-1,785,817,818,-1,785,818,786,-1,786,818,819,-1,786,819,787,-1,787,819,820,-1,787,820,788,-1,788,820,821,-1,788,821,789,-1,789,821,822,-1,789,822,790,-1,790,822,823,-1,790,823,791,-1,791,823,824,-1,791,824,792,-1,792,824,825,-1,792,825,793,-1,793,825,826,-1,793,826,794,-1,794,826,827,-1,794,827,795,-1,795,827,828,-1,795,828,796,-1,796,828,829,-1,796,829,797,-1,797,829,830,-1,797,830,798,-1,798,830,831,-1,798,831,799,-1,799,831,832,-1,799,832,800,-1,800,832,833,-1,800,833,801,-1,801,833,834,-1,801,834,802,-1,802,834,835,-1,802,835,803,-1,803,835,804,-1,835,836,804,-1,804,836,837,-1,804,837,805,-1,805,837,838,-1,805,838,806,-1,806,838,839,-1,806,839,807,-1,807,839,840,-1,807,840,808,-1,808,840,841,-1,808,841,809,-1,809,841,842,-1,809,842,810,-1,810,842,843,-1,810,843,811,-1,811,843,844,-1,811,844,812,-1,812,844,845,-1,812,845,813,-1,813,845,846,-1,813,846,814,-1,814,846,847,-1,814,847,815,-1,815,847,848,-1,815,848,816,-1,816,848,849,-1,816,849,817,-1,817,849,850,-1,817,850,818,-1,818,850,851,-1,818,851,819,-1,819,851,852,-1,819,852,820,-1,820,852,853,-1,820,853,821,-1,821,853,854,-1,821,854,822,-1,822,854,855,-1,822,855,823,-1,823,855,856,-1,823,856,824,-1,824,856,857,-1,824,857,825,-1,825,857,858,-1,825,858,826,-1,826,858,859,-1,826,859,827,-1,827,859,860,-1,827,860,828,-1,828,860,861,-1,828,861,829,-1,829,861,862,-1,829,862,830,-1,830,862,863,-1,830,863,831,-1,831,863,864,-1,831,864,832,-1,832,864,865,-1,832,865,833,-1,833,865,866,-1,833,866,834,-1,834,866,867,-1,834,867,835,-1,835,867,836,-1,867,868,836,-1,836,868,869,-1,836,869,837,-1,837,869,870,-1,837,870,838,-1,838,870,871,-1,838,871,839,-1,839,871,872,-1,839,872,840,-1,840,872,873,-1,840,873,841,-1,841,873,874,-1,841,874,842,-1,842,874,875,-1,842,875,843,-1,843,875,876,-1,843,876,844,-1,844,876,877,-1,844,877,845,-1,845,877,878,-1,845,878,846,-1,846,878,879,-1,846,879,847,-1,847,879,880,-1,847,880,848,-1,848,880,881,-1,848,881,849,-1,849,881,882,-1,849,882,850,-1,850,882,883,-1,850,883,851,-1,851,883,884,-1,851,884,852,-1,852,884,885,-1,852,885,853,-1,853,885,886,-1,853,886,854,-1,854,886,887,-1,854,887,855,-1,855,887,888,-1,855,888,856,-1,856,888,889,-1,856,889,857,-1,857,889,890,-1,857,890,858,-1,858,890,891,-1,858,891,859,-1,859,891,892,-1,859,892,860,-1,860,892,893,-1,860,893,861,-1,861,893,894,-1,861,894,862,-1,862,894,895,-1,862,895,863,-1,863,895,896,-1,863,896,864,-1,864,896,897,-1,864,897,865,-1,865,897,898,-1,865,898,866,-1,866,898,899,-1,866,899,867,-1,867,899,868,-1,899,21,868,-1,868,21,20,-1,868,20,869,-1,869,20,19,-1,869,19,870,-1,870,19,24,-1,870,24,871,-1,871,24,23,-1,871,23,872,-1,872,23,22,-1,872,22,873,-1,873,22,27,-1,873,27,874,-1,874,27,26,-1,874,26,875,-1,875,26,25,-1,875,25,876,-1,876,25,30,-1,876,30,877,-1,877,30,29,-1,877,29,878,-1,878,29,28,-1,878,28,879,-1,879,28,32,-1,879,32,880,-1,880,32,31,-1,880,31,881,-1,881,31,1,-1,881,1,882,-1,882,1,0,-1,882,0,883,-1,883,0,3,-1,883,3,884,-1,884,3,6,-1,884,6,885,-1,885,6,5,-1,885,5,886,-1,886,5,4,-1,886,4,887,-1,887,4,9,-1,887,9,888,-1,888,9,8,-1,888,8,889,-1,889,8,7,-1,889,7,890,-1,890,7,12,-1,890,12,891,-1,891,12,11,-1,891,11,892,-1,892,11,10,-1,892,10,893,-1,893,10,15,-1,893,15,894,-1,894,15,14,-1,894,14,895,-1,895,14,13,-1,895,13,896,-1,896,13,18,-1,896,18,897,-1,897,18,17,-1,897,17,898,-1,898,17,16,-1,898,16,899,-1,899,16,21,-1,900,901,902,-1,903,904,905,-1,906,907,908,-1,909,910,911,-1,912,913,914,-1,915,916,917,-1,918,919,920,-1,921,922,923,-1,924,925,926,-1,927,928,929,-1,929,928,903,-1,930,931,929,-1,929,931,932,-1,932,933,929,-1,929,933,934,-1,929,934,927,-1,935,936,937,-1,937,936,938,-1,937,938,939,-1,939,938,940,-1,939,940,941,-1,942,943,944,-1,943,945,944,-1,944,945,946,-1,944,946,947,-1,935,937,948,-1,948,937,944,-1,948,944,949,-1,949,944,947,-1,949,947,950,-1,950,947,951,-1,950,951,952,-1,926,925,953,-1,925,954,953,-1,953,954,955,-1,953,955,944,-1,944,955,956,-1,944,956,942,-1,957,958,959,-1,958,960,959,-1,959,960,961,-1,959,961,962,-1,962,963,959,-1,959,963,964,-1,959,964,926,-1,926,964,965,-1,926,965,924,-1,966,967,968,-1,968,967,969,-1,968,969,959,-1,959,969,970,-1,959,970,957,-1,971,972,968,-1,968,972,973,-1,974,975,973,-1,973,975,976,-1,973,976,968,-1,968,976,977,-1,968,977,966,-1,900,978,901,-1,901,978,979,-1,901,979,980,-1,980,981,901,-1,901,981,982,-1,901,982,983,-1,984,985,900,-1,984,900,986,-1,987,988,989,-1,989,988,990,-1,991,992,988,-1,988,992,993,-1,988,993,994,-1,995,996,997,-1,997,996,998,-1,999,1000,978,-1,978,1000,1001,-1,978,1001,1002,-1,1003,1004,1005,-1,1005,1004,1006,-1,1005,1006,1007,-1,1008,994,1009,-1,1009,994,1010,-1,1009,1010,1005,-1,1005,1010,1011,-1,1005,1011,1003,-1,1012,1013,904,-1,904,1013,1014,-1,904,1014,900,-1,900,1014,1015,-1,900,1015,986,-1,985,1016,900,-1,900,1016,1017,-1,900,1017,978,-1,978,1017,1018,-1,978,1018,999,-1,1008,1019,994,-1,994,1019,1020,-1,994,1020,988,-1,988,1020,1021,-1,988,1021,990,-1,995,1022,996,-1,996,1022,1023,-1,996,1023,1024,-1,1025,1026,1027,-1,1027,1026,1028,-1,1027,1028,996,-1,996,1028,1029,-1,996,1029,998,-1,1002,1030,978,-1,978,1030,1031,-1,978,1031,1032,-1,1032,1031,1025,-1,1032,1025,1033,-1,1033,1025,1027,-1,1034,1035,996,-1,996,1035,1036,-1,996,1036,988,-1,988,1036,1037,-1,988,1037,991,-1,1024,1038,996,-1,996,1038,1039,-1,996,1039,1040,-1,1040,1041,996,-1,996,1041,1042,-1,996,1042,1034,-1,1043,1044,1045,-1,1045,994,1043,-1,1043,994,993,-1,1043,993,1046,-1,1046,993,1047,-1,1047,1048,1046,-1,1046,1048,1049,-1,1046,1049,1050,-1,1051,1052,1053,-1,1054,1055,1052,-1,1055,1056,1052,-1,1052,1056,1057,-1,1052,1057,1058,-1,1053,1059,1051,-1,1051,1059,1060,-1,1051,1060,1061,-1,1044,1043,1051,-1,1051,1043,1062,-1,1051,1062,1052,-1,1052,1062,1063,-1,1052,1063,1054,-1,1058,1064,1052,-1,1052,1064,1065,-1,1052,1065,1066,-1,1066,1065,1067,-1,1066,1067,1068,-1,1068,1067,1069,-1,1070,1071,1061,-1,1061,1071,1072,-1,1061,1072,1051,-1,928,1073,903,-1,903,1073,1074,-1,903,1074,904,-1,904,1074,1075,-1,904,1075,1012,-1,1076,1077,1078,-1,1078,1077,1079,-1,1080,1081,1082,-1,1082,1081,1083,-1,1082,1083,1084,-1,1082,1076,1080,-1,1080,1076,1078,-1,1080,1078,1085,-1,1085,1078,1086,-1,1085,1086,923,-1,923,1086,1087,-1,923,1087,921,-1,1077,1088,1079,-1,1079,1088,1089,-1,1079,1089,1090,-1,1090,1089,1091,-1,1092,1093,1094,-1,1094,1093,1095,-1,1096,1097,1098,-1,1098,1097,1099,-1,1098,1099,1100,-1,1101,1102,1103,-1,1104,1105,1106,-1,1107,1108,1101,-1,1101,1108,1109,-1,1101,1109,1110,-1,1092,1111,1093,-1,1093,1111,1112,-1,1093,1112,1113,-1,1113,1112,1106,-1,1113,1106,1114,-1,1114,1106,1105,-1,1110,1115,1101,-1,1101,1115,1116,-1,1101,1116,1102,-1,1117,1118,1119,-1,1119,1118,1120,-1,1119,1120,1121,-1,1122,1123,1124,-1,1124,1123,1125,-1,1126,1127,1098,-1,1098,1127,1128,-1,1098,1128,1096,-1,1117,1129,1118,-1,1118,1129,1130,-1,1118,1130,1131,-1,1131,1130,1100,-1,1131,1100,919,-1,1103,1132,1101,-1,1101,1132,1133,-1,1101,1133,1123,-1,1123,1133,1095,-1,1123,1095,1125,-1,1125,1095,1093,-1,1134,1135,1106,-1,1106,1135,1136,-1,1106,1136,1137,-1,1138,1139,1140,-1,1140,1139,1141,-1,1140,1141,1142,-1,1122,1143,1123,-1,1123,1143,1144,-1,1123,1144,1145,-1,1137,1146,1106,-1,1106,1146,1147,-1,1106,1147,1104,-1,1129,1148,1130,-1,1130,1148,1149,-1,1130,1149,1141,-1,1141,1149,1150,-1,1141,1150,1142,-1,918,920,1151,-1,1151,920,1152,-1,1151,1152,1153,-1,1154,1155,917,-1,1156,1157,917,-1,1156,917,1158,-1,1159,1160,1161,-1,1161,1160,1162,-1,1161,1162,1163,-1,1157,1164,917,-1,917,1164,1165,-1,917,1165,915,-1,1163,1166,1161,-1,1161,1166,1167,-1,1161,1167,1168,-1,1168,1167,1169,-1,1168,1169,1154,-1,1170,1171,1155,-1,1155,1171,1172,-1,1155,1172,917,-1,917,1172,1173,-1,917,1173,1158,-1,1174,1175,1176,-1,1176,1175,1177,-1,1176,1177,1178,-1,1176,1179,1174,-1,1174,1179,1180,-1,1174,1180,1181,-1,1181,1182,1174,-1,1174,1182,1183,-1,1174,1183,1184,-1,1184,1183,1185,-1,1184,1185,1186,-1,1186,1185,1187,-1,1186,1187,1155,-1,1155,1187,1188,-1,1155,1188,1170,-1,1189,1190,1178,-1,1178,1190,1191,-1,1178,1191,1176,-1,1192,1193,1121,-1,1121,1193,1194,-1,1121,1194,1119,-1,1192,1195,1193,-1,1193,1195,1196,-1,1193,1196,1197,-1,1197,1196,1198,-1,1197,1199,1200,-1,1198,1201,1197,-1,1197,1201,1202,-1,1197,1202,1203,-1,1203,1204,1197,-1,1197,1204,1205,-1,1197,1205,1199,-1,1200,1206,1197,-1,1197,1206,1207,-1,1197,1207,1208,-1,1209,1210,1211,-1,1211,1210,1212,-1,1211,1212,1213,-1,1214,1215,1216,-1,1216,1215,1217,-1,1210,1218,1212,-1,1212,1218,1219,-1,1212,1219,1220,-1,1220,1219,1221,-1,1220,1221,1222,-1,1222,1221,1223,-1,1222,1223,1217,-1,1217,1223,1224,-1,1217,1224,1216,-1,1225,1226,1227,-1,1228,1229,1230,-1,1225,1227,1231,-1,1231,1227,1232,-1,1231,1232,1230,-1,1230,1232,1233,-1,1230,1233,1228,-1,1234,1235,1220,-1,1236,1237,1222,-1,1235,1238,1220,-1,1220,1238,1239,-1,1220,1239,1225,-1,1225,1239,1240,-1,1225,1240,1226,-1,1236,1222,1241,-1,1228,1242,1229,-1,1229,1242,1243,-1,1229,1243,1222,-1,1222,1243,1244,-1,1222,1244,1241,-1,1237,1245,1222,-1,1222,1245,1246,-1,1222,1246,1220,-1,1220,1246,1247,-1,1220,1247,1234,-1,1230,1248,1249,-1,1249,1248,1250,-1,1249,1251,1230,-1,1230,1251,1252,-1,1230,1252,1231,-1,1231,1252,1253,-1,1231,1253,1254,-1,1255,1256,1257,-1,1257,1256,1258,-1,1258,1256,1259,-1,1259,1256,1252,-1,1259,1252,1260,-1,1260,1252,1251,-1,1260,1251,914,-1,914,1251,1261,-1,914,1261,912,-1,1250,1248,1262,-1,1262,1248,1263,-1,1262,1263,1264,-1,1265,1266,1267,-1,1267,1266,1268,-1,1267,1268,1269,-1,1270,1263,1271,-1,1271,1263,1272,-1,1253,1273,1254,-1,1254,1273,1264,-1,1254,1264,911,-1,911,1264,1263,-1,911,1263,1274,-1,1274,1263,1270,-1,909,911,1275,-1,1276,1277,1274,-1,1274,1277,1278,-1,1274,1278,911,-1,911,1278,1279,-1,911,1279,1275,-1,1280,1281,1282,-1,1283,1284,1274,-1,1274,1284,1285,-1,1274,1285,1286,-1,1286,1287,1274,-1,1274,1287,1288,-1,1274,1288,1276,-1,1289,1290,1291,-1,1291,1290,1292,-1,1282,1293,1280,-1,1280,1293,1294,-1,1280,1294,1295,-1,1295,1294,1292,-1,1295,1292,1296,-1,1296,1292,1290,-1,1281,1280,1274,-1,1274,1280,1297,-1,1274,1297,1283,-1,907,1298,1299,-1,1299,1298,1300,-1,1300,1298,1301,-1,1300,1301,1272,-1,908,1302,1303,-1,1303,1304,908,-1,908,1304,1305,-1,908,1305,906,-1,1306,1307,1308,-1,1309,1310,1311,-1,1311,1310,1312,-1,1311,1312,908,-1,908,1312,1313,-1,908,1313,1302,-1,1314,1315,1316,-1,1316,1315,1317,-1,1318,1319,1123,-1,1123,1319,1320,-1,1123,1320,1316,-1,1316,1320,1321,-1,1316,1321,1314,-1,910,1318,1161,-1,1161,1318,1123,-1,1161,1123,1159,-1,1159,1123,1145,-1,1159,1145,1140,-1,1140,1145,1322,-1,1140,1322,1138,-1,919,1100,920,-1,920,1100,1099,-1,920,1099,1152,-1,1152,1099,1323,-1,1152,1323,1107,-1,1107,1323,1324,-1,1107,1324,1108,-1,1325,1326,1327,-1,1328,1329,1330,-1,1330,1329,1331,-1,1330,1331,1091,-1,1091,1331,1327,-1,1091,1327,1090,-1,1090,1327,1326,-1,1090,1326,1332,-1,1333,1334,1335,-1,1327,1336,1325,-1,1325,1336,1337,-1,1325,1337,1338,-1,1338,1337,1333,-1,1338,1333,1339,-1,1339,1333,1335,-1,1340,1341,917,-1,917,1341,1342,-1,1154,917,1168,-1,1168,917,1342,-1,1168,1342,1336,-1,1336,1342,1343,-1,1336,1343,1337,-1,1344,1341,1345,-1,1345,1341,1340,-1,1345,1340,1346,-1,1347,1348,1349,-1,1153,1152,916,-1,916,1152,1347,-1,916,1347,917,-1,917,1347,1349,-1,917,1349,1340,-1,1340,1349,1350,-1,1340,1350,1351,-1,1351,1352,1340,-1,1340,1352,1353,-1,1340,1353,1354,-1,1355,1356,1357,-1,1357,1356,1358,-1,1357,1358,1347,-1,1347,1358,1359,-1,1347,1359,1348,-1,1354,1360,1340,-1,1340,1360,1361,-1,1340,1361,1346,-1,1362,1363,1357,-1,1357,1363,1364,-1,1357,1364,1355,-1,1332,1365,1362,-1,1362,1365,1366,-1,1362,1366,1363,-1,1367,971,1368,-1,1368,971,968,-1,1368,968,1369,-1,1369,968,959,-1,1369,959,1370,-1,1370,959,926,-1,1370,926,1371,-1,1371,926,953,-1,1371,953,1372,-1,1372,953,944,-1,1372,944,1373,-1,1373,944,937,-1,1374,1375,1308,-1,1308,1375,1376,-1,1377,1311,929,-1,1307,1309,1308,-1,1308,1309,1311,-1,1308,1311,1374,-1,1374,1311,1377,-1,1374,1377,1378,-1,905,1308,903,-1,903,1308,1376,-1,903,1376,929,-1,929,1376,1379,-1,929,1379,1377,-1,1380,1381,1382,-1,1381,1380,1383,-1,1383,1380,905,-1,1383,905,1384,-1,1385,1386,1387,-1,1387,1386,1383,-1,1387,1383,1388,-1,1388,1383,1384,-1,1388,1384,1389,-1,1389,1384,1390,-1,902,1380,900,-1,900,1380,1382,-1,900,1382,904,-1,904,1382,1391,-1,904,1391,905,-1,905,1391,1392,-1,905,1392,1384,-1,907,1299,908,-1,908,1299,1393,-1,908,1393,1311,-1,1311,1393,939,-1,1311,939,929,-1,929,939,941,-1,929,941,930,-1,902,1107,1380,-1,1380,1107,1101,-1,1380,1101,905,-1,905,1101,1123,-1,905,1123,1308,-1,1308,1123,1316,-1,1308,1316,1306,-1,1306,1316,1317,-1,910,1161,911,-1,911,1161,1168,-1,911,1168,1254,-1,1254,1168,1336,-1,1254,1336,1231,-1,1231,1336,1327,-1,1231,1327,1225,-1,1225,1327,1331,-1,1225,1331,1220,-1,1220,1331,1329,-1,1220,1329,1212,-1,1332,1362,1090,-1,1090,1362,1394,-1,1090,1394,1079,-1,1079,1394,1395,-1,1079,1395,1078,-1,1272,1263,1300,-1,1300,1263,1248,-1,1300,1248,1396,-1,1396,1248,1230,-1,1396,1230,1397,-1,1397,1230,1229,-1,1397,1229,1398,-1,1398,1229,1222,-1,1398,1222,1399,-1,1399,1222,1217,-1,1399,1217,1400,-1,1400,1217,1215,-1,1400,1215,1401,-1,1402,1403,1329,-1,1404,1405,1078,-1,1328,1086,1329,-1,1329,1086,1078,-1,1329,1078,1402,-1,1402,1078,1406,-1,1407,1408,1409,-1,1410,1411,1405,-1,1405,1411,1412,-1,1405,1412,1078,-1,1078,1412,1413,-1,1078,1413,1406,-1,1216,1213,1214,-1,1214,1213,1212,-1,1214,1212,1408,-1,1408,1212,1329,-1,1408,1329,1409,-1,1409,1329,1414,-1,1413,1415,1416,-1,1416,1417,1413,-1,1413,1417,1418,-1,1413,1418,1406,-1,1419,1420,1414,-1,1414,1420,1421,-1,1414,1421,1422,-1,1403,1423,1329,-1,1329,1423,1424,-1,1329,1424,1414,-1,1414,1424,1425,-1,1414,1425,1419,-1,1422,1426,1414,-1,1414,1426,1427,-1,1414,1427,1413,-1,1413,1427,1428,-1,1413,1428,1415,-1,1409,1404,1407,-1,1407,1404,1078,-1,1407,1078,1268,-1,1268,1078,1395,-1,1268,1395,1269,-1,1269,1395,1394,-1,1269,1394,1429,-1,1429,1394,1362,-1,1429,1362,1430,-1,1430,1362,1357,-1,1430,1357,1431,-1,1431,1357,1347,-1,1431,1347,1432,-1,1432,1347,1152,-1,1432,1152,1433,-1,1433,1152,1107,-1,1433,1107,1434,-1,1434,1107,902,-1,1434,902,1435,-1,1435,902,901,-1,1435,901,1436,-1,1436,901,983,-1,1436,983,973,-1,973,983,1437,-1,973,1437,974,-1,1438,1439,1265,-1,1265,1439,1266,-1,1440,1401,1215,-1,1266,1439,1441,-1,1441,1439,1442,-1,1215,1214,1440,-1,1440,1214,1408,-1,1440,1408,1407,-1,1442,1439,1443,-1,1443,1439,1440,-1,1443,1440,1444,-1,1444,1440,1445,-1,1444,1445,1441,-1,1441,1445,1446,-1,1441,1446,1266,-1,1266,1446,1447,-1,1266,1447,1268,-1,1268,1447,1448,-1,1268,1448,1407,-1,1407,1448,1445,-1,1407,1445,1440,-1,1449,1450,1451,-1,1451,1450,1452,-1,1451,1452,1453,-1,1453,1452,1440,-1,1453,1440,1438,-1,1438,1440,1439,-1,1367,1368,1454,-1,1455,1456,1457,-1,1457,1456,1458,-1,1454,1368,1455,-1,1454,1459,1367,-1,1367,1459,1457,-1,1367,1457,1450,-1,1450,1457,1458,-1,1458,1460,1450,-1,1450,1460,1461,-1,1450,1461,1452,-1,1452,1461,1373,-1,1368,1369,1455,-1,1455,1369,1370,-1,1455,1370,1371,-1,1461,1456,1373,-1,1373,1456,1455,-1,1373,1455,1372,-1,1372,1455,1371,-1,1401,1462,1463,-1,1463,1464,1401,-1,1401,1464,1465,-1,1401,1465,1466,-1,1373,1467,1468,-1,1466,1469,1401,-1,1401,1469,1470,-1,1401,1470,1373,-1,1373,1470,1471,-1,1373,1471,1472,-1,1472,1473,1373,-1,1373,1473,1474,-1,1373,1474,1467,-1,1452,1475,1476,-1,1468,1477,1373,-1,1373,1477,1478,-1,1373,1478,1452,-1,1452,1478,1479,-1,1452,1479,1475,-1,1476,1480,1452,-1,1452,1480,1481,-1,1452,1481,1482,-1,1483,1484,1440,-1,1440,1484,1485,-1,1440,1485,1486,-1,1486,1487,1440,-1,1440,1487,1488,-1,1440,1488,1401,-1,1401,1488,1489,-1,1401,1489,1462,-1,1482,1490,1452,-1,1452,1490,1491,-1,1452,1491,1440,-1,1440,1491,1492,-1,1440,1492,1483,-1,1367,1450,971,-1,971,1450,1449,-1,971,1449,972,-1,1493,1494,1495,-1,1496,1497,1498,-1,1499,1500,1501,-1,1502,1503,1504,-1,1505,1506,1507,-1,1508,1509,1510,-1,1510,1509,1511,-1,1512,1513,1508,-1,1508,1513,1514,-1,1508,1514,1509,-1,1515,1516,1512,-1,1512,1516,1517,-1,1512,1517,1513,-1,1518,1519,1515,-1,1515,1519,1520,-1,1515,1520,1516,-1,1518,1515,1521,-1,1521,1515,1522,-1,1521,1522,1523,-1,1523,1522,1524,-1,1523,1524,1525,-1,1507,1506,1524,-1,1524,1506,1526,-1,1524,1526,1525,-1,1505,1507,1527,-1,1527,1507,1528,-1,1527,1528,1529,-1,1529,1528,1530,-1,1530,1528,1531,-1,1530,1531,1532,-1,1533,1534,1535,-1,1533,1535,1531,-1,1531,1535,1536,-1,1531,1536,1532,-1,1534,1533,1537,-1,1537,1533,1538,-1,1537,1538,1539,-1,1504,1503,1538,-1,1538,1503,1540,-1,1538,1540,1539,-1,1502,1504,1541,-1,1541,1504,1542,-1,1541,1542,1543,-1,1543,1542,1544,-1,1544,1542,1545,-1,1544,1545,1546,-1,1547,1548,1549,-1,1547,1549,1545,-1,1545,1549,1550,-1,1545,1550,1546,-1,1548,1547,1551,-1,1551,1547,1552,-1,1551,1552,1553,-1,1501,1500,1552,-1,1552,1500,1554,-1,1552,1554,1553,-1,1499,1501,1555,-1,1555,1501,1556,-1,1555,1556,1557,-1,1558,1559,1560,-1,1558,1560,1561,-1,1560,1562,1561,-1,1561,1562,1563,-1,1561,1563,1556,-1,1556,1563,1564,-1,1556,1564,1557,-1,1559,1558,1565,-1,1565,1558,1566,-1,1565,1566,1567,-1,1498,1497,1566,-1,1566,1497,1568,-1,1566,1568,1567,-1,1496,1498,1569,-1,1569,1498,1570,-1,1569,1570,1571,-1,1572,1573,1574,-1,1572,1574,1575,-1,1574,1576,1575,-1,1575,1576,1577,-1,1575,1577,1570,-1,1570,1577,1578,-1,1570,1578,1571,-1,1573,1572,1579,-1,1579,1572,1580,-1,1579,1580,1581,-1,1495,1494,1580,-1,1580,1494,1582,-1,1580,1582,1581,-1,1493,1495,1583,-1,1583,1495,1584,-1,1583,1584,1585,-1,1586,1587,1588,-1,1586,1588,1589,-1,1588,1590,1589,-1,1589,1590,1591,-1,1589,1591,1584,-1,1584,1591,1592,-1,1584,1592,1585,-1,1587,1586,1593,-1,1593,1586,1594,-1,1593,1594,1595,-1,1511,1596,1510,-1,1510,1596,1597,-1,1510,1597,1489,-1,1489,1597,1598,-1,1489,1598,1594,-1,1594,1598,1599,-1,1594,1599,1595,-1,1600,1601,1602,-1,1602,1601,1603,-1,1602,1603,1604,-1,1605,1606,1602,-1,1602,1606,1607,-1,1602,1607,1600,-1,1608,1609,1602,-1,1602,1609,1610,-1,1602,1610,1605,-1,1611,1612,1602,-1,1602,1612,1613,-1,1602,1613,1608,-1,1614,1615,1602,-1,1602,1615,1616,-1,1602,1616,1611,-1,1617,1618,1602,-1,1602,1618,1619,-1,1602,1619,1614,-1,1620,1621,1602,-1,1602,1621,1622,-1,1602,1622,1617,-1,1623,1624,1602,-1,1602,1624,1625,-1,1602,1625,1620,-1,1626,1627,1602,-1,1602,1627,1628,-1,1602,1628,1623,-1,1629,1630,1602,-1,1602,1630,1631,-1,1602,1631,1626,-1,1632,1633,1602,-1,1602,1633,1634,-1,1602,1634,1629,-1,1635,1636,1602,-1,1602,1636,1637,-1,1602,1637,1632,-1,1638,1639,1602,-1,1602,1639,1640,-1,1602,1640,1635,-1,1641,1642,1602,-1,1602,1642,1643,-1,1602,1643,1638,-1,1604,1644,1602,-1,1602,1644,1645,-1,1602,1645,1641,-1,
        ]
    }
}
Shape{
    appearance Appearance {
        material  Material 	{
            diffuseColor 1.0 1.0 1.0
            specularColor 0.5019607843137255 0.5019607843137255 0.5019607843137255
            ambientIntensity 0.2
            transparency 0
            shininess 0.5
        }
    }
    geometry IndexedFaceSet {
        ccw TRUE
        solid FALSE
        coord DEF co Coordinate {
            point [
                -1.2992 0.7283 -0.0197, -1.0433 0.7283 -0.0197, -1.2992 0.4528 -0.0197, -1.0433 0.4528 -0.0197, -1.2992 0.7283 0.0984, -1.2992 0.4528 0.0984, -1.063 0.7283 0.0984, -1.063 0.4528 0.0984, -1.063 0.7283 0.2953, -1.063 0.4528 0.2953, -1.0583 0.4528 0.3309, -1.0583 0.7283 0.3309, -1.0445 0.4528 0.3642, -1.0445 0.7283 0.3642, -1.0226 0.4528 0.3927, -1.0226 0.7283 0.3927, -0.9941 0.4528 0.4146, -0.9941 0.7283 0.4146, -0.9609 0.4528 0.4284, -0.9609 0.7283 0.4284, -0.9252 0.4528 0.4331, -0.9252 0.7283 0.4331, -0.8858 0.7283 0.4331, -0.8858 0.4528 0.4331, -0.9252 0.7283 0.315, -0.8858 0.7283 0.315, -0.9252 0.4528 0.315, -0.8858 0.4528 0.315, -0.9303 0.7283 0.3143, -0.9303 0.4528 0.3143, -0.935 0.7283 0.3123, -0.935 0.4528 0.3123, -0.9391 0.7283 0.3092, -0.9391 0.4528 0.3092, -0.9422 0.7283 0.3051, -0.9422 0.4528 0.3051, -0.9442 0.7283 0.3004, -0.9442 0.4528 0.3004, -0.9449 0.7283 0.2953, -0.9449 0.4528 0.2953, -0.9449 0.7283 0.0787, -0.9449 0.4528 0.0787, -0.9482 0.4528 0.0533, -0.9482 0.7283 0.0533, -0.9581 0.4528 0.0295, -0.9581 0.7283 0.0295, -0.9737 0.4528 0.0091, -0.9737 0.7283 0.0091, -0.9941 0.4528 -0.0065, -0.9941 0.7283 -0.0065, -1.0178 0.4528 -0.0163, -1.0178 0.7283 -0.0163, 1.0433 0.7283 -0.0197, 1.2992 0.7283 -0.0197, 1.0433 0.4528 -0.0197, 1.2992 0.4528 -0.0197, 1.0178 0.4528 -0.0163, 1.0178 0.7283 -0.0163, 0.9941 0.4528 -0.0065, 0.9941 0.7283 -0.0065, 0.9737 0.4528 0.0091, 0.9737 0.7283 0.0091, 0.9581 0.4528 0.0295, 0.9581 0.7283 0.0295, 0.9482 0.4528 0.0533, 0.9482 0.7283 0.0533, 0.9449 0.4528 0.0787, 0.9449 0.7283 0.0787, 0.9449 0.7283 0.2953, 0.9449 0.4528 0.2953, 0.9442 0.7283 0.3004, 0.9442 0.4528 0.3004, 0.9422 0.7283 0.3051, 0.9422 0.4528 0.3051, 0.9391 0.7283 0.3092, 0.9391 0.4528 0.3092, 0.935 0.7283 0.3123, 0.935 0.4528 0.3123, 0.9303 0.7283 0.3143, 0.9303 0.4528 0.3143, 0.9252 0.7283 0.315, 0.9252 0.4528 0.315, 0.8858 0.7283 0.315, 0.8858 0.4528 0.315, 0.9252 0.7283 0.4331, 0.8858 0.7283 0.4331, 0.9252 0.4528 0.4331, 0.8858 0.4528 0.4331, 0.9609 0.4528 0.4284, 0.9609 0.7283 0.4284, 0.9941 0.4528 0.4146, 0.9941 0.7283 0.4146, 1.0226 0.4528 0.3927, 1.0226 0.7283 0.3927, 1.0445 0.4528 0.3642, 1.0445 0.7283 0.3642, 1.0583 0.4528 0.3309, 1.0583 0.7283 0.3309, 1.063 0.4528 0.2953, 1.063 0.7283 0.2953, 1.063 0.7283 0.0984, 1.063 0.4528 0.0984, 1.2992 0.7283 0.0984, 1.2992 0.4528 0.0984, -1.0433 -0.7283 -0.0197, -1.2992 -0.7283 -0.0197, -1.0433 -0.4528 -0.0197, -1.2992 -0.4528 -0.0197, -1.0178 -0.4528 -0.0163, -1.0178 -0.7283 -0.0163, -0.9941 -0.4528 -0.0065, -0.9941 -0.7283 -0.0065, -0.9737 -0.4528 0.0091, -0.9737 -0.7283 0.0091, -0.9581 -0.4528 0.0295, -0.9581 -0.7283 0.0295, -0.9482 -0.4528 0.0533, -0.9482 -0.7283 0.0533, -0.9449 -0.4528 0.0787, -0.9449 -0.7283 0.0787, -0.9449 -0.7283 0.2953, -0.9449 -0.4528 0.2953, -0.9442 -0.7283 0.3004, -0.9442 -0.4528 0.3004, -0.9422 -0.7283 0.3051, -0.9422 -0.4528 0.3051, -0.9391 -0.7283 0.3092, -0.9391 -0.4528 0.3092, -0.935 -0.7283 0.3123, -0.935 -0.4528 0.3123, -0.9303 -0.7283 0.3143, -0.9303 -0.4528 0.3143, -0.9252 -0.7283 0.315, -0.9252 -0.4528 0.315, -0.8858 -0.7283 0.315, -0.8858 -0.4528 0.315, -0.9252 -0.7283 0.4331, -0.8858 -0.7283 0.4331, -0.9252 -0.4528 0.4331, -0.8858 -0.4528 0.4331, -0.9609 -0.4528 0.4284, -0.9609 -0.7283 0.4284, -0.9941 -0.4528 0.4146, -0.9941 -0.7283 0.4146, -1.0226 -0.4528 0.3927, -1.0226 -0.7283 0.3927, -1.0445 -0.4528 0.3642, -1.0445 -0.7283 0.3642, -1.0583 -0.4528 0.3309, -1.0583 -0.7283 0.3309, -1.063 -0.4528 0.2953, -1.063 -0.7283 0.2953, -1.063 -0.7283 0.0984, -1.063 -0.4528 0.0984, -1.2992 -0.7283 0.0984, -1.2992 -0.4528 0.0984, 1.2992 -0.7283 -0.0197, 1.0433 -0.7283 -0.0197, 1.2992 -0.4528 -0.0197, 1.0433 -0.4528 -0.0197, 1.2992 -0.7283 0.0984, 1.2992 -0.4528 0.0984, 1.063 -0.7283 0.0984, 1.063 -0.4528 0.0984, 1.063 -0.7283 0.2953, 1.063 -0.4528 0.2953, 1.0583 -0.4528 0.3309, 1.0583 -0.7283 0.3309, 1.0445 -0.4528 0.3642, 1.0445 -0.7283 0.3642, 1.0226 -0.4528 0.3927, 1.0226 -0.7283 0.3927, 0.9941 -0.4528 0.4146, 0.9941 -0.7283 0.4146, 0.9609 -0.4528 0.4284, 0.9609 -0.7283 0.4284, 0.9252 -0.4528 0.4331, 0.9252 -0.7283 0.4331, 0.8858 -0.7283 0.4331, 0.8858 -0.4528 0.4331, 0.9252 -0.7283 0.315, 0.8858 -0.7283 0.315, 0.9252 -0.4528 0.315, 0.8858 -0.4528 0.315, 0.9303 -0.7283 0.3143, 0.9303 -0.4528 0.3143, 0.935 -0.7283 0.3123, 0.935 -0.4528 0.3123, 0.9391 -0.7283 0.3092, 0.9391 -0.4528 0.3092, 0.9422 -0.7283 0.3051, 0.9422 -0.4528 0.3051, 0.9442 -0.7283 0.3004, 0.9442 -0.4528 0.3004, 0.9449 -0.7283 0.2953, 0.9449 -0.4528 0.2953, 0.9449 -0.7283 0.0787, 0.9449 -0.4528 0.0787, 0.9482 -0.4528 0.0533, 0.9482 -0.7283 0.0533, 0.9581 -0.4528 0.0295, 0.9581 -0.7283 0.0295, 0.9737 -0.4528 0.0091, 0.9737 -0.7283 0.0091, 0.9941 -0.4528 -0.0065, 0.9941 -0.7283 -0.0065, 1.0178 -0.4528 -0.0163, 1.0178 -0.7283 -0.0163, 1.0178 -0.7283 -0.0163
            ]
        }
        coordIndex [
            0,1,2,-1,2,1,3,-1,4,0,5,-1,5,0,2,-1,6,4,7,-1,7,4,5,-1,8,6,9,-1,9,6,7,-1,8,9,10,-1,8,10,11,-1,11,10,12,-1,11,12,13,-1,13,12,14,-1,13,14,15,-1,15,14,16,-1,15,16,17,-1,17,16,18,-1,17,18,19,-1,19,18,20,-1,19,20,21,-1,22,21,23,-1,23,21,20,-1,24,25,26,-1,26,25,27,-1,24,26,28,-1,28,26,29,-1,28,29,30,-1,30,29,31,-1,30,31,32,-1,32,31,33,-1,32,33,34,-1,34,33,35,-1,34,35,36,-1,36,35,37,-1,36,37,38,-1,38,37,39,-1,40,38,41,-1,41,38,39,-1,40,41,42,-1,40,42,43,-1,43,42,44,-1,43,44,45,-1,45,44,46,-1,45,46,47,-1,47,46,48,-1,47,48,49,-1,49,48,50,-1,49,50,51,-1,51,50,3,-1,51,3,1,-1,0,4,1,-1,1,4,6,-1,1,6,51,-1,51,6,49,-1,22,25,21,-1,21,25,24,-1,21,24,19,-1,19,24,28,-1,19,28,17,-1,17,28,30,-1,17,30,15,-1,15,30,32,-1,15,32,13,-1,13,32,34,-1,13,34,11,-1,11,34,36,-1,11,36,8,-1,8,36,38,-1,8,38,6,-1,6,38,40,-1,6,40,43,-1,43,45,6,-1,6,45,47,-1,6,47,49,-1,5,2,7,-1,7,2,3,-1,7,3,50,-1,50,48,7,-1,7,48,46,-1,7,46,44,-1,27,23,26,-1,26,23,20,-1,26,20,29,-1,29,20,18,-1,29,18,31,-1,31,18,16,-1,31,16,33,-1,33,16,14,-1,33,14,35,-1,35,14,12,-1,35,12,37,-1,37,12,10,-1,37,10,39,-1,39,10,9,-1,39,9,41,-1,41,9,7,-1,41,7,42,-1,42,7,44,-1,52,53,54,-1,54,53,55,-1,52,54,56,-1,52,56,57,-1,57,56,58,-1,57,58,59,-1,59,58,60,-1,59,60,61,-1,61,60,62,-1,61,62,63,-1,63,62,64,-1,63,64,65,-1,65,64,66,-1,65,66,67,-1,68,67,69,-1,69,67,66,-1,68,69,70,-1,70,69,71,-1,70,71,72,-1,72,71,73,-1,72,73,74,-1,74,73,75,-1,74,75,76,-1,76,75,77,-1,76,77,78,-1,78,77,79,-1,78,79,80,-1,80,79,81,-1,82,80,83,-1,83,80,81,-1,84,85,86,-1,86,85,87,-1,84,86,88,-1,84,88,89,-1,89,88,90,-1,89,90,91,-1,91,90,92,-1,91,92,93,-1,93,92,94,-1,93,94,95,-1,95,94,96,-1,95,96,97,-1,97,96,98,-1,97,98,99,-1,100,99,101,-1,101,99,98,-1,102,100,103,-1,103,100,101,-1,53,102,55,-1,55,102,103,-1,102,53,100,-1,100,53,52,-1,100,52,57,-1,57,59,100,-1,100,59,61,-1,100,61,63,-1,82,85,80,-1,80,85,84,-1,80,84,78,-1,78,84,89,-1,78,89,76,-1,76,89,91,-1,76,91,74,-1,74,91,93,-1,74,93,72,-1,72,93,95,-1,72,95,70,-1,70,95,97,-1,70,97,68,-1,68,97,99,-1,68,99,67,-1,67,99,100,-1,67,100,65,-1,65,100,63,-1,55,103,54,-1,54,103,101,-1,54,101,56,-1,56,101,58,-1,64,62,101,-1,101,62,60,-1,101,60,58,-1,87,83,86,-1,86,83,81,-1,86,81,88,-1,88,81,79,-1,88,79,90,-1,90,79,77,-1,90,77,92,-1,92,77,75,-1,92,75,94,-1,94,75,73,-1,94,73,96,-1,96,73,71,-1,96,71,98,-1,98,71,69,-1,98,69,101,-1,101,69,66,-1,101,66,64,-1,104,105,106,-1,106,105,107,-1,104,106,108,-1,104,108,109,-1,109,108,110,-1,109,110,111,-1,111,110,112,-1,111,112,113,-1,113,112,114,-1,113,114,115,-1,115,114,116,-1,115,116,117,-1,117,116,118,-1,117,118,119,-1,120,119,121,-1,121,119,118,-1,120,121,122,-1,122,121,123,-1,122,123,124,-1,124,123,125,-1,124,125,126,-1,126,125,127,-1,126,127,128,-1,128,127,129,-1,128,129,130,-1,130,129,131,-1,130,131,132,-1,132,131,133,-1,134,132,135,-1,135,132,133,-1,136,137,138,-1,138,137,139,-1,136,138,140,-1,136,140,141,-1,141,140,142,-1,141,142,143,-1,143,142,144,-1,143,144,145,-1,145,144,146,-1,145,146,147,-1,147,146,148,-1,147,148,149,-1,149,148,150,-1,149,150,151,-1,152,151,153,-1,153,151,150,-1,154,152,155,-1,155,152,153,-1,105,154,107,-1,107,154,155,-1,154,105,152,-1,152,105,104,-1,152,104,109,-1,109,111,152,-1,152,111,113,-1,152,113,115,-1,134,137,132,-1,132,137,136,-1,132,136,130,-1,130,136,141,-1,130,141,128,-1,128,141,143,-1,128,143,126,-1,126,143,145,-1,126,145,124,-1,124,145,147,-1,124,147,122,-1,122,147,149,-1,122,149,120,-1,120,149,151,-1,120,151,119,-1,119,151,152,-1,119,152,117,-1,117,152,115,-1,107,155,106,-1,106,155,153,-1,106,153,108,-1,108,153,110,-1,139,135,138,-1,138,135,133,-1,138,133,140,-1,140,133,131,-1,140,131,142,-1,142,131,129,-1,142,129,144,-1,144,129,127,-1,144,127,146,-1,146,127,125,-1,146,125,148,-1,148,125,123,-1,148,123,150,-1,150,123,121,-1,150,121,153,-1,153,121,118,-1,153,118,116,-1,116,114,153,-1,153,114,112,-1,153,112,110,-1,156,157,158,-1,158,157,159,-1,160,156,161,-1,161,156,158,-1,162,160,163,-1,163,160,161,-1,164,162,165,-1,165,162,163,-1,164,165,166,-1,164,166,167,-1,167,166,168,-1,167,168,169,-1,169,168,170,-1,169,170,171,-1,171,170,172,-1,171,172,173,-1,173,172,174,-1,173,174,175,-1,175,174,176,-1,175,176,177,-1,178,177,179,-1,179,177,176,-1,180,181,182,-1,182,181,183,-1,180,182,184,-1,184,182,185,-1,184,185,186,-1,186,185,187,-1,186,187,188,-1,188,187,189,-1,188,189,190,-1,190,189,191,-1,190,191,192,-1,192,191,193,-1,192,193,194,-1,194,193,195,-1,196,194,197,-1,197,194,195,-1,196,197,198,-1,196,198,199,-1,199,198,200,-1,199,200,201,-1,201,200,202,-1,201,202,203,-1,203,202,204,-1,203,204,205,-1,205,204,206,-1,205,206,207,-1,207,206,159,-1,207,159,157,-1,156,160,157,-1,157,160,162,-1,157,162,207,-1,207,162,205,-1,199,201,162,-1,162,201,203,-1,162,203,205,-1,178,181,177,-1,177,181,180,-1,177,180,175,-1,175,180,184,-1,175,184,173,-1,173,184,186,-1,173,186,171,-1,171,186,188,-1,171,188,169,-1,169,188,190,-1,169,190,167,-1,167,190,192,-1,167,192,164,-1,164,192,194,-1,164,194,162,-1,162,194,196,-1,162,196,199,-1,161,158,163,-1,163,158,159,-1,163,159,206,-1,206,204,163,-1,163,204,202,-1,163,202,200,-1,183,179,182,-1,182,179,176,-1,182,176,185,-1,185,176,174,-1,185,174,187,-1,187,174,172,-1,187,172,189,-1,189,172,170,-1,189,170,191,-1,191,170,168,-1,191,168,193,-1,193,168,166,-1,193,166,195,-1,195,166,165,-1,195,165,197,-1,197,165,163,-1,197,163,198,-1,198,163,200,-1,
        ]
    }
}
Shape{
    appearance Appearance {
        material  Material 	{
            diffuseColor 0.25098039215686274 0.25098039215686274 0.25098039215686274
            specularColor 0.12549019607843137 0.12549019607843137 0.12549019607843137
            ambientIntensity 0.2
            transparency 0
            shininess 0.5
        }
    }
    geometry IndexedFaceSet {
        ccw TRUE
        solid FALSE
        coord DEF co Coordinate {
            point [
                0.5086 0.8858 0.1969, 0.5086 -0.8858 0.1969, -0.5086 0.8858 0.1969, -0.0883 -0.8858 0.1969, -0.1136 -0.8858 0.1969, -0.1444 -0.8858 0.1969, -0.1886 -0.8858 0.1969, -0.2073 -0.8858 0.1969, -0.2439 -0.8858 0.1969, -0.3116 -0.8858 0.1969, -0.3164 -0.8858 0.1969, -0.3935 -0.8858 0.1969, -0.5086 -0.8858 0.1969, 0.5086 -0.8858 0.0, 0.5086 0.8858 0.0, -0.5086 -0.8858 0.0, -0.5086 0.8858 0.0, 0.4316 0.0858 1.6549, 0.424 0.1216 1.6549, 0.4211 0.1207 1.675, 0.4069 0.1686 1.6549, 0.4029 0.1794 1.6549, 0.4002 0.1782 1.675, 0.3661 0.2446 1.6549, 0.3379 0.2835 1.6549, 0.3356 0.2816 1.675, 0.245 0.3666 1.6549, 0.1933 0.3964 1.6549, 0.192 0.3937 1.675, 0.1684 0.4065 1.6549, 0.1363 0.4195 1.6549, 0.1354 0.4166 1.675, 0.0859 0.432 1.6549, 0.0766 0.4343 1.6549, 0.0761 0.4314 1.675, 0.0 0.4402 1.6549, -0.0461 0.4386 1.6549, -0.0458 0.4357 1.675, -0.1687 0.4073 1.6549, -0.2205 0.382 1.6549, -0.219 0.3794 1.675, -0.2444 0.3658 1.6549, -0.2715 0.3476 1.6549, -0.2697 0.3452 1.675, -0.3116 0.3115 1.6549, -0.3173 0.3064 1.6549, -0.3151 0.3043 1.675, -0.366 0.2446 1.6549, -0.3894 0.2071 1.6549, -0.3868 0.2057 1.675, -0.4322 0.086 1.6549, -0.44 0.0308 1.6549, -0.437 0.0306 1.675, -0.4322 -0.086 1.6549, -0.4314 -0.0917 1.6549, -0.4285 -0.0911 1.675, -0.4066 -0.1684 1.6549, -0.3894 -0.2071 1.6549, -0.3868 -0.2057 1.675, -0.3116 -0.3115 1.6549, -0.2715 -0.3476 1.6549, -0.2697 -0.3452 1.675, -0.1687 -0.4073 1.6549, -0.1652 -0.4089 1.6549, -0.1641 -0.4062 1.675, -0.0859 -0.4316 1.6549, -0.0461 -0.4386 1.6549, -0.0458 -0.4357 1.675, 0.0859 -0.432 1.6549, 0.1363 -0.4195 1.6549, 0.1354 -0.4166 1.675, 0.245 -0.3666 1.6549, 0.2466 -0.3656 1.6549, 0.245 -0.3632 1.675, 0.3111 -0.3112 1.6549, 0.3379 -0.2835 1.6549, 0.3356 -0.2816 1.675, 0.4069 -0.1686 1.6549, 0.424 -0.1216 1.6549, 0.4211 -0.1207 1.675, 0.3588 -0.0504 1.7323, 0.3483 -0.0999 1.7323, 0.3788 -0.0532 1.7297, 0.3677 -0.1054 1.7297, 0.3974 -0.0558 1.722, 0.3857 -0.1106 1.722, 0.4134 -0.0581 1.7097, 0.4013 -0.1151 1.7097, 0.4259 -0.0599 1.6937, 0.4134 -0.1185 1.6937, 0.4338 -0.061 1.675, 0.3073 -0.192 1.7323, 0.2776 -0.2329 1.7323, 0.3244 -0.2027 1.7297, 0.293 -0.2459 1.7297, 0.3403 -0.2127 1.722, 0.3074 -0.2579 1.722, 0.3541 -0.2212 1.7097, 0.3198 -0.2684 1.7097, 0.3647 -0.2279 1.6937, 0.3294 -0.2764 1.6937, 0.3715 -0.2321 1.675, 0.1588 -0.3257 1.7323, 0.112 -0.3446 1.7323, 0.1677 -0.3438 1.7297, 0.1182 -0.3638 1.7297, 0.1759 -0.3607 1.722, 0.124 -0.3817 1.722, 0.183 -0.3753 1.7097, 0.129 -0.3971 1.7097, 0.1885 -0.3865 1.6937, 0.1329 -0.409 1.6937, 0.192 -0.3937 1.675, 0.0126 -0.3621 1.7323, -0.0379 -0.3603 1.7323, 0.0133 -0.3822 1.7297, -0.04 -0.3804 1.7297, 0.014 -0.401 1.722, -0.0419 -0.3991 1.722, 0.0146 -0.4173 1.7097, -0.0436 -0.4152 1.7097, 0.015 -0.4298 1.6937, -0.045 -0.4277 1.6937, 0.0153 -0.4378 1.675, -0.1812 -0.3138 1.7323, -0.2231 -0.2855 1.7323, -0.1912 -0.3312 1.7297, -0.2355 -0.3014 1.7297, -0.2006 -0.3475 1.722, -0.2471 -0.3162 1.722, -0.2088 -0.3616 1.7097, -0.257 -0.329 1.7097, -0.215 -0.3724 1.6937, -0.2648 -0.3389 1.6937, -0.219 -0.3794 1.675, -0.2931 -0.213 1.7323, -0.3199 -0.1701 1.7323, -0.3094 -0.2248 1.7297, -0.3377 -0.1796 1.7297, -0.3247 -0.2359 1.722, -0.3543 -0.1884 1.722, -0.3378 -0.2454 1.7097, -0.3686 -0.196 1.7097, -0.3479 -0.2528 1.6937, -0.3797 -0.2019 1.6937, -0.3544 -0.2575 1.675, -0.3614 -0.0253 1.7323, -0.3614 0.0253 1.7323, -0.3815 -0.0267 1.7297, -0.3815 0.0267 1.7297, -0.4003 -0.028 1.722, -0.4003 0.028 1.722, -0.4165 -0.0291 1.7097, -0.4165 0.0291 1.7097, -0.429 -0.03 1.6937, -0.429 0.03 1.6937, -0.437 -0.0306 1.675, -0.3405 0.1239 1.7323, -0.3199 0.1701 1.7323, -0.3594 0.1308 1.7297, -0.3377 0.1796 1.7297, -0.3771 0.1373 1.722, -0.3543 0.1884 1.722, -0.3923 0.1428 1.7097, -0.3686 0.196 1.7097, -0.4041 0.1471 1.6937, -0.3797 0.2019 1.6937, -0.4117 0.1498 1.675, -0.0877 0.3516 1.7323, -0.0379 0.3603 1.7323, -0.0925 0.3711 1.7297, -0.04 0.3804 1.7297, -0.0971 0.3894 1.722, -0.0419 0.3991 1.722, -0.101 0.4051 1.7097, -0.0436 0.4152 1.7097, -0.104 0.4173 1.6937, -0.045 0.4277 1.6937, -0.106 0.4251 1.675, 0.2424 0.2693 1.7323, 0.2776 0.2329 1.7323, 0.2559 0.2842 1.7297, 0.293 0.2459 1.7297, 0.2685 0.2982 1.722, 0.3074 0.2579 1.722, 0.2794 0.3103 1.7097, 0.3198 0.2684 1.7097, 0.2878 0.3196 1.6937, 0.3294 0.2764 1.6937, 0.2931 0.3256 1.675, 0.3623 -0.0 1.7323, 0.3825 0.0 1.7297, 0.4013 0.0 1.722, 0.4175 0.0 1.7097, 0.43 0.0 1.6937, 0.4381 0.0 1.675, 0.441 0.0 1.6549, 0.4368 -0.0614 1.6549, 0.4316 -0.0858 1.6549, 0.4029 -0.1794 1.6549, 0.4002 -0.1782 1.675, 0.3929 -0.1749 1.6937, 0.3814 -0.1698 1.7097, 0.3666 -0.1632 1.722, 0.3494 -0.1556 1.7297, 0.331 -0.1474 1.7323, 0.374 -0.2337 1.6549, 0.3661 -0.2446 1.6549, 0.2951 -0.3278 1.6549, 0.2931 -0.3256 1.675, 0.2878 -0.3196 1.6937, 0.2794 -0.3103 1.7097, 0.2685 -0.2982 1.722, 0.2559 -0.2842 1.7297, 0.2424 -0.2693 1.7323, 0.2026 -0.3004 1.7323, 0.2139 -0.3171 1.7297, 0.2244 -0.3327 1.722, 0.2335 -0.3461 1.7097, 0.2405 -0.3565 1.6937, 0.1933 -0.3964 1.6549, 0.1684 -0.4065 1.6549, 0.0766 -0.4343 1.6549, 0.0761 -0.4314 1.675, 0.0747 -0.4235 1.6937, 0.0725 -0.4112 1.7097, 0.0697 -0.3952 1.722, 0.0664 -0.3767 1.7297, 0.0629 -0.3568 1.7323, 0.0154 -0.4408 1.6549, 0.0 -0.4402 1.6549, -0.1067 -0.4279 1.6549, -0.106 -0.4251 1.675, -0.104 -0.4173 1.6937, -0.101 -0.4051 1.7097, -0.0971 -0.3894 1.722, -0.0925 -0.3711 1.7297, -0.0877 -0.3516 1.7323, -0.1357 -0.3359 1.7323, -0.1433 -0.3546 1.7297, -0.1503 -0.3721 1.722, -0.1564 -0.3871 1.7097, -0.1611 -0.3987 1.6937, -0.2205 -0.382 1.6549, -0.2444 -0.3658 1.6549, -0.3173 -0.3064 1.6549, -0.3151 -0.3043 1.675, -0.3094 -0.2987 1.6937, -0.3003 -0.29 1.7097, -0.2887 -0.2788 1.722, -0.2751 -0.2657 1.7297, -0.2606 -0.2517 1.7323, -0.3568 -0.2592 1.6549, -0.366 -0.2446 1.6549, -0.4145 -0.1508 1.6549, -0.4117 -0.1498 1.675, -0.4041 -0.1471 1.6937, -0.3923 -0.1428 1.7097, -0.3771 -0.1373 1.722, -0.3594 -0.1308 1.7297, -0.3405 -0.1239 1.7323, -0.3544 -0.0753 1.7323, -0.3741 -0.0795 1.7297, -0.3925 -0.0834 1.722, -0.4084 -0.0868 1.7097, -0.4207 -0.0894 1.6937, -0.44 -0.0308 1.6549, -0.441 -0.0 1.6549, -0.4314 0.0917 1.6549, -0.4285 0.0911 1.675, -0.4207 0.0894 1.6937, -0.4084 0.0868 1.7097, -0.3925 0.0834 1.722, -0.3741 0.0795 1.7297, -0.3544 0.0753 1.7323, -0.4145 0.1508 1.6549, -0.4066 0.1684 1.6549, -0.3568 0.2592 1.6549, -0.3544 0.2575 1.675, -0.3479 0.2528 1.6937, -0.3378 0.2454 1.7097, -0.3247 0.2359 1.722, -0.3094 0.2248 1.7297, -0.2931 0.213 1.7323, -0.2606 0.2517 1.7323, -0.2751 0.2657 1.7297, -0.2887 0.2788 1.722, -0.3003 0.29 1.7097, -0.3094 0.2987 1.6937, -0.2648 0.3389 1.6937, -0.257 0.329 1.7097, -0.2471 0.3162 1.722, -0.2355 0.3014 1.7297, -0.2231 0.2855 1.7323, -0.215 0.3724 1.6937, -0.2088 0.3616 1.7097, -0.2006 0.3475 1.722, -0.1912 0.3312 1.7297, -0.1812 0.3138 1.7323, -0.1652 0.4089 1.6549, -0.1641 0.4062 1.675, -0.1611 0.3987 1.6937, -0.1564 0.3871 1.7097, -0.1503 0.3721 1.722, -0.1433 0.3546 1.7297, -0.1357 0.3359 1.7323, -0.1067 0.4279 1.6549, -0.0859 0.4316 1.6549, 0.0154 0.4408 1.6549, 0.0153 0.4378 1.675, 0.015 0.4298 1.6937, 0.0146 0.4173 1.7097, 0.014 0.401 1.722, 0.0133 0.3822 1.7297, 0.0126 0.3621 1.7323, 0.0629 0.3568 1.7323, 0.0664 0.3767 1.7297, 0.0697 0.3952 1.722, 0.0725 0.4112 1.7097, 0.0747 0.4235 1.6937, 0.1329 0.409 1.6937, 0.129 0.3971 1.7097, 0.124 0.3817 1.722, 0.1182 0.3638 1.7297, 0.112 0.3446 1.7323, 0.1885 0.3865 1.6937, 0.183 0.3753 1.7097, 0.1759 0.3607 1.722, 0.1677 0.3438 1.7297, 0.1588 0.3257 1.7323, 0.2466 0.3656 1.6549, 0.245 0.3632 1.675, 0.2405 0.3565 1.6937, 0.2335 0.3461 1.7097, 0.2244 0.3327 1.722, 0.2139 0.3171 1.7297, 0.2026 0.3004 1.7323, 0.2951 0.3278 1.6549, 0.3111 0.3112 1.6549, 0.374 0.2337 1.6549, 0.3715 0.2321 1.675, 0.3647 0.2279 1.6937, 0.3541 0.2212 1.7097, 0.3403 0.2127 1.722, 0.3244 0.2027 1.7297, 0.3073 0.192 1.7323, 0.331 0.1474 1.7323, 0.3494 0.1556 1.7297, 0.3666 0.1632 1.722, 0.3814 0.1698 1.7097, 0.3929 0.1749 1.6937, 0.4134 0.1185 1.6937, 0.4013 0.1151 1.7097, 0.3857 0.1106 1.722, 0.3677 0.1054 1.7297, 0.3483 0.0999 1.7323, 0.4368 0.0614 1.6549, 0.4338 0.061 1.675, 0.4259 0.0599 1.6937, 0.4134 0.0581 1.7097, 0.3974 0.0558 1.722, 0.3788 0.0532 1.7297, 0.3588 0.0504 1.7323, 0.3588 0.0504 1.7323
            ]
        }
        coordIndex [
            0,1,2,-1,2,1,3,-1,3,4,2,-1,2,4,5,-1,2,5,6,-1,6,7,2,-1,2,7,8,-1,2,8,9,-1,9,10,2,-1,2,10,11,-1,2,11,12,-1,1,0,13,-1,13,0,14,-1,15,16,12,-1,12,16,2,-1,17,18,19,-1,20,21,22,-1,23,24,25,-1,26,27,28,-1,29,30,31,-1,32,33,34,-1,35,36,37,-1,38,39,40,-1,41,42,43,-1,44,45,46,-1,47,48,49,-1,50,51,52,-1,53,54,55,-1,56,57,58,-1,59,60,61,-1,62,63,64,-1,65,66,67,-1,68,69,70,-1,71,72,73,-1,74,75,76,-1,77,78,79,-1,80,81,82,-1,82,81,83,-1,82,83,84,-1,84,83,85,-1,84,85,86,-1,86,85,87,-1,86,87,88,-1,88,87,89,-1,88,89,90,-1,90,89,79,-1,91,92,93,-1,93,92,94,-1,93,94,95,-1,95,94,96,-1,95,96,97,-1,97,96,98,-1,97,98,99,-1,99,98,100,-1,99,100,101,-1,101,100,76,-1,102,103,104,-1,104,103,105,-1,104,105,106,-1,106,105,107,-1,106,107,108,-1,108,107,109,-1,108,109,110,-1,110,109,111,-1,110,111,112,-1,112,111,70,-1,113,114,115,-1,115,114,116,-1,115,116,117,-1,117,116,118,-1,117,118,119,-1,119,118,120,-1,119,120,121,-1,121,120,122,-1,121,122,123,-1,123,122,67,-1,124,125,126,-1,126,125,127,-1,126,127,128,-1,128,127,129,-1,128,129,130,-1,130,129,131,-1,130,131,132,-1,132,131,133,-1,132,133,134,-1,134,133,61,-1,135,136,137,-1,137,136,138,-1,137,138,139,-1,139,138,140,-1,139,140,141,-1,141,140,142,-1,141,142,143,-1,143,142,144,-1,143,144,145,-1,145,144,58,-1,146,147,148,-1,148,147,149,-1,148,149,150,-1,150,149,151,-1,150,151,152,-1,152,151,153,-1,152,153,154,-1,154,153,155,-1,154,155,156,-1,156,155,52,-1,157,158,159,-1,159,158,160,-1,159,160,161,-1,161,160,162,-1,161,162,163,-1,163,162,164,-1,163,164,165,-1,165,164,166,-1,165,166,167,-1,167,166,49,-1,168,169,170,-1,170,169,171,-1,170,171,172,-1,172,171,173,-1,172,173,174,-1,174,173,175,-1,174,175,176,-1,176,175,177,-1,176,177,178,-1,178,177,37,-1,179,180,181,-1,181,180,182,-1,181,182,183,-1,183,182,184,-1,183,184,185,-1,185,184,186,-1,185,186,187,-1,187,186,188,-1,187,188,189,-1,189,188,25,-1,190,80,191,-1,191,80,82,-1,191,82,192,-1,192,82,84,-1,192,84,193,-1,193,84,86,-1,193,86,194,-1,194,86,88,-1,194,88,195,-1,195,88,90,-1,195,90,196,-1,196,90,197,-1,79,78,90,-1,90,78,198,-1,90,198,197,-1,199,77,200,-1,200,77,79,-1,200,79,201,-1,201,79,89,-1,201,89,202,-1,202,89,87,-1,202,87,203,-1,203,87,85,-1,203,85,204,-1,204,85,83,-1,204,83,205,-1,205,83,81,-1,205,91,204,-1,204,91,93,-1,204,93,203,-1,203,93,95,-1,203,95,202,-1,202,95,97,-1,202,97,201,-1,201,97,99,-1,201,99,200,-1,200,99,101,-1,200,101,199,-1,199,101,206,-1,76,75,101,-1,101,75,207,-1,101,207,206,-1,208,74,209,-1,209,74,76,-1,209,76,210,-1,210,76,100,-1,210,100,211,-1,211,100,98,-1,211,98,212,-1,212,98,96,-1,212,96,213,-1,213,96,94,-1,213,94,214,-1,214,94,92,-1,214,215,213,-1,213,215,216,-1,213,216,212,-1,212,216,217,-1,212,217,211,-1,211,217,218,-1,211,218,210,-1,210,218,219,-1,210,219,209,-1,209,219,73,-1,209,73,208,-1,208,73,72,-1,220,71,112,-1,112,71,73,-1,112,73,110,-1,110,73,219,-1,110,219,108,-1,108,219,218,-1,108,218,106,-1,106,218,217,-1,106,217,104,-1,104,217,216,-1,104,216,102,-1,102,216,215,-1,70,69,112,-1,112,69,221,-1,112,221,220,-1,222,68,223,-1,223,68,70,-1,223,70,224,-1,224,70,111,-1,224,111,225,-1,225,111,109,-1,225,109,226,-1,226,109,107,-1,226,107,227,-1,227,107,105,-1,227,105,228,-1,228,105,103,-1,228,113,227,-1,227,113,115,-1,227,115,226,-1,226,115,117,-1,226,117,225,-1,225,117,119,-1,225,119,224,-1,224,119,121,-1,224,121,223,-1,223,121,123,-1,223,123,222,-1,222,123,229,-1,67,66,123,-1,123,66,230,-1,123,230,229,-1,231,65,232,-1,232,65,67,-1,232,67,233,-1,233,67,122,-1,233,122,234,-1,234,122,120,-1,234,120,235,-1,235,120,118,-1,235,118,236,-1,236,118,116,-1,236,116,237,-1,237,116,114,-1,237,238,236,-1,236,238,239,-1,236,239,235,-1,235,239,240,-1,235,240,234,-1,234,240,241,-1,234,241,233,-1,233,241,242,-1,233,242,232,-1,232,242,64,-1,232,64,231,-1,231,64,63,-1,243,62,134,-1,134,62,64,-1,134,64,132,-1,132,64,242,-1,132,242,130,-1,130,242,241,-1,130,241,128,-1,128,241,240,-1,128,240,126,-1,126,240,239,-1,126,239,124,-1,124,239,238,-1,61,60,134,-1,134,60,244,-1,134,244,243,-1,245,59,246,-1,246,59,61,-1,246,61,247,-1,247,61,133,-1,247,133,248,-1,248,133,131,-1,248,131,249,-1,249,131,129,-1,249,129,250,-1,250,129,127,-1,250,127,251,-1,251,127,125,-1,251,135,250,-1,250,135,137,-1,250,137,249,-1,249,137,139,-1,249,139,248,-1,248,139,141,-1,248,141,247,-1,247,141,143,-1,247,143,246,-1,246,143,145,-1,246,145,245,-1,245,145,252,-1,58,57,145,-1,145,57,253,-1,145,253,252,-1,254,56,255,-1,255,56,58,-1,255,58,256,-1,256,58,144,-1,256,144,257,-1,257,144,142,-1,257,142,258,-1,258,142,140,-1,258,140,259,-1,259,140,138,-1,259,138,260,-1,260,138,136,-1,260,261,259,-1,259,261,262,-1,259,262,258,-1,258,262,263,-1,258,263,257,-1,257,263,264,-1,257,264,256,-1,256,264,265,-1,256,265,255,-1,255,265,55,-1,255,55,254,-1,254,55,54,-1,266,53,156,-1,156,53,55,-1,156,55,154,-1,154,55,265,-1,154,265,152,-1,152,265,264,-1,152,264,150,-1,150,264,263,-1,150,263,148,-1,148,263,262,-1,148,262,146,-1,146,262,261,-1,52,51,156,-1,156,51,267,-1,156,267,266,-1,268,50,269,-1,269,50,52,-1,269,52,270,-1,270,52,155,-1,270,155,271,-1,271,155,153,-1,271,153,272,-1,272,153,151,-1,272,151,273,-1,273,151,149,-1,273,149,274,-1,274,149,147,-1,274,157,273,-1,273,157,159,-1,273,159,272,-1,272,159,161,-1,272,161,271,-1,271,161,163,-1,271,163,270,-1,270,163,165,-1,270,165,269,-1,269,165,167,-1,269,167,268,-1,268,167,275,-1,49,48,167,-1,167,48,276,-1,167,276,275,-1,277,47,278,-1,278,47,49,-1,278,49,279,-1,279,49,166,-1,279,166,280,-1,280,166,164,-1,280,164,281,-1,281,164,162,-1,281,162,282,-1,282,162,160,-1,282,160,283,-1,283,160,158,-1,283,284,282,-1,282,284,285,-1,282,285,281,-1,281,285,286,-1,281,286,280,-1,280,286,287,-1,280,287,279,-1,279,287,288,-1,279,288,278,-1,278,288,46,-1,278,46,277,-1,277,46,45,-1,42,44,43,-1,43,44,46,-1,43,46,289,-1,289,46,288,-1,289,288,290,-1,290,288,287,-1,290,287,291,-1,291,287,286,-1,291,286,292,-1,292,286,285,-1,292,285,293,-1,293,285,284,-1,39,41,40,-1,40,41,43,-1,40,43,294,-1,294,43,289,-1,294,289,295,-1,295,289,290,-1,295,290,296,-1,296,290,291,-1,296,291,297,-1,297,291,292,-1,297,292,298,-1,298,292,293,-1,299,38,300,-1,300,38,40,-1,300,40,301,-1,301,40,294,-1,301,294,302,-1,302,294,295,-1,302,295,303,-1,303,295,296,-1,303,296,304,-1,304,296,297,-1,304,297,305,-1,305,297,298,-1,305,168,304,-1,304,168,170,-1,304,170,303,-1,303,170,172,-1,303,172,302,-1,302,172,174,-1,302,174,301,-1,301,174,176,-1,301,176,300,-1,300,176,178,-1,300,178,299,-1,299,178,306,-1,37,36,178,-1,178,36,307,-1,178,307,306,-1,308,35,309,-1,309,35,37,-1,309,37,310,-1,310,37,177,-1,310,177,311,-1,311,177,175,-1,311,175,312,-1,312,175,173,-1,312,173,313,-1,313,173,171,-1,313,171,314,-1,314,171,169,-1,314,315,313,-1,313,315,316,-1,313,316,312,-1,312,316,317,-1,312,317,311,-1,311,317,318,-1,311,318,310,-1,310,318,319,-1,310,319,309,-1,309,319,34,-1,309,34,308,-1,308,34,33,-1,30,32,31,-1,31,32,34,-1,31,34,320,-1,320,34,319,-1,320,319,321,-1,321,319,318,-1,321,318,322,-1,322,318,317,-1,322,317,323,-1,323,317,316,-1,323,316,324,-1,324,316,315,-1,27,29,28,-1,28,29,31,-1,28,31,325,-1,325,31,320,-1,325,320,326,-1,326,320,321,-1,326,321,327,-1,327,321,322,-1,327,322,328,-1,328,322,323,-1,328,323,329,-1,329,323,324,-1,330,26,331,-1,331,26,28,-1,331,28,332,-1,332,28,325,-1,332,325,333,-1,333,325,326,-1,333,326,334,-1,334,326,327,-1,334,327,335,-1,335,327,328,-1,335,328,336,-1,336,328,329,-1,336,179,335,-1,335,179,181,-1,335,181,334,-1,334,181,183,-1,334,183,333,-1,333,183,185,-1,333,185,332,-1,332,185,187,-1,332,187,331,-1,331,187,189,-1,331,189,330,-1,330,189,337,-1,25,24,189,-1,189,24,338,-1,189,338,337,-1,339,23,340,-1,340,23,25,-1,340,25,341,-1,341,25,188,-1,341,188,342,-1,342,188,186,-1,342,186,343,-1,343,186,184,-1,343,184,344,-1,344,184,182,-1,344,182,345,-1,345,182,180,-1,345,346,344,-1,344,346,347,-1,344,347,343,-1,343,347,348,-1,343,348,342,-1,342,348,349,-1,342,349,341,-1,341,349,350,-1,341,350,340,-1,340,350,22,-1,340,22,339,-1,339,22,21,-1,18,20,19,-1,19,20,22,-1,19,22,351,-1,351,22,350,-1,351,350,352,-1,352,350,349,-1,352,349,353,-1,353,349,348,-1,353,348,354,-1,354,348,347,-1,354,347,355,-1,355,347,346,-1,356,17,357,-1,357,17,19,-1,357,19,358,-1,358,19,351,-1,358,351,359,-1,359,351,352,-1,359,352,360,-1,360,352,353,-1,360,353,361,-1,361,353,354,-1,361,354,362,-1,362,354,355,-1,362,190,361,-1,361,190,191,-1,361,191,360,-1,360,191,192,-1,360,192,359,-1,359,192,193,-1,359,193,358,-1,358,193,194,-1,358,194,357,-1,357,194,195,-1,357,195,356,-1,356,195,196,-1,
        ]
    }
}
Shape{
    appearance Appearance {
        material  Material 	{
            diffuseColor 1.0 1.0 1.0
            specularColor 0.5019607843137255 0.5019607843137255 0.5019607843137255
            ambientIntensity 0.2
            transparency 0
            shininess 0.5
        }
    }
    geometry IndexedFaceSet {
        ccw TRUE
        solid FALSE
        coord DEF co Coordinate {
            point [
                -0.3185 -0.8898 0.8181, -0.3185 -0.8898 0.809, -0.3185 -0.8858 0.8181, -0.3185 -0.8858 0.809, -0.3504 -0.8898 0.8181, -0.3504 -0.8858 0.8181, -0.3504 -0.8898 0.8891, -0.3504 -0.8858 0.8891, -0.3607 -0.8898 0.8891, -0.3607 -0.8858 0.8891, -0.3607 -0.8898 0.809, -0.3607 -0.8858 0.809, -0.2774 -0.8898 0.8076, -0.2774 -0.8858 0.8076, -0.2652 -0.8898 0.8088, -0.2704 -0.8858 0.8083, -0.2652 -0.8858 0.8088, -0.2566 -0.8858 0.8116, -0.2566 -0.8898 0.8116, -0.2553 -0.8858 0.8123, -0.2553 -0.8898 0.8123, -0.2553 -0.8898 0.8222, -0.2553 -0.8858 0.8222, -0.2631 -0.8858 0.8187, -0.2631 -0.8898 0.8187, -0.2722 -0.8858 0.817, -0.2722 -0.8898 0.817, -0.2759 -0.8858 0.8168, -0.2759 -0.8898 0.8168, -0.284 -0.8858 0.8178, -0.284 -0.8898 0.8178, -0.2897 -0.8858 0.82, -0.2897 -0.8898 0.82, -0.2949 -0.8858 0.8237, -0.2949 -0.8898 0.8237, -0.2965 -0.8858 0.8253, -0.2965 -0.8898 0.8253, -0.3004 -0.8858 0.8307, -0.3004 -0.8898 0.8307, -0.303 -0.8858 0.8372, -0.303 -0.8898 0.8372, -0.3043 -0.8858 0.8452, -0.3043 -0.8898 0.8452, -0.3044 -0.8858 0.8481, -0.3044 -0.8898 0.8481, -0.303 -0.8858 0.8592, -0.303 -0.8898 0.8592, -0.3003 -0.8858 0.8661, -0.3003 -0.8898 0.8661, -0.2959 -0.8858 0.8722, -0.2959 -0.8898 0.8722, -0.2905 -0.8858 0.8767, -0.2905 -0.8898 0.8767, -0.2842 -0.8858 0.8796, -0.2842 -0.8898 0.8796, -0.2772 -0.8858 0.8809, -0.2772 -0.8898 0.8809, -0.2741 -0.8858 0.8811, -0.2741 -0.8898 0.8811, -0.2643 -0.8858 0.8799, -0.2643 -0.8898 0.8799, -0.2561 -0.8858 0.8768, -0.2561 -0.8898 0.8768, -0.2553 -0.8858 0.8763, -0.2553 -0.8898 0.8763, -0.2553 -0.8898 0.8871, -0.2553 -0.8858 0.8871, -0.2742 -0.8858 0.8904, -0.2742 -0.8898 0.8904, -0.2741 -0.8898 0.8904, -0.2636 -0.8858 0.8896, -0.2636 -0.8898 0.8896, -0.2657 -0.8858 0.8897, -0.2741 -0.8858 0.8904, -0.2797 -0.8858 0.8897, -0.2859 -0.8898 0.889, -0.2859 -0.8858 0.889, -0.2942 -0.8858 0.8857, -0.2942 -0.8898 0.8857, -0.3017 -0.8858 0.8804, -0.3017 -0.8898 0.8804, -0.3036 -0.8858 0.8786, -0.3036 -0.8898 0.8786, -0.3094 -0.8858 0.871, -0.3116 -0.8858 0.8659, -0.3133 -0.8898 0.8621, -0.3094 -0.8898 0.871, -0.3133 -0.8858 0.8621, -0.3151 -0.8858 0.8517, -0.3151 -0.8898 0.8517, -0.3152 -0.8858 0.8475, -0.3152 -0.8898 0.8475, -0.3136 -0.8858 0.8343, -0.3116 -0.8858 0.8293, -0.3103 -0.8898 0.826, -0.3136 -0.8898 0.8343, -0.3103 -0.8858 0.826, -0.3049 -0.8858 0.8186, -0.3049 -0.8898 0.8186, -0.2823 -0.8898 0.8079, -0.2985 -0.8858 0.8132, -0.2985 -0.8898 0.8132, -0.2909 -0.8858 0.8096, -0.2909 -0.8898 0.8096, -0.2844 -0.8858 0.8083, -0.2823 -0.8858 0.8079, -0.1962 -0.8898 0.8181, -0.1962 -0.8898 0.809, -0.1962 -0.8858 0.8181, -0.1962 -0.8858 0.809, -0.2289 -0.8858 0.8181, -0.2289 -0.8898 0.8181, -0.2073 -0.8858 0.8181, -0.2289 -0.8898 0.845, -0.2289 -0.8858 0.845, -0.2003 -0.8898 0.845, -0.2073 -0.8858 0.845, -0.2003 -0.8858 0.845, -0.2003 -0.8898 0.8542, -0.2003 -0.8858 0.8542, -0.2289 -0.8858 0.8542, -0.2289 -0.8898 0.8542, -0.2073 -0.8858 0.8542, -0.2289 -0.8898 0.8798, -0.2289 -0.8858 0.8798, -0.198 -0.8898 0.8798, -0.2073 -0.8858 0.8798, -0.198 -0.8858 0.8798, -0.198 -0.8898 0.8891, -0.198 -0.8858 0.8891, -0.2392 -0.8858 0.8891, -0.2392 -0.8898 0.8891, -0.2073 -0.8858 0.8891, -0.2392 -0.8898 0.809, -0.2392 -0.8858 0.809, -0.2073 -0.8858 0.809, -0.1313 -0.8898 0.8314, -0.1353 -0.8898 0.8265, -0.1279 -0.8898 0.8202, -0.1367 -0.8898 0.8251, -0.1362 -0.8898 0.8143, -0.142 -0.8898 0.8217, -0.1453 -0.8898 0.8107, -0.1489 -0.8898 0.8192, -0.159 -0.8898 0.809, -0.1591 -0.8898 0.8181, -0.181 -0.8898 0.809, -0.1707 -0.8898 0.8181, -0.181 -0.8898 0.8891, -0.1707 -0.8898 0.8798, -0.1582 -0.8898 0.8891, -0.1586 -0.8898 0.8798, -0.146 -0.8898 0.8877, -0.1483 -0.8898 0.8787, -0.1363 -0.8898 0.8842, -0.1414 -0.8898 0.8762, -0.1279 -0.8898 0.8785, -0.1355 -0.8898 0.8723, -0.1252 -0.8898 0.8757, -0.1329 -0.8898 0.8697, -0.1202 -0.8898 0.8688, -0.1299 -0.8898 0.865, -0.1172 -0.8898 0.8612, -0.1277 -0.8898 0.859, -0.1159 -0.8898 0.85, -0.1267 -0.8898 0.8498, -0.1161 -0.8898 0.845, -0.127 -0.8898 0.8447, -0.118 -0.8898 0.8356, -0.1285 -0.8898 0.8374, -0.122 -0.8898 0.8273, -0.159 -0.8858 0.809, -0.181 -0.8858 0.809, -0.1279 -0.8858 0.8202, -0.1453 -0.8858 0.8107, -0.1444 -0.8858 0.811, -0.1362 -0.8858 0.8143, -0.122 -0.8858 0.8273, -0.118 -0.8858 0.8356, -0.1161 -0.8858 0.845, -0.1159 -0.8858 0.85, -0.1172 -0.8858 0.8612, -0.1202 -0.8858 0.8688, -0.1252 -0.8858 0.8757, -0.1279 -0.8858 0.8785, -0.1582 -0.8858 0.8891, -0.1363 -0.8858 0.8842, -0.1444 -0.8858 0.8871, -0.146 -0.8858 0.8877, -0.181 -0.8858 0.8891, -0.1586 -0.8858 0.8798, -0.1707 -0.8858 0.8798, -0.1707 -0.8858 0.8181, -0.1591 -0.8858 0.8181, -0.1353 -0.8858 0.8265, -0.1367 -0.8858 0.8251, -0.142 -0.8858 0.8217, -0.1489 -0.8858 0.8192, -0.1267 -0.8858 0.8498, -0.127 -0.8858 0.8447, -0.1285 -0.8858 0.8374, -0.1313 -0.8858 0.8314, -0.1355 -0.8858 0.8723, -0.1329 -0.8858 0.8697, -0.1299 -0.8858 0.865, -0.1277 -0.8858 0.859, -0.1483 -0.8858 0.8787, -0.1414 -0.8858 0.8762, -0.1414 -0.8858 0.8762
            ]
        }
        coordIndex [
            0,1,2,-1,2,1,3,-1,4,0,5,-1,5,0,2,-1,6,4,7,-1,7,4,5,-1,8,6,9,-1,9,6,7,-1,10,8,11,-1,11,8,9,-1,1,10,3,-1,3,10,11,-1,6,8,4,-1,4,8,10,-1,4,10,0,-1,0,10,1,-1,12,13,14,-1,14,13,15,-1,15,16,14,-1,14,16,17,-1,14,17,18,-1,18,17,19,-1,18,19,20,-1,21,20,22,-1,22,20,19,-1,21,22,23,-1,21,23,24,-1,24,23,25,-1,24,25,26,-1,26,25,27,-1,26,27,28,-1,28,27,29,-1,28,29,30,-1,30,29,31,-1,30,31,32,-1,32,31,33,-1,32,33,34,-1,34,33,35,-1,34,35,36,-1,36,35,37,-1,36,37,38,-1,38,37,39,-1,38,39,40,-1,40,39,41,-1,40,41,42,-1,42,41,43,-1,42,43,44,-1,44,43,45,-1,44,45,46,-1,46,45,47,-1,46,47,48,-1,48,47,49,-1,48,49,50,-1,50,49,51,-1,50,51,52,-1,52,51,53,-1,52,53,54,-1,54,53,55,-1,54,55,56,-1,56,55,57,-1,56,57,58,-1,58,57,59,-1,58,59,60,-1,60,59,61,-1,60,61,62,-1,62,61,63,-1,62,63,64,-1,65,64,66,-1,66,64,63,-1,67,68,69,-1,65,66,70,-1,65,70,71,-1,71,70,72,-1,71,72,69,-1,69,72,73,-1,69,73,67,-1,68,67,74,-1,68,74,75,-1,74,76,75,-1,75,76,77,-1,75,77,78,-1,78,77,79,-1,78,79,80,-1,80,79,81,-1,80,81,82,-1,82,81,83,-1,84,85,83,-1,83,85,86,-1,83,86,82,-1,84,87,85,-1,85,87,88,-1,85,88,89,-1,89,88,90,-1,89,90,91,-1,91,90,92,-1,93,94,92,-1,92,94,95,-1,92,95,91,-1,93,96,94,-1,94,96,97,-1,94,97,98,-1,13,12,99,-1,98,97,100,-1,98,100,101,-1,101,100,102,-1,101,102,103,-1,103,102,104,-1,103,104,99,-1,99,104,105,-1,99,105,13,-1,62,64,65,-1,52,80,50,-1,50,80,82,-1,50,82,48,-1,48,82,86,-1,48,86,46,-1,62,65,60,-1,60,65,71,-1,60,71,58,-1,58,71,69,-1,58,69,56,-1,56,69,68,-1,56,68,54,-1,54,68,75,-1,54,75,52,-1,52,75,78,-1,52,78,80,-1,91,44,89,-1,89,44,46,-1,89,46,85,-1,85,46,86,-1,20,21,18,-1,18,21,24,-1,18,24,14,-1,14,24,26,-1,14,26,12,-1,12,26,28,-1,12,28,99,-1,99,28,30,-1,99,30,103,-1,103,30,32,-1,103,32,101,-1,101,32,34,-1,101,34,98,-1,98,34,36,-1,98,36,94,-1,94,36,38,-1,94,38,95,-1,95,38,40,-1,95,40,91,-1,91,40,42,-1,91,42,44,-1,106,107,108,-1,108,107,109,-1,110,111,112,-1,112,111,106,-1,112,106,108,-1,113,111,114,-1,114,111,110,-1,113,114,115,-1,115,114,116,-1,115,116,117,-1,118,115,119,-1,119,115,117,-1,120,121,122,-1,122,121,118,-1,122,118,119,-1,123,121,124,-1,124,121,120,-1,123,124,125,-1,125,124,126,-1,125,126,127,-1,128,125,129,-1,129,125,127,-1,130,131,132,-1,132,131,128,-1,132,128,129,-1,133,131,134,-1,134,131,130,-1,133,134,107,-1,107,134,135,-1,107,135,109,-1,133,107,106,-1,106,111,133,-1,133,111,113,-1,133,113,131,-1,125,128,123,-1,123,128,131,-1,123,131,121,-1,121,131,113,-1,121,113,118,-1,118,113,115,-1,136,137,138,-1,138,137,139,-1,138,139,140,-1,140,139,141,-1,140,141,142,-1,142,141,143,-1,142,143,144,-1,144,143,145,-1,144,145,146,-1,146,145,147,-1,146,147,148,-1,148,147,149,-1,148,149,150,-1,150,149,151,-1,150,151,152,-1,152,151,153,-1,152,153,154,-1,154,153,155,-1,154,155,156,-1,156,155,157,-1,156,157,158,-1,158,157,159,-1,158,159,160,-1,160,159,161,-1,160,161,162,-1,162,161,163,-1,162,163,164,-1,164,163,165,-1,164,165,166,-1,166,165,167,-1,166,167,168,-1,168,167,169,-1,168,169,170,-1,170,169,136,-1,170,136,138,-1,144,146,171,-1,171,146,172,-1,173,138,140,-1,144,171,174,-1,144,174,142,-1,142,174,175,-1,142,175,140,-1,140,175,176,-1,140,176,173,-1,138,173,177,-1,138,177,170,-1,170,177,178,-1,170,178,168,-1,168,178,179,-1,168,179,166,-1,166,179,180,-1,166,180,164,-1,164,180,181,-1,164,181,162,-1,162,181,182,-1,162,182,160,-1,160,182,183,-1,160,183,158,-1,158,183,184,-1,158,184,156,-1,185,150,152,-1,156,184,186,-1,156,186,154,-1,154,186,187,-1,154,187,152,-1,152,187,188,-1,152,188,185,-1,148,150,189,-1,189,150,185,-1,146,148,172,-1,172,148,189,-1,151,149,190,-1,190,149,191,-1,149,147,191,-1,191,147,192,-1,147,145,192,-1,192,145,193,-1,137,194,195,-1,137,195,139,-1,139,195,196,-1,139,196,141,-1,141,196,197,-1,141,197,143,-1,143,197,193,-1,143,193,145,-1,165,198,199,-1,165,199,167,-1,167,199,200,-1,167,200,169,-1,169,200,201,-1,169,201,136,-1,136,201,194,-1,136,194,137,-1,157,202,203,-1,157,203,159,-1,159,203,204,-1,159,204,161,-1,161,204,205,-1,161,205,163,-1,163,205,198,-1,163,198,165,-1,151,190,206,-1,151,206,153,-1,153,206,207,-1,153,207,155,-1,155,207,202,-1,155,202,157,-1,
        ]
    }
}
Shape{
    appearance Appearance {
        material  Material 	{
            diffuseColor 0.25098039215686274 0.25098039215686274 0.25098039215686274
            specularColor 0.12549019607843137 0.12549019607843137 0.12549019607843137
            ambientIntensity 0.2
            transparency 0
            shininess 0.5
        }
    }
    geometry IndexedFaceSet {
        ccw TRUE
        solid FALSE
        coord DEF co Coordinate {
            point [
                -0.1707 -0.8858 0.8798, -0.1707 -0.8858 0.8181, -0.1586 -0.8858 0.8798, -0.1591 -0.8858 0.8181, -0.1489 -0.8858 0.8192, -0.142 -0.8858 0.8217, -0.1367 -0.8858 0.8251, -0.1353 -0.8858 0.8265, -0.1313 -0.8858 0.8314, -0.1285 -0.8858 0.8374, -0.127 -0.8858 0.8447, -0.1267 -0.8858 0.8498, -0.1277 -0.8858 0.859, -0.1299 -0.8858 0.865, -0.1329 -0.8858 0.8697, -0.1355 -0.8858 0.8723, -0.1483 -0.8858 0.8787, -0.1414 -0.8858 0.8762, -0.1414 -0.8858 0.8762
            ]
        }
        coordIndex [
            0,1,2,-1,2,1,3,-1,2,3,4,-1,4,5,2,-1,2,5,6,-1,2,6,7,-1,7,8,2,-1,2,8,9,-1,2,9,10,-1,10,11,2,-1,2,11,12,-1,2,12,13,-1,13,14,2,-1,2,14,15,-1,2,15,16,-1,16,15,17,-1,
        ]
    }
}
Shape{
    appearance Appearance {
        material  Material 	{
            diffuseColor 1.0 1.0 1.0
            specularColor 0.5019607843137255 0.5019607843137255 0.5019607843137255
            ambientIntensity 0.2
            transparency 0
            shininess 0.5
        }
    }
    geometry IndexedFaceSet {
        ccw TRUE
        solid FALSE
        coord DEF co Coordinate {
            point [
                -0.089 -0.8898 0.8399, -0.0923 -0.8898 0.8309, -0.0621 -0.8898 0.8399, -0.059 -0.8898 0.8309, -0.077 -0.8898 0.8732, -0.0809 -0.8898 0.8891, -0.1114 -0.8898 0.809, -0.1 -0.8898 0.809, -0.0764 -0.8898 0.8756, -0.0757 -0.8898 0.8788, -0.0699 -0.8898 0.8891, -0.0755 -0.8898 0.8788, -0.0748 -0.8898 0.8754, -0.0742 -0.8898 0.8732, -0.0394 -0.8898 0.809, -0.0508 -0.8898 0.809, -0.0699 -0.8858 0.8891, -0.0394 -0.8858 0.809, -0.0809 -0.8858 0.8891, -0.1114 -0.8858 0.809, -0.0883 -0.8858 0.8696, -0.1 -0.8858 0.809, -0.0923 -0.8858 0.8309, -0.059 -0.8858 0.8309, -0.0883 -0.8858 0.8309, -0.0508 -0.8858 0.809, -0.089 -0.8858 0.8399, -0.0621 -0.8858 0.8399, -0.0742 -0.8858 0.8732, -0.0755 -0.8858 0.8788, -0.0748 -0.8858 0.8754, -0.0757 -0.8858 0.8788, -0.077 -0.8858 0.8732, -0.0764 -0.8858 0.8756, -0.0764 -0.8858 0.8756
            ]
        }
        coordIndex [
            0,1,2,-1,2,1,3,-1,4,5,0,-1,0,5,6,-1,0,6,1,-1,1,6,7,-1,4,8,5,-1,5,8,9,-1,5,9,10,-1,10,9,11,-1,10,11,12,-1,12,13,10,-1,10,13,2,-1,10,2,14,-1,14,2,3,-1,14,3,15,-1,10,14,16,-1,16,14,17,-1,5,10,18,-1,18,10,16,-1,19,6,20,-1,20,6,5,-1,20,5,18,-1,7,6,21,-1,21,6,19,-1,1,7,22,-1,22,7,21,-1,23,3,24,-1,24,3,1,-1,24,1,22,-1,15,3,25,-1,25,3,23,-1,14,15,17,-1,17,15,25,-1,0,2,26,-1,26,2,27,-1,2,13,27,-1,27,13,28,-1,11,29,30,-1,11,30,12,-1,12,30,28,-1,12,28,13,-1,11,9,29,-1,29,9,31,-1,4,32,33,-1,4,33,8,-1,8,33,31,-1,8,31,9,-1,4,0,32,-1,32,0,26,-1,
        ]
    }
}
Shape{
    appearance Appearance {
        material  Material 	{
            diffuseColor 0.25098039215686274 0.25098039215686274 0.25098039215686274
            specularColor 0.12549019607843137 0.12549019607843137 0.12549019607843137
            ambientIntensity 0.2
            transparency 0
            shininess 0.5
        }
    }
    geometry IndexedFaceSet {
        ccw TRUE
        solid FALSE
        coord DEF co Coordinate {
            point [
                -0.0755 -0.8858 0.8788, -0.0757 -0.8858 0.8788, -0.0748 -0.8858 0.8754, -0.0764 -0.8858 0.8756, -0.0742 -0.8858 0.8732, -0.077 -0.8858 0.8732, -0.0621 -0.8858 0.8399, -0.089 -0.8858 0.8399, -0.089 -0.8858 0.8399
            ]
        }
        coordIndex [
            0,1,2,-1,2,1,3,-1,2,3,4,-1,4,3,5,-1,4,5,6,-1,6,5,7,-1,
        ]
    }
}
Shape{
    appearance Appearance {
        material  Material 	{
            diffuseColor 1.0 1.0 1.0
            specularColor 0.5019607843137255 0.5019607843137255 0.5019607843137255
            ambientIntensity 0.2
            transparency 0
            shininess 0.5
        }
    }
    geometry IndexedFaceSet {
        ccw TRUE
        solid FALSE
        coord DEF co Coordinate {
            point [
                -0.3176 -0.8898 0.6911, -0.3176 -0.8898 0.682, -0.3176 -0.8858 0.6911, -0.3176 -0.8858 0.682, -0.3504 -0.8898 0.6911, -0.3504 -0.8858 0.6911, -0.3504 -0.8898 0.718, -0.3504 -0.8858 0.718, -0.3217 -0.8898 0.718, -0.3217 -0.8858 0.718, -0.3217 -0.8898 0.7272, -0.3217 -0.8858 0.7272, -0.3504 -0.8898 0.7272, -0.3504 -0.8858 0.7272, -0.3504 -0.8898 0.7528, -0.3504 -0.8858 0.7528, -0.3195 -0.8898 0.7528, -0.3195 -0.8858 0.7528, -0.3195 -0.8898 0.762, -0.3195 -0.8858 0.762, -0.3607 -0.8898 0.762, -0.3607 -0.8858 0.762, -0.3607 -0.8898 0.682, -0.3607 -0.8858 0.682, -0.2621 -0.8898 0.7188, -0.2721 -0.8898 0.7107, -0.2721 -0.8898 0.7052, -0.2724 -0.8898 0.6908, -0.2721 -0.8898 0.6908, -0.2727 -0.8898 0.7004, -0.2721 -0.8898 0.682, -0.2621 -0.8898 0.682, -0.2978 -0.8898 0.6997, -0.2973 -0.8898 0.702, -0.306 -0.8898 0.7063, -0.304 -0.8898 0.7092, -0.2964 -0.8898 0.7039, -0.3009 -0.8898 0.7119, -0.2952 -0.8898 0.7053, -0.2967 -0.8898 0.7141, -0.2958 -0.8898 0.6923, -0.3031 -0.8898 0.6851, -0.295 -0.8898 0.6914, -0.2998 -0.8898 0.6828, -0.293 -0.8898 0.6901, -0.296 -0.8898 0.6813, -0.2907 -0.8898 0.6892, -0.2899 -0.8898 0.6806, -0.2873 -0.8898 0.6888, -0.2849 -0.8898 0.6811, -0.2831 -0.8898 0.6894, -0.2808 -0.8898 0.6826, -0.2802 -0.8898 0.6905, -0.2772 -0.8898 0.685, -0.2774 -0.8898 0.6925, -0.274 -0.8898 0.6884, -0.2764 -0.8898 0.6935, -0.2741 -0.8898 0.6968, -0.2939 -0.8898 0.7063, -0.2916 -0.8898 0.7075, -0.2891 -0.8898 0.7159, -0.2855 -0.8898 0.7089, -0.2721 -0.8898 0.7183, -0.3074 -0.8898 0.7028, -0.308 -0.8898 0.6985, -0.2979 -0.8898 0.6981, -0.308 -0.8898 0.6973, -0.2976 -0.8898 0.6958, -0.3075 -0.8898 0.6926, -0.297 -0.8898 0.694, -0.3063 -0.8898 0.6892, -0.3042 -0.8898 0.6862, -0.3025 -0.8898 0.7351, -0.3025 -0.8898 0.7254, -0.3004 -0.8898 0.7363, -0.2955 -0.8898 0.7298, -0.293 -0.8898 0.7392, -0.2892 -0.8898 0.7318, -0.2828 -0.8898 0.7405, -0.2837 -0.8898 0.7323, -0.2768 -0.8898 0.7399, -0.2803 -0.8898 0.7319, -0.2726 -0.8898 0.7387, -0.2779 -0.8898 0.7311, -0.2692 -0.8898 0.7368, -0.2762 -0.8898 0.73, -0.2665 -0.8898 0.7342, -0.2747 -0.8898 0.7284, -0.2645 -0.8898 0.731, -0.2735 -0.8898 0.7263, -0.2629 -0.8898 0.7265, -0.2725 -0.8898 0.7227, -0.2828 -0.8858 0.7405, -0.293 -0.8858 0.7392, -0.3004 -0.8858 0.7363, -0.3025 -0.8858 0.7351, -0.3025 -0.8858 0.7254, -0.2955 -0.8858 0.7298, -0.2892 -0.8858 0.7318, -0.2837 -0.8858 0.7323, -0.2803 -0.8858 0.7319, -0.2779 -0.8858 0.7311, -0.2762 -0.8858 0.73, -0.2747 -0.8858 0.7284, -0.2735 -0.8858 0.7263, -0.2725 -0.8858 0.7227, -0.2721 -0.8858 0.7183, -0.2891 -0.8858 0.7159, -0.2967 -0.8858 0.7141, -0.3009 -0.8858 0.7119, -0.304 -0.8858 0.7092, -0.306 -0.8858 0.7063, -0.3074 -0.8858 0.7028, -0.308 -0.8858 0.6985, -0.308 -0.8858 0.6973, -0.3075 -0.8858 0.6926, -0.3063 -0.8858 0.6892, -0.3042 -0.8858 0.6862, -0.3031 -0.8858 0.6851, -0.2899 -0.8858 0.6806, -0.2956 -0.8858 0.6813, -0.296 -0.8858 0.6813, -0.2998 -0.8858 0.6828, -0.2849 -0.8858 0.6811, -0.2845 -0.8858 0.6813, -0.2808 -0.8858 0.6826, -0.2772 -0.8858 0.685, -0.274 -0.8858 0.6884, -0.2724 -0.8858 0.6908, -0.2721 -0.8858 0.6908, -0.2721 -0.8858 0.682, -0.2621 -0.8858 0.682, -0.2621 -0.8858 0.7188, -0.2629 -0.8858 0.7265, -0.2645 -0.8858 0.731, -0.2665 -0.8858 0.7342, -0.2692 -0.8858 0.7368, -0.2726 -0.8858 0.7387, -0.2768 -0.8858 0.7399, -0.2952 -0.8858 0.7053, -0.2939 -0.8858 0.7063, -0.2916 -0.8858 0.7075, -0.2855 -0.8858 0.7089, -0.2979 -0.8858 0.6981, -0.2978 -0.8858 0.6997, -0.2973 -0.8858 0.702, -0.2964 -0.8858 0.7039, -0.295 -0.8858 0.6914, -0.2958 -0.8858 0.6923, -0.297 -0.8858 0.694, -0.2976 -0.8858 0.6958, -0.2873 -0.8858 0.6888, -0.2907 -0.8858 0.6892, -0.293 -0.8858 0.6901, -0.2764 -0.8858 0.6935, -0.2774 -0.8858 0.6925, -0.2802 -0.8858 0.6905, -0.2831 -0.8858 0.6894, -0.2721 -0.8858 0.7052, -0.2727 -0.8858 0.7004, -0.2741 -0.8858 0.6968, -0.2721 -0.8858 0.7107, -0.2721 -0.8858 0.7107
            ]
        }
        coordIndex [
            0,1,2,-1,2,1,3,-1,4,0,5,-1,5,0,2,-1,6,4,7,-1,7,4,5,-1,8,6,9,-1,9,6,7,-1,10,8,11,-1,11,8,9,-1,12,10,13,-1,13,10,11,-1,14,12,15,-1,15,12,13,-1,16,14,17,-1,17,14,15,-1,18,16,19,-1,19,16,17,-1,20,18,21,-1,21,18,19,-1,22,20,23,-1,23,20,21,-1,1,22,3,-1,3,22,23,-1,22,1,0,-1,0,4,22,-1,22,4,6,-1,22,6,20,-1,16,18,14,-1,14,18,20,-1,14,20,12,-1,12,20,6,-1,12,6,10,-1,10,6,8,-1,24,25,26,-1,27,28,29,-1,30,31,28,-1,28,31,24,-1,28,24,29,-1,29,24,26,-1,32,33,34,-1,34,33,35,-1,35,33,36,-1,35,36,37,-1,37,36,38,-1,37,38,39,-1,40,41,42,-1,42,41,43,-1,42,43,44,-1,44,43,45,-1,44,45,46,-1,46,45,47,-1,46,47,48,-1,48,47,49,-1,48,49,50,-1,50,49,51,-1,50,51,52,-1,52,51,53,-1,52,53,54,-1,54,53,55,-1,54,55,56,-1,56,55,27,-1,56,27,57,-1,57,27,29,-1,38,58,39,-1,39,58,59,-1,39,59,60,-1,60,59,61,-1,60,61,62,-1,34,63,32,-1,32,63,64,-1,32,64,65,-1,65,64,66,-1,65,66,67,-1,67,66,68,-1,67,68,69,-1,69,68,70,-1,69,70,40,-1,40,70,71,-1,40,71,41,-1,72,73,74,-1,74,73,75,-1,74,75,76,-1,76,75,77,-1,76,77,78,-1,78,77,79,-1,78,79,80,-1,80,79,81,-1,80,81,82,-1,82,81,83,-1,82,83,84,-1,84,83,85,-1,84,85,86,-1,86,85,87,-1,86,87,88,-1,88,87,89,-1,88,89,90,-1,90,89,91,-1,90,91,24,-1,24,91,62,-1,24,62,25,-1,25,62,61,-1,78,92,93,-1,78,93,76,-1,76,93,94,-1,76,94,74,-1,74,94,95,-1,74,95,72,-1,73,72,96,-1,96,72,95,-1,73,96,97,-1,73,97,75,-1,75,97,98,-1,75,98,77,-1,77,98,99,-1,77,99,79,-1,79,99,100,-1,79,100,81,-1,81,100,101,-1,81,101,83,-1,83,101,102,-1,83,102,85,-1,85,102,103,-1,85,103,87,-1,87,103,104,-1,87,104,89,-1,89,104,105,-1,89,105,91,-1,91,105,106,-1,91,106,62,-1,60,62,107,-1,107,62,106,-1,60,107,108,-1,60,108,39,-1,39,108,109,-1,39,109,37,-1,37,109,110,-1,37,110,35,-1,35,110,111,-1,35,111,34,-1,34,111,112,-1,34,112,63,-1,63,112,113,-1,63,113,64,-1,64,113,114,-1,64,114,66,-1,66,114,115,-1,66,115,68,-1,68,115,116,-1,68,116,70,-1,70,116,117,-1,70,117,71,-1,71,117,118,-1,71,118,41,-1,119,47,120,-1,120,47,45,-1,120,45,121,-1,121,45,43,-1,121,43,122,-1,122,43,41,-1,122,41,118,-1,47,119,123,-1,47,123,49,-1,49,123,124,-1,49,124,51,-1,124,125,51,-1,51,125,126,-1,51,126,53,-1,53,126,127,-1,53,127,55,-1,55,127,128,-1,55,128,27,-1,28,27,129,-1,129,27,128,-1,30,28,130,-1,130,28,129,-1,31,30,131,-1,131,30,130,-1,24,31,132,-1,132,31,131,-1,24,132,133,-1,24,133,90,-1,90,133,134,-1,90,134,88,-1,88,134,135,-1,88,135,86,-1,86,135,136,-1,86,136,84,-1,84,136,137,-1,84,137,82,-1,82,137,138,-1,82,138,80,-1,80,138,92,-1,80,92,78,-1,38,139,140,-1,38,140,58,-1,58,140,141,-1,58,141,59,-1,59,141,142,-1,59,142,61,-1,65,143,144,-1,65,144,32,-1,32,144,145,-1,32,145,33,-1,33,145,146,-1,33,146,36,-1,36,146,139,-1,36,139,38,-1,42,147,148,-1,42,148,40,-1,40,148,149,-1,40,149,69,-1,69,149,150,-1,69,150,67,-1,67,150,143,-1,67,143,65,-1,48,151,152,-1,48,152,46,-1,46,152,153,-1,46,153,44,-1,44,153,147,-1,44,147,42,-1,56,154,155,-1,56,155,54,-1,54,155,156,-1,54,156,52,-1,52,156,157,-1,52,157,50,-1,50,157,151,-1,50,151,48,-1,26,158,159,-1,26,159,29,-1,29,159,160,-1,29,160,57,-1,57,160,154,-1,57,154,56,-1,26,25,158,-1,158,25,161,-1,25,61,161,-1,161,61,142,-1,
        ]
    }
}
Shape{
    appearance Appearance {
        material  Material 	{
            diffuseColor 0.25098039215686274 0.25098039215686274 0.25098039215686274
            specularColor 0.12549019607843137 0.12549019607843137 0.12549019607843137
            ambientIntensity 0.2
            transparency 0
            shininess 0.5
        }
    }
    geometry IndexedFaceSet {
        ccw TRUE
        solid FALSE
        coord DEF co Coordinate {
            point [
                -0.2721 -0.8858 0.7052, -0.2721 -0.8858 0.7107, -0.2855 -0.8858 0.7089, -0.2774 -0.8858 0.6925, -0.2764 -0.8858 0.6935, -0.2916 -0.8858 0.7075, -0.2939 -0.8858 0.7063, -0.2831 -0.8858 0.6894, -0.2802 -0.8858 0.6905, -0.2741 -0.8858 0.6968, -0.2727 -0.8858 0.7004, -0.2952 -0.8858 0.7053, -0.2964 -0.8858 0.7039, -0.2973 -0.8858 0.702, -0.2978 -0.8858 0.6997, -0.2979 -0.8858 0.6981, -0.2976 -0.8858 0.6958, -0.293 -0.8858 0.6901, -0.2907 -0.8858 0.6892, -0.295 -0.8858 0.6914, -0.2873 -0.8858 0.6888, -0.297 -0.8858 0.694, -0.2958 -0.8858 0.6923, -0.2958 -0.8858 0.6923
            ]
        }
        coordIndex [
            0,1,2,-1,3,4,2,-1,5,6,7,-1,5,7,2,-1,2,7,8,-1,2,8,3,-1,4,9,2,-1,2,9,10,-1,2,10,0,-1,6,11,7,-1,7,11,12,-1,7,12,13,-1,13,14,7,-1,7,14,15,-1,7,15,16,-1,17,18,19,-1,19,18,20,-1,19,20,7,-1,16,21,7,-1,7,21,22,-1,7,22,19,-1,
        ]
    }
}
Shape{
    appearance Appearance {
        material  Material 	{
            diffuseColor 1.0 1.0 1.0
            specularColor 0.5019607843137255 0.5019607843137255 0.5019607843137255
            ambientIntensity 0.2
            transparency 0
            shininess 0.5
        }
    }
    geometry IndexedFaceSet {
        ccw TRUE
        solid FALSE
        coord DEF co Coordinate {
            point [
                -0.2485 -0.8858 0.6943, -0.2485 -0.8898 0.6943, -0.2449 -0.8898 0.6921, -0.232 -0.8898 0.6888, -0.232 -0.8858 0.6888, -0.2386 -0.8858 0.6896, -0.2386 -0.8898 0.6896, -0.2439 -0.8858 0.6917, -0.2449 -0.8858 0.6921, -0.2485 -0.8898 0.684, -0.2485 -0.8858 0.684, -0.2415 -0.8898 0.6815, -0.2439 -0.8858 0.6823, -0.233 -0.8858 0.6806, -0.233 -0.8898 0.6806, -0.2395 -0.8858 0.6813, -0.2415 -0.8858 0.6815, -0.2239 -0.8898 0.6817, -0.2273 -0.8858 0.6813, -0.2239 -0.8858 0.6817, -0.2186 -0.8858 0.6837, -0.2186 -0.8898 0.6837, -0.2163 -0.8858 0.6852, -0.2163 -0.8898 0.6852, -0.2132 -0.8858 0.688, -0.2132 -0.8898 0.688, -0.2114 -0.8858 0.6906, -0.2114 -0.8898 0.6906, -0.2103 -0.8858 0.6939, -0.2103 -0.8898 0.6939, -0.2099 -0.8858 0.6975, -0.2099 -0.8898 0.6975, -0.2103 -0.8858 0.7013, -0.2103 -0.8898 0.7013, -0.2114 -0.8858 0.7042, -0.2114 -0.8898 0.7042, -0.2132 -0.8858 0.707, -0.2132 -0.8898 0.707, -0.2156 -0.8858 0.7091, -0.2156 -0.8898 0.7091, -0.2223 -0.8858 0.7128, -0.2223 -0.8898 0.7128, -0.2262 -0.8858 0.7144, -0.2262 -0.8898 0.7144, -0.2324 -0.8858 0.7171, -0.2324 -0.8898 0.7171, -0.2359 -0.8858 0.7193, -0.2359 -0.8898 0.7193, -0.2369 -0.8858 0.7204, -0.2369 -0.8898 0.7204, -0.2376 -0.8858 0.7217, -0.2376 -0.8898 0.7217, -0.238 -0.8858 0.7233, -0.238 -0.8898 0.7233, -0.2381 -0.8858 0.7246, -0.2381 -0.8898 0.7246, -0.2379 -0.8858 0.7262, -0.2379 -0.8898 0.7262, -0.2374 -0.8858 0.7276, -0.2374 -0.8898 0.7276, -0.2366 -0.8858 0.7288, -0.2366 -0.8898 0.7288, -0.2351 -0.8858 0.7302, -0.2351 -0.8898 0.7302, -0.2328 -0.8858 0.7314, -0.2328 -0.8898 0.7314, -0.2301 -0.8858 0.7321, -0.2301 -0.8898 0.7321, -0.2272 -0.8858 0.7323, -0.2272 -0.8898 0.7323, -0.2201 -0.8858 0.7315, -0.2201 -0.8898 0.7315, -0.2145 -0.8858 0.7293, -0.2145 -0.8898 0.7293, -0.2126 -0.8858 0.7282, -0.2126 -0.8898 0.7282, -0.2126 -0.8898 0.7379, -0.2126 -0.8858 0.7379, -0.2191 -0.8858 0.7398, -0.2191 -0.8898 0.7398, -0.2262 -0.8858 0.7405, -0.2262 -0.8898 0.7405, -0.2342 -0.8858 0.7395, -0.2342 -0.8898 0.7395, -0.2396 -0.8858 0.7374, -0.2396 -0.8898 0.7374, -0.242 -0.8858 0.7359, -0.242 -0.8898 0.7359, -0.2439 -0.8858 0.7342, -0.2452 -0.8898 0.733, -0.2452 -0.8858 0.733, -0.247 -0.8858 0.7302, -0.247 -0.8898 0.7302, -0.2481 -0.8858 0.727, -0.2481 -0.8898 0.727, -0.2484 -0.8858 0.7237, -0.2484 -0.8898 0.7237, -0.2479 -0.8858 0.7194, -0.2479 -0.8898 0.7194, -0.2467 -0.8858 0.7164, -0.2467 -0.8898 0.7164, -0.2456 -0.8858 0.7147, -0.2456 -0.8898 0.7147, -0.2333 -0.8858 0.7071, -0.2333 -0.8898 0.7071, -0.2392 -0.8898 0.7098, -0.244 -0.8858 0.713, -0.244 -0.8898 0.713, -0.2439 -0.8858 0.7129, -0.2392 -0.8858 0.7098, -0.2267 -0.8858 0.7043, -0.2267 -0.8898 0.7043, -0.2228 -0.8858 0.702, -0.2228 -0.8898 0.702, -0.2215 -0.8858 0.7007, -0.2215 -0.8898 0.7007, -0.2207 -0.8858 0.6993, -0.2207 -0.8898 0.6993, -0.2203 -0.8858 0.6978, -0.2203 -0.8898 0.6978, -0.2202 -0.8858 0.6965, -0.2202 -0.8898 0.6965, -0.2204 -0.8858 0.6946, -0.2204 -0.8898 0.6946, -0.2209 -0.8858 0.6932, -0.2209 -0.8898 0.6932, -0.2218 -0.8858 0.6919, -0.2218 -0.8898 0.6919, -0.2229 -0.8858 0.6909, -0.2229 -0.8898 0.6909, -0.2238 -0.8858 0.6903, -0.2238 -0.8898 0.6903, -0.2264 -0.8858 0.6894, -0.2264 -0.8898 0.6894, -0.2316 -0.8858 0.6888, -0.2316 -0.8898 0.6888, -0.1602 -0.8898 0.7391, -0.1498 -0.8898 0.7391, -0.1602 -0.8858 0.7391, -0.1498 -0.8858 0.7391, -0.1758 -0.8898 0.6961, -0.1758 -0.8858 0.6961, -0.1765 -0.8858 0.6934, -0.1765 -0.8898 0.6934, -0.177 -0.8858 0.6915, -0.177 -0.8898 0.6915, -0.1773 -0.8898 0.6915, -0.1773 -0.8858 0.6915, -0.1785 -0.8898 0.6962, -0.1785 -0.8858 0.6962, -0.1934 -0.8858 0.7391, -0.1934 -0.8898 0.7391, -0.1886 -0.8858 0.7252, -0.2047 -0.8898 0.7391, -0.2047 -0.8858 0.7391, -0.1822 -0.8858 0.6821, -0.1822 -0.8898 0.6821, -0.1886 -0.8858 0.6983, -0.1866 -0.8858 0.6717, -0.1866 -0.8898 0.6717, -0.1826 -0.8858 0.6813, -0.1886 -0.8858 0.6682, -0.1889 -0.8898 0.6677, -0.1889 -0.8858 0.6677, -0.1909 -0.8858 0.6656, -0.1909 -0.8898 0.6656, -0.1928 -0.8858 0.6645, -0.1928 -0.8898 0.6645, -0.195 -0.8858 0.6638, -0.195 -0.8898 0.6638, -0.1969 -0.8858 0.6636, -0.1969 -0.8898 0.6636, -0.2005 -0.8858 0.6641, -0.2005 -0.8898 0.6641, -0.2026 -0.8858 0.6648, -0.2026 -0.8898 0.6648, -0.2026 -0.8898 0.6558, -0.2026 -0.8858 0.6558, -0.1983 -0.8858 0.6551, -0.1983 -0.8898 0.6551, -0.1961 -0.8858 0.655, -0.1961 -0.8898 0.655, -0.1918 -0.8858 0.6556, -0.1918 -0.8898 0.6556, -0.1886 -0.8858 0.6568, -0.1879 -0.8898 0.6571, -0.1879 -0.8858 0.6571, -0.1844 -0.8858 0.6596, -0.1844 -0.8898 0.6596, -0.1803 -0.8858 0.6644, -0.1803 -0.8898 0.6644, -0.1757 -0.8858 0.6733, -0.1757 -0.8898 0.6733, -0.1726 -0.8858 0.6813, -0.0959 -0.8898 0.6911, -0.0959 -0.8898 0.682, -0.0959 -0.8858 0.6911, -0.0959 -0.8858 0.682, -0.1286 -0.8858 0.6911, -0.1286 -0.8898 0.6911, -0.1136 -0.8858 0.6911, -0.1286 -0.8898 0.718, -0.1286 -0.8858 0.718, -0.1 -0.8858 0.718, -0.1 -0.8898 0.718, -0.1136 -0.8858 0.718, -0.1 -0.8898 0.7272, -0.1 -0.8858 0.7272, -0.1286 -0.8858 0.7272, -0.1286 -0.8898 0.7272, -0.1136 -0.8858 0.7272, -0.1286 -0.8898 0.7528, -0.1286 -0.8858 0.7528, -0.0977 -0.8858 0.7528, -0.0977 -0.8898 0.7528, -0.1136 -0.8858 0.7528, -0.0977 -0.8898 0.762, -0.0977 -0.8858 0.762, -0.139 -0.8858 0.762, -0.139 -0.8898 0.762, -0.1136 -0.8858 0.762, -0.139 -0.8898 0.682, -0.139 -0.8858 0.682, -0.1136 -0.8858 0.682, -0.031 -0.8898 0.7044, -0.035 -0.8898 0.6994, -0.0277 -0.8898 0.6932, -0.0365 -0.8898 0.6981, -0.0359 -0.8898 0.6872, -0.0418 -0.8898 0.6946, -0.045 -0.8898 0.6836, -0.0486 -0.8898 0.6922, -0.0587 -0.8898 0.682, -0.0588 -0.8898 0.6911, -0.0808 -0.8898 0.682, -0.0704 -0.8898 0.6911, -0.0808 -0.8898 0.762, -0.0704 -0.8898 0.7528, -0.0579 -0.8898 0.762, -0.0583 -0.8898 0.7528, -0.0457 -0.8898 0.7607, -0.048 -0.8898 0.7517, -0.036 -0.8898 0.7572, -0.0411 -0.8898 0.7492, -0.0277 -0.8898 0.7514, -0.0352 -0.8898 0.7453, -0.0249 -0.8898 0.7487, -0.0326 -0.8898 0.7426, -0.0199 -0.8898 0.7418, -0.0296 -0.8898 0.738, -0.0169 -0.8898 0.7341, -0.0274 -0.8898 0.732, -0.0156 -0.8898 0.723, -0.0264 -0.8898 0.7227, -0.0158 -0.8898 0.7179, -0.0267 -0.8898 0.7177, -0.0178 -0.8898 0.7086, -0.0283 -0.8898 0.7103, -0.0217 -0.8898 0.7003, -0.0587 -0.8858 0.682, -0.0808 -0.8858 0.682, -0.045 -0.8858 0.6836, -0.0359 -0.8858 0.6872, -0.0277 -0.8858 0.6932, -0.0217 -0.8858 0.7003, -0.0178 -0.8858 0.7086, -0.0158 -0.8858 0.7179, -0.0156 -0.8858 0.723, -0.0169 -0.8858 0.7341, -0.0199 -0.8858 0.7418, -0.0249 -0.8858 0.7487, -0.0277 -0.8858 0.7514, -0.036 -0.8858 0.7572, -0.0457 -0.8858 0.7607, -0.0579 -0.8858 0.762, -0.0808 -0.8858 0.762, -0.0583 -0.8858 0.7528, -0.0704 -0.8858 0.7528, -0.0704 -0.8858 0.6911, -0.0588 -0.8858 0.6911, -0.035 -0.8858 0.6994, -0.0365 -0.8858 0.6981, -0.0418 -0.8858 0.6946, -0.0486 -0.8858 0.6922, -0.0264 -0.8858 0.7227, -0.0267 -0.8858 0.7177, -0.0283 -0.8858 0.7103, -0.031 -0.8858 0.7044, -0.0352 -0.8858 0.7453, -0.0326 -0.8858 0.7426, -0.0296 -0.8858 0.738, -0.0274 -0.8858 0.732, -0.048 -0.8858 0.7517, -0.0411 -0.8858 0.7492, -0.0411 -0.8858 0.7492
            ]
        }
        coordIndex [
            0,1,2,-1,3,4,5,-1,3,5,6,-1,6,5,7,-1,6,7,2,-1,2,7,8,-1,2,8,0,-1,9,1,10,-1,10,1,0,-1,9,10,11,-1,11,10,12,-1,13,14,15,-1,15,14,11,-1,15,11,16,-1,16,11,12,-1,14,13,17,-1,17,13,18,-1,18,19,17,-1,17,19,20,-1,17,20,21,-1,21,20,22,-1,21,22,23,-1,23,22,24,-1,23,24,25,-1,25,24,26,-1,25,26,27,-1,27,26,28,-1,27,28,29,-1,29,28,30,-1,29,30,31,-1,31,30,32,-1,31,32,33,-1,33,32,34,-1,33,34,35,-1,35,34,36,-1,35,36,37,-1,37,36,38,-1,37,38,39,-1,39,38,40,-1,39,40,41,-1,41,40,42,-1,41,42,43,-1,43,42,44,-1,43,44,45,-1,45,44,46,-1,45,46,47,-1,47,46,48,-1,47,48,49,-1,49,48,50,-1,49,50,51,-1,51,50,52,-1,51,52,53,-1,53,52,54,-1,53,54,55,-1,55,54,56,-1,55,56,57,-1,57,56,58,-1,57,58,59,-1,59,58,60,-1,59,60,61,-1,61,60,62,-1,61,62,63,-1,63,62,64,-1,63,64,65,-1,65,64,66,-1,65,66,67,-1,67,66,68,-1,67,68,69,-1,69,68,70,-1,69,70,71,-1,71,70,72,-1,71,72,73,-1,73,72,74,-1,73,74,75,-1,76,75,77,-1,77,75,74,-1,76,77,78,-1,76,78,79,-1,79,78,80,-1,79,80,81,-1,81,80,82,-1,81,82,83,-1,83,82,84,-1,83,84,85,-1,85,84,86,-1,85,86,87,-1,86,88,87,-1,87,88,89,-1,88,90,89,-1,89,90,91,-1,89,91,92,-1,92,91,93,-1,92,93,94,-1,94,93,95,-1,94,95,96,-1,96,95,97,-1,96,97,98,-1,98,97,99,-1,98,99,100,-1,100,99,101,-1,100,101,102,-1,103,104,105,-1,102,101,106,-1,102,106,107,-1,107,106,108,-1,107,108,105,-1,105,108,109,-1,105,109,103,-1,104,103,110,-1,104,110,111,-1,111,110,112,-1,111,112,113,-1,113,112,114,-1,113,114,115,-1,115,114,116,-1,115,116,117,-1,117,116,118,-1,117,118,119,-1,119,118,120,-1,119,120,121,-1,121,120,122,-1,121,122,123,-1,123,122,124,-1,123,124,125,-1,125,124,126,-1,125,126,127,-1,127,126,128,-1,127,128,129,-1,129,128,130,-1,129,130,131,-1,131,130,132,-1,131,132,133,-1,133,132,134,-1,133,134,135,-1,135,134,4,-1,135,4,3,-1,59,61,87,-1,87,61,85,-1,85,61,63,-1,85,63,83,-1,125,25,27,-1,111,43,104,-1,104,43,45,-1,96,98,51,-1,51,98,100,-1,51,100,49,-1,49,100,102,-1,49,102,47,-1,47,102,107,-1,47,107,45,-1,45,107,105,-1,45,105,104,-1,125,27,123,-1,123,27,29,-1,123,29,121,-1,121,29,31,-1,121,31,119,-1,119,31,33,-1,119,33,117,-1,117,33,35,-1,117,35,115,-1,115,35,37,-1,115,37,113,-1,113,37,39,-1,113,39,111,-1,111,39,41,-1,111,41,43,-1,25,125,23,-1,23,125,127,-1,23,127,21,-1,14,3,11,-1,11,3,6,-1,11,6,9,-1,9,6,2,-1,9,2,1,-1,63,65,83,-1,83,65,67,-1,83,67,81,-1,81,67,69,-1,81,69,79,-1,79,69,71,-1,79,71,76,-1,76,71,73,-1,76,73,75,-1,127,129,21,-1,21,129,131,-1,21,131,17,-1,17,131,133,-1,17,133,14,-1,14,133,135,-1,14,135,3,-1,87,89,59,-1,59,89,92,-1,59,92,57,-1,57,92,94,-1,57,94,55,-1,55,94,96,-1,55,96,53,-1,53,96,51,-1,136,137,138,-1,138,137,139,-1,140,136,141,-1,141,136,138,-1,140,141,142,-1,140,142,143,-1,143,142,144,-1,143,144,145,-1,146,145,147,-1,147,145,144,-1,148,146,149,-1,149,146,147,-1,150,151,152,-1,152,151,148,-1,152,148,149,-1,153,151,154,-1,154,151,150,-1,155,156,157,-1,157,156,153,-1,157,153,154,-1,158,159,160,-1,160,159,156,-1,160,156,155,-1,158,161,159,-1,159,161,162,-1,161,163,162,-1,162,163,164,-1,162,164,165,-1,165,164,166,-1,165,166,167,-1,167,166,168,-1,167,168,169,-1,169,168,170,-1,169,170,171,-1,171,170,172,-1,171,172,173,-1,173,172,174,-1,173,174,175,-1,176,175,177,-1,177,175,174,-1,176,177,178,-1,176,178,179,-1,179,178,180,-1,179,180,181,-1,181,180,182,-1,181,182,183,-1,183,182,184,-1,183,184,185,-1,184,186,185,-1,185,186,187,-1,185,187,188,-1,188,187,189,-1,188,189,190,-1,190,189,191,-1,190,191,192,-1,139,137,193,-1,193,137,192,-1,193,192,191,-1,143,145,192,-1,137,136,192,-1,192,136,140,-1,192,140,143,-1,151,153,148,-1,148,153,156,-1,148,156,146,-1,145,146,192,-1,192,146,156,-1,192,156,190,-1,156,159,190,-1,190,159,162,-1,190,162,188,-1,188,162,165,-1,188,165,185,-1,185,165,167,-1,185,167,183,-1,183,167,169,-1,183,169,181,-1,181,169,171,-1,181,171,179,-1,179,171,173,-1,179,173,176,-1,176,173,175,-1,194,195,196,-1,196,195,197,-1,198,199,200,-1,200,199,194,-1,200,194,196,-1,201,199,202,-1,202,199,198,-1,203,204,205,-1,205,204,201,-1,205,201,202,-1,206,204,207,-1,207,204,203,-1,208,209,210,-1,210,209,206,-1,210,206,207,-1,211,209,212,-1,212,209,208,-1,213,214,215,-1,215,214,211,-1,215,211,212,-1,216,214,217,-1,217,214,213,-1,218,219,220,-1,220,219,216,-1,220,216,217,-1,221,219,222,-1,222,219,218,-1,197,195,223,-1,223,195,221,-1,223,221,222,-1,221,195,194,-1,194,199,221,-1,221,199,201,-1,221,201,219,-1,214,216,211,-1,211,216,219,-1,211,219,209,-1,209,219,201,-1,209,201,206,-1,206,201,204,-1,224,225,226,-1,226,225,227,-1,226,227,228,-1,228,227,229,-1,228,229,230,-1,230,229,231,-1,230,231,232,-1,232,231,233,-1,232,233,234,-1,234,233,235,-1,234,235,236,-1,236,235,237,-1,236,237,238,-1,238,237,239,-1,238,239,240,-1,240,239,241,-1,240,241,242,-1,242,241,243,-1,242,243,244,-1,244,243,245,-1,244,245,246,-1,246,245,247,-1,246,247,248,-1,248,247,249,-1,248,249,250,-1,250,249,251,-1,250,251,252,-1,252,251,253,-1,252,253,254,-1,254,253,255,-1,254,255,256,-1,256,255,257,-1,256,257,258,-1,258,257,224,-1,258,224,226,-1,232,234,259,-1,259,234,260,-1,232,259,261,-1,232,261,230,-1,230,261,262,-1,230,262,228,-1,228,262,263,-1,228,263,226,-1,226,263,264,-1,226,264,258,-1,258,264,265,-1,258,265,256,-1,256,265,266,-1,256,266,254,-1,254,266,267,-1,254,267,252,-1,252,267,268,-1,252,268,250,-1,250,268,269,-1,250,269,248,-1,248,269,270,-1,248,270,246,-1,246,270,271,-1,246,271,244,-1,244,271,272,-1,244,272,242,-1,242,272,273,-1,242,273,240,-1,240,273,274,-1,240,274,238,-1,236,238,275,-1,275,238,274,-1,234,236,260,-1,260,236,275,-1,239,237,276,-1,276,237,277,-1,237,235,277,-1,277,235,278,-1,235,233,278,-1,278,233,279,-1,225,280,281,-1,225,281,227,-1,227,281,282,-1,227,282,229,-1,229,282,283,-1,229,283,231,-1,231,283,279,-1,231,279,233,-1,253,284,285,-1,253,285,255,-1,255,285,286,-1,255,286,257,-1,257,286,287,-1,257,287,224,-1,224,287,280,-1,224,280,225,-1,245,288,289,-1,245,289,247,-1,247,289,290,-1,247,290,249,-1,249,290,291,-1,249,291,251,-1,251,291,284,-1,251,284,253,-1,239,276,292,-1,239,292,241,-1,241,292,293,-1,241,293,243,-1,243,293,288,-1,243,288,245,-1,
        ]
    }
}
Shape{
    appearance Appearance {
        material  Material 	{
            diffuseColor 0.25098039215686274 0.25098039215686274 0.25098039215686274
            specularColor 0.12549019607843137 0.12549019607843137 0.12549019607843137
            ambientIntensity 0.2
            transparency 0
            shininess 0.5
        }
    }
    geometry IndexedFaceSet {
        ccw TRUE
        solid FALSE
        coord DEF co Coordinate {
            point [
                -0.0704 -0.8858 0.7528, -0.0704 -0.8858 0.6911, -0.0583 -0.8858 0.7528, -0.0588 -0.8858 0.6911, -0.0486 -0.8858 0.6922, -0.0418 -0.8858 0.6946, -0.0365 -0.8858 0.6981, -0.035 -0.8858 0.6994, -0.031 -0.8858 0.7044, -0.0283 -0.8858 0.7103, -0.0267 -0.8858 0.7177, -0.0264 -0.8858 0.7227, -0.0274 -0.8858 0.732, -0.0296 -0.8858 0.738, -0.0326 -0.8858 0.7426, -0.0352 -0.8858 0.7453, -0.048 -0.8858 0.7517, -0.0411 -0.8858 0.7492, -0.0411 -0.8858 0.7492
            ]
        }
        coordIndex [
            0,1,2,-1,2,1,3,-1,2,3,4,-1,4,5,2,-1,2,5,6,-1,2,6,7,-1,7,8,2,-1,2,8,9,-1,2,9,10,-1,10,11,2,-1,2,11,12,-1,2,12,13,-1,13,14,2,-1,2,14,15,-1,2,15,16,-1,16,15,17,-1,
        ]
    }
}
Shape{
    appearance Appearance {
        material  Material 	{
            diffuseColor 1.0 1.0 1.0
            specularColor 0.5019607843137255 0.5019607843137255 0.5019607843137255
            ambientIntensity 0.2
            transparency 0
            shininess 0.5
        }
    }
    geometry IndexedFaceSet {
        ccw TRUE
        solid FALSE
        coord DEF co Coordinate {
            point [
                0.0113 -0.8898 0.7129, 0.008 -0.8898 0.7039, 0.0381 -0.8898 0.7129, 0.0413 -0.8898 0.7039, 0.0232 -0.8898 0.7462, 0.0194 -0.8898 0.762, -0.0111 -0.8898 0.682, 0.0003 -0.8898 0.682, 0.0239 -0.8898 0.7486, 0.0245 -0.8898 0.7518, 0.0304 -0.8898 0.762, 0.0248 -0.8898 0.7518, 0.0254 -0.8898 0.7484, 0.026 -0.8898 0.7462, 0.0609 -0.8898 0.682, 0.0495 -0.8898 0.682, 0.0304 -0.8858 0.762, 0.0609 -0.8858 0.682, 0.0194 -0.8858 0.762, -0.0111 -0.8858 0.682, 0.0003 -0.8858 0.682, 0.008 -0.8858 0.7039, 0.0413 -0.8858 0.7039, 0.0495 -0.8858 0.682, 0.0113 -0.8858 0.7129, 0.0381 -0.8858 0.7129, 0.026 -0.8858 0.7462, 0.0248 -0.8858 0.7518, 0.0254 -0.8858 0.7484, 0.0245 -0.8858 0.7518, 0.0232 -0.8858 0.7462, 0.0239 -0.8858 0.7486, 0.0239 -0.8858 0.7486
            ]
        }
        coordIndex [
            0,1,2,-1,2,1,3,-1,4,5,0,-1,0,5,6,-1,0,6,1,-1,1,6,7,-1,4,8,5,-1,5,8,9,-1,5,9,10,-1,10,9,11,-1,10,11,12,-1,12,13,10,-1,10,13,2,-1,10,2,14,-1,14,2,3,-1,14,3,15,-1,10,14,16,-1,16,14,17,-1,5,10,18,-1,18,10,16,-1,6,5,19,-1,19,5,18,-1,7,6,20,-1,20,6,19,-1,1,7,21,-1,21,7,20,-1,3,1,22,-1,22,1,21,-1,15,3,23,-1,23,3,22,-1,14,15,17,-1,17,15,23,-1,0,2,24,-1,24,2,25,-1,2,13,25,-1,25,13,26,-1,11,27,28,-1,11,28,12,-1,12,28,26,-1,12,26,13,-1,11,9,27,-1,27,9,29,-1,4,30,31,-1,4,31,8,-1,8,31,29,-1,8,29,9,-1,4,0,30,-1,30,0,24,-1,
        ]
    }
}
Shape{
    appearance Appearance {
        material  Material 	{
            diffuseColor 0.25098039215686274 0.25098039215686274 0.25098039215686274
            specularColor 0.12549019607843137 0.12549019607843137 0.12549019607843137
            ambientIntensity 0.2
            transparency 0
            shininess 0.5
        }
    }
    geometry IndexedFaceSet {
        ccw TRUE
        solid FALSE
        coord DEF co Coordinate {
            point [
                0.0248 -0.8858 0.7518, 0.0245 -0.8858 0.7518, 0.0254 -0.8858 0.7484, 0.0239 -0.8858 0.7486, 0.026 -0.8858 0.7462, 0.0232 -0.8858 0.7462, 0.0381 -0.8858 0.7129, 0.0113 -0.8858 0.7129, 0.0113 -0.8858 0.7129
            ]
        }
        coordIndex [
            0,1,2,-1,2,1,3,-1,2,3,4,-1,4,3,5,-1,4,5,6,-1,6,5,7,-1,
        ]
    }
}
Shape{
    appearance Appearance {
        material  Material 	{
            diffuseColor 1.0 1.0 1.0
            specularColor 0.5019607843137255 0.5019607843137255 0.5019607843137255
            ambientIntensity 0.2
            transparency 0
            shininess 0.5
        }
    }
    geometry IndexedFaceSet {
        ccw TRUE
        solid FALSE
        coord DEF co Coordinate {
            point [
                -0.7143 -0.8898 0.6706, -0.7059 -0.8898 0.6602, -0.7195 -0.8898 0.721, -0.6193 -0.8898 0.6684, -0.6126 -0.8898 0.6812, -0.6093 -0.8898 0.6952, -0.6813 -0.8898 0.6839, -0.6767 -0.8898 0.6808, -0.6947 -0.8898 0.6518, -0.6714 -0.8898 0.6788, -0.4616 -0.8898 0.7608, -0.4629 -0.8898 0.7498, -0.4292 -0.8898 0.7401, -0.5293 -0.8898 0.7489, -0.547 -0.8898 0.779, -0.609 -0.8898 0.7067, -0.6233 -0.8898 0.7392, -0.609 -0.8898 0.701, -0.6395 -0.8898 0.6507, -0.6282 -0.8898 0.6586, -0.7318 -0.8898 0.7286, -0.73 -0.8898 0.686, -0.72 -0.8898 0.6828, -0.5105 -0.8898 0.8052, -0.506 -0.8898 0.8052, -0.4826 -0.8898 0.836, -0.4952 -0.8898 0.8039, -0.4791 -0.8898 0.8348, -0.4852 -0.8898 0.8001, -0.4622 -0.8898 0.8262, -0.4469 -0.8898 0.813, -0.6707 -0.8898 0.824, -0.6665 -0.8898 0.8217, -0.6842 -0.8898 0.8633, -0.6585 -0.8898 0.8386, -0.6725 -0.8898 0.8769, -0.646 -0.8898 0.8541, -0.6591 -0.8898 0.8883, -0.6303 -0.8898 0.8659, -0.6453 -0.8898 0.8969, -0.6816 -0.8898 0.6463, -0.6682 -0.8898 0.6442, -0.6665 -0.8898 0.6783, -0.666 -0.8898 0.6441, -0.6618 -0.8898 0.6788, -0.6522 -0.8898 0.6458, -0.6567 -0.8898 0.6805, -0.6523 -0.8898 0.6834, -0.6485 -0.8898 0.6875, -0.4365 -0.8898 0.7222, -0.4669 -0.8898 0.7396, -0.4473 -0.8898 0.7073, -0.6191 -0.8898 0.907, -0.6117 -0.8898 0.8735, -0.5908 -0.8898 0.9105, -0.5134 -0.8898 0.8809, -0.5332 -0.8898 0.8523, -0.4948 -0.8898 0.8595, -0.521 -0.8898 0.8364, -0.513 -0.8898 0.8177, -0.7421 -0.8898 0.7391, -0.7656 -0.8898 0.7101, -0.7503 -0.8898 0.6967, -0.7519 -0.8898 0.7871, -0.7892 -0.8898 0.7791, -0.7536 -0.8898 0.7733, -0.7895 -0.8898 0.7722, -0.753 -0.8898 0.7647, -0.7873 -0.8898 0.7525, -0.7489 -0.8898 0.7507, -0.7798 -0.8898 0.7311, -0.7678 -0.8898 0.7128, -0.6849 -0.8898 0.688, -0.6873 -0.8898 0.6927, -0.6886 -0.8898 0.698, -0.6458 -0.8898 0.7085, -0.6445 -0.8898 0.7032, -0.6445 -0.8898 0.6978, -0.6459 -0.8898 0.6924, -0.4764 -0.8898 0.7939, -0.4698 -0.8898 0.7865, -0.4355 -0.8898 0.7967, -0.4645 -0.8898 0.7767, -0.4287 -0.8898 0.7792, -0.4618 -0.8898 0.7657, -0.4263 -0.8898 0.7614, -0.4263 -0.8898 0.7587, -0.4731 -0.8898 0.7307, -0.4739 -0.8898 0.7299, -0.4636 -0.8898 0.6937, -0.4824 -0.8898 0.723, -0.4811 -0.8898 0.6854, -0.4924 -0.8898 0.7184, -0.4991 -0.8898 0.6817, -0.5026 -0.8898 0.7164, -0.5327 -0.8898 0.6817, -0.5282 -0.8898 0.7164, -0.5354 -0.8898 0.6821, -0.6835 -0.8898 0.8286, -0.6907 -0.8898 0.8641, -0.6967 -0.8898 0.8303, -0.6973 -0.8898 0.8644, -0.7025 -0.8898 0.83, -0.7171 -0.8898 0.8623, -0.7166 -0.8898 0.8267, -0.7384 -0.8898 0.8547, -0.7293 -0.8898 0.8199, -0.7575 -0.8898 0.842, -0.7392 -0.8898 0.8111, -0.7627 -0.8898 0.8371, -0.7471 -0.8898 0.7998, -0.7751 -0.8898 0.8217, -0.7847 -0.8898 0.8015, -0.5927 -0.8898 0.8763, -0.5902 -0.8898 0.8764, -0.5673 -0.8898 0.9081, -0.572 -0.8898 0.8743, -0.5388 -0.8898 0.898, -0.5541 -0.8898 0.8677, -0.538 -0.8898 0.8568, -0.6886 -0.8898 0.703, -0.6872 -0.8898 0.7085, -0.7131 -0.8898 0.7332, -0.6846 -0.8898 0.7134, -0.7037 -0.8898 0.744, -0.6808 -0.8898 0.7174, -0.6921 -0.8898 0.7521, -0.6763 -0.8898 0.7204, -0.6795 -0.8898 0.7569, -0.6712 -0.8898 0.7222, -0.666 -0.8898 0.7585, -0.6665 -0.8898 0.7227, -0.659 -0.8898 0.7581, -0.6619 -0.8898 0.7222, -0.6453 -0.8898 0.7547, -0.6566 -0.8898 0.7203, -0.6332 -0.8898 0.7482, -0.652 -0.8898 0.7172, -0.6483 -0.8898 0.7132, -0.531 -0.8898 0.7169, -0.5448 -0.8898 0.6878, -0.543 -0.8898 0.6859, -0.5358 -0.8898 0.7165, -0.5397 -0.8898 0.715, -0.5492 -0.8898 0.7009, -0.5492 -0.8898 0.6993, -0.5487 -0.8898 0.6953, -0.5473 -0.8898 0.6914, -0.5293 -0.8898 0.7166, -0.5392 -0.8898 0.6834, -0.5316 -0.8898 0.717, -0.5432 -0.8898 0.7126, -0.5461 -0.8898 0.7093, -0.5482 -0.8898 0.7053, -0.4437 -0.8858 0.8083, -0.4355 -0.8858 0.7967, -0.4309 -0.8858 0.7848, -0.4287 -0.8858 0.7792, -0.4263 -0.8858 0.7614, -0.4469 -0.8858 0.813, -0.4622 -0.8858 0.8262, -0.4791 -0.8858 0.8348, -0.4826 -0.8858 0.836, -0.4948 -0.8858 0.8595, -0.5134 -0.8858 0.8809, -0.5265 -0.8858 0.8897, -0.5388 -0.8858 0.898, -0.5673 -0.8858 0.9081, -0.5908 -0.8858 0.9105, -0.6191 -0.8858 0.907, -0.6453 -0.8858 0.8969, -0.6569 -0.8858 0.8897, -0.6591 -0.8858 0.8883, -0.6725 -0.8858 0.8769, -0.6842 -0.8858 0.8633, -0.6907 -0.8858 0.8641, -0.6973 -0.8858 0.8644, -0.7171 -0.8858 0.8623, -0.7384 -0.8858 0.8547, -0.7575 -0.8858 0.842, -0.7627 -0.8858 0.8371, -0.7751 -0.8858 0.8217, -0.7815 -0.8858 0.8083, -0.7847 -0.8858 0.8015, -0.7881 -0.8858 0.7848, -0.7892 -0.8858 0.7791, -0.7895 -0.8858 0.7722, -0.7873 -0.8858 0.7525, -0.7798 -0.8858 0.7311, -0.7678 -0.8858 0.7128, -0.7656 -0.8858 0.7101, -0.7503 -0.8858 0.6967, -0.73 -0.8858 0.686, -0.72 -0.8858 0.6828, -0.7193 -0.8858 0.6813, -0.7143 -0.8858 0.6706, -0.7059 -0.8858 0.6602, -0.6947 -0.8858 0.6518, -0.6895 -0.8858 0.6496, -0.6816 -0.8858 0.6463, -0.6682 -0.8858 0.6442, -0.666 -0.8858 0.6441, -0.609 -0.8858 0.701, -0.6522 -0.8858 0.6458, -0.6424 -0.8858 0.6496, -0.6395 -0.8858 0.6507, -0.6282 -0.8858 0.6586, -0.6193 -0.8858 0.6684, -0.6126 -0.8858 0.6812, -0.6126 -0.8858 0.6813, -0.6093 -0.8858 0.6952, -0.609 -0.8858 0.7067, -0.5293 -0.8858 0.7489, -0.547 -0.8858 0.779, -0.6233 -0.8858 0.7392, -0.6332 -0.8858 0.7482, -0.6453 -0.8858 0.7547, -0.659 -0.8858 0.7581, -0.666 -0.8858 0.7585, -0.6795 -0.8858 0.7569, -0.6921 -0.8858 0.7521, -0.7037 -0.8858 0.744, -0.7131 -0.8858 0.7332, -0.7195 -0.8858 0.721, -0.7318 -0.8858 0.7286, -0.7421 -0.8858 0.7391, -0.7489 -0.8858 0.7507, -0.753 -0.8858 0.7647, -0.7536 -0.8858 0.7733, -0.7522 -0.8858 0.7848, -0.7519 -0.8858 0.7871, -0.7471 -0.8858 0.7998, -0.7411 -0.8858 0.8083, -0.7392 -0.8858 0.8111, -0.7293 -0.8858 0.8199, -0.7166 -0.8858 0.8267, -0.7025 -0.8858 0.83, -0.6967 -0.8858 0.8303, -0.6835 -0.8858 0.8286, -0.6707 -0.8858 0.824, -0.6665 -0.8858 0.8217, -0.6585 -0.8858 0.8386, -0.646 -0.8858 0.8541, -0.6303 -0.8858 0.8659, -0.6117 -0.8858 0.8735, -0.5927 -0.8858 0.8763, -0.5902 -0.8858 0.8764, -0.572 -0.8858 0.8743, -0.5541 -0.8858 0.8677, -0.538 -0.8858 0.8568, -0.5332 -0.8858 0.8523, -0.521 -0.8858 0.8364, -0.513 -0.8858 0.8177, -0.5111 -0.8858 0.8083, -0.5105 -0.8858 0.8052, -0.506 -0.8858 0.8052, -0.4952 -0.8858 0.8039, -0.4852 -0.8858 0.8001, -0.4764 -0.8858 0.7939, -0.4698 -0.8858 0.7865, -0.4689 -0.8858 0.7848, -0.4645 -0.8858 0.7767, -0.4618 -0.8858 0.7657, -0.4616 -0.8858 0.7608, -0.4629 -0.8858 0.7498, -0.4669 -0.8858 0.7396, -0.4731 -0.8858 0.7307, -0.4739 -0.8858 0.7299, -0.4824 -0.8858 0.723, -0.4924 -0.8858 0.7184, -0.5026 -0.8858 0.7164, -0.5282 -0.8858 0.7164, -0.5293 -0.8858 0.7166, -0.531 -0.8858 0.7169, -0.5316 -0.8858 0.717, -0.5358 -0.8858 0.7165, -0.5397 -0.8858 0.715, -0.5432 -0.8858 0.7126, -0.5461 -0.8858 0.7093, -0.5482 -0.8858 0.7053, -0.5492 -0.8858 0.7009, -0.5492 -0.8858 0.6993, -0.5487 -0.8858 0.6953, -0.5473 -0.8858 0.6914, -0.5448 -0.8858 0.6878, -0.543 -0.8858 0.6859, -0.5392 -0.8858 0.6834, -0.5354 -0.8858 0.6821, -0.5327 -0.8858 0.6817, -0.4991 -0.8858 0.6817, -0.4811 -0.8858 0.6854, -0.4636 -0.8858 0.6937, -0.4473 -0.8858 0.7073, -0.4365 -0.8858 0.7222, -0.4292 -0.8858 0.7401, -0.4263 -0.8858 0.7587, -0.6665 -0.8858 0.7227, -0.6619 -0.8858 0.7222, -0.6566 -0.8858 0.7203, -0.652 -0.8858 0.7172, -0.6483 -0.8858 0.7132, -0.6458 -0.8858 0.7085, -0.6445 -0.8858 0.7032, -0.6445 -0.8858 0.6978, -0.6459 -0.8858 0.6924, -0.6485 -0.8858 0.6875, -0.6523 -0.8858 0.6834, -0.6567 -0.8858 0.6805, -0.6618 -0.8858 0.6788, -0.6665 -0.8858 0.6783, -0.6714 -0.8858 0.6788, -0.6767 -0.8858 0.6808, -0.6813 -0.8858 0.6839, -0.6849 -0.8858 0.688, -0.6873 -0.8858 0.6927, -0.6886 -0.8858 0.698, -0.6886 -0.8858 0.703, -0.6872 -0.8858 0.7085, -0.6846 -0.8858 0.7134, -0.6808 -0.8858 0.7174, -0.6763 -0.8858 0.7204, -0.6712 -0.8858 0.7222, -0.6712 -0.8858 0.7222
            ]
        }
        coordIndex [
            0,1,2,-1,3,4,5,-1,6,1,7,-1,7,1,8,-1,7,8,9,-1,10,11,12,-1,13,14,15,-1,15,14,16,-1,15,16,17,-1,17,16,18,-1,17,18,5,-1,5,18,19,-1,5,19,3,-1,20,21,2,-1,2,21,22,-1,2,22,0,-1,23,24,25,-1,25,24,26,-1,25,26,27,-1,27,26,28,-1,27,28,29,-1,29,28,30,-1,31,32,33,-1,33,32,34,-1,33,34,35,-1,35,34,36,-1,35,36,37,-1,37,36,38,-1,37,38,39,-1,8,40,9,-1,9,40,41,-1,9,41,42,-1,42,41,43,-1,42,43,44,-1,44,43,45,-1,44,45,46,-1,46,45,18,-1,46,18,47,-1,47,18,48,-1,12,11,49,-1,49,11,50,-1,49,50,51,-1,39,38,52,-1,52,38,53,-1,52,53,54,-1,55,56,57,-1,57,56,58,-1,57,58,25,-1,25,58,59,-1,25,59,23,-1,60,61,20,-1,20,61,62,-1,20,62,21,-1,63,64,65,-1,65,64,66,-1,65,66,67,-1,67,66,68,-1,67,68,69,-1,69,68,70,-1,69,70,60,-1,60,70,71,-1,60,71,61,-1,6,72,1,-1,1,72,73,-1,1,73,2,-1,2,73,74,-1,75,76,16,-1,16,76,77,-1,16,77,18,-1,18,77,78,-1,18,78,48,-1,28,79,30,-1,30,79,80,-1,30,80,81,-1,81,80,82,-1,81,82,83,-1,83,82,84,-1,83,84,85,-1,85,84,10,-1,85,10,86,-1,86,10,12,-1,50,87,51,-1,51,87,88,-1,51,88,89,-1,89,88,90,-1,89,90,91,-1,91,90,92,-1,91,92,93,-1,93,92,94,-1,93,94,95,-1,95,94,96,-1,95,96,97,-1,31,33,98,-1,98,33,99,-1,98,99,100,-1,100,99,101,-1,100,101,102,-1,102,101,103,-1,102,103,104,-1,104,103,105,-1,104,105,106,-1,106,105,107,-1,106,107,108,-1,108,107,109,-1,108,109,110,-1,110,109,111,-1,110,111,63,-1,63,111,112,-1,63,112,64,-1,53,113,54,-1,54,113,114,-1,54,114,115,-1,115,114,116,-1,115,116,117,-1,117,116,118,-1,117,118,55,-1,55,118,119,-1,55,119,56,-1,74,120,2,-1,2,120,121,-1,2,121,122,-1,122,121,123,-1,122,123,124,-1,124,123,125,-1,124,125,126,-1,126,125,127,-1,126,127,128,-1,128,127,129,-1,128,129,130,-1,130,129,131,-1,130,131,132,-1,132,131,133,-1,132,133,134,-1,134,133,135,-1,134,135,136,-1,136,135,137,-1,136,137,16,-1,16,137,138,-1,16,138,75,-1,139,140,141,-1,142,143,144,-1,145,146,139,-1,139,146,147,-1,139,147,140,-1,96,148,97,-1,97,148,139,-1,97,139,149,-1,149,139,141,-1,145,139,144,-1,144,139,150,-1,144,150,142,-1,143,151,144,-1,144,151,152,-1,144,152,153,-1,154,30,155,-1,155,30,81,-1,155,81,156,-1,156,81,83,-1,156,83,157,-1,157,83,85,-1,157,85,158,-1,154,159,30,-1,30,159,160,-1,30,160,29,-1,29,160,161,-1,29,161,27,-1,27,161,162,-1,27,162,25,-1,25,162,163,-1,25,163,57,-1,57,163,164,-1,57,164,55,-1,117,55,165,-1,165,55,164,-1,165,166,117,-1,117,166,167,-1,117,167,115,-1,115,167,168,-1,115,168,54,-1,54,168,169,-1,54,169,52,-1,52,169,170,-1,52,170,39,-1,39,170,37,-1,37,170,171,-1,37,171,172,-1,37,172,173,-1,37,173,35,-1,35,173,174,-1,35,174,33,-1,33,174,175,-1,33,175,99,-1,99,175,176,-1,99,176,101,-1,101,176,177,-1,101,177,103,-1,103,177,178,-1,103,178,105,-1,105,178,179,-1,105,179,107,-1,107,179,180,-1,107,180,109,-1,112,111,181,-1,181,111,109,-1,181,109,180,-1,181,182,112,-1,112,182,183,-1,112,183,64,-1,64,183,184,-1,184,185,64,-1,64,185,186,-1,64,186,66,-1,66,186,187,-1,66,187,68,-1,68,187,188,-1,68,188,70,-1,70,188,189,-1,70,189,71,-1,71,189,190,-1,71,190,61,-1,61,190,191,-1,61,191,62,-1,62,191,192,-1,62,192,21,-1,21,192,193,-1,21,193,22,-1,22,193,194,-1,22,194,0,-1,194,195,0,-1,0,195,196,-1,0,196,1,-1,1,196,197,-1,1,197,8,-1,8,197,198,-1,8,198,40,-1,198,199,40,-1,40,199,200,-1,40,200,41,-1,41,200,201,-1,41,201,43,-1,202,17,5,-1,43,201,203,-1,204,18,203,-1,203,18,45,-1,203,45,43,-1,204,205,18,-1,18,205,206,-1,18,206,19,-1,19,206,207,-1,19,207,3,-1,3,207,208,-1,3,208,4,-1,4,208,209,-1,4,209,5,-1,5,209,210,-1,5,210,202,-1,15,17,211,-1,211,17,202,-1,13,15,212,-1,212,15,211,-1,14,13,213,-1,213,13,212,-1,16,14,214,-1,214,14,213,-1,16,214,215,-1,16,215,136,-1,136,215,216,-1,136,216,134,-1,134,216,217,-1,134,217,132,-1,132,217,218,-1,132,218,130,-1,130,218,219,-1,130,219,128,-1,128,219,220,-1,128,220,126,-1,126,220,221,-1,126,221,124,-1,124,221,222,-1,124,222,122,-1,122,222,223,-1,122,223,2,-1,2,223,224,-1,2,224,20,-1,20,224,225,-1,20,225,60,-1,60,225,226,-1,60,226,69,-1,69,226,227,-1,69,227,67,-1,67,227,228,-1,67,228,65,-1,63,65,228,-1,228,229,63,-1,63,229,230,-1,63,230,231,-1,232,108,231,-1,231,108,110,-1,231,110,63,-1,232,233,108,-1,108,233,234,-1,108,234,106,-1,106,234,235,-1,106,235,104,-1,104,235,236,-1,104,236,102,-1,102,236,237,-1,102,237,100,-1,100,237,238,-1,100,238,98,-1,98,238,239,-1,98,239,31,-1,31,239,240,-1,31,240,32,-1,32,240,241,-1,32,241,34,-1,34,241,242,-1,34,242,36,-1,36,242,243,-1,36,243,38,-1,38,243,244,-1,38,244,53,-1,53,244,245,-1,53,245,113,-1,113,245,246,-1,113,246,114,-1,114,246,247,-1,114,247,116,-1,116,247,248,-1,116,248,118,-1,118,248,249,-1,118,249,119,-1,119,249,250,-1,119,250,56,-1,56,250,251,-1,56,251,58,-1,58,251,252,-1,58,252,59,-1,59,252,23,-1,23,252,253,-1,23,253,254,-1,24,23,255,-1,255,23,254,-1,24,255,256,-1,24,256,26,-1,26,256,257,-1,26,257,28,-1,28,257,258,-1,28,258,79,-1,79,258,259,-1,79,259,80,-1,80,259,260,-1,80,260,82,-1,260,261,82,-1,82,261,262,-1,82,262,84,-1,84,262,263,-1,84,263,10,-1,10,263,264,-1,10,264,11,-1,11,264,265,-1,11,265,50,-1,50,265,266,-1,50,266,87,-1,87,266,267,-1,87,267,88,-1,88,267,268,-1,88,268,90,-1,90,268,269,-1,90,269,92,-1,92,269,270,-1,92,270,94,-1,96,94,271,-1,271,94,270,-1,96,271,272,-1,96,272,148,-1,148,272,273,-1,148,273,139,-1,139,273,274,-1,139,274,150,-1,150,274,275,-1,150,275,142,-1,142,275,276,-1,142,276,143,-1,143,276,277,-1,143,277,151,-1,151,277,278,-1,151,278,152,-1,152,278,279,-1,152,279,153,-1,153,279,280,-1,153,280,144,-1,144,280,281,-1,144,281,145,-1,145,281,282,-1,145,282,146,-1,146,282,283,-1,146,283,147,-1,147,283,284,-1,147,284,140,-1,140,284,285,-1,140,285,141,-1,141,285,286,-1,141,286,149,-1,149,286,287,-1,149,287,97,-1,97,287,288,-1,97,288,95,-1,93,95,289,-1,289,95,288,-1,93,289,290,-1,93,290,91,-1,91,290,291,-1,91,291,89,-1,89,291,292,-1,89,292,51,-1,51,292,293,-1,51,293,49,-1,49,293,294,-1,49,294,12,-1,12,294,295,-1,12,295,86,-1,86,295,158,-1,86,158,85,-1,131,296,297,-1,131,297,133,-1,133,297,298,-1,133,298,135,-1,135,298,299,-1,135,299,137,-1,137,299,300,-1,137,300,138,-1,138,300,301,-1,138,301,75,-1,75,301,302,-1,75,302,76,-1,76,302,303,-1,76,303,77,-1,77,303,304,-1,77,304,78,-1,78,304,305,-1,78,305,48,-1,48,305,306,-1,48,306,47,-1,47,306,307,-1,47,307,46,-1,46,307,308,-1,46,308,44,-1,44,308,309,-1,44,309,42,-1,42,309,310,-1,42,310,9,-1,9,310,311,-1,9,311,7,-1,7,311,312,-1,7,312,6,-1,6,312,313,-1,6,313,72,-1,72,313,314,-1,72,314,73,-1,73,314,315,-1,73,315,74,-1,74,315,316,-1,74,316,120,-1,120,316,317,-1,120,317,121,-1,121,317,318,-1,121,318,123,-1,123,318,319,-1,123,319,125,-1,125,319,320,-1,125,320,127,-1,127,320,321,-1,127,321,129,-1,129,321,296,-1,129,296,131,-1,
        ]
    }
}
Shape{
    appearance Appearance {
        material  Material 	{
            diffuseColor 0.25098039215686274 0.25098039215686274 0.25098039215686274
            specularColor 0.12549019607843137 0.12549019607843137 0.12549019607843137
            ambientIntensity 0.2
            transparency 0
            shininess 0.5
        }
    }
    geometry IndexedFaceSet {
        ccw TRUE
        solid FALSE
        coord DEF co Coordinate {
            point [
                -0.6712 -0.8858 0.7222, -0.6665 -0.8858 0.6783, -0.6665 -0.8858 0.7227, -0.6618 -0.8858 0.6788, -0.6619 -0.8858 0.7222, -0.6886 -0.8858 0.698, -0.6886 -0.8858 0.703, -0.6763 -0.8858 0.7204, -0.6523 -0.8858 0.6834, -0.6483 -0.8858 0.7132, -0.652 -0.8858 0.7172, -0.6808 -0.8858 0.7174, -0.6846 -0.8858 0.7134, -0.6872 -0.8858 0.7085, -0.6873 -0.8858 0.6927, -0.6849 -0.8858 0.688, -0.6813 -0.8858 0.6839, -0.6567 -0.8858 0.6805, -0.6566 -0.8858 0.7203, -0.6767 -0.8858 0.6808, -0.6714 -0.8858 0.6788, -0.6459 -0.8858 0.6924, -0.6445 -0.8858 0.6978, -0.6485 -0.8858 0.6875, -0.6445 -0.8858 0.7032, -0.6458 -0.8858 0.7085, -0.6458 -0.8858 0.7085
            ]
        }
        coordIndex [
            0,1,2,-1,2,1,3,-1,2,3,4,-1,5,0,6,-1,6,0,7,-1,8,9,10,-1,7,11,6,-1,6,11,12,-1,6,12,13,-1,5,14,0,-1,0,14,15,-1,0,15,16,-1,3,17,4,-1,4,17,8,-1,4,8,18,-1,18,8,10,-1,16,19,0,-1,0,19,20,-1,0,20,1,-1,21,22,23,-1,23,22,24,-1,23,24,8,-1,8,24,25,-1,8,25,9,-1,
        ]
    }
}